=== 環境: Development ===
=== 開發環境: True ===
=== 正式環境: False ===
dbug: Microsoft.AspNetCore.Mvc.Razor.Compilation.DefaultViewCompiler[3]
      Initializing Razor view compiler with compiled view: '/Views/Account/AccessDenied.cshtml'.
dbug: Microsoft.AspNetCore.Mvc.Razor.Compilation.DefaultViewCompiler[3]
      Initializing Razor view compiler with compiled view: '/Views/Account/Login.cshtml'.
dbug: Microsoft.AspNetCore.Mvc.Razor.Compilation.DefaultViewCompiler[3]
      Initializing Razor view compiler with compiled view: '/Views/Home/Index.cshtml'.
dbug: Microsoft.AspNetCore.Mvc.Razor.Compilation.DefaultViewCompiler[3]
      Initializing Razor view compiler with compiled view: '/Views/Home/Index_back.cshtml'.
dbug: Microsoft.AspNetCore.Mvc.Razor.Compilation.DefaultViewCompiler[3]
      Initializing Razor view compiler with compiled view: '/Views/Home/Packages.cshtml'.
dbug: Microsoft.AspNetCore.Mvc.Razor.Compilation.DefaultViewCompiler[3]
      Initializing Razor view compiler with compiled view: '/Views/Home/Privacy.cshtml'.
dbug: Microsoft.AspNetCore.Mvc.Razor.Compilation.DefaultViewCompiler[3]
      Initializing Razor view compiler with compiled view: '/Views/Resident/Edit.cshtml'.
dbug: Microsoft.AspNetCore.Mvc.Razor.Compilation.DefaultViewCompiler[3]
      Initializing Razor view compiler with compiled view: '/Views/Resident/Home.cshtml'.
dbug: Microsoft.AspNetCore.Mvc.Razor.Compilation.DefaultViewCompiler[3]
      Initializing Razor view compiler with compiled view: '/Views/Resident/MyPackages.cshtml'.
dbug: Microsoft.AspNetCore.Mvc.Razor.Compilation.DefaultViewCompiler[3]
      Initializing Razor view compiler with compiled view: '/Views/Resident/PackagePhoto.cshtml'.
dbug: Microsoft.AspNetCore.Mvc.Razor.Compilation.DefaultViewCompiler[3]
      Initializing Razor view compiler with compiled view: '/Views/Shared/Error.cshtml'.
dbug: Microsoft.AspNetCore.Mvc.Razor.Compilation.DefaultViewCompiler[3]
      Initializing Razor view compiler with compiled view: '/Views/Shared/_AdminLayout.cshtml'.
dbug: Microsoft.AspNetCore.Mvc.Razor.Compilation.DefaultViewCompiler[3]
      Initializing Razor view compiler with compiled view: '/Views/Shared/_Layout.cshtml'.
dbug: Microsoft.AspNetCore.Mvc.Razor.Compilation.DefaultViewCompiler[3]
      Initializing Razor view compiler with compiled view: '/Views/Shared/_ResidentLayout.cshtml'.
dbug: Microsoft.AspNetCore.Mvc.Razor.Compilation.DefaultViewCompiler[3]
      Initializing Razor view compiler with compiled view: '/Views/Shared/_ValidationScriptsPartial.cshtml'.
dbug: Microsoft.AspNetCore.Mvc.Razor.Compilation.DefaultViewCompiler[3]
      Initializing Razor view compiler with compiled view: '/Views/_ViewImports.cshtml'.
dbug: Microsoft.AspNetCore.Mvc.Razor.Compilation.DefaultViewCompiler[3]
      Initializing Razor view compiler with compiled view: '/Views/_ViewStart.cshtml'.
dbug: Microsoft.AspNetCore.Mvc.Razor.Compilation.DefaultViewCompiler[3]
      Initializing Razor view compiler with compiled view: '/Views/Shared/_Layout_back.cshtml'.
dbug: Microsoft.AspNetCore.Mvc.ModelBinding.ModelBinderFactory[12]
      Registered model binder providers, in the following order: Microsoft.AspNetCore.Mvc.ModelBinding.Binders.BinderTypeModelBinderProvider, Microsoft.AspNetCore.Mvc.ModelBinding.Binders.ServicesModelBinderProvider, Microsoft.AspNetCore.Mvc.ModelBinding.Binders.BodyModelBinderProvider, Microsoft.AspNetCore.Mvc.ModelBinding.Binders.HeaderModelBinderProvider, Microsoft.AspNetCore.Mvc.ModelBinding.Binders.FloatingPointTypeModelBinderProvider, Microsoft.AspNetCore.Mvc.ModelBinding.Binders.EnumTypeModelBinderProvider, Microsoft.AspNetCore.Mvc.ModelBinding.Binders.DateTimeModelBinderProvider, Microsoft.AspNetCore.Mvc.ModelBinding.Binders.SimpleTypeModelBinderProvider, Microsoft.AspNetCore.Mvc.ModelBinding.Binders.TryParseModelBinderProvider, Microsoft.AspNetCore.Mvc.ModelBinding.Binders.CancellationTokenModelBinderProvider, Microsoft.AspNetCore.Mvc.ModelBinding.Binders.ByteArrayModelBinderProvider, Microsoft.AspNetCore.Mvc.ModelBinding.Binders.FormFileModelBinderProvider, Microsoft.AspNetCore.Mvc.ModelBinding.Binders.FormCollectionModelBinderProvider, Microsoft.AspNetCore.Mvc.ModelBinding.Binders.KeyValuePairModelBinderProvider, Microsoft.AspNetCore.Mvc.ModelBinding.Binders.DictionaryModelBinderProvider, Microsoft.AspNetCore.Mvc.ModelBinding.Binders.ArrayModelBinderProvider, Microsoft.AspNetCore.Mvc.ModelBinding.Binders.CollectionModelBinderProvider, Microsoft.AspNetCore.Mvc.ModelBinding.Binders.ComplexObjectModelBinderProvider
dbug: Microsoft.Extensions.Hosting.Internal.Host[1]
      Hosting starting
info: Microsoft.AspNetCore.DataProtection.KeyManagement.XmlKeyManager[63]
      User profile is available. Using 'C:\Users\a2168\AppData\Local\ASP.NET\DataProtection-Keys' as key repository and Windows DPAPI to encrypt keys at rest.
dbug: Microsoft.AspNetCore.DataProtection.Repositories.FileSystemXmlRepository[37]
      Reading data from file 'C:\Users\a2168\AppData\Local\ASP.NET\DataProtection-Keys\key-c7681aa5-906a-4dd8-a60e-cad062d4e942.xml'.
dbug: Microsoft.AspNetCore.DataProtection.KeyManagement.XmlKeyManager[18]
      Found key {c7681aa5-906a-4dd8-a60e-cad062d4e942}.
dbug: Microsoft.AspNetCore.DataProtection.KeyManagement.DefaultKeyResolver[13]
      Considering key {c7681aa5-906a-4dd8-a60e-cad062d4e942} with expiration date 2025-12-26 16:17:59Z as default key.
dbug: Microsoft.AspNetCore.DataProtection.TypeForwardingActivator[0]
      Forwarded activator type request from Microsoft.AspNetCore.DataProtection.XmlEncryption.DpapiXmlDecryptor, Microsoft.AspNetCore.DataProtection, Version=8.0.0.0, Culture=neutral, PublicKeyToken=adb9793829ddae60 to Microsoft.AspNetCore.DataProtection.XmlEncryption.DpapiXmlDecryptor, Microsoft.AspNetCore.DataProtection, Culture=neutral, PublicKeyToken=adb9793829ddae60
dbug: Microsoft.AspNetCore.DataProtection.XmlEncryption.DpapiXmlDecryptor[51]
      Decrypting secret element using Windows DPAPI.
dbug: Microsoft.AspNetCore.DataProtection.TypeForwardingActivator[0]
      Forwarded activator type request from Microsoft.AspNetCore.DataProtection.AuthenticatedEncryption.ConfigurationModel.AuthenticatedEncryptorDescriptorDeserializer, Microsoft.AspNetCore.DataProtection, Version=8.0.0.0, Culture=neutral, PublicKeyToken=adb9793829ddae60 to Microsoft.AspNetCore.DataProtection.AuthenticatedEncryption.ConfigurationModel.AuthenticatedEncryptorDescriptorDeserializer, Microsoft.AspNetCore.DataProtection, Culture=neutral, PublicKeyToken=adb9793829ddae60
dbug: Microsoft.AspNetCore.DataProtection.AuthenticatedEncryption.CngCbcAuthenticatedEncryptorFactory[4]
      Opening CNG algorithm 'AES' from provider '(null)' with chaining mode CBC.
dbug: Microsoft.AspNetCore.DataProtection.AuthenticatedEncryption.CngCbcAuthenticatedEncryptorFactory[3]
      Opening CNG algorithm 'SHA256' from provider '(null)' with HMAC.
dbug: Microsoft.AspNetCore.DataProtection.KeyManagement.KeyRingProvider[2]
      Using key {c7681aa5-906a-4dd8-a60e-cad062d4e942} as the default key.
dbug: Microsoft.AspNetCore.DataProtection.Internal.DataProtectionHostedService[65]
      Key ring with default key {c7681aa5-906a-4dd8-a60e-cad062d4e942} was loaded during application startup.
dbug: Microsoft.AspNetCore.Watch.BrowserRefresh.BlazorWasmHotReloadMiddleware[0]
      Middleware loaded
dbug: Microsoft.AspNetCore.Watch.BrowserRefresh.BrowserScriptMiddleware[0]
      Middleware loaded. Script /_framework/aspnetcore-browser-refresh.js (16511 B).
dbug: Microsoft.AspNetCore.Watch.BrowserRefresh.BrowserScriptMiddleware[0]
      Middleware loaded. Script /_framework/blazor-hotreload.js (799 B).
dbug: Microsoft.AspNetCore.Watch.BrowserRefresh.BrowserRefreshMiddleware[0]
      Middleware loaded: DOTNET_MODIFIABLE_ASSEMBLIES=debug, __ASPNETCORE_BROWSER_TOOLS=true
dbug: Microsoft.AspNetCore.Hosting.Diagnostics[13]
      Loaded hosting startup assembly ParcelProject
dbug: Microsoft.AspNetCore.Hosting.Diagnostics[13]
      Loaded hosting startup assembly Microsoft.WebTools.ApiEndpointDiscovery
dbug: Microsoft.AspNetCore.Hosting.Diagnostics[13]
      Loaded hosting startup assembly Microsoft.AspNetCore.Watch.BrowserRefresh
dbug: Microsoft.AspNetCore.Hosting.Diagnostics[13]
      Loaded hosting startup assembly Microsoft.WebTools.BrowserLink.Net
info: Microsoft.AspNetCore.Hosting.Diagnostics[1]
      Request starting HTTP/2 GET https://localhost:44353/ - - -
info: Microsoft.Hosting.Lifetime[0]
      Application started. Press Ctrl+C to shut down.
info: Microsoft.Hosting.Lifetime[0]
      Hosting environment: Development
info: Microsoft.Hosting.Lifetime[0]
      Content root path: E:\專題\ParcelProject\ParcelManagement2
dbug: Microsoft.Extensions.Hosting.Internal.Host[2]
      Hosting started
dbug: Microsoft.AspNetCore.HostFiltering.HostFilteringMiddleware[0]
      Wildcard detected, all requests with hosts will be allowed.
dbug: Microsoft.AspNetCore.StaticFiles.StaticFileMiddleware[4]
      The request path / does not match a supported file type
dbug: Microsoft.AspNetCore.Routing.Matching.DfaMatcher[1001]
      1 candidate(s) found for the request path '/'
dbug: Microsoft.AspNetCore.Routing.Matching.DfaMatcher[1005]
      Endpoint 'ParcelManagement2.Controllers.AccountController.Login (ParcelProject)' with route pattern '{controller=Account}/{action=Login}/{id?}' is valid for the request path '/'
dbug: Microsoft.AspNetCore.Routing.EndpointRoutingMiddleware[1]
      Request matched endpoint 'ParcelManagement2.Controllers.AccountController.Login (ParcelProject)'
dbug: Microsoft.AspNetCore.Authentication.Cookies.CookieAuthenticationHandler[8]
      AuthenticationScheme: Cookies was successfully authenticated.
info: Microsoft.AspNetCore.Routing.EndpointMiddleware[0]
      Executing endpoint 'ParcelManagement2.Controllers.AccountController.Login (ParcelProject)'
info: Microsoft.AspNetCore.Mvc.Infrastructure.ControllerActionInvoker[102]
      Route matched with {action = "Login", controller = "Account"}. Executing controller action with signature Microsoft.AspNetCore.Mvc.IActionResult Login(System.String) on controller ParcelManagement2.Controllers.AccountController (ParcelProject).
dbug: Microsoft.AspNetCore.Mvc.Infrastructure.ControllerActionInvoker[1]
      Execution plan of authorization filters (in the following order): None
dbug: Microsoft.AspNetCore.Mvc.Infrastructure.ControllerActionInvoker[1]
      Execution plan of resource filters (in the following order): Microsoft.AspNetCore.Mvc.ViewFeatures.Filters.SaveTempDataFilter
dbug: Microsoft.AspNetCore.Mvc.Infrastructure.ControllerActionInvoker[1]
      Execution plan of action filters (in the following order): Microsoft.AspNetCore.Mvc.Filters.ControllerActionFilter (Order: -2147483648), Microsoft.AspNetCore.Mvc.ModelBinding.UnsupportedContentTypeFilter (Order: -3000)
dbug: Microsoft.AspNetCore.Mvc.Infrastructure.ControllerActionInvoker[1]
      Execution plan of exception filters (in the following order): None
dbug: Microsoft.AspNetCore.Mvc.Infrastructure.ControllerActionInvoker[1]
      Execution plan of result filters (in the following order): Microsoft.AspNetCore.Mvc.ViewFeatures.Filters.SaveTempDataFilter
dbug: Microsoft.AspNetCore.Mvc.Infrastructure.ControllerActionInvoker[1]
      Executing controller factory for controller ParcelManagement2.Controllers.AccountController (ParcelProject)
dbug: Microsoft.AspNetCore.Mvc.Infrastructure.ControllerActionInvoker[2]
      Executed controller factory for controller ParcelManagement2.Controllers.AccountController (ParcelProject)
dbug: Microsoft.AspNetCore.Mvc.ModelBinding.ParameterBinder[22]
      Attempting to bind parameter 'returnUrl' of type 'System.String' ...
dbug: Microsoft.AspNetCore.Mvc.ModelBinding.Binders.SimpleTypeModelBinder[44]
      Attempting to bind parameter 'returnUrl' of type 'System.String' using the name '' in request data ...
dbug: Microsoft.AspNetCore.Mvc.ModelBinding.Binders.SimpleTypeModelBinder[16]
      Could not find a value in the request with name '' for binding parameter 'returnUrl' of type 'System.String'.
dbug: Microsoft.AspNetCore.Mvc.ModelBinding.Binders.SimpleTypeModelBinder[45]
      Done attempting to bind parameter 'returnUrl' of type 'System.String'.
dbug: Microsoft.AspNetCore.Mvc.ModelBinding.ParameterBinder[23]
      Done attempting to bind parameter 'returnUrl' of type 'System.String'.
dbug: Microsoft.AspNetCore.Mvc.ModelBinding.ParameterBinder[26]
      Attempting to validate the bound parameter 'returnUrl' of type 'System.String' ...
dbug: Microsoft.AspNetCore.Mvc.ModelBinding.ParameterBinder[27]
      Done attempting to validate the bound parameter 'returnUrl' of type 'System.String'.
dbug: Microsoft.AspNetCore.Mvc.Razor.RazorViewEngine[1]
      View lookup cache miss for view 'Login' in controller 'Account'.
info: Microsoft.AspNetCore.Mvc.ViewFeatures.ViewResultExecutor[1]
      Executing ViewResult, running view Login.
dbug: Microsoft.AspNetCore.Mvc.ViewFeatures.ViewResultExecutor[2]
      The view path '/Views/Account/Login.cshtml' was found in 4.6884ms.
dbug: Microsoft.AspNetCore.Antiforgery.DefaultAntiforgery[5]
      A new antiforgery cookie token was created.
dbug: Microsoft.WebTools.BrowserLink.Net.BrowserLinkMiddleware[1]
      Response markup is scheduled to include Browser Link script injection.
dbug: Microsoft.AspNetCore.Watch.BrowserRefresh.BrowserRefreshMiddleware[1]
      Response markup is scheduled to include browser refresh script injection.
info: Microsoft.AspNetCore.Mvc.ViewFeatures.ViewResultExecutor[4]
      Executed ViewResult - view Login executed in 131.8001ms.
info: Microsoft.AspNetCore.Mvc.Infrastructure.ControllerActionInvoker[105]
      Executed action ParcelManagement2.Controllers.AccountController.Login (ParcelProject) in 169.3025ms
info: Microsoft.AspNetCore.Routing.EndpointMiddleware[1]
      Executed endpoint 'ParcelManagement2.Controllers.AccountController.Login (ParcelProject)'
dbug: Microsoft.WebTools.BrowserLink.Net.BrowserLinkMiddleware[2]
      Response markup was updated to include Browser Link script injection.
dbug: Microsoft.AspNetCore.Watch.BrowserRefresh.BrowserRefreshMiddleware[2]
      Response markup was updated to include browser refresh script injection.
dbug: Microsoft.AspNetCore.Server.IIS.Core.IISHttpServer[1]
      Connection ID "18302628903618871496" disconnecting.
info: Microsoft.AspNetCore.Hosting.Diagnostics[2]
      Request finished HTTP/2 GET https://localhost:44353/ - 200 - text/html;+charset=utf-8 347.5060ms
info: Microsoft.AspNetCore.Hosting.Diagnostics[1]
      Request starting HTTP/2 GET https://localhost:44353/_framework/aspnetcore-browser-refresh.js - - -
info: Microsoft.AspNetCore.Hosting.Diagnostics[1]
      Request starting HTTP/2 GET https://localhost:44353/_vs/browserLink - - -
dbug: Microsoft.AspNetCore.Watch.BrowserRefresh.BrowserScriptMiddleware[0]
      Script injected: /_framework/aspnetcore-browser-refresh.js
dbug: Microsoft.AspNetCore.Server.IIS.Core.IISHttpServer[1]
      Connection ID "18086456104325218398" disconnecting.
info: Microsoft.AspNetCore.Hosting.Diagnostics[2]
      Request finished HTTP/2 GET https://localhost:44353/_framework/aspnetcore-browser-refresh.js - 200 16511 application/javascript;+charset=utf-8 7.9444ms
dbug: Microsoft.AspNetCore.Server.IIS.Core.IISHttpServer[1]
      Connection ID "18086456117210120198" disconnecting.
info: Microsoft.AspNetCore.Hosting.Diagnostics[2]
      Request finished HTTP/2 GET https://localhost:44353/_vs/browserLink - 200 - text/javascript;+charset=UTF-8 42.2865ms
info: Microsoft.AspNetCore.Hosting.Diagnostics[1]
      Request starting HTTP/2 POST https://localhost:44353/Account/Login - application/json 45
dbug: Microsoft.AspNetCore.StaticFiles.StaticFileMiddleware[1]
      POST requests are not supported
dbug: Microsoft.AspNetCore.Routing.Matching.DfaMatcher[1001]
      2 candidate(s) found for the request path '/Account/Login'
dbug: Microsoft.AspNetCore.Routing.Matching.DfaMatcher[1005]
      Endpoint 'ParcelManagement2.Controllers.AccountController.Login (ParcelProject)' with route pattern '{controller=Account}/{action=Login}/{id?}' is valid for the request path '/Account/Login'
dbug: Microsoft.AspNetCore.Routing.Matching.DfaMatcher[1005]
      Endpoint 'ParcelManagement2.Controllers.AccountController.Login (ParcelProject)' with route pattern '{controller=Account}/{action=Login}/{id?}' is valid for the request path '/Account/Login'
dbug: Microsoft.AspNetCore.Routing.EndpointRoutingMiddleware[1]
      Request matched endpoint 'ParcelManagement2.Controllers.AccountController.Login (ParcelProject)'
dbug: Microsoft.AspNetCore.Authentication.Cookies.CookieAuthenticationHandler[8]
      AuthenticationScheme: Cookies was successfully authenticated.
info: Microsoft.AspNetCore.Routing.EndpointMiddleware[0]
      Executing endpoint 'ParcelManagement2.Controllers.AccountController.Login (ParcelProject)'
info: Microsoft.AspNetCore.Mvc.Infrastructure.ControllerActionInvoker[102]
      Route matched with {action = "Login", controller = "Account"}. Executing controller action with signature System.Threading.Tasks.Task`1[Microsoft.AspNetCore.Mvc.JsonResult] Login(LoginDto) on controller ParcelManagement2.Controllers.AccountController (ParcelProject).
dbug: Microsoft.AspNetCore.Mvc.Infrastructure.ControllerActionInvoker[1]
      Execution plan of authorization filters (in the following order): None
dbug: Microsoft.AspNetCore.Mvc.Infrastructure.ControllerActionInvoker[1]
      Execution plan of resource filters (in the following order): Microsoft.AspNetCore.Mvc.ViewFeatures.Filters.SaveTempDataFilter
dbug: Microsoft.AspNetCore.Mvc.Infrastructure.ControllerActionInvoker[1]
      Execution plan of action filters (in the following order): Microsoft.AspNetCore.Mvc.Filters.ControllerActionFilter (Order: -2147483648), Microsoft.AspNetCore.Mvc.ModelBinding.UnsupportedContentTypeFilter (Order: -3000)
dbug: Microsoft.AspNetCore.Mvc.Infrastructure.ControllerActionInvoker[1]
      Execution plan of exception filters (in the following order): None
dbug: Microsoft.AspNetCore.Mvc.Infrastructure.ControllerActionInvoker[1]
      Execution plan of result filters (in the following order): Microsoft.AspNetCore.Mvc.ViewFeatures.Filters.SaveTempDataFilter
dbug: Microsoft.AspNetCore.Mvc.Infrastructure.ControllerActionInvoker[1]
      Executing controller factory for controller ParcelManagement2.Controllers.AccountController (ParcelProject)
dbug: Microsoft.AspNetCore.Mvc.Infrastructure.ControllerActionInvoker[2]
      Executed controller factory for controller ParcelManagement2.Controllers.AccountController (ParcelProject)
dbug: Microsoft.AspNetCore.Mvc.ModelBinding.ParameterBinder[22]
      Attempting to bind parameter 'dto' of type 'ParcelManagement2.Models.Request.AccountRequest+LoginDto' ...
dbug: Microsoft.AspNetCore.Mvc.ModelBinding.Binders.BodyModelBinder[44]
      Attempting to bind parameter 'dto' of type 'ParcelManagement2.Models.Request.AccountRequest+LoginDto' using the name '' in request data ...
dbug: Microsoft.AspNetCore.Mvc.ModelBinding.Binders.BodyModelBinder[1]
      Selected input formatter 'Microsoft.AspNetCore.Mvc.Formatters.SystemTextJsonInputFormatter' for content type 'application/json'.
dbug: Microsoft.AspNetCore.Mvc.Formatters.SystemTextJsonInputFormatter[2]
      JSON input formatter succeeded, deserializing to type 'ParcelManagement2.Models.Request.AccountRequest+LoginDto'
dbug: Microsoft.AspNetCore.Mvc.ModelBinding.Binders.BodyModelBinder[45]
      Done attempting to bind parameter 'dto' of type 'ParcelManagement2.Models.Request.AccountRequest+LoginDto'.
dbug: Microsoft.AspNetCore.Mvc.ModelBinding.ParameterBinder[23]
      Done attempting to bind parameter 'dto' of type 'ParcelManagement2.Models.Request.AccountRequest+LoginDto'.
dbug: Microsoft.AspNetCore.Mvc.ModelBinding.ParameterBinder[26]
      Attempting to validate the bound parameter 'dto' of type 'ParcelManagement2.Models.Request.AccountRequest+LoginDto' ...
dbug: Microsoft.AspNetCore.Mvc.ModelBinding.ParameterBinder[27]
      Done attempting to validate the bound parameter 'dto' of type 'ParcelManagement2.Models.Request.AccountRequest+LoginDto'.
info: ParcelManagement2.Controllers.AccountController[0]
      登入嘗試開始
info: ParcelManagement2.Controllers.AccountController[0]
      ModelState valid=True
info: ParcelManagement2.Controllers.AccountController[0]
      接收到的資料 - Username: userA10101, Password: True
info: ParcelManagement2.Controllers.AccountController[0]
      登入成功 - Username: userA10101, Role: Resident
info: Microsoft.AspNetCore.Authentication.Cookies.CookieAuthenticationHandler[10]
      AuthenticationScheme: Cookies signed in.
dbug: Microsoft.AspNetCore.Routing.DefaultLinkGenerator[100]
      Found the endpoints Route: {controller=Account}/{action=Login}/{id?} for address (action=[Home],controller=[Resident])
dbug: Microsoft.AspNetCore.Routing.DefaultLinkGenerator[102]
      Successfully processed template {controller=Account}/{action=Login}/{id?} for Route: {controller=Account}/{action=Login}/{id?} resulting in /Resident/Home and 
dbug: Microsoft.AspNetCore.Routing.DefaultLinkGenerator[105]
      Link generation succeeded for endpoints Route: {controller=Account}/{action=Login}/{id?} with result /Resident/Home
info: ParcelManagement2.Controllers.AccountController[0]
      登入完成，導向: /Resident/Home
info: Microsoft.AspNetCore.Mvc.Infrastructure.SystemTextJsonResultExecutor[1]
      Executing JsonResult, writing value of type '<>f__AnonymousType2`4[[System.Boolean, System.Private.CoreLib, Version=8.0.0.0, Culture=neutral, PublicKeyToken=7cec85d7bea7798e],[System.String, System.Private.CoreLib, Version=8.0.0.0, Culture=neutral, PublicKeyToken=7cec85d7bea7798e],[System.String, System.Private.CoreLib, Version=8.0.0.0, Culture=neutral, PublicKeyToken=7cec85d7bea7798e],[<>f__AnonymousType3`2[[System.String, System.Private.CoreLib, Version=8.0.0.0, Culture=neutral, PublicKeyToken=7cec85d7bea7798e],[System.String, System.Private.CoreLib, Version=8.0.0.0, Culture=neutral, PublicKeyToken=7cec85d7bea7798e]], ParcelProject, Version=1.0.0.0, Culture=neutral, PublicKeyToken=null]]'.
info: Microsoft.AspNetCore.Mvc.Infrastructure.ControllerActionInvoker[105]
      Executed action ParcelManagement2.Controllers.AccountController.Login (ParcelProject) in 441.5665ms
info: Microsoft.AspNetCore.Routing.EndpointMiddleware[1]
      Executed endpoint 'ParcelManagement2.Controllers.AccountController.Login (ParcelProject)'
info: Microsoft.AspNetCore.Hosting.Diagnostics[2]
      Request finished HTTP/2 POST https://localhost:44353/Account/Login - 200 - application/json;+charset=utf-8 466.5734ms
dbug: Microsoft.AspNetCore.Server.IIS.Core.IISHttpServer[1]
      Connection ID "18374686553491374155" disconnecting.
info: Microsoft.AspNetCore.Hosting.Diagnostics[1]
      Request starting HTTP/2 GET https://localhost:44353/Resident/Home - - -
dbug: Microsoft.AspNetCore.StaticFiles.StaticFileMiddleware[4]
      The request path /Resident/Home does not match a supported file type
dbug: Microsoft.AspNetCore.Routing.Matching.DfaMatcher[1001]
      1 candidate(s) found for the request path '/Resident/Home'
dbug: Microsoft.AspNetCore.Routing.Matching.DfaMatcher[1005]
      Endpoint 'ParcelManagement2.Controllers.ResidentController.Home (ParcelProject)' with route pattern '{controller=Account}/{action=Login}/{id?}' is valid for the request path '/Resident/Home'
dbug: Microsoft.AspNetCore.Routing.EndpointRoutingMiddleware[1]
      Request matched endpoint 'ParcelManagement2.Controllers.ResidentController.Home (ParcelProject)'
dbug: Microsoft.AspNetCore.Authentication.Cookies.CookieAuthenticationHandler[8]
      AuthenticationScheme: Cookies was successfully authenticated.
dbug: Microsoft.AspNetCore.Authorization.DefaultAuthorizationService[1]
      Authorization was successful.
info: Microsoft.AspNetCore.Routing.EndpointMiddleware[0]
      Executing endpoint 'ParcelManagement2.Controllers.ResidentController.Home (ParcelProject)'
info: Microsoft.AspNetCore.Mvc.Infrastructure.ControllerActionInvoker[102]
      Route matched with {action = "Home", controller = "Resident"}. Executing controller action with signature Microsoft.AspNetCore.Mvc.IActionResult Home() on controller ParcelManagement2.Controllers.ResidentController (ParcelProject).
dbug: Microsoft.AspNetCore.Mvc.Infrastructure.ControllerActionInvoker[1]
      Execution plan of authorization filters (in the following order): None
dbug: Microsoft.AspNetCore.Mvc.Infrastructure.ControllerActionInvoker[1]
      Execution plan of resource filters (in the following order): Microsoft.AspNetCore.Mvc.ViewFeatures.Filters.SaveTempDataFilter
dbug: Microsoft.AspNetCore.Mvc.Infrastructure.ControllerActionInvoker[1]
      Execution plan of action filters (in the following order): Microsoft.AspNetCore.Mvc.Filters.ControllerActionFilter (Order: -2147483648), Microsoft.AspNetCore.Mvc.ModelBinding.UnsupportedContentTypeFilter (Order: -3000)
dbug: Microsoft.AspNetCore.Mvc.Infrastructure.ControllerActionInvoker[1]
      Execution plan of exception filters (in the following order): None
dbug: Microsoft.AspNetCore.Mvc.Infrastructure.ControllerActionInvoker[1]
      Execution plan of result filters (in the following order): Microsoft.AspNetCore.Mvc.ViewFeatures.Filters.SaveTempDataFilter
dbug: Microsoft.AspNetCore.Mvc.Infrastructure.ControllerActionInvoker[1]
      Executing controller factory for controller ParcelManagement2.Controllers.ResidentController (ParcelProject)
dbug: ParcelManagement2.Models.DBConn[0]
      資料庫連線字串已設定
dbug: Microsoft.AspNetCore.Mvc.Infrastructure.ControllerActionInvoker[2]
      Executed controller factory for controller ParcelManagement2.Controllers.ResidentController (ParcelProject)
dbug: ParcelManagement2.Models.DBConn[0]
      查詢成功，返回 1 行數據
dbug: Microsoft.AspNetCore.Mvc.Razor.RazorViewEngine[1]
      View lookup cache miss for view 'Home' in controller 'Resident'.
info: Microsoft.AspNetCore.Mvc.ViewFeatures.ViewResultExecutor[1]
      Executing ViewResult, running view Home.
dbug: Microsoft.AspNetCore.Mvc.ViewFeatures.ViewResultExecutor[2]
      The view path '/Views/Resident/Home.cshtml' was found in 3.3937ms.
dbug: Microsoft.AspNetCore.Antiforgery.DefaultAntiforgery[6]
      An antiforgery cookie token was reused.
dbug: Microsoft.WebTools.BrowserLink.Net.BrowserLinkMiddleware[1]
      Response markup is scheduled to include Browser Link script injection.
dbug: Microsoft.AspNetCore.Watch.BrowserRefresh.BrowserRefreshMiddleware[1]
      Response markup is scheduled to include browser refresh script injection.
info: Microsoft.AspNetCore.Mvc.ViewFeatures.ViewResultExecutor[4]
      Executed ViewResult - view Home executed in 30.0217ms.
info: Microsoft.AspNetCore.Mvc.Infrastructure.ControllerActionInvoker[105]
      Executed action ParcelManagement2.Controllers.ResidentController.Home (ParcelProject) in 298.6999ms
info: Microsoft.AspNetCore.Routing.EndpointMiddleware[1]
      Executed endpoint 'ParcelManagement2.Controllers.ResidentController.Home (ParcelProject)'
info: Microsoft.AspNetCore.Session.DistributedSession[3]
      Session started; Key:f3a42b75-d459-1344-3c37-ff3073c71b14, Id:be5fffd8-37ca-330c-7652-55aaec6333fb
dbug: Microsoft.AspNetCore.Session.DistributedSession[5]
      Session stored; Key:f3a42b75-d459-1344-3c37-ff3073c71b14, Id:be5fffd8-37ca-330c-7652-55aaec6333fb, Count:1
dbug: Microsoft.WebTools.BrowserLink.Net.BrowserLinkMiddleware[2]
      Response markup was updated to include Browser Link script injection.
dbug: Microsoft.AspNetCore.Watch.BrowserRefresh.BrowserRefreshMiddleware[2]
      Response markup was updated to include browser refresh script injection.
dbug: Microsoft.AspNetCore.Server.IIS.Core.IISHttpServer[1]
      Connection ID "18374686532016537737" disconnecting.
info: Microsoft.AspNetCore.Hosting.Diagnostics[2]
      Request finished HTTP/2 GET https://localhost:44353/Resident/Home - 200 - text/html;+charset=utf-8 340.5761ms
info: Microsoft.AspNetCore.Hosting.Diagnostics[1]
      Request starting HTTP/2 GET https://localhost:44353/_vs/browserLink - - -
info: Microsoft.AspNetCore.Hosting.Diagnostics[1]
      Request starting HTTP/2 GET https://localhost:44353/_framework/aspnetcore-browser-refresh.js - - -
dbug: Microsoft.AspNetCore.Watch.BrowserRefresh.BrowserScriptMiddleware[0]
      Script injected: /_framework/aspnetcore-browser-refresh.js
info: Microsoft.AspNetCore.Hosting.Diagnostics[2]
      Request finished HTTP/2 GET https://localhost:44353/_framework/aspnetcore-browser-refresh.js - 200 16511 application/javascript;+charset=utf-8 3.8114ms
dbug: Microsoft.AspNetCore.Server.IIS.Core.IISHttpServer[1]
      Connection ID "17942340959199035500" disconnecting.
dbug: Microsoft.AspNetCore.Server.IIS.Core.IISHttpServer[1]
      Connection ID "17726168177085251599" disconnecting.
info: Microsoft.AspNetCore.Hosting.Diagnostics[2]
      Request finished HTTP/2 GET https://localhost:44353/_vs/browserLink - 200 - text/javascript;+charset=UTF-8 17.1481ms
info: Microsoft.AspNetCore.Hosting.Diagnostics[1]
      Request starting HTTP/2 POST https://localhost:44353/Resident/GetUncollectedMails - - 0
info: Microsoft.AspNetCore.Hosting.Diagnostics[1]
      Request starting HTTP/2 POST https://localhost:44353/Resident/GetUncollectedPackages - - 0
dbug: Microsoft.AspNetCore.StaticFiles.StaticFileMiddleware[1]
      POST requests are not supported
dbug: Microsoft.AspNetCore.StaticFiles.StaticFileMiddleware[1]
      POST requests are not supported
dbug: Microsoft.AspNetCore.Routing.Matching.DfaMatcher[1001]
      1 candidate(s) found for the request path '/Resident/GetUncollectedMails'
dbug: Microsoft.AspNetCore.Routing.Matching.DfaMatcher[1001]
      1 candidate(s) found for the request path '/Resident/GetUncollectedPackages'
dbug: Microsoft.AspNetCore.Routing.Matching.DfaMatcher[1005]
      Endpoint 'ParcelManagement2.Controllers.ResidentController.GetUncollectedMails (ParcelProject)' with route pattern '{controller=Account}/{action=Login}/{id?}' is valid for the request path '/Resident/GetUncollectedMails'
dbug: Microsoft.AspNetCore.Routing.Matching.DfaMatcher[1005]
      Endpoint 'ParcelManagement2.Controllers.ResidentController.GetUncollectedPackages (ParcelProject)' with route pattern '{controller=Account}/{action=Login}/{id?}' is valid for the request path '/Resident/GetUncollectedPackages'
dbug: Microsoft.AspNetCore.Routing.EndpointRoutingMiddleware[1]
      Request matched endpoint 'ParcelManagement2.Controllers.ResidentController.GetUncollectedMails (ParcelProject)'
dbug: Microsoft.AspNetCore.Routing.EndpointRoutingMiddleware[1]
      Request matched endpoint 'ParcelManagement2.Controllers.ResidentController.GetUncollectedPackages (ParcelProject)'
dbug: Microsoft.AspNetCore.Authentication.Cookies.CookieAuthenticationHandler[8]
      AuthenticationScheme: Cookies was successfully authenticated.
dbug: Microsoft.AspNetCore.Authentication.Cookies.CookieAuthenticationHandler[8]
      AuthenticationScheme: Cookies was successfully authenticated.
dbug: Microsoft.AspNetCore.Authorization.DefaultAuthorizationService[1]
      Authorization was successful.
dbug: Microsoft.AspNetCore.Authorization.DefaultAuthorizationService[1]
      Authorization was successful.
info: Microsoft.AspNetCore.Routing.EndpointMiddleware[0]
      Executing endpoint 'ParcelManagement2.Controllers.ResidentController.GetUncollectedMails (ParcelProject)'
info: Microsoft.AspNetCore.Routing.EndpointMiddleware[0]
      Executing endpoint 'ParcelManagement2.Controllers.ResidentController.GetUncollectedPackages (ParcelProject)'
info: Microsoft.AspNetCore.Mvc.Infrastructure.ControllerActionInvoker[102]
      Route matched with {action = "GetUncollectedPackages", controller = "Resident"}. Executing controller action with signature Microsoft.AspNetCore.Mvc.IActionResult GetUncollectedPackages() on controller ParcelManagement2.Controllers.ResidentController (ParcelProject).
info: Microsoft.AspNetCore.Mvc.Infrastructure.ControllerActionInvoker[102]
      Route matched with {action = "GetUncollectedMails", controller = "Resident"}. Executing controller action with signature Microsoft.AspNetCore.Mvc.IActionResult GetUncollectedMails() on controller ParcelManagement2.Controllers.ResidentController (ParcelProject).
dbug: Microsoft.AspNetCore.Mvc.Infrastructure.ControllerActionInvoker[1]
      Execution plan of authorization filters (in the following order): None
dbug: Microsoft.AspNetCore.Mvc.Infrastructure.ControllerActionInvoker[1]
      Execution plan of authorization filters (in the following order): None
dbug: Microsoft.AspNetCore.Mvc.Infrastructure.ControllerActionInvoker[1]
      Execution plan of resource filters (in the following order): Microsoft.AspNetCore.Mvc.ViewFeatures.Filters.SaveTempDataFilter
dbug: Microsoft.AspNetCore.Mvc.Infrastructure.ControllerActionInvoker[1]
      Execution plan of resource filters (in the following order): Microsoft.AspNetCore.Mvc.ViewFeatures.Filters.SaveTempDataFilter
dbug: Microsoft.AspNetCore.Mvc.Infrastructure.ControllerActionInvoker[1]
      Execution plan of action filters (in the following order): Microsoft.AspNetCore.Mvc.Filters.ControllerActionFilter (Order: -2147483648), Microsoft.AspNetCore.Mvc.ModelBinding.UnsupportedContentTypeFilter (Order: -3000)
dbug: Microsoft.AspNetCore.Mvc.Infrastructure.ControllerActionInvoker[1]
      Execution plan of action filters (in the following order): Microsoft.AspNetCore.Mvc.Filters.ControllerActionFilter (Order: -2147483648), Microsoft.AspNetCore.Mvc.ModelBinding.UnsupportedContentTypeFilter (Order: -3000)
dbug: Microsoft.AspNetCore.Mvc.Infrastructure.ControllerActionInvoker[1]
      Execution plan of exception filters (in the following order): None
dbug: Microsoft.AspNetCore.Mvc.Infrastructure.ControllerActionInvoker[1]
      Execution plan of exception filters (in the following order): None
dbug: Microsoft.AspNetCore.Mvc.Infrastructure.ControllerActionInvoker[1]
      Execution plan of result filters (in the following order): Microsoft.AspNetCore.Mvc.ViewFeatures.Filters.SaveTempDataFilter
dbug: Microsoft.AspNetCore.Mvc.Infrastructure.ControllerActionInvoker[1]
      Execution plan of result filters (in the following order): Microsoft.AspNetCore.Mvc.ViewFeatures.Filters.SaveTempDataFilter
dbug: Microsoft.AspNetCore.Mvc.Infrastructure.ControllerActionInvoker[1]
      Executing controller factory for controller ParcelManagement2.Controllers.ResidentController (ParcelProject)
dbug: Microsoft.AspNetCore.Mvc.Infrastructure.ControllerActionInvoker[1]
      Executing controller factory for controller ParcelManagement2.Controllers.ResidentController (ParcelProject)
dbug: ParcelManagement2.Models.DBConn[0]
      資料庫連線字串已設定
dbug: ParcelManagement2.Models.DBConn[0]
      資料庫連線字串已設定
dbug: Microsoft.AspNetCore.Mvc.Infrastructure.ControllerActionInvoker[2]
      Executed controller factory for controller ParcelManagement2.Controllers.ResidentController (ParcelProject)
dbug: Microsoft.AspNetCore.Mvc.Infrastructure.ControllerActionInvoker[2]
      Executed controller factory for controller ParcelManagement2.Controllers.ResidentController (ParcelProject)
dbug: Microsoft.AspNetCore.Session.DistributedSession[4]
      Session loaded; Key:f3a42b75-d459-1344-3c37-ff3073c71b14, Id:be5fffd8-37ca-330c-7652-55aaec6333fb, Count:1
dbug: ParcelManagement2.Models.DBConn[0]
      查詢成功，返回 7 行數據
info: Microsoft.AspNetCore.Mvc.Infrastructure.ContentResultExecutor[1]
      Executing ContentResult with HTTP Response ContentType of application/json
info: Microsoft.AspNetCore.Mvc.Infrastructure.ControllerActionInvoker[105]
      Executed action ParcelManagement2.Controllers.ResidentController.GetUncollectedPackages (ParcelProject) in 48.4701ms
info: Microsoft.AspNetCore.Routing.EndpointMiddleware[1]
      Executed endpoint 'ParcelManagement2.Controllers.ResidentController.GetUncollectedPackages (ParcelProject)'
info: Microsoft.AspNetCore.Hosting.Diagnostics[2]
      Request finished HTTP/2 POST https://localhost:44353/Resident/GetUncollectedPackages - 200 876 application/json 87.4757ms
dbug: Microsoft.AspNetCore.Server.IIS.Core.IISHttpServer[1]
      Connection ID "18086456130095022243" disconnecting.
dbug: Microsoft.AspNetCore.Session.DistributedSession[4]
      Session loaded; Key:f3a42b75-d459-1344-3c37-ff3073c71b14, Id:be5fffd8-37ca-330c-7652-55aaec6333fb, Count:1
dbug: ParcelManagement2.Models.DBConn[0]
      查詢成功，返回 0 行數據
info: Microsoft.AspNetCore.Mvc.Infrastructure.ContentResultExecutor[1]
      Executing ContentResult with HTTP Response ContentType of application/json
info: Microsoft.AspNetCore.Mvc.Infrastructure.ControllerActionInvoker[105]
      Executed action ParcelManagement2.Controllers.ResidentController.GetUncollectedMails (ParcelProject) in 119.156ms
info: Microsoft.AspNetCore.Routing.EndpointMiddleware[1]
      Executed endpoint 'ParcelManagement2.Controllers.ResidentController.GetUncollectedMails (ParcelProject)'
info: Microsoft.AspNetCore.Hosting.Diagnostics[2]
      Request finished HTTP/2 POST https://localhost:44353/Resident/GetUncollectedMails - 200 2 application/json 159.4430ms
dbug: Microsoft.AspNetCore.Server.IIS.Core.IISHttpServer[1]
      Connection ID "17942340942019166271" disconnecting.
info: Microsoft.AspNetCore.Hosting.Diagnostics[1]
      Request starting HTTP/2 GET https://localhost:44353/Resident/MyPackages - - -
dbug: Microsoft.AspNetCore.StaticFiles.StaticFileMiddleware[4]
      The request path /Resident/MyPackages does not match a supported file type
dbug: Microsoft.AspNetCore.Routing.Matching.DfaMatcher[1001]
      1 candidate(s) found for the request path '/Resident/MyPackages'
dbug: Microsoft.AspNetCore.Routing.Matching.DfaMatcher[1005]
      Endpoint 'ParcelManagement2.Controllers.ResidentController.MyPackages (ParcelProject)' with route pattern '{controller=Account}/{action=Login}/{id?}' is valid for the request path '/Resident/MyPackages'
dbug: Microsoft.AspNetCore.Routing.EndpointRoutingMiddleware[1]
      Request matched endpoint 'ParcelManagement2.Controllers.ResidentController.MyPackages (ParcelProject)'
dbug: Microsoft.AspNetCore.Authentication.Cookies.CookieAuthenticationHandler[8]
      AuthenticationScheme: Cookies was successfully authenticated.
dbug: Microsoft.AspNetCore.Authorization.DefaultAuthorizationService[1]
      Authorization was successful.
info: Microsoft.AspNetCore.Routing.EndpointMiddleware[0]
      Executing endpoint 'ParcelManagement2.Controllers.ResidentController.MyPackages (ParcelProject)'
info: Microsoft.AspNetCore.Mvc.Infrastructure.ControllerActionInvoker[102]
      Route matched with {action = "MyPackages", controller = "Resident"}. Executing controller action with signature Microsoft.AspNetCore.Mvc.IActionResult MyPackages() on controller ParcelManagement2.Controllers.ResidentController (ParcelProject).
dbug: Microsoft.AspNetCore.Mvc.Infrastructure.ControllerActionInvoker[1]
      Execution plan of authorization filters (in the following order): None
dbug: Microsoft.AspNetCore.Mvc.Infrastructure.ControllerActionInvoker[1]
      Execution plan of resource filters (in the following order): Microsoft.AspNetCore.Mvc.ViewFeatures.Filters.SaveTempDataFilter
dbug: Microsoft.AspNetCore.Mvc.Infrastructure.ControllerActionInvoker[1]
      Execution plan of action filters (in the following order): Microsoft.AspNetCore.Mvc.Filters.ControllerActionFilter (Order: -2147483648), Microsoft.AspNetCore.Mvc.ModelBinding.UnsupportedContentTypeFilter (Order: -3000)
dbug: Microsoft.AspNetCore.Mvc.Infrastructure.ControllerActionInvoker[1]
      Execution plan of exception filters (in the following order): None
dbug: Microsoft.AspNetCore.Mvc.Infrastructure.ControllerActionInvoker[1]
      Execution plan of result filters (in the following order): Microsoft.AspNetCore.Mvc.ViewFeatures.Filters.SaveTempDataFilter
dbug: Microsoft.AspNetCore.Mvc.Infrastructure.ControllerActionInvoker[1]
      Executing controller factory for controller ParcelManagement2.Controllers.ResidentController (ParcelProject)
dbug: ParcelManagement2.Models.DBConn[0]
      資料庫連線字串已設定
dbug: Microsoft.AspNetCore.Mvc.Infrastructure.ControllerActionInvoker[2]
      Executed controller factory for controller ParcelManagement2.Controllers.ResidentController (ParcelProject)
dbug: ParcelManagement2.Models.DBConn[0]
      查詢成功，返回 1 行數據
dbug: Microsoft.AspNetCore.Session.DistributedSession[4]
      Session loaded; Key:f3a42b75-d459-1344-3c37-ff3073c71b14, Id:be5fffd8-37ca-330c-7652-55aaec6333fb, Count:1
dbug: Microsoft.AspNetCore.Mvc.Razor.RazorViewEngine[1]
      View lookup cache miss for view 'MyPackages' in controller 'Resident'.
info: Microsoft.AspNetCore.Mvc.ViewFeatures.ViewResultExecutor[1]
      Executing ViewResult, running view MyPackages.
dbug: Microsoft.AspNetCore.Mvc.ViewFeatures.ViewResultExecutor[2]
      The view path '/Views/Resident/MyPackages.cshtml' was found in 2.4974ms.
dbug: Microsoft.AspNetCore.Antiforgery.DefaultAntiforgery[6]
      An antiforgery cookie token was reused.
dbug: Microsoft.WebTools.BrowserLink.Net.BrowserLinkMiddleware[1]
      Response markup is scheduled to include Browser Link script injection.
dbug: Microsoft.AspNetCore.Watch.BrowserRefresh.BrowserRefreshMiddleware[1]
      Response markup is scheduled to include browser refresh script injection.
info: Microsoft.AspNetCore.Mvc.ViewFeatures.ViewResultExecutor[4]
      Executed ViewResult - view MyPackages executed in 13.3427ms.
info: Microsoft.AspNetCore.Mvc.Infrastructure.ControllerActionInvoker[105]
      Executed action ParcelManagement2.Controllers.ResidentController.MyPackages (ParcelProject) in 57.0614ms
info: Microsoft.AspNetCore.Routing.EndpointMiddleware[1]
      Executed endpoint 'ParcelManagement2.Controllers.ResidentController.MyPackages (ParcelProject)'
dbug: Microsoft.WebTools.BrowserLink.Net.BrowserLinkMiddleware[2]
      Response markup was updated to include Browser Link script injection.
dbug: Microsoft.AspNetCore.Watch.BrowserRefresh.BrowserRefreshMiddleware[2]
      Response markup was updated to include browser refresh script injection.
info: Microsoft.AspNetCore.Hosting.Diagnostics[2]
      Request finished HTTP/2 GET https://localhost:44353/Resident/MyPackages - 200 - text/html;+charset=utf-8 87.0215ms
dbug: Microsoft.AspNetCore.Server.IIS.Core.IISHttpServer[1]
      Connection ID "18374686549196406833" disconnecting.
info: Microsoft.AspNetCore.Hosting.Diagnostics[1]
      Request starting HTTP/2 POST https://localhost:44353/Resident/GetAllPackages - - 0
info: Microsoft.AspNetCore.Hosting.Diagnostics[1]
      Request starting HTTP/2 POST https://localhost:44353/Resident/GetCollectedHistory - - 0
dbug: Microsoft.AspNetCore.StaticFiles.StaticFileMiddleware[1]
      POST requests are not supported
dbug: Microsoft.AspNetCore.StaticFiles.StaticFileMiddleware[1]
      POST requests are not supported
dbug: Microsoft.AspNetCore.Routing.Matching.DfaMatcher[1001]
      1 candidate(s) found for the request path '/Resident/GetCollectedHistory'
info: Microsoft.AspNetCore.Hosting.Diagnostics[1]
      Request starting HTTP/2 GET https://localhost:44353/_framework/aspnetcore-browser-refresh.js - - -
dbug: Microsoft.AspNetCore.Routing.Matching.DfaMatcher[1001]
      1 candidate(s) found for the request path '/Resident/GetAllPackages'
dbug: Microsoft.AspNetCore.Routing.Matching.DfaMatcher[1005]
      Endpoint 'ParcelManagement2.Controllers.ResidentController.GetCollectedHistory (ParcelProject)' with route pattern '{controller=Account}/{action=Login}/{id?}' is valid for the request path '/Resident/GetCollectedHistory'
info: Microsoft.AspNetCore.Hosting.Diagnostics[1]
      Request starting HTTP/2 GET https://localhost:44353/_vs/browserLink - - -
dbug: Microsoft.AspNetCore.Routing.EndpointRoutingMiddleware[1]
      Request matched endpoint 'ParcelManagement2.Controllers.ResidentController.GetCollectedHistory (ParcelProject)'
dbug: Microsoft.AspNetCore.Watch.BrowserRefresh.BrowserScriptMiddleware[0]
      Script injected: /_framework/aspnetcore-browser-refresh.js
info: Microsoft.AspNetCore.Hosting.Diagnostics[2]
      Request finished HTTP/2 GET https://localhost:44353/_framework/aspnetcore-browser-refresh.js - 200 16511 application/javascript;+charset=utf-8 11.0826ms
dbug: Microsoft.AspNetCore.Server.IIS.Core.IISHttpServer[1]
      Connection ID "18374686536311504975" disconnecting.
dbug: Microsoft.AspNetCore.Routing.Matching.DfaMatcher[1005]
      Endpoint 'ParcelManagement2.Controllers.ResidentController.GetAllPackages (ParcelProject)' with route pattern '{controller=Account}/{action=Login}/{id?}' is valid for the request path '/Resident/GetAllPackages'
dbug: Microsoft.AspNetCore.Authentication.Cookies.CookieAuthenticationHandler[8]
      AuthenticationScheme: Cookies was successfully authenticated.
dbug: Microsoft.AspNetCore.Authorization.DefaultAuthorizationService[1]
      Authorization was successful.
dbug: Microsoft.AspNetCore.Routing.EndpointRoutingMiddleware[1]
      Request matched endpoint 'ParcelManagement2.Controllers.ResidentController.GetAllPackages (ParcelProject)'
info: Microsoft.AspNetCore.Routing.EndpointMiddleware[0]
      Executing endpoint 'ParcelManagement2.Controllers.ResidentController.GetCollectedHistory (ParcelProject)'
dbug: Microsoft.AspNetCore.Authentication.Cookies.CookieAuthenticationHandler[8]
      AuthenticationScheme: Cookies was successfully authenticated.
dbug: Microsoft.AspNetCore.Authorization.DefaultAuthorizationService[1]
      Authorization was successful.
info: Microsoft.AspNetCore.Routing.EndpointMiddleware[0]
      Executing endpoint 'ParcelManagement2.Controllers.ResidentController.GetAllPackages (ParcelProject)'
info: Microsoft.AspNetCore.Mvc.Infrastructure.ControllerActionInvoker[102]
      Route matched with {action = "GetAllPackages", controller = "Resident"}. Executing controller action with signature Microsoft.AspNetCore.Mvc.IActionResult GetAllPackages() on controller ParcelManagement2.Controllers.ResidentController (ParcelProject).
info: Microsoft.AspNetCore.Mvc.Infrastructure.ControllerActionInvoker[102]
      Route matched with {action = "GetCollectedHistory", controller = "Resident"}. Executing controller action with signature Microsoft.AspNetCore.Mvc.IActionResult GetCollectedHistory() on controller ParcelManagement2.Controllers.ResidentController (ParcelProject).
dbug: Microsoft.AspNetCore.Mvc.Infrastructure.ControllerActionInvoker[1]
      Execution plan of authorization filters (in the following order): None
dbug: Microsoft.AspNetCore.Mvc.Infrastructure.ControllerActionInvoker[1]
      Execution plan of authorization filters (in the following order): None
dbug: Microsoft.AspNetCore.Mvc.Infrastructure.ControllerActionInvoker[1]
      Execution plan of resource filters (in the following order): Microsoft.AspNetCore.Mvc.ViewFeatures.Filters.SaveTempDataFilter
dbug: Microsoft.AspNetCore.Server.IIS.Core.IISHttpServer[1]
      Connection ID "18302628942273576965" disconnecting.
dbug: Microsoft.AspNetCore.Mvc.Infrastructure.ControllerActionInvoker[1]
      Execution plan of resource filters (in the following order): Microsoft.AspNetCore.Mvc.ViewFeatures.Filters.SaveTempDataFilter
dbug: Microsoft.AspNetCore.Mvc.Infrastructure.ControllerActionInvoker[1]
      Execution plan of action filters (in the following order): Microsoft.AspNetCore.Mvc.Filters.ControllerActionFilter (Order: -2147483648), Microsoft.AspNetCore.Mvc.ModelBinding.UnsupportedContentTypeFilter (Order: -3000)
info: Microsoft.AspNetCore.Hosting.Diagnostics[2]
      Request finished HTTP/2 GET https://localhost:44353/_vs/browserLink - 200 - text/javascript;+charset=UTF-8 38.9007ms
dbug: Microsoft.AspNetCore.Mvc.Infrastructure.ControllerActionInvoker[1]
      Execution plan of action filters (in the following order): Microsoft.AspNetCore.Mvc.Filters.ControllerActionFilter (Order: -2147483648), Microsoft.AspNetCore.Mvc.ModelBinding.UnsupportedContentTypeFilter (Order: -3000)
dbug: Microsoft.AspNetCore.Mvc.Infrastructure.ControllerActionInvoker[1]
      Execution plan of exception filters (in the following order): None
dbug: Microsoft.AspNetCore.Mvc.Infrastructure.ControllerActionInvoker[1]
      Execution plan of exception filters (in the following order): None
dbug: Microsoft.AspNetCore.Mvc.Infrastructure.ControllerActionInvoker[1]
      Execution plan of result filters (in the following order): Microsoft.AspNetCore.Mvc.ViewFeatures.Filters.SaveTempDataFilter
dbug: Microsoft.AspNetCore.Mvc.Infrastructure.ControllerActionInvoker[1]
      Execution plan of result filters (in the following order): Microsoft.AspNetCore.Mvc.ViewFeatures.Filters.SaveTempDataFilter
dbug: Microsoft.AspNetCore.Mvc.Infrastructure.ControllerActionInvoker[1]
      Executing controller factory for controller ParcelManagement2.Controllers.ResidentController (ParcelProject)
dbug: Microsoft.AspNetCore.Mvc.Infrastructure.ControllerActionInvoker[1]
      Executing controller factory for controller ParcelManagement2.Controllers.ResidentController (ParcelProject)
dbug: ParcelManagement2.Models.DBConn[0]
      資料庫連線字串已設定
dbug: ParcelManagement2.Models.DBConn[0]
      資料庫連線字串已設定
dbug: Microsoft.AspNetCore.Mvc.Infrastructure.ControllerActionInvoker[2]
      Executed controller factory for controller ParcelManagement2.Controllers.ResidentController (ParcelProject)
dbug: Microsoft.AspNetCore.Mvc.Infrastructure.ControllerActionInvoker[2]
      Executed controller factory for controller ParcelManagement2.Controllers.ResidentController (ParcelProject)
dbug: Microsoft.AspNetCore.Session.DistributedSession[4]
      Session loaded; Key:f3a42b75-d459-1344-3c37-ff3073c71b14, Id:be5fffd8-37ca-330c-7652-55aaec6333fb, Count:1
dbug: Microsoft.AspNetCore.Session.DistributedSession[4]
      Session loaded; Key:f3a42b75-d459-1344-3c37-ff3073c71b14, Id:be5fffd8-37ca-330c-7652-55aaec6333fb, Count:1
dbug: ParcelManagement2.Models.DBConn[0]
      查詢成功，返回 4 行數據
info: Microsoft.AspNetCore.Mvc.Infrastructure.ContentResultExecutor[1]
      Executing ContentResult with HTTP Response ContentType of application/json
info: Microsoft.AspNetCore.Mvc.Infrastructure.ControllerActionInvoker[105]
      Executed action ParcelManagement2.Controllers.ResidentController.GetCollectedHistory (ParcelProject) in 46.3141ms
info: Microsoft.AspNetCore.Routing.EndpointMiddleware[1]
      Executed endpoint 'ParcelManagement2.Controllers.ResidentController.GetCollectedHistory (ParcelProject)'
info: Microsoft.AspNetCore.Hosting.Diagnostics[2]
      Request finished HTTP/2 POST https://localhost:44353/Resident/GetCollectedHistory - 200 988 application/json 105.3919ms
dbug: Microsoft.AspNetCore.Server.IIS.Core.IISHttpServer[1]
      Connection ID "18302628899323904060" disconnecting.
dbug: ParcelManagement2.Models.DBConn[0]
      查詢成功，返回 11 行數據
info: Microsoft.AspNetCore.Mvc.Infrastructure.ContentResultExecutor[1]
      Executing ContentResult with HTTP Response ContentType of application/json
info: Microsoft.AspNetCore.Mvc.Infrastructure.ControllerActionInvoker[105]
      Executed action ParcelManagement2.Controllers.ResidentController.GetAllPackages (ParcelProject) in 53.1058ms
info: Microsoft.AspNetCore.Routing.EndpointMiddleware[1]
      Executed endpoint 'ParcelManagement2.Controllers.ResidentController.GetAllPackages (ParcelProject)'
info: Microsoft.AspNetCore.Hosting.Diagnostics[2]
      Request finished HTTP/2 POST https://localhost:44353/Resident/GetAllPackages - 200 2796 application/json 113.7784ms
dbug: Microsoft.AspNetCore.Server.IIS.Core.IISHttpServer[1]
      Connection ID "18086456117210120200" disconnecting.
info: Microsoft.AspNetCore.Hosting.Diagnostics[1]
      Request starting HTTP/2 GET https://localhost:44353/Resident/MyPackages - - -
dbug: Microsoft.AspNetCore.StaticFiles.StaticFileMiddleware[4]
      The request path /Resident/MyPackages does not match a supported file type
dbug: Microsoft.AspNetCore.Routing.Matching.DfaMatcher[1001]
      1 candidate(s) found for the request path '/Resident/MyPackages'
dbug: Microsoft.AspNetCore.Routing.Matching.DfaMatcher[1005]
      Endpoint 'ParcelManagement2.Controllers.ResidentController.MyPackages (ParcelProject)' with route pattern '{controller=Account}/{action=Login}/{id?}' is valid for the request path '/Resident/MyPackages'
dbug: Microsoft.AspNetCore.Routing.EndpointRoutingMiddleware[1]
      Request matched endpoint 'ParcelManagement2.Controllers.ResidentController.MyPackages (ParcelProject)'
dbug: Microsoft.AspNetCore.Authentication.Cookies.CookieAuthenticationHandler[8]
      AuthenticationScheme: Cookies was successfully authenticated.
dbug: Microsoft.AspNetCore.Authorization.DefaultAuthorizationService[1]
      Authorization was successful.
info: Microsoft.AspNetCore.Routing.EndpointMiddleware[0]
      Executing endpoint 'ParcelManagement2.Controllers.ResidentController.MyPackages (ParcelProject)'
info: Microsoft.AspNetCore.Mvc.Infrastructure.ControllerActionInvoker[102]
      Route matched with {action = "MyPackages", controller = "Resident"}. Executing controller action with signature Microsoft.AspNetCore.Mvc.IActionResult MyPackages() on controller ParcelManagement2.Controllers.ResidentController (ParcelProject).
dbug: Microsoft.AspNetCore.Mvc.Infrastructure.ControllerActionInvoker[1]
      Execution plan of authorization filters (in the following order): None
dbug: Microsoft.AspNetCore.Mvc.Infrastructure.ControllerActionInvoker[1]
      Execution plan of resource filters (in the following order): Microsoft.AspNetCore.Mvc.ViewFeatures.Filters.SaveTempDataFilter
dbug: Microsoft.AspNetCore.Mvc.Infrastructure.ControllerActionInvoker[1]
      Execution plan of action filters (in the following order): Microsoft.AspNetCore.Mvc.Filters.ControllerActionFilter (Order: -2147483648), Microsoft.AspNetCore.Mvc.ModelBinding.UnsupportedContentTypeFilter (Order: -3000)
dbug: Microsoft.AspNetCore.Mvc.Infrastructure.ControllerActionInvoker[1]
      Execution plan of exception filters (in the following order): None
dbug: Microsoft.AspNetCore.Mvc.Infrastructure.ControllerActionInvoker[1]
      Execution plan of result filters (in the following order): Microsoft.AspNetCore.Mvc.ViewFeatures.Filters.SaveTempDataFilter
dbug: Microsoft.AspNetCore.Mvc.Infrastructure.ControllerActionInvoker[1]
      Executing controller factory for controller ParcelManagement2.Controllers.ResidentController (ParcelProject)
dbug: ParcelManagement2.Models.DBConn[0]
      資料庫連線字串已設定
dbug: Microsoft.AspNetCore.Mvc.Infrastructure.ControllerActionInvoker[2]
      Executed controller factory for controller ParcelManagement2.Controllers.ResidentController (ParcelProject)
dbug: ParcelManagement2.Models.DBConn[0]
      查詢成功，返回 1 行數據
dbug: Microsoft.AspNetCore.Session.DistributedSession[4]
      Session loaded; Key:f3a42b75-d459-1344-3c37-ff3073c71b14, Id:be5fffd8-37ca-330c-7652-55aaec6333fb, Count:1
dbug: Microsoft.AspNetCore.Mvc.Razor.RazorViewEngine[1]
      View lookup cache miss for view 'MyPackages' in controller 'Resident'.
dbug: Microsoft.AspNetCore.Mvc.Razor.Compilation.DefaultViewCompiler[3]
      Initializing Razor view compiler with compiled view: '/Views/Account/AccessDenied.cshtml'.
dbug: Microsoft.AspNetCore.Mvc.Razor.Compilation.DefaultViewCompiler[3]
      Initializing Razor view compiler with compiled view: '/Views/Account/Login.cshtml'.
dbug: Microsoft.AspNetCore.Mvc.Razor.Compilation.DefaultViewCompiler[3]
      Initializing Razor view compiler with compiled view: '/Views/Home/Index.cshtml'.
dbug: Microsoft.AspNetCore.Mvc.Razor.Compilation.DefaultViewCompiler[3]
      Initializing Razor view compiler with compiled view: '/Views/Home/Index_back.cshtml'.
dbug: Microsoft.AspNetCore.Mvc.Razor.Compilation.DefaultViewCompiler[3]
      Initializing Razor view compiler with compiled view: '/Views/Home/Packages.cshtml'.
dbug: Microsoft.AspNetCore.Mvc.Razor.Compilation.DefaultViewCompiler[3]
      Initializing Razor view compiler with compiled view: '/Views/Home/Privacy.cshtml'.
dbug: Microsoft.AspNetCore.Mvc.Razor.Compilation.DefaultViewCompiler[3]
      Initializing Razor view compiler with compiled view: '/Views/Resident/Edit.cshtml'.
dbug: Microsoft.AspNetCore.Mvc.Razor.Compilation.DefaultViewCompiler[3]
      Initializing Razor view compiler with compiled view: '/Views/Resident/Home.cshtml'.
dbug: Microsoft.AspNetCore.Mvc.Razor.Compilation.DefaultViewCompiler[3]
      Initializing Razor view compiler with compiled view: '/Views/Resident/MyPackages.cshtml'.
dbug: Microsoft.AspNetCore.Mvc.Razor.Compilation.DefaultViewCompiler[3]
      Initializing Razor view compiler with compiled view: '/Views/Resident/PackagePhoto.cshtml'.
dbug: Microsoft.AspNetCore.Mvc.Razor.Compilation.DefaultViewCompiler[3]
      Initializing Razor view compiler with compiled view: '/Views/Shared/Error.cshtml'.
dbug: Microsoft.AspNetCore.Mvc.Razor.Compilation.DefaultViewCompiler[3]
      Initializing Razor view compiler with compiled view: '/Views/Shared/_AdminLayout.cshtml'.
dbug: Microsoft.AspNetCore.Mvc.Razor.Compilation.DefaultViewCompiler[3]
      Initializing Razor view compiler with compiled view: '/Views/Shared/_Layout.cshtml'.
dbug: Microsoft.AspNetCore.Mvc.Razor.Compilation.DefaultViewCompiler[3]
      Initializing Razor view compiler with compiled view: '/Views/Shared/_ResidentLayout.cshtml'.
dbug: Microsoft.AspNetCore.Mvc.Razor.Compilation.DefaultViewCompiler[3]
      Initializing Razor view compiler with compiled view: '/Views/Shared/_ValidationScriptsPartial.cshtml'.
dbug: Microsoft.AspNetCore.Mvc.Razor.Compilation.DefaultViewCompiler[3]
      Initializing Razor view compiler with compiled view: '/Views/_ViewImports.cshtml'.
dbug: Microsoft.AspNetCore.Mvc.Razor.Compilation.DefaultViewCompiler[3]
      Initializing Razor view compiler with compiled view: '/Views/_ViewStart.cshtml'.
dbug: Microsoft.AspNetCore.Mvc.Razor.Compilation.DefaultViewCompiler[3]
      Initializing Razor view compiler with compiled view: '/Views/Shared/_Layout_back.cshtml'.
info: Microsoft.AspNetCore.Mvc.ViewFeatures.ViewResultExecutor[1]
      Executing ViewResult, running view MyPackages.
dbug: Microsoft.AspNetCore.Mvc.ViewFeatures.ViewResultExecutor[2]
      The view path '/Views/Resident/MyPackages.cshtml' was found in 27.1149ms.
dbug: Microsoft.AspNetCore.Antiforgery.DefaultAntiforgery[6]
      An antiforgery cookie token was reused.
dbug: Microsoft.WebTools.BrowserLink.Net.BrowserLinkMiddleware[1]
      Response markup is scheduled to include Browser Link script injection.
dbug: Microsoft.AspNetCore.Watch.BrowserRefresh.BrowserRefreshMiddleware[1]
      Response markup is scheduled to include browser refresh script injection.
info: Microsoft.AspNetCore.Mvc.ViewFeatures.ViewResultExecutor[4]
      Executed ViewResult - view MyPackages executed in 39.7045ms.
info: Microsoft.AspNetCore.Mvc.Infrastructure.ControllerActionInvoker[105]
      Executed action ParcelManagement2.Controllers.ResidentController.MyPackages (ParcelProject) in 75.6407ms
info: Microsoft.AspNetCore.Routing.EndpointMiddleware[1]
      Executed endpoint 'ParcelManagement2.Controllers.ResidentController.MyPackages (ParcelProject)'
dbug: Microsoft.WebTools.BrowserLink.Net.BrowserLinkMiddleware[2]
      Response markup was updated to include Browser Link script injection.
dbug: Microsoft.AspNetCore.Watch.BrowserRefresh.BrowserRefreshMiddleware[2]
      Response markup was updated to include browser refresh script injection.
dbug: Microsoft.AspNetCore.Server.IIS.Core.IISHttpServer[1]
      Connection ID "18302628895028936839" disconnecting.
info: Microsoft.AspNetCore.Hosting.Diagnostics[2]
      Request finished HTTP/2 GET https://localhost:44353/Resident/MyPackages - 200 - text/html;+charset=utf-8 109.0707ms
info: Microsoft.AspNetCore.Hosting.Diagnostics[1]
      Request starting HTTP/2 GET https://localhost:44353/_vs/browserLink - - -
info: Microsoft.AspNetCore.Hosting.Diagnostics[1]
      Request starting HTTP/2 GET https://localhost:44353/_framework/aspnetcore-browser-refresh.js - - -
dbug: Microsoft.AspNetCore.Watch.BrowserRefresh.BrowserScriptMiddleware[0]
      Script injected: /_framework/aspnetcore-browser-refresh.js
info: Microsoft.AspNetCore.Hosting.Diagnostics[2]
      Request finished HTTP/2 GET https://localhost:44353/_framework/aspnetcore-browser-refresh.js - 200 16511 application/javascript;+charset=utf-8 4.0620ms
dbug: Microsoft.AspNetCore.Server.IIS.Core.IISHttpServer[1]
      Connection ID "18086456104325218400" disconnecting.
dbug: Microsoft.AspNetCore.Server.IIS.Core.IISHttpServer[1]
      Connection ID "17942340916249362465" disconnecting.
info: Microsoft.AspNetCore.Hosting.Diagnostics[2]
      Request finished HTTP/2 GET https://localhost:44353/_vs/browserLink - 200 - text/javascript;+charset=UTF-8 16.3700ms
info: Microsoft.AspNetCore.Hosting.Diagnostics[1]
      Request starting HTTP/2 POST https://localhost:44353/Resident/GetAllPackages - - 0
info: Microsoft.AspNetCore.Hosting.Diagnostics[1]
      Request starting HTTP/2 POST https://localhost:44353/Resident/GetCollectedHistory - - 0
dbug: Microsoft.AspNetCore.StaticFiles.StaticFileMiddleware[1]
      POST requests are not supported
dbug: Microsoft.AspNetCore.StaticFiles.StaticFileMiddleware[1]
      POST requests are not supported
dbug: Microsoft.AspNetCore.Routing.Matching.DfaMatcher[1001]
      1 candidate(s) found for the request path '/Resident/GetCollectedHistory'
dbug: Microsoft.AspNetCore.Routing.Matching.DfaMatcher[1001]
      1 candidate(s) found for the request path '/Resident/GetAllPackages'
dbug: Microsoft.AspNetCore.Routing.Matching.DfaMatcher[1005]
      Endpoint 'ParcelManagement2.Controllers.ResidentController.GetCollectedHistory (ParcelProject)' with route pattern '{controller=Account}/{action=Login}/{id?}' is valid for the request path '/Resident/GetCollectedHistory'
dbug: Microsoft.AspNetCore.Routing.Matching.DfaMatcher[1005]
      Endpoint 'ParcelManagement2.Controllers.ResidentController.GetAllPackages (ParcelProject)' with route pattern '{controller=Account}/{action=Login}/{id?}' is valid for the request path '/Resident/GetAllPackages'
dbug: Microsoft.AspNetCore.Routing.EndpointRoutingMiddleware[1]
      Request matched endpoint 'ParcelManagement2.Controllers.ResidentController.GetCollectedHistory (ParcelProject)'
dbug: Microsoft.AspNetCore.Routing.EndpointRoutingMiddleware[1]
      Request matched endpoint 'ParcelManagement2.Controllers.ResidentController.GetAllPackages (ParcelProject)'
dbug: Microsoft.AspNetCore.Authentication.Cookies.CookieAuthenticationHandler[8]
      AuthenticationScheme: Cookies was successfully authenticated.
dbug: Microsoft.AspNetCore.Authentication.Cookies.CookieAuthenticationHandler[8]
      AuthenticationScheme: Cookies was successfully authenticated.
dbug: Microsoft.AspNetCore.Authorization.DefaultAuthorizationService[1]
      Authorization was successful.
dbug: Microsoft.AspNetCore.Authorization.DefaultAuthorizationService[1]
      Authorization was successful.
info: Microsoft.AspNetCore.Routing.EndpointMiddleware[0]
      Executing endpoint 'ParcelManagement2.Controllers.ResidentController.GetCollectedHistory (ParcelProject)'
info: Microsoft.AspNetCore.Routing.EndpointMiddleware[0]
      Executing endpoint 'ParcelManagement2.Controllers.ResidentController.GetAllPackages (ParcelProject)'
info: Microsoft.AspNetCore.Mvc.Infrastructure.ControllerActionInvoker[102]
      Route matched with {action = "GetCollectedHistory", controller = "Resident"}. Executing controller action with signature Microsoft.AspNetCore.Mvc.IActionResult GetCollectedHistory() on controller ParcelManagement2.Controllers.ResidentController (ParcelProject).
info: Microsoft.AspNetCore.Mvc.Infrastructure.ControllerActionInvoker[102]
      Route matched with {action = "GetAllPackages", controller = "Resident"}. Executing controller action with signature Microsoft.AspNetCore.Mvc.IActionResult GetAllPackages() on controller ParcelManagement2.Controllers.ResidentController (ParcelProject).
dbug: Microsoft.AspNetCore.Mvc.Infrastructure.ControllerActionInvoker[1]
      Execution plan of authorization filters (in the following order): None
dbug: Microsoft.AspNetCore.Mvc.Infrastructure.ControllerActionInvoker[1]
      Execution plan of authorization filters (in the following order): None
dbug: Microsoft.AspNetCore.Mvc.Infrastructure.ControllerActionInvoker[1]
      Execution plan of resource filters (in the following order): Microsoft.AspNetCore.Mvc.ViewFeatures.Filters.SaveTempDataFilter
dbug: Microsoft.AspNetCore.Mvc.Infrastructure.ControllerActionInvoker[1]
      Execution plan of resource filters (in the following order): Microsoft.AspNetCore.Mvc.ViewFeatures.Filters.SaveTempDataFilter
dbug: Microsoft.AspNetCore.Mvc.Infrastructure.ControllerActionInvoker[1]
      Execution plan of action filters (in the following order): Microsoft.AspNetCore.Mvc.Filters.ControllerActionFilter (Order: -2147483648), Microsoft.AspNetCore.Mvc.ModelBinding.UnsupportedContentTypeFilter (Order: -3000)
dbug: Microsoft.AspNetCore.Mvc.Infrastructure.ControllerActionInvoker[1]
      Execution plan of action filters (in the following order): Microsoft.AspNetCore.Mvc.Filters.ControllerActionFilter (Order: -2147483648), Microsoft.AspNetCore.Mvc.ModelBinding.UnsupportedContentTypeFilter (Order: -3000)
dbug: Microsoft.AspNetCore.Mvc.Infrastructure.ControllerActionInvoker[1]
      Execution plan of exception filters (in the following order): None
dbug: Microsoft.AspNetCore.Mvc.Infrastructure.ControllerActionInvoker[1]
      Execution plan of exception filters (in the following order): None
dbug: Microsoft.AspNetCore.Mvc.Infrastructure.ControllerActionInvoker[1]
      Execution plan of result filters (in the following order): Microsoft.AspNetCore.Mvc.ViewFeatures.Filters.SaveTempDataFilter
dbug: Microsoft.AspNetCore.Mvc.Infrastructure.ControllerActionInvoker[1]
      Execution plan of result filters (in the following order): Microsoft.AspNetCore.Mvc.ViewFeatures.Filters.SaveTempDataFilter
dbug: Microsoft.AspNetCore.Mvc.Infrastructure.ControllerActionInvoker[1]
      Executing controller factory for controller ParcelManagement2.Controllers.ResidentController (ParcelProject)
dbug: Microsoft.AspNetCore.Mvc.Infrastructure.ControllerActionInvoker[1]
      Executing controller factory for controller ParcelManagement2.Controllers.ResidentController (ParcelProject)
dbug: ParcelManagement2.Models.DBConn[0]
      資料庫連線字串已設定
dbug: ParcelManagement2.Models.DBConn[0]
      資料庫連線字串已設定
dbug: Microsoft.AspNetCore.Mvc.Infrastructure.ControllerActionInvoker[2]
      Executed controller factory for controller ParcelManagement2.Controllers.ResidentController (ParcelProject)
dbug: Microsoft.AspNetCore.Mvc.Infrastructure.ControllerActionInvoker[2]
      Executed controller factory for controller ParcelManagement2.Controllers.ResidentController (ParcelProject)
dbug: Microsoft.AspNetCore.Session.DistributedSession[4]
      Session loaded; Key:f3a42b75-d459-1344-3c37-ff3073c71b14, Id:be5fffd8-37ca-330c-7652-55aaec6333fb, Count:1
dbug: Microsoft.AspNetCore.Session.DistributedSession[4]
      Session loaded; Key:f3a42b75-d459-1344-3c37-ff3073c71b14, Id:be5fffd8-37ca-330c-7652-55aaec6333fb, Count:1
dbug: ParcelManagement2.Models.DBConn[0]
      查詢成功，返回 4 行數據
info: Microsoft.AspNetCore.Mvc.Infrastructure.ContentResultExecutor[1]
      Executing ContentResult with HTTP Response ContentType of application/json
info: Microsoft.AspNetCore.Mvc.Infrastructure.ControllerActionInvoker[105]
      Executed action ParcelManagement2.Controllers.ResidentController.GetCollectedHistory (ParcelProject) in 41.0557ms
info: Microsoft.AspNetCore.Routing.EndpointMiddleware[1]
      Executed endpoint 'ParcelManagement2.Controllers.ResidentController.GetCollectedHistory (ParcelProject)'
info: Microsoft.AspNetCore.Hosting.Diagnostics[2]
      Request finished HTTP/2 POST https://localhost:44353/Resident/GetCollectedHistory - 200 988 application/json 83.9573ms
dbug: Microsoft.AspNetCore.Server.IIS.Core.IISHttpServer[1]
      Connection ID "18014398561826898078" disconnecting.
dbug: ParcelManagement2.Models.DBConn[0]
      查詢成功，返回 11 行數據
info: Microsoft.AspNetCore.Mvc.Infrastructure.ContentResultExecutor[1]
      Executing ContentResult with HTTP Response ContentType of application/json
info: Microsoft.AspNetCore.Mvc.Infrastructure.ControllerActionInvoker[105]
      Executed action ParcelManagement2.Controllers.ResidentController.GetAllPackages (ParcelProject) in 50.5032ms
info: Microsoft.AspNetCore.Routing.EndpointMiddleware[1]
      Executed endpoint 'ParcelManagement2.Controllers.ResidentController.GetAllPackages (ParcelProject)'
info: Microsoft.AspNetCore.Hosting.Diagnostics[2]
      Request finished HTTP/2 POST https://localhost:44353/Resident/GetAllPackages - 200 2796 application/json 94.9825ms
dbug: Microsoft.AspNetCore.Server.IIS.Core.IISHttpServer[1]
      Connection ID "18374686540606472435" disconnecting.
info: Microsoft.AspNetCore.Hosting.Diagnostics[1]
      Request starting HTTP/2 GET https://localhost:44353/Resident/Home - - -
dbug: Microsoft.AspNetCore.StaticFiles.StaticFileMiddleware[4]
      The request path /Resident/Home does not match a supported file type
dbug: Microsoft.AspNetCore.Routing.Matching.DfaMatcher[1001]
      1 candidate(s) found for the request path '/Resident/Home'
dbug: Microsoft.AspNetCore.Routing.Matching.DfaMatcher[1005]
      Endpoint 'ParcelManagement2.Controllers.ResidentController.Home (ParcelProject)' with route pattern '{controller=Account}/{action=Login}/{id?}' is valid for the request path '/Resident/Home'
dbug: Microsoft.AspNetCore.Routing.EndpointRoutingMiddleware[1]
      Request matched endpoint 'ParcelManagement2.Controllers.ResidentController.Home (ParcelProject)'
dbug: Microsoft.AspNetCore.Authentication.Cookies.CookieAuthenticationHandler[8]
      AuthenticationScheme: Cookies was successfully authenticated.
dbug: Microsoft.AspNetCore.Authorization.DefaultAuthorizationService[1]
      Authorization was successful.
info: Microsoft.AspNetCore.Routing.EndpointMiddleware[0]
      Executing endpoint 'ParcelManagement2.Controllers.ResidentController.Home (ParcelProject)'
info: Microsoft.AspNetCore.Mvc.Infrastructure.ControllerActionInvoker[102]
      Route matched with {action = "Home", controller = "Resident"}. Executing controller action with signature Microsoft.AspNetCore.Mvc.IActionResult Home() on controller ParcelManagement2.Controllers.ResidentController (ParcelProject).
dbug: Microsoft.AspNetCore.Mvc.Infrastructure.ControllerActionInvoker[1]
      Execution plan of authorization filters (in the following order): None
dbug: Microsoft.AspNetCore.Mvc.Infrastructure.ControllerActionInvoker[1]
      Execution plan of resource filters (in the following order): Microsoft.AspNetCore.Mvc.ViewFeatures.Filters.SaveTempDataFilter
dbug: Microsoft.AspNetCore.Mvc.Infrastructure.ControllerActionInvoker[1]
      Execution plan of action filters (in the following order): Microsoft.AspNetCore.Mvc.Filters.ControllerActionFilter (Order: -2147483648), Microsoft.AspNetCore.Mvc.ModelBinding.UnsupportedContentTypeFilter (Order: -3000)
dbug: Microsoft.AspNetCore.Mvc.Infrastructure.ControllerActionInvoker[1]
      Execution plan of exception filters (in the following order): None
dbug: Microsoft.AspNetCore.Mvc.Infrastructure.ControllerActionInvoker[1]
      Execution plan of result filters (in the following order): Microsoft.AspNetCore.Mvc.ViewFeatures.Filters.SaveTempDataFilter
dbug: Microsoft.AspNetCore.Mvc.Infrastructure.ControllerActionInvoker[1]
      Executing controller factory for controller ParcelManagement2.Controllers.ResidentController (ParcelProject)
dbug: ParcelManagement2.Models.DBConn[0]
      資料庫連線字串已設定
dbug: Microsoft.AspNetCore.Mvc.Infrastructure.ControllerActionInvoker[2]
      Executed controller factory for controller ParcelManagement2.Controllers.ResidentController (ParcelProject)
dbug: ParcelManagement2.Models.DBConn[0]
      查詢成功，返回 1 行數據
dbug: Microsoft.AspNetCore.Session.DistributedSession[4]
      Session loaded; Key:f3a42b75-d459-1344-3c37-ff3073c71b14, Id:be5fffd8-37ca-330c-7652-55aaec6333fb, Count:1
dbug: Microsoft.AspNetCore.Mvc.Razor.RazorViewEngine[1]
      View lookup cache miss for view 'Home' in controller 'Resident'.
info: Microsoft.AspNetCore.Mvc.ViewFeatures.ViewResultExecutor[1]
      Executing ViewResult, running view Home.
dbug: Microsoft.AspNetCore.Mvc.ViewFeatures.ViewResultExecutor[2]
      The view path '/Views/Resident/Home.cshtml' was found in 2.7049ms.
dbug: Microsoft.AspNetCore.Antiforgery.DefaultAntiforgery[6]
      An antiforgery cookie token was reused.
dbug: Microsoft.WebTools.BrowserLink.Net.BrowserLinkMiddleware[1]
      Response markup is scheduled to include Browser Link script injection.
dbug: Microsoft.AspNetCore.Watch.BrowserRefresh.BrowserRefreshMiddleware[1]
      Response markup is scheduled to include browser refresh script injection.
info: Microsoft.AspNetCore.Mvc.ViewFeatures.ViewResultExecutor[4]
      Executed ViewResult - view Home executed in 8.6638ms.
info: Microsoft.AspNetCore.Mvc.Infrastructure.ControllerActionInvoker[105]
      Executed action ParcelManagement2.Controllers.ResidentController.Home (ParcelProject) in 53.367ms
info: Microsoft.AspNetCore.Routing.EndpointMiddleware[1]
      Executed endpoint 'ParcelManagement2.Controllers.ResidentController.Home (ParcelProject)'
dbug: Microsoft.WebTools.BrowserLink.Net.BrowserLinkMiddleware[2]
      Response markup was updated to include Browser Link script injection.
dbug: Microsoft.AspNetCore.Watch.BrowserRefresh.BrowserRefreshMiddleware[2]
      Response markup was updated to include browser refresh script injection.
dbug: Microsoft.AspNetCore.Server.IIS.Core.IISHttpServer[1]
      Connection ID "18014398561826898080" disconnecting.
info: Microsoft.AspNetCore.Hosting.Diagnostics[2]
      Request finished HTTP/2 GET https://localhost:44353/Resident/Home - 200 - text/html;+charset=utf-8 83.5473ms
info: Microsoft.AspNetCore.Hosting.Diagnostics[1]
      Request starting HTTP/2 POST https://localhost:44353/Resident/GetUncollectedMails - - 0
info: Microsoft.AspNetCore.Hosting.Diagnostics[1]
      Request starting HTTP/2 POST https://localhost:44353/Resident/GetUncollectedPackages - - 0
dbug: Microsoft.AspNetCore.StaticFiles.StaticFileMiddleware[1]
      POST requests are not supported
dbug: Microsoft.AspNetCore.StaticFiles.StaticFileMiddleware[1]
      POST requests are not supported
info: Microsoft.AspNetCore.Hosting.Diagnostics[1]
      Request starting HTTP/2 GET https://localhost:44353/_vs/browserLink - - -
dbug: Microsoft.AspNetCore.Routing.Matching.DfaMatcher[1001]
      1 candidate(s) found for the request path '/Resident/GetUncollectedMails'
dbug: Microsoft.AspNetCore.Routing.Matching.DfaMatcher[1001]
      1 candidate(s) found for the request path '/Resident/GetUncollectedPackages'
info: Microsoft.AspNetCore.Hosting.Diagnostics[1]
      Request starting HTTP/2 GET https://localhost:44353/_framework/aspnetcore-browser-refresh.js - - -
dbug: Microsoft.AspNetCore.Routing.Matching.DfaMatcher[1005]
      Endpoint 'ParcelManagement2.Controllers.ResidentController.GetUncollectedPackages (ParcelProject)' with route pattern '{controller=Account}/{action=Login}/{id?}' is valid for the request path '/Resident/GetUncollectedPackages'
dbug: Microsoft.AspNetCore.Watch.BrowserRefresh.BrowserScriptMiddleware[0]
      Script injected: /_framework/aspnetcore-browser-refresh.js
dbug: Microsoft.AspNetCore.Routing.Matching.DfaMatcher[1005]
      Endpoint 'ParcelManagement2.Controllers.ResidentController.GetUncollectedMails (ParcelProject)' with route pattern '{controller=Account}/{action=Login}/{id?}' is valid for the request path '/Resident/GetUncollectedMails'
info: Microsoft.AspNetCore.Hosting.Diagnostics[2]
      Request finished HTTP/2 GET https://localhost:44353/_framework/aspnetcore-browser-refresh.js - 200 16511 application/javascript;+charset=utf-8 6.5004ms
dbug: Microsoft.AspNetCore.Server.IIS.Core.IISHttpServer[1]
      Connection ID "18302628890733969455" disconnecting.
dbug: Microsoft.AspNetCore.Routing.EndpointRoutingMiddleware[1]
      Request matched endpoint 'ParcelManagement2.Controllers.ResidentController.GetUncollectedPackages (ParcelProject)'
dbug: Microsoft.AspNetCore.Authentication.Cookies.CookieAuthenticationHandler[8]
      AuthenticationScheme: Cookies was successfully authenticated.
dbug: Microsoft.AspNetCore.Routing.EndpointRoutingMiddleware[1]
      Request matched endpoint 'ParcelManagement2.Controllers.ResidentController.GetUncollectedMails (ParcelProject)'
dbug: Microsoft.AspNetCore.Authorization.DefaultAuthorizationService[1]
      Authorization was successful.
dbug: Microsoft.AspNetCore.Authentication.Cookies.CookieAuthenticationHandler[8]
      AuthenticationScheme: Cookies was successfully authenticated.
info: Microsoft.AspNetCore.Routing.EndpointMiddleware[0]
      Executing endpoint 'ParcelManagement2.Controllers.ResidentController.GetUncollectedPackages (ParcelProject)'
dbug: Microsoft.AspNetCore.Authorization.DefaultAuthorizationService[1]
      Authorization was successful.
info: Microsoft.AspNetCore.Routing.EndpointMiddleware[0]
      Executing endpoint 'ParcelManagement2.Controllers.ResidentController.GetUncollectedMails (ParcelProject)'
info: Microsoft.AspNetCore.Mvc.Infrastructure.ControllerActionInvoker[102]
      Route matched with {action = "GetUncollectedPackages", controller = "Resident"}. Executing controller action with signature Microsoft.AspNetCore.Mvc.IActionResult GetUncollectedPackages() on controller ParcelManagement2.Controllers.ResidentController (ParcelProject).
dbug: Microsoft.AspNetCore.Mvc.Infrastructure.ControllerActionInvoker[1]
      Execution plan of authorization filters (in the following order): None
info: Microsoft.AspNetCore.Mvc.Infrastructure.ControllerActionInvoker[102]
      Route matched with {action = "GetUncollectedMails", controller = "Resident"}. Executing controller action with signature Microsoft.AspNetCore.Mvc.IActionResult GetUncollectedMails() on controller ParcelManagement2.Controllers.ResidentController (ParcelProject).
dbug: Microsoft.AspNetCore.Mvc.Infrastructure.ControllerActionInvoker[1]
      Execution plan of resource filters (in the following order): Microsoft.AspNetCore.Mvc.ViewFeatures.Filters.SaveTempDataFilter
dbug: Microsoft.AspNetCore.Mvc.Infrastructure.ControllerActionInvoker[1]
      Execution plan of authorization filters (in the following order): None
dbug: Microsoft.AspNetCore.Mvc.Infrastructure.ControllerActionInvoker[1]
      Execution plan of action filters (in the following order): Microsoft.AspNetCore.Mvc.Filters.ControllerActionFilter (Order: -2147483648), Microsoft.AspNetCore.Mvc.ModelBinding.UnsupportedContentTypeFilter (Order: -3000)
dbug: Microsoft.AspNetCore.Mvc.Infrastructure.ControllerActionInvoker[1]
      Execution plan of resource filters (in the following order): Microsoft.AspNetCore.Mvc.ViewFeatures.Filters.SaveTempDataFilter
dbug: Microsoft.AspNetCore.Mvc.Infrastructure.ControllerActionInvoker[1]
      Execution plan of exception filters (in the following order): None
dbug: Microsoft.AspNetCore.Mvc.Infrastructure.ControllerActionInvoker[1]
      Execution plan of action filters (in the following order): Microsoft.AspNetCore.Mvc.Filters.ControllerActionFilter (Order: -2147483648), Microsoft.AspNetCore.Mvc.ModelBinding.UnsupportedContentTypeFilter (Order: -3000)
info: Microsoft.AspNetCore.Hosting.Diagnostics[2]
      Request finished HTTP/2 GET https://localhost:44353/_vs/browserLink - 200 - text/javascript;+charset=UTF-8 42.2190ms
dbug: Microsoft.AspNetCore.Mvc.Infrastructure.ControllerActionInvoker[1]
      Execution plan of result filters (in the following order): Microsoft.AspNetCore.Mvc.ViewFeatures.Filters.SaveTempDataFilter
dbug: Microsoft.AspNetCore.Server.IIS.Core.IISHttpServer[1]
      Connection ID "18374686484771897399" disconnecting.
dbug: Microsoft.AspNetCore.Mvc.Infrastructure.ControllerActionInvoker[1]
      Execution plan of exception filters (in the following order): None
dbug: Microsoft.AspNetCore.Mvc.Infrastructure.ControllerActionInvoker[1]
      Executing controller factory for controller ParcelManagement2.Controllers.ResidentController (ParcelProject)
dbug: Microsoft.AspNetCore.Mvc.Infrastructure.ControllerActionInvoker[1]
      Execution plan of result filters (in the following order): Microsoft.AspNetCore.Mvc.ViewFeatures.Filters.SaveTempDataFilter
dbug: ParcelManagement2.Models.DBConn[0]
      資料庫連線字串已設定
dbug: Microsoft.AspNetCore.Mvc.Infrastructure.ControllerActionInvoker[1]
      Executing controller factory for controller ParcelManagement2.Controllers.ResidentController (ParcelProject)
dbug: Microsoft.AspNetCore.Mvc.Infrastructure.ControllerActionInvoker[2]
      Executed controller factory for controller ParcelManagement2.Controllers.ResidentController (ParcelProject)
dbug: ParcelManagement2.Models.DBConn[0]
      資料庫連線字串已設定
dbug: Microsoft.AspNetCore.Mvc.Infrastructure.ControllerActionInvoker[2]
      Executed controller factory for controller ParcelManagement2.Controllers.ResidentController (ParcelProject)
dbug: Microsoft.AspNetCore.Session.DistributedSession[4]
      Session loaded; Key:f3a42b75-d459-1344-3c37-ff3073c71b14, Id:be5fffd8-37ca-330c-7652-55aaec6333fb, Count:1
dbug: Microsoft.AspNetCore.Session.DistributedSession[4]
      Session loaded; Key:f3a42b75-d459-1344-3c37-ff3073c71b14, Id:be5fffd8-37ca-330c-7652-55aaec6333fb, Count:1
dbug: ParcelManagement2.Models.DBConn[0]
      查詢成功，返回 7 行數據
info: Microsoft.AspNetCore.Mvc.Infrastructure.ContentResultExecutor[1]
      Executing ContentResult with HTTP Response ContentType of application/json
info: Microsoft.AspNetCore.Mvc.Infrastructure.ControllerActionInvoker[105]
      Executed action ParcelManagement2.Controllers.ResidentController.GetUncollectedPackages (ParcelProject) in 46.2074ms
info: Microsoft.AspNetCore.Routing.EndpointMiddleware[1]
      Executed endpoint 'ParcelManagement2.Controllers.ResidentController.GetUncollectedPackages (ParcelProject)'
dbug: ParcelManagement2.Models.DBConn[0]
      查詢成功，返回 0 行數據
info: Microsoft.AspNetCore.Hosting.Diagnostics[2]
      Request finished HTTP/2 POST https://localhost:44353/Resident/GetUncollectedPackages - 200 876 application/json 103.4417ms
dbug: Microsoft.AspNetCore.Server.IIS.Core.IISHttpServer[1]
      Connection ID "18302628946568544352" disconnecting.
info: Microsoft.AspNetCore.Mvc.Infrastructure.ContentResultExecutor[1]
      Executing ContentResult with HTTP Response ContentType of application/json
info: Microsoft.AspNetCore.Mvc.Infrastructure.ControllerActionInvoker[105]
      Executed action ParcelManagement2.Controllers.ResidentController.GetUncollectedMails (ParcelProject) in 49.836ms
info: Microsoft.AspNetCore.Routing.EndpointMiddleware[1]
      Executed endpoint 'ParcelManagement2.Controllers.ResidentController.GetUncollectedMails (ParcelProject)'
info: Microsoft.AspNetCore.Hosting.Diagnostics[2]
      Request finished HTTP/2 POST https://localhost:44353/Resident/GetUncollectedMails - 200 2 application/json 110.4056ms
dbug: Microsoft.AspNetCore.Server.IIS.Core.IISHttpServer[1]
      Connection ID "18374686540606472437" disconnecting.
info: Microsoft.AspNetCore.Hosting.Diagnostics[1]
      Request starting HTTP/2 GET https://localhost:44353/Resident/MyPackages - - -
dbug: Microsoft.AspNetCore.StaticFiles.StaticFileMiddleware[4]
      The request path /Resident/MyPackages does not match a supported file type
dbug: Microsoft.AspNetCore.Routing.Matching.DfaMatcher[1001]
      1 candidate(s) found for the request path '/Resident/MyPackages'
dbug: Microsoft.AspNetCore.Routing.Matching.DfaMatcher[1005]
      Endpoint 'ParcelManagement2.Controllers.ResidentController.MyPackages (ParcelProject)' with route pattern '{controller=Account}/{action=Login}/{id?}' is valid for the request path '/Resident/MyPackages'
dbug: Microsoft.AspNetCore.Routing.EndpointRoutingMiddleware[1]
      Request matched endpoint 'ParcelManagement2.Controllers.ResidentController.MyPackages (ParcelProject)'
dbug: Microsoft.AspNetCore.Authentication.Cookies.CookieAuthenticationHandler[8]
      AuthenticationScheme: Cookies was successfully authenticated.
dbug: Microsoft.AspNetCore.Authorization.DefaultAuthorizationService[1]
      Authorization was successful.
info: Microsoft.AspNetCore.Routing.EndpointMiddleware[0]
      Executing endpoint 'ParcelManagement2.Controllers.ResidentController.MyPackages (ParcelProject)'
info: Microsoft.AspNetCore.Mvc.Infrastructure.ControllerActionInvoker[102]
      Route matched with {action = "MyPackages", controller = "Resident"}. Executing controller action with signature Microsoft.AspNetCore.Mvc.IActionResult MyPackages() on controller ParcelManagement2.Controllers.ResidentController (ParcelProject).
dbug: Microsoft.AspNetCore.Mvc.Infrastructure.ControllerActionInvoker[1]
      Execution plan of authorization filters (in the following order): None
dbug: Microsoft.AspNetCore.Mvc.Infrastructure.ControllerActionInvoker[1]
      Execution plan of resource filters (in the following order): Microsoft.AspNetCore.Mvc.ViewFeatures.Filters.SaveTempDataFilter
dbug: Microsoft.AspNetCore.Mvc.Infrastructure.ControllerActionInvoker[1]
      Execution plan of action filters (in the following order): Microsoft.AspNetCore.Mvc.Filters.ControllerActionFilter (Order: -2147483648), Microsoft.AspNetCore.Mvc.ModelBinding.UnsupportedContentTypeFilter (Order: -3000)
dbug: Microsoft.AspNetCore.Mvc.Infrastructure.ControllerActionInvoker[1]
      Execution plan of exception filters (in the following order): None
dbug: Microsoft.AspNetCore.Mvc.Infrastructure.ControllerActionInvoker[1]
      Execution plan of result filters (in the following order): Microsoft.AspNetCore.Mvc.ViewFeatures.Filters.SaveTempDataFilter
dbug: Microsoft.AspNetCore.Mvc.Infrastructure.ControllerActionInvoker[1]
      Executing controller factory for controller ParcelManagement2.Controllers.ResidentController (ParcelProject)
dbug: ParcelManagement2.Models.DBConn[0]
      資料庫連線字串已設定
dbug: Microsoft.AspNetCore.Mvc.Infrastructure.ControllerActionInvoker[2]
      Executed controller factory for controller ParcelManagement2.Controllers.ResidentController (ParcelProject)
dbug: ParcelManagement2.Models.DBConn[0]
      查詢成功，返回 1 行數據
dbug: Microsoft.AspNetCore.Session.DistributedSession[4]
      Session loaded; Key:f3a42b75-d459-1344-3c37-ff3073c71b14, Id:be5fffd8-37ca-330c-7652-55aaec6333fb, Count:1
dbug: Microsoft.AspNetCore.Mvc.Razor.RazorViewEngine[2]
      View lookup cache hit for view 'MyPackages' in controller 'Resident'.
info: Microsoft.AspNetCore.Mvc.ViewFeatures.ViewResultExecutor[1]
      Executing ViewResult, running view MyPackages.
dbug: Microsoft.AspNetCore.Mvc.ViewFeatures.ViewResultExecutor[2]
      The view path '/Views/Resident/MyPackages.cshtml' was found in 2.0768ms.
dbug: Microsoft.AspNetCore.Antiforgery.DefaultAntiforgery[6]
      An antiforgery cookie token was reused.
dbug: Microsoft.WebTools.BrowserLink.Net.BrowserLinkMiddleware[1]
      Response markup is scheduled to include Browser Link script injection.
dbug: Microsoft.AspNetCore.Watch.BrowserRefresh.BrowserRefreshMiddleware[1]
      Response markup is scheduled to include browser refresh script injection.
info: Microsoft.AspNetCore.Mvc.ViewFeatures.ViewResultExecutor[4]
      Executed ViewResult - view MyPackages executed in 7.0919ms.
info: Microsoft.AspNetCore.Mvc.Infrastructure.ControllerActionInvoker[105]
      Executed action ParcelManagement2.Controllers.ResidentController.MyPackages (ParcelProject) in 38.3509ms
info: Microsoft.AspNetCore.Routing.EndpointMiddleware[1]
      Executed endpoint 'ParcelManagement2.Controllers.ResidentController.MyPackages (ParcelProject)'
dbug: Microsoft.WebTools.BrowserLink.Net.BrowserLinkMiddleware[2]
      Response markup was updated to include Browser Link script injection.
dbug: Microsoft.AspNetCore.Watch.BrowserRefresh.BrowserRefreshMiddleware[2]
      Response markup was updated to include browser refresh script injection.
dbug: Microsoft.AspNetCore.Server.IIS.Core.IISHttpServer[1]
      Connection ID "18014398510287290456" disconnecting.
info: Microsoft.AspNetCore.Hosting.Diagnostics[2]
      Request finished HTTP/2 GET https://localhost:44353/Resident/MyPackages - 200 - text/html;+charset=utf-8 65.9229ms
info: Microsoft.AspNetCore.Hosting.Diagnostics[1]
      Request starting HTTP/2 POST https://localhost:44353/Resident/GetCollectedHistory - - 0
info: Microsoft.AspNetCore.Hosting.Diagnostics[1]
      Request starting HTTP/2 POST https://localhost:44353/Resident/GetAllPackages - - 0
dbug: Microsoft.AspNetCore.StaticFiles.StaticFileMiddleware[1]
      POST requests are not supported
info: Microsoft.AspNetCore.Hosting.Diagnostics[1]
      Request starting HTTP/2 GET https://localhost:44353/_framework/aspnetcore-browser-refresh.js - - -
info: Microsoft.AspNetCore.Hosting.Diagnostics[1]
      Request starting HTTP/2 GET https://localhost:44353/_vs/browserLink - - -
dbug: Microsoft.AspNetCore.StaticFiles.StaticFileMiddleware[1]
      POST requests are not supported
dbug: Microsoft.AspNetCore.Routing.Matching.DfaMatcher[1001]
      1 candidate(s) found for the request path '/Resident/GetCollectedHistory'
dbug: Microsoft.AspNetCore.Routing.Matching.DfaMatcher[1001]
      1 candidate(s) found for the request path '/Resident/GetAllPackages'
dbug: Microsoft.AspNetCore.Routing.Matching.DfaMatcher[1005]
      Endpoint 'ParcelManagement2.Controllers.ResidentController.GetCollectedHistory (ParcelProject)' with route pattern '{controller=Account}/{action=Login}/{id?}' is valid for the request path '/Resident/GetCollectedHistory'
dbug: Microsoft.AspNetCore.Routing.Matching.DfaMatcher[1005]
      Endpoint 'ParcelManagement2.Controllers.ResidentController.GetAllPackages (ParcelProject)' with route pattern '{controller=Account}/{action=Login}/{id?}' is valid for the request path '/Resident/GetAllPackages'
dbug: Microsoft.AspNetCore.Routing.EndpointRoutingMiddleware[1]
      Request matched endpoint 'ParcelManagement2.Controllers.ResidentController.GetCollectedHistory (ParcelProject)'
dbug: Microsoft.AspNetCore.Routing.EndpointRoutingMiddleware[1]
      Request matched endpoint 'ParcelManagement2.Controllers.ResidentController.GetAllPackages (ParcelProject)'
dbug: Microsoft.AspNetCore.Authentication.Cookies.CookieAuthenticationHandler[8]
      AuthenticationScheme: Cookies was successfully authenticated.
dbug: Microsoft.AspNetCore.Authentication.Cookies.CookieAuthenticationHandler[8]
      AuthenticationScheme: Cookies was successfully authenticated.
dbug: Microsoft.AspNetCore.Authorization.DefaultAuthorizationService[1]
      Authorization was successful.
dbug: Microsoft.AspNetCore.Authorization.DefaultAuthorizationService[1]
      Authorization was successful.
info: Microsoft.AspNetCore.Routing.EndpointMiddleware[0]
      Executing endpoint 'ParcelManagement2.Controllers.ResidentController.GetCollectedHistory (ParcelProject)'
info: Microsoft.AspNetCore.Routing.EndpointMiddleware[0]
      Executing endpoint 'ParcelManagement2.Controllers.ResidentController.GetAllPackages (ParcelProject)'
info: Microsoft.AspNetCore.Mvc.Infrastructure.ControllerActionInvoker[102]
      Route matched with {action = "GetCollectedHistory", controller = "Resident"}. Executing controller action with signature Microsoft.AspNetCore.Mvc.IActionResult GetCollectedHistory() on controller ParcelManagement2.Controllers.ResidentController (ParcelProject).
info: Microsoft.AspNetCore.Mvc.Infrastructure.ControllerActionInvoker[102]
      Route matched with {action = "GetAllPackages", controller = "Resident"}. Executing controller action with signature Microsoft.AspNetCore.Mvc.IActionResult GetAllPackages() on controller ParcelManagement2.Controllers.ResidentController (ParcelProject).
dbug: Microsoft.AspNetCore.Mvc.Infrastructure.ControllerActionInvoker[1]
      Execution plan of authorization filters (in the following order): None
dbug: Microsoft.AspNetCore.Mvc.Infrastructure.ControllerActionInvoker[1]
      Execution plan of authorization filters (in the following order): None
dbug: Microsoft.AspNetCore.Mvc.Infrastructure.ControllerActionInvoker[1]
      Execution plan of resource filters (in the following order): Microsoft.AspNetCore.Mvc.ViewFeatures.Filters.SaveTempDataFilter
dbug: Microsoft.AspNetCore.Mvc.Infrastructure.ControllerActionInvoker[1]
      Execution plan of resource filters (in the following order): Microsoft.AspNetCore.Mvc.ViewFeatures.Filters.SaveTempDataFilter
dbug: Microsoft.AspNetCore.Mvc.Infrastructure.ControllerActionInvoker[1]
      Execution plan of action filters (in the following order): Microsoft.AspNetCore.Mvc.Filters.ControllerActionFilter (Order: -2147483648), Microsoft.AspNetCore.Mvc.ModelBinding.UnsupportedContentTypeFilter (Order: -3000)
dbug: Microsoft.AspNetCore.Mvc.Infrastructure.ControllerActionInvoker[1]
      Execution plan of action filters (in the following order): Microsoft.AspNetCore.Mvc.Filters.ControllerActionFilter (Order: -2147483648), Microsoft.AspNetCore.Mvc.ModelBinding.UnsupportedContentTypeFilter (Order: -3000)
dbug: Microsoft.AspNetCore.Mvc.Infrastructure.ControllerActionInvoker[1]
      Execution plan of exception filters (in the following order): None
dbug: Microsoft.AspNetCore.Mvc.Infrastructure.ControllerActionInvoker[1]
      Execution plan of exception filters (in the following order): None
dbug: Microsoft.AspNetCore.Mvc.Infrastructure.ControllerActionInvoker[1]
      Execution plan of result filters (in the following order): Microsoft.AspNetCore.Mvc.ViewFeatures.Filters.SaveTempDataFilter
dbug: Microsoft.AspNetCore.Mvc.Infrastructure.ControllerActionInvoker[1]
      Execution plan of result filters (in the following order): Microsoft.AspNetCore.Mvc.ViewFeatures.Filters.SaveTempDataFilter
dbug: Microsoft.AspNetCore.Mvc.Infrastructure.ControllerActionInvoker[1]
      Executing controller factory for controller ParcelManagement2.Controllers.ResidentController (ParcelProject)
dbug: Microsoft.AspNetCore.Mvc.Infrastructure.ControllerActionInvoker[1]
      Executing controller factory for controller ParcelManagement2.Controllers.ResidentController (ParcelProject)
dbug: ParcelManagement2.Models.DBConn[0]
      資料庫連線字串已設定
dbug: Microsoft.AspNetCore.Server.IIS.Core.IISHttpServer[1]
      Connection ID "18302628942273576967" disconnecting.
dbug: ParcelManagement2.Models.DBConn[0]
      資料庫連線字串已設定
info: Microsoft.AspNetCore.Hosting.Diagnostics[2]
      Request finished HTTP/2 GET https://localhost:44353/_vs/browserLink - 200 - text/javascript;+charset=UTF-8 49.2802ms
dbug: Microsoft.AspNetCore.Mvc.Infrastructure.ControllerActionInvoker[2]
      Executed controller factory for controller ParcelManagement2.Controllers.ResidentController (ParcelProject)
dbug: Microsoft.AspNetCore.Mvc.Infrastructure.ControllerActionInvoker[2]
      Executed controller factory for controller ParcelManagement2.Controllers.ResidentController (ParcelProject)
dbug: Microsoft.AspNetCore.Watch.BrowserRefresh.BrowserScriptMiddleware[0]
      Script injected: /_framework/aspnetcore-browser-refresh.js
info: Microsoft.AspNetCore.Hosting.Diagnostics[2]
      Request finished HTTP/2 GET https://localhost:44353/_framework/aspnetcore-browser-refresh.js - 200 16511 application/javascript;+charset=utf-8 57.6780ms
dbug: Microsoft.AspNetCore.Server.IIS.Core.IISHttpServer[1]
      Connection ID "18374686510541701229" disconnecting.
dbug: Microsoft.AspNetCore.Session.DistributedSession[4]
      Session loaded; Key:f3a42b75-d459-1344-3c37-ff3073c71b14, Id:be5fffd8-37ca-330c-7652-55aaec6333fb, Count:1
dbug: Microsoft.AspNetCore.Session.DistributedSession[4]
      Session loaded; Key:f3a42b75-d459-1344-3c37-ff3073c71b14, Id:be5fffd8-37ca-330c-7652-55aaec6333fb, Count:1
dbug: ParcelManagement2.Models.DBConn[0]
      查詢成功，返回 11 行數據
info: Microsoft.AspNetCore.Mvc.Infrastructure.ContentResultExecutor[1]
      Executing ContentResult with HTTP Response ContentType of application/json
info: Microsoft.AspNetCore.Mvc.Infrastructure.ControllerActionInvoker[105]
      Executed action ParcelManagement2.Controllers.ResidentController.GetAllPackages (ParcelProject) in 43.2483ms
info: Microsoft.AspNetCore.Routing.EndpointMiddleware[1]
      Executed endpoint 'ParcelManagement2.Controllers.ResidentController.GetAllPackages (ParcelProject)'
info: Microsoft.AspNetCore.Hosting.Diagnostics[2]
      Request finished HTTP/2 POST https://localhost:44353/Resident/GetAllPackages - 200 2796 application/json 93.5097ms
dbug: Microsoft.AspNetCore.Server.IIS.Core.IISHttpServer[1]
      Connection ID "18374686540606472439" disconnecting.
dbug: ParcelManagement2.Models.DBConn[0]
      查詢成功，返回 4 行數據
info: Microsoft.AspNetCore.Mvc.Infrastructure.ContentResultExecutor[1]
      Executing ContentResult with HTTP Response ContentType of application/json
info: Microsoft.AspNetCore.Mvc.Infrastructure.ControllerActionInvoker[105]
      Executed action ParcelManagement2.Controllers.ResidentController.GetCollectedHistory (ParcelProject) in 51.9986ms
info: Microsoft.AspNetCore.Routing.EndpointMiddleware[1]
      Executed endpoint 'ParcelManagement2.Controllers.ResidentController.GetCollectedHistory (ParcelProject)'
info: Microsoft.AspNetCore.Hosting.Diagnostics[2]
      Request finished HTTP/2 POST https://localhost:44353/Resident/GetCollectedHistory - 200 988 application/json 100.8181ms
dbug: Microsoft.AspNetCore.Server.IIS.Core.IISHttpServer[1]
      Connection ID "18302628946568544354" disconnecting.
info: Microsoft.AspNetCore.Hosting.Diagnostics[1]
      Request starting HTTP/2 GET https://localhost:44353/Resident/MyPackages - - -
dbug: Microsoft.AspNetCore.StaticFiles.StaticFileMiddleware[4]
      The request path /Resident/MyPackages does not match a supported file type
dbug: Microsoft.AspNetCore.Routing.Matching.DfaMatcher[1001]
      1 candidate(s) found for the request path '/Resident/MyPackages'
dbug: Microsoft.AspNetCore.Routing.Matching.DfaMatcher[1005]
      Endpoint 'ParcelManagement2.Controllers.ResidentController.MyPackages (ParcelProject)' with route pattern '{controller=Account}/{action=Login}/{id?}' is valid for the request path '/Resident/MyPackages'
dbug: Microsoft.AspNetCore.Routing.EndpointRoutingMiddleware[1]
      Request matched endpoint 'ParcelManagement2.Controllers.ResidentController.MyPackages (ParcelProject)'
dbug: Microsoft.AspNetCore.Authentication.Cookies.CookieAuthenticationHandler[8]
      AuthenticationScheme: Cookies was successfully authenticated.
dbug: Microsoft.AspNetCore.Authorization.DefaultAuthorizationService[1]
      Authorization was successful.
info: Microsoft.AspNetCore.Routing.EndpointMiddleware[0]
      Executing endpoint 'ParcelManagement2.Controllers.ResidentController.MyPackages (ParcelProject)'
info: Microsoft.AspNetCore.Mvc.Infrastructure.ControllerActionInvoker[102]
      Route matched with {action = "MyPackages", controller = "Resident"}. Executing controller action with signature Microsoft.AspNetCore.Mvc.IActionResult MyPackages() on controller ParcelManagement2.Controllers.ResidentController (ParcelProject).
dbug: Microsoft.AspNetCore.Mvc.Infrastructure.ControllerActionInvoker[1]
      Execution plan of authorization filters (in the following order): None
dbug: Microsoft.AspNetCore.Mvc.Infrastructure.ControllerActionInvoker[1]
      Execution plan of resource filters (in the following order): Microsoft.AspNetCore.Mvc.ViewFeatures.Filters.SaveTempDataFilter
dbug: Microsoft.AspNetCore.Mvc.Infrastructure.ControllerActionInvoker[1]
      Execution plan of action filters (in the following order): Microsoft.AspNetCore.Mvc.Filters.ControllerActionFilter (Order: -2147483648), Microsoft.AspNetCore.Mvc.ModelBinding.UnsupportedContentTypeFilter (Order: -3000)
dbug: Microsoft.AspNetCore.Mvc.Infrastructure.ControllerActionInvoker[1]
      Execution plan of exception filters (in the following order): None
dbug: Microsoft.AspNetCore.Mvc.Infrastructure.ControllerActionInvoker[1]
      Execution plan of result filters (in the following order): Microsoft.AspNetCore.Mvc.ViewFeatures.Filters.SaveTempDataFilter
dbug: Microsoft.AspNetCore.Mvc.Infrastructure.ControllerActionInvoker[1]
      Executing controller factory for controller ParcelManagement2.Controllers.ResidentController (ParcelProject)
dbug: ParcelManagement2.Models.DBConn[0]
      資料庫連線字串已設定
dbug: Microsoft.AspNetCore.Mvc.Infrastructure.ControllerActionInvoker[2]
      Executed controller factory for controller ParcelManagement2.Controllers.ResidentController (ParcelProject)
dbug: ParcelManagement2.Models.DBConn[0]
      查詢成功，返回 1 行數據
dbug: Microsoft.AspNetCore.Session.DistributedSession[4]
      Session loaded; Key:f3a42b75-d459-1344-3c37-ff3073c71b14, Id:be5fffd8-37ca-330c-7652-55aaec6333fb, Count:1
dbug: Microsoft.AspNetCore.Mvc.Razor.RazorViewEngine[2]
      View lookup cache hit for view 'MyPackages' in controller 'Resident'.
info: Microsoft.AspNetCore.Mvc.ViewFeatures.ViewResultExecutor[1]
      Executing ViewResult, running view MyPackages.
dbug: Microsoft.AspNetCore.Mvc.ViewFeatures.ViewResultExecutor[2]
      The view path '/Views/Resident/MyPackages.cshtml' was found in 10.1041ms.
dbug: Microsoft.AspNetCore.Antiforgery.DefaultAntiforgery[6]
      An antiforgery cookie token was reused.
dbug: Microsoft.WebTools.BrowserLink.Net.BrowserLinkMiddleware[1]
      Response markup is scheduled to include Browser Link script injection.
dbug: Microsoft.AspNetCore.Watch.BrowserRefresh.BrowserRefreshMiddleware[1]
      Response markup is scheduled to include browser refresh script injection.
info: Microsoft.AspNetCore.Mvc.ViewFeatures.ViewResultExecutor[4]
      Executed ViewResult - view MyPackages executed in 24.3453ms.
info: Microsoft.AspNetCore.Mvc.Infrastructure.ControllerActionInvoker[105]
      Executed action ParcelManagement2.Controllers.ResidentController.MyPackages (ParcelProject) in 88.9227ms
info: Microsoft.AspNetCore.Routing.EndpointMiddleware[1]
      Executed endpoint 'ParcelManagement2.Controllers.ResidentController.MyPackages (ParcelProject)'
dbug: Microsoft.WebTools.BrowserLink.Net.BrowserLinkMiddleware[2]
      Response markup was updated to include Browser Link script injection.
dbug: Microsoft.AspNetCore.Watch.BrowserRefresh.BrowserRefreshMiddleware[2]
      Response markup was updated to include browser refresh script injection.
dbug: Microsoft.AspNetCore.Server.IIS.Core.IISHttpServer[1]
      Connection ID "18230571326760812964" disconnecting.
info: Microsoft.AspNetCore.Hosting.Diagnostics[2]
      Request finished HTTP/2 GET https://localhost:44353/Resident/MyPackages - 200 - text/html;+charset=utf-8 188.4107ms
info: Microsoft.AspNetCore.Hosting.Diagnostics[1]
      Request starting HTTP/2 POST https://localhost:44353/Resident/GetAllPackages - - 0
info: Microsoft.AspNetCore.Hosting.Diagnostics[1]
      Request starting HTTP/2 POST https://localhost:44353/Resident/GetCollectedHistory - - 0
info: Microsoft.AspNetCore.Hosting.Diagnostics[1]
      Request starting HTTP/2 GET https://localhost:44353/_framework/aspnetcore-browser-refresh.js - - -
info: Microsoft.AspNetCore.Hosting.Diagnostics[1]
      Request starting HTTP/2 GET https://localhost:44353/_vs/browserLink - - -
dbug: Microsoft.AspNetCore.StaticFiles.StaticFileMiddleware[1]
      POST requests are not supported
dbug: Microsoft.AspNetCore.Routing.Matching.DfaMatcher[1001]
      1 candidate(s) found for the request path '/Resident/GetAllPackages'
dbug: Microsoft.AspNetCore.Watch.BrowserRefresh.BrowserScriptMiddleware[0]
      Script injected: /_framework/aspnetcore-browser-refresh.js
dbug: Microsoft.AspNetCore.Routing.Matching.DfaMatcher[1005]
      Endpoint 'ParcelManagement2.Controllers.ResidentController.GetAllPackages (ParcelProject)' with route pattern '{controller=Account}/{action=Login}/{id?}' is valid for the request path '/Resident/GetAllPackages'
dbug: Microsoft.AspNetCore.Routing.EndpointRoutingMiddleware[1]
      Request matched endpoint 'ParcelManagement2.Controllers.ResidentController.GetAllPackages (ParcelProject)'
dbug: Microsoft.AspNetCore.Authentication.Cookies.CookieAuthenticationHandler[8]
      AuthenticationScheme: Cookies was successfully authenticated.
dbug: Microsoft.AspNetCore.Authorization.DefaultAuthorizationService[1]
      Authorization was successful.
info: Microsoft.AspNetCore.Hosting.Diagnostics[2]
      Request finished HTTP/2 GET https://localhost:44353/_framework/aspnetcore-browser-refresh.js - 200 16511 application/javascript;+charset=utf-8 80.4431ms
dbug: Microsoft.AspNetCore.Server.IIS.Core.IISHttpServer[1]
      Connection ID "18374686510541701231" disconnecting.
info: Microsoft.AspNetCore.Routing.EndpointMiddleware[0]
      Executing endpoint 'ParcelManagement2.Controllers.ResidentController.GetAllPackages (ParcelProject)'
info: Microsoft.AspNetCore.Mvc.Infrastructure.ControllerActionInvoker[102]
      Route matched with {action = "GetAllPackages", controller = "Resident"}. Executing controller action with signature Microsoft.AspNetCore.Mvc.IActionResult GetAllPackages() on controller ParcelManagement2.Controllers.ResidentController (ParcelProject).
dbug: Microsoft.AspNetCore.Mvc.Infrastructure.ControllerActionInvoker[1]
      Execution plan of authorization filters (in the following order): None
dbug: Microsoft.AspNetCore.Mvc.Infrastructure.ControllerActionInvoker[1]
      Execution plan of resource filters (in the following order): Microsoft.AspNetCore.Mvc.ViewFeatures.Filters.SaveTempDataFilter
dbug: Microsoft.AspNetCore.Mvc.Infrastructure.ControllerActionInvoker[1]
      Execution plan of action filters (in the following order): Microsoft.AspNetCore.Mvc.Filters.ControllerActionFilter (Order: -2147483648), Microsoft.AspNetCore.Mvc.ModelBinding.UnsupportedContentTypeFilter (Order: -3000)
dbug: Microsoft.AspNetCore.Mvc.Infrastructure.ControllerActionInvoker[1]
      Execution plan of exception filters (in the following order): None
dbug: Microsoft.AspNetCore.Mvc.Infrastructure.ControllerActionInvoker[1]
      Execution plan of result filters (in the following order): Microsoft.AspNetCore.Mvc.ViewFeatures.Filters.SaveTempDataFilter
dbug: Microsoft.AspNetCore.Server.IIS.Core.IISHttpServer[1]
      Connection ID "18302628916503773220" disconnecting.
info: Microsoft.AspNetCore.Hosting.Diagnostics[2]
      Request finished HTTP/2 GET https://localhost:44353/_vs/browserLink - 200 - text/javascript;+charset=UTF-8 86.9504ms
dbug: Microsoft.AspNetCore.Mvc.Infrastructure.ControllerActionInvoker[1]
      Executing controller factory for controller ParcelManagement2.Controllers.ResidentController (ParcelProject)
dbug: ParcelManagement2.Models.DBConn[0]
      資料庫連線字串已設定
dbug: Microsoft.AspNetCore.Mvc.Infrastructure.ControllerActionInvoker[2]
      Executed controller factory for controller ParcelManagement2.Controllers.ResidentController (ParcelProject)
dbug: Microsoft.AspNetCore.StaticFiles.StaticFileMiddleware[1]
      POST requests are not supported
dbug: Microsoft.AspNetCore.Routing.Matching.DfaMatcher[1001]
      1 candidate(s) found for the request path '/Resident/GetCollectedHistory'
dbug: Microsoft.AspNetCore.Routing.Matching.DfaMatcher[1005]
      Endpoint 'ParcelManagement2.Controllers.ResidentController.GetCollectedHistory (ParcelProject)' with route pattern '{controller=Account}/{action=Login}/{id?}' is valid for the request path '/Resident/GetCollectedHistory'
dbug: Microsoft.AspNetCore.Routing.EndpointRoutingMiddleware[1]
      Request matched endpoint 'ParcelManagement2.Controllers.ResidentController.GetCollectedHistory (ParcelProject)'
dbug: Microsoft.AspNetCore.Authentication.Cookies.CookieAuthenticationHandler[8]
      AuthenticationScheme: Cookies was successfully authenticated.
dbug: Microsoft.AspNetCore.Authorization.DefaultAuthorizationService[1]
      Authorization was successful.
dbug: Microsoft.AspNetCore.Session.DistributedSession[4]
      Session loaded; Key:f3a42b75-d459-1344-3c37-ff3073c71b14, Id:be5fffd8-37ca-330c-7652-55aaec6333fb, Count:1
info: Microsoft.AspNetCore.Routing.EndpointMiddleware[0]
      Executing endpoint 'ParcelManagement2.Controllers.ResidentController.GetCollectedHistory (ParcelProject)'
info: Microsoft.AspNetCore.Mvc.Infrastructure.ControllerActionInvoker[102]
      Route matched with {action = "GetCollectedHistory", controller = "Resident"}. Executing controller action with signature Microsoft.AspNetCore.Mvc.IActionResult GetCollectedHistory() on controller ParcelManagement2.Controllers.ResidentController (ParcelProject).
dbug: Microsoft.AspNetCore.Mvc.Infrastructure.ControllerActionInvoker[1]
      Execution plan of authorization filters (in the following order): None
dbug: Microsoft.AspNetCore.Mvc.Infrastructure.ControllerActionInvoker[1]
      Execution plan of resource filters (in the following order): Microsoft.AspNetCore.Mvc.ViewFeatures.Filters.SaveTempDataFilter
dbug: Microsoft.AspNetCore.Mvc.Infrastructure.ControllerActionInvoker[1]
      Execution plan of action filters (in the following order): Microsoft.AspNetCore.Mvc.Filters.ControllerActionFilter (Order: -2147483648), Microsoft.AspNetCore.Mvc.ModelBinding.UnsupportedContentTypeFilter (Order: -3000)
dbug: Microsoft.AspNetCore.Mvc.Infrastructure.ControllerActionInvoker[1]
      Execution plan of exception filters (in the following order): None
dbug: Microsoft.AspNetCore.Mvc.Infrastructure.ControllerActionInvoker[1]
      Execution plan of result filters (in the following order): Microsoft.AspNetCore.Mvc.ViewFeatures.Filters.SaveTempDataFilter
dbug: ParcelManagement2.Models.DBConn[0]
      查詢成功，返回 11 行數據
dbug: Microsoft.AspNetCore.Mvc.Infrastructure.ControllerActionInvoker[1]
      Executing controller factory for controller ParcelManagement2.Controllers.ResidentController (ParcelProject)
info: Microsoft.AspNetCore.Mvc.Infrastructure.ContentResultExecutor[1]
      Executing ContentResult with HTTP Response ContentType of application/json
dbug: ParcelManagement2.Models.DBConn[0]
      資料庫連線字串已設定
dbug: Microsoft.AspNetCore.Mvc.Infrastructure.ControllerActionInvoker[2]
      Executed controller factory for controller ParcelManagement2.Controllers.ResidentController (ParcelProject)
info: Microsoft.AspNetCore.Mvc.Infrastructure.ControllerActionInvoker[105]
      Executed action ParcelManagement2.Controllers.ResidentController.GetAllPackages (ParcelProject) in 73.4773ms
info: Microsoft.AspNetCore.Routing.EndpointMiddleware[1]
      Executed endpoint 'ParcelManagement2.Controllers.ResidentController.GetAllPackages (ParcelProject)'
info: Microsoft.AspNetCore.Hosting.Diagnostics[2]
      Request finished HTTP/2 POST https://localhost:44353/Resident/GetAllPackages - 200 2796 application/json 215.8872ms
dbug: Microsoft.AspNetCore.Server.IIS.Core.IISHttpServer[1]
      Connection ID "18302628903618871500" disconnecting.
dbug: Microsoft.AspNetCore.Session.DistributedSession[4]
      Session loaded; Key:f3a42b75-d459-1344-3c37-ff3073c71b14, Id:be5fffd8-37ca-330c-7652-55aaec6333fb, Count:1
dbug: ParcelManagement2.Models.DBConn[0]
      查詢成功，返回 4 行數據
info: Microsoft.AspNetCore.Mvc.Infrastructure.ContentResultExecutor[1]
      Executing ContentResult with HTTP Response ContentType of application/json
info: Microsoft.AspNetCore.Mvc.Infrastructure.ControllerActionInvoker[105]
      Executed action ParcelManagement2.Controllers.ResidentController.GetCollectedHistory (ParcelProject) in 50.2587ms
info: Microsoft.AspNetCore.Routing.EndpointMiddleware[1]
      Executed endpoint 'ParcelManagement2.Controllers.ResidentController.GetCollectedHistory (ParcelProject)'
info: Microsoft.AspNetCore.Hosting.Diagnostics[2]
      Request finished HTTP/2 POST https://localhost:44353/Resident/GetCollectedHistory - 200 988 application/json 246.3591ms
dbug: Microsoft.AspNetCore.Server.IIS.Core.IISHttpServer[1]
      Connection ID "18158513715543015464" disconnecting.
info: Microsoft.AspNetCore.Hosting.Diagnostics[1]
      Request starting HTTP/2 GET https://localhost:44353/Resident/Home - - -
dbug: Microsoft.AspNetCore.StaticFiles.StaticFileMiddleware[4]
      The request path /Resident/Home does not match a supported file type
dbug: Microsoft.AspNetCore.Routing.Matching.DfaMatcher[1001]
      1 candidate(s) found for the request path '/Resident/Home'
dbug: Microsoft.AspNetCore.Routing.Matching.DfaMatcher[1005]
      Endpoint 'ParcelManagement2.Controllers.ResidentController.Home (ParcelProject)' with route pattern '{controller=Account}/{action=Login}/{id?}' is valid for the request path '/Resident/Home'
dbug: Microsoft.AspNetCore.Routing.EndpointRoutingMiddleware[1]
      Request matched endpoint 'ParcelManagement2.Controllers.ResidentController.Home (ParcelProject)'
dbug: Microsoft.AspNetCore.Authentication.Cookies.CookieAuthenticationHandler[8]
      AuthenticationScheme: Cookies was successfully authenticated.
dbug: Microsoft.AspNetCore.Authorization.DefaultAuthorizationService[1]
      Authorization was successful.
info: Microsoft.AspNetCore.Routing.EndpointMiddleware[0]
      Executing endpoint 'ParcelManagement2.Controllers.ResidentController.Home (ParcelProject)'
info: Microsoft.AspNetCore.Mvc.Infrastructure.ControllerActionInvoker[102]
      Route matched with {action = "Home", controller = "Resident"}. Executing controller action with signature Microsoft.AspNetCore.Mvc.IActionResult Home() on controller ParcelManagement2.Controllers.ResidentController (ParcelProject).
dbug: Microsoft.AspNetCore.Mvc.Infrastructure.ControllerActionInvoker[1]
      Execution plan of authorization filters (in the following order): None
dbug: Microsoft.AspNetCore.Mvc.Infrastructure.ControllerActionInvoker[1]
      Execution plan of resource filters (in the following order): Microsoft.AspNetCore.Mvc.ViewFeatures.Filters.SaveTempDataFilter
dbug: Microsoft.AspNetCore.Mvc.Infrastructure.ControllerActionInvoker[1]
      Execution plan of action filters (in the following order): Microsoft.AspNetCore.Mvc.Filters.ControllerActionFilter (Order: -2147483648), Microsoft.AspNetCore.Mvc.ModelBinding.UnsupportedContentTypeFilter (Order: -3000)
dbug: Microsoft.AspNetCore.Mvc.Infrastructure.ControllerActionInvoker[1]
      Execution plan of exception filters (in the following order): None
dbug: Microsoft.AspNetCore.Mvc.Infrastructure.ControllerActionInvoker[1]
      Execution plan of result filters (in the following order): Microsoft.AspNetCore.Mvc.ViewFeatures.Filters.SaveTempDataFilter
dbug: Microsoft.AspNetCore.Mvc.Infrastructure.ControllerActionInvoker[1]
      Executing controller factory for controller ParcelManagement2.Controllers.ResidentController (ParcelProject)
dbug: ParcelManagement2.Models.DBConn[0]
      資料庫連線字串已設定
dbug: Microsoft.AspNetCore.Mvc.Infrastructure.ControllerActionInvoker[2]
      Executed controller factory for controller ParcelManagement2.Controllers.ResidentController (ParcelProject)
dbug: ParcelManagement2.Models.DBConn[0]
      查詢成功，返回 1 行數據
dbug: Microsoft.AspNetCore.Session.DistributedSession[4]
      Session loaded; Key:f3a42b75-d459-1344-3c37-ff3073c71b14, Id:be5fffd8-37ca-330c-7652-55aaec6333fb, Count:1
dbug: Microsoft.AspNetCore.Mvc.Razor.RazorViewEngine[2]
      View lookup cache hit for view 'Home' in controller 'Resident'.
info: Microsoft.AspNetCore.Mvc.ViewFeatures.ViewResultExecutor[1]
      Executing ViewResult, running view Home.
dbug: Microsoft.AspNetCore.Mvc.ViewFeatures.ViewResultExecutor[2]
      The view path '/Views/Resident/Home.cshtml' was found in 2.4712ms.
dbug: Microsoft.AspNetCore.Antiforgery.DefaultAntiforgery[6]
      An antiforgery cookie token was reused.
dbug: Microsoft.WebTools.BrowserLink.Net.BrowserLinkMiddleware[1]
      Response markup is scheduled to include Browser Link script injection.
dbug: Microsoft.AspNetCore.Watch.BrowserRefresh.BrowserRefreshMiddleware[1]
      Response markup is scheduled to include browser refresh script injection.
info: Microsoft.AspNetCore.Mvc.ViewFeatures.ViewResultExecutor[4]
      Executed ViewResult - view Home executed in 8.5172ms.
info: Microsoft.AspNetCore.Mvc.Infrastructure.ControllerActionInvoker[105]
      Executed action ParcelManagement2.Controllers.ResidentController.Home (ParcelProject) in 56.8741ms
info: Microsoft.AspNetCore.Routing.EndpointMiddleware[1]
      Executed endpoint 'ParcelManagement2.Controllers.ResidentController.Home (ParcelProject)'
dbug: Microsoft.WebTools.BrowserLink.Net.BrowserLinkMiddleware[2]
      Response markup was updated to include Browser Link script injection.
dbug: Microsoft.AspNetCore.Watch.BrowserRefresh.BrowserRefreshMiddleware[2]
      Response markup was updated to include browser refresh script injection.
dbug: Microsoft.AspNetCore.Server.IIS.Core.IISHttpServer[1]
      Connection ID "17726168177085251601" disconnecting.
info: Microsoft.AspNetCore.Hosting.Diagnostics[2]
      Request finished HTTP/2 GET https://localhost:44353/Resident/Home - 200 - text/html;+charset=utf-8 86.7764ms
info: Microsoft.AspNetCore.Hosting.Diagnostics[1]
      Request starting HTTP/2 POST https://localhost:44353/Resident/GetUncollectedPackages - - 0
info: Microsoft.AspNetCore.Hosting.Diagnostics[1]
      Request starting HTTP/2 POST https://localhost:44353/Resident/GetUncollectedMails - - 0
dbug: Microsoft.AspNetCore.StaticFiles.StaticFileMiddleware[1]
      POST requests are not supported
info: Microsoft.AspNetCore.Hosting.Diagnostics[1]
      Request starting HTTP/2 GET https://localhost:44353/_framework/aspnetcore-browser-refresh.js - - -
info: Microsoft.AspNetCore.Hosting.Diagnostics[1]
      Request starting HTTP/2 GET https://localhost:44353/_vs/browserLink - - -
dbug: Microsoft.AspNetCore.StaticFiles.StaticFileMiddleware[1]
      POST requests are not supported
dbug: Microsoft.AspNetCore.Routing.Matching.DfaMatcher[1001]
      1 candidate(s) found for the request path '/Resident/GetUncollectedMails'
dbug: Microsoft.AspNetCore.Routing.Matching.DfaMatcher[1001]
      1 candidate(s) found for the request path '/Resident/GetUncollectedPackages'
dbug: Microsoft.AspNetCore.Routing.Matching.DfaMatcher[1005]
      Endpoint 'ParcelManagement2.Controllers.ResidentController.GetUncollectedPackages (ParcelProject)' with route pattern '{controller=Account}/{action=Login}/{id?}' is valid for the request path '/Resident/GetUncollectedPackages'
dbug: Microsoft.AspNetCore.Watch.BrowserRefresh.BrowserScriptMiddleware[0]
      Script injected: /_framework/aspnetcore-browser-refresh.js
dbug: Microsoft.AspNetCore.Routing.Matching.DfaMatcher[1005]
      Endpoint 'ParcelManagement2.Controllers.ResidentController.GetUncollectedMails (ParcelProject)' with route pattern '{controller=Account}/{action=Login}/{id?}' is valid for the request path '/Resident/GetUncollectedMails'
dbug: Microsoft.AspNetCore.Routing.EndpointRoutingMiddleware[1]
      Request matched endpoint 'ParcelManagement2.Controllers.ResidentController.GetUncollectedPackages (ParcelProject)'
info: Microsoft.AspNetCore.Hosting.Diagnostics[2]
      Request finished HTTP/2 GET https://localhost:44353/_framework/aspnetcore-browser-refresh.js - 200 16511 application/javascript;+charset=utf-8 10.8116ms
dbug: Microsoft.AspNetCore.Server.IIS.Core.IISHttpServer[1]
      Connection ID "18302628916503773222" disconnecting.
dbug: Microsoft.AspNetCore.Authentication.Cookies.CookieAuthenticationHandler[8]
      AuthenticationScheme: Cookies was successfully authenticated.
dbug: Microsoft.AspNetCore.Authorization.DefaultAuthorizationService[1]
      Authorization was successful.
info: Microsoft.AspNetCore.Routing.EndpointMiddleware[0]
      Executing endpoint 'ParcelManagement2.Controllers.ResidentController.GetUncollectedPackages (ParcelProject)'
dbug: Microsoft.AspNetCore.Routing.EndpointRoutingMiddleware[1]
      Request matched endpoint 'ParcelManagement2.Controllers.ResidentController.GetUncollectedMails (ParcelProject)'
info: Microsoft.AspNetCore.Mvc.Infrastructure.ControllerActionInvoker[102]
      Route matched with {action = "GetUncollectedPackages", controller = "Resident"}. Executing controller action with signature Microsoft.AspNetCore.Mvc.IActionResult GetUncollectedPackages() on controller ParcelManagement2.Controllers.ResidentController (ParcelProject).
dbug: Microsoft.AspNetCore.Authentication.Cookies.CookieAuthenticationHandler[8]
      AuthenticationScheme: Cookies was successfully authenticated.
dbug: Microsoft.AspNetCore.Mvc.Infrastructure.ControllerActionInvoker[1]
      Execution plan of authorization filters (in the following order): None
dbug: Microsoft.AspNetCore.Authorization.DefaultAuthorizationService[1]
      Authorization was successful.
dbug: Microsoft.AspNetCore.Mvc.Infrastructure.ControllerActionInvoker[1]
      Execution plan of resource filters (in the following order): Microsoft.AspNetCore.Mvc.ViewFeatures.Filters.SaveTempDataFilter
info: Microsoft.AspNetCore.Routing.EndpointMiddleware[0]
      Executing endpoint 'ParcelManagement2.Controllers.ResidentController.GetUncollectedMails (ParcelProject)'
dbug: Microsoft.AspNetCore.Mvc.Infrastructure.ControllerActionInvoker[1]
      Execution plan of action filters (in the following order): Microsoft.AspNetCore.Mvc.Filters.ControllerActionFilter (Order: -2147483648), Microsoft.AspNetCore.Mvc.ModelBinding.UnsupportedContentTypeFilter (Order: -3000)
info: Microsoft.AspNetCore.Mvc.Infrastructure.ControllerActionInvoker[102]
      Route matched with {action = "GetUncollectedMails", controller = "Resident"}. Executing controller action with signature Microsoft.AspNetCore.Mvc.IActionResult GetUncollectedMails() on controller ParcelManagement2.Controllers.ResidentController (ParcelProject).
dbug: Microsoft.AspNetCore.Mvc.Infrastructure.ControllerActionInvoker[1]
      Execution plan of exception filters (in the following order): None
dbug: Microsoft.AspNetCore.Mvc.Infrastructure.ControllerActionInvoker[1]
      Execution plan of authorization filters (in the following order): None
dbug: Microsoft.AspNetCore.Mvc.Infrastructure.ControllerActionInvoker[1]
      Execution plan of result filters (in the following order): Microsoft.AspNetCore.Mvc.ViewFeatures.Filters.SaveTempDataFilter
dbug: Microsoft.AspNetCore.Mvc.Infrastructure.ControllerActionInvoker[1]
      Execution plan of resource filters (in the following order): Microsoft.AspNetCore.Mvc.ViewFeatures.Filters.SaveTempDataFilter
dbug: Microsoft.AspNetCore.Mvc.Infrastructure.ControllerActionInvoker[1]
      Executing controller factory for controller ParcelManagement2.Controllers.ResidentController (ParcelProject)
dbug: Microsoft.AspNetCore.Mvc.Infrastructure.ControllerActionInvoker[1]
      Execution plan of action filters (in the following order): Microsoft.AspNetCore.Mvc.Filters.ControllerActionFilter (Order: -2147483648), Microsoft.AspNetCore.Mvc.ModelBinding.UnsupportedContentTypeFilter (Order: -3000)
dbug: ParcelManagement2.Models.DBConn[0]
      資料庫連線字串已設定
dbug: Microsoft.AspNetCore.Mvc.Infrastructure.ControllerActionInvoker[1]
      Execution plan of exception filters (in the following order): None
dbug: Microsoft.AspNetCore.Mvc.Infrastructure.ControllerActionInvoker[2]
      Executed controller factory for controller ParcelManagement2.Controllers.ResidentController (ParcelProject)
dbug: Microsoft.AspNetCore.Mvc.Infrastructure.ControllerActionInvoker[1]
      Execution plan of result filters (in the following order): Microsoft.AspNetCore.Mvc.ViewFeatures.Filters.SaveTempDataFilter
dbug: Microsoft.AspNetCore.Mvc.Infrastructure.ControllerActionInvoker[1]
      Executing controller factory for controller ParcelManagement2.Controllers.ResidentController (ParcelProject)
dbug: ParcelManagement2.Models.DBConn[0]
      資料庫連線字串已設定
dbug: Microsoft.AspNetCore.Mvc.Infrastructure.ControllerActionInvoker[2]
      Executed controller factory for controller ParcelManagement2.Controllers.ResidentController (ParcelProject)
dbug: Microsoft.AspNetCore.Server.IIS.Core.IISHttpServer[1]
      Connection ID "18302628946568544356" disconnecting.
info: Microsoft.AspNetCore.Hosting.Diagnostics[2]
      Request finished HTTP/2 GET https://localhost:44353/_vs/browserLink - 200 - text/javascript;+charset=UTF-8 55.5749ms
dbug: Microsoft.AspNetCore.Session.DistributedSession[4]
      Session loaded; Key:f3a42b75-d459-1344-3c37-ff3073c71b14, Id:be5fffd8-37ca-330c-7652-55aaec6333fb, Count:1
dbug: Microsoft.AspNetCore.Session.DistributedSession[4]
      Session loaded; Key:f3a42b75-d459-1344-3c37-ff3073c71b14, Id:be5fffd8-37ca-330c-7652-55aaec6333fb, Count:1
dbug: ParcelManagement2.Models.DBConn[0]
      查詢成功，返回 7 行數據
info: Microsoft.AspNetCore.Mvc.Infrastructure.ContentResultExecutor[1]
      Executing ContentResult with HTTP Response ContentType of application/json
info: Microsoft.AspNetCore.Mvc.Infrastructure.ControllerActionInvoker[105]
      Executed action ParcelManagement2.Controllers.ResidentController.GetUncollectedPackages (ParcelProject) in 47.5416ms
info: Microsoft.AspNetCore.Routing.EndpointMiddleware[1]
      Executed endpoint 'ParcelManagement2.Controllers.ResidentController.GetUncollectedPackages (ParcelProject)'
info: Microsoft.AspNetCore.Hosting.Diagnostics[2]
      Request finished HTTP/2 POST https://localhost:44353/Resident/GetUncollectedPackages - 200 876 application/json 91.3402ms
dbug: Microsoft.AspNetCore.Server.IIS.Core.IISHttpServer[1]
      Connection ID "18158513715543015466" disconnecting.
dbug: ParcelManagement2.Models.DBConn[0]
      查詢成功，返回 0 行數據
info: Microsoft.AspNetCore.Mvc.Infrastructure.ContentResultExecutor[1]
      Executing ContentResult with HTTP Response ContentType of application/json
info: Microsoft.AspNetCore.Mvc.Infrastructure.ControllerActionInvoker[105]
      Executed action ParcelManagement2.Controllers.ResidentController.GetUncollectedMails (ParcelProject) in 46.8433ms
info: Microsoft.AspNetCore.Routing.EndpointMiddleware[1]
      Executed endpoint 'ParcelManagement2.Controllers.ResidentController.GetUncollectedMails (ParcelProject)'
info: Microsoft.AspNetCore.Hosting.Diagnostics[2]
      Request finished HTTP/2 POST https://localhost:44353/Resident/GetUncollectedMails - 200 2 application/json 100.1086ms
dbug: Microsoft.AspNetCore.Server.IIS.Core.IISHttpServer[1]
      Connection ID "18302628903618871502" disconnecting.
info: Microsoft.AspNetCore.Hosting.Diagnostics[1]
      Request starting HTTP/2 GET https://localhost:44353/Resident/Home - - -
dbug: Microsoft.AspNetCore.StaticFiles.StaticFileMiddleware[4]
      The request path /Resident/Home does not match a supported file type
dbug: Microsoft.AspNetCore.Routing.Matching.DfaMatcher[1001]
      1 candidate(s) found for the request path '/Resident/Home'
dbug: Microsoft.AspNetCore.Routing.Matching.DfaMatcher[1005]
      Endpoint 'ParcelManagement2.Controllers.ResidentController.Home (ParcelProject)' with route pattern '{controller=Account}/{action=Login}/{id?}' is valid for the request path '/Resident/Home'
dbug: Microsoft.AspNetCore.Routing.EndpointRoutingMiddleware[1]
      Request matched endpoint 'ParcelManagement2.Controllers.ResidentController.Home (ParcelProject)'
dbug: Microsoft.AspNetCore.Authentication.Cookies.CookieAuthenticationHandler[8]
      AuthenticationScheme: Cookies was successfully authenticated.
dbug: Microsoft.AspNetCore.Authorization.DefaultAuthorizationService[1]
      Authorization was successful.
info: Microsoft.AspNetCore.Routing.EndpointMiddleware[0]
      Executing endpoint 'ParcelManagement2.Controllers.ResidentController.Home (ParcelProject)'
info: Microsoft.AspNetCore.Mvc.Infrastructure.ControllerActionInvoker[102]
      Route matched with {action = "Home", controller = "Resident"}. Executing controller action with signature Microsoft.AspNetCore.Mvc.IActionResult Home() on controller ParcelManagement2.Controllers.ResidentController (ParcelProject).
dbug: Microsoft.AspNetCore.Mvc.Infrastructure.ControllerActionInvoker[1]
      Execution plan of authorization filters (in the following order): None
dbug: Microsoft.AspNetCore.Mvc.Infrastructure.ControllerActionInvoker[1]
      Execution plan of resource filters (in the following order): Microsoft.AspNetCore.Mvc.ViewFeatures.Filters.SaveTempDataFilter
dbug: Microsoft.AspNetCore.Mvc.Infrastructure.ControllerActionInvoker[1]
      Execution plan of action filters (in the following order): Microsoft.AspNetCore.Mvc.Filters.ControllerActionFilter (Order: -2147483648), Microsoft.AspNetCore.Mvc.ModelBinding.UnsupportedContentTypeFilter (Order: -3000)
dbug: Microsoft.AspNetCore.Mvc.Infrastructure.ControllerActionInvoker[1]
      Execution plan of exception filters (in the following order): None
dbug: Microsoft.AspNetCore.Mvc.Infrastructure.ControllerActionInvoker[1]
      Execution plan of result filters (in the following order): Microsoft.AspNetCore.Mvc.ViewFeatures.Filters.SaveTempDataFilter
dbug: Microsoft.AspNetCore.Mvc.Infrastructure.ControllerActionInvoker[1]
      Executing controller factory for controller ParcelManagement2.Controllers.ResidentController (ParcelProject)
dbug: ParcelManagement2.Models.DBConn[0]
      資料庫連線字串已設定
dbug: Microsoft.AspNetCore.Mvc.Infrastructure.ControllerActionInvoker[2]
      Executed controller factory for controller ParcelManagement2.Controllers.ResidentController (ParcelProject)
dbug: ParcelManagement2.Models.DBConn[0]
      查詢成功，返回 1 行數據
dbug: Microsoft.AspNetCore.Session.DistributedSession[4]
      Session loaded; Key:f3a42b75-d459-1344-3c37-ff3073c71b14, Id:be5fffd8-37ca-330c-7652-55aaec6333fb, Count:1
dbug: Microsoft.AspNetCore.Mvc.Razor.RazorViewEngine[2]
      View lookup cache hit for view 'Home' in controller 'Resident'.
info: Microsoft.AspNetCore.Mvc.ViewFeatures.ViewResultExecutor[1]
      Executing ViewResult, running view Home.
dbug: Microsoft.AspNetCore.Mvc.ViewFeatures.ViewResultExecutor[2]
      The view path '/Views/Resident/Home.cshtml' was found in 2.4973ms.
dbug: Microsoft.AspNetCore.Antiforgery.DefaultAntiforgery[6]
      An antiforgery cookie token was reused.
dbug: Microsoft.WebTools.BrowserLink.Net.BrowserLinkMiddleware[1]
      Response markup is scheduled to include Browser Link script injection.
dbug: Microsoft.AspNetCore.Watch.BrowserRefresh.BrowserRefreshMiddleware[1]
      Response markup is scheduled to include browser refresh script injection.
info: Microsoft.AspNetCore.Mvc.ViewFeatures.ViewResultExecutor[4]
      Executed ViewResult - view Home executed in 8.0671ms.
info: Microsoft.AspNetCore.Mvc.Infrastructure.ControllerActionInvoker[105]
      Executed action ParcelManagement2.Controllers.ResidentController.Home (ParcelProject) in 50.5602ms
info: Microsoft.AspNetCore.Routing.EndpointMiddleware[1]
      Executed endpoint 'ParcelManagement2.Controllers.ResidentController.Home (ParcelProject)'
dbug: Microsoft.WebTools.BrowserLink.Net.BrowserLinkMiddleware[2]
      Response markup was updated to include Browser Link script injection.
dbug: Microsoft.AspNetCore.Watch.BrowserRefresh.BrowserRefreshMiddleware[2]
      Response markup was updated to include browser refresh script injection.
info: Microsoft.AspNetCore.Hosting.Diagnostics[2]
      Request finished HTTP/2 GET https://localhost:44353/Resident/Home - 200 - text/html;+charset=utf-8 86.2105ms
dbug: Microsoft.AspNetCore.Server.IIS.Core.IISHttpServer[1]
      Connection ID "18302628903618871504" disconnecting.
info: Microsoft.AspNetCore.Hosting.Diagnostics[1]
      Request starting HTTP/2 POST https://localhost:44353/Resident/GetUncollectedPackages - - 0
info: Microsoft.AspNetCore.Hosting.Diagnostics[1]
      Request starting HTTP/2 POST https://localhost:44353/Resident/GetUncollectedMails - - 0
dbug: Microsoft.AspNetCore.StaticFiles.StaticFileMiddleware[1]
      POST requests are not supported
dbug: Microsoft.AspNetCore.StaticFiles.StaticFileMiddleware[1]
      POST requests are not supported
info: Microsoft.AspNetCore.Hosting.Diagnostics[1]
      Request starting HTTP/2 GET https://localhost:44353/_framework/aspnetcore-browser-refresh.js - - -
dbug: Microsoft.AspNetCore.Routing.Matching.DfaMatcher[1001]
      1 candidate(s) found for the request path '/Resident/GetUncollectedPackages'
info: Microsoft.AspNetCore.Hosting.Diagnostics[1]
      Request starting HTTP/2 GET https://localhost:44353/_vs/browserLink - - -
dbug: Microsoft.AspNetCore.Watch.BrowserRefresh.BrowserScriptMiddleware[0]
      Script injected: /_framework/aspnetcore-browser-refresh.js
dbug: Microsoft.AspNetCore.Routing.Matching.DfaMatcher[1001]
      1 candidate(s) found for the request path '/Resident/GetUncollectedMails'
info: Microsoft.AspNetCore.Hosting.Diagnostics[2]
      Request finished HTTP/2 GET https://localhost:44353/_framework/aspnetcore-browser-refresh.js - 200 16511 application/javascript;+charset=utf-8 10.7565ms
dbug: Microsoft.AspNetCore.Server.IIS.Core.IISHttpServer[1]
      Connection ID "18302628942273576969" disconnecting.
dbug: Microsoft.AspNetCore.Routing.Matching.DfaMatcher[1005]
      Endpoint 'ParcelManagement2.Controllers.ResidentController.GetUncollectedMails (ParcelProject)' with route pattern '{controller=Account}/{action=Login}/{id?}' is valid for the request path '/Resident/GetUncollectedMails'
dbug: Microsoft.AspNetCore.Routing.EndpointRoutingMiddleware[1]
      Request matched endpoint 'ParcelManagement2.Controllers.ResidentController.GetUncollectedMails (ParcelProject)'
dbug: Microsoft.AspNetCore.Routing.Matching.DfaMatcher[1005]
      Endpoint 'ParcelManagement2.Controllers.ResidentController.GetUncollectedPackages (ParcelProject)' with route pattern '{controller=Account}/{action=Login}/{id?}' is valid for the request path '/Resident/GetUncollectedPackages'
dbug: Microsoft.AspNetCore.Authentication.Cookies.CookieAuthenticationHandler[8]
      AuthenticationScheme: Cookies was successfully authenticated.
dbug: Microsoft.AspNetCore.Routing.EndpointRoutingMiddleware[1]
      Request matched endpoint 'ParcelManagement2.Controllers.ResidentController.GetUncollectedPackages (ParcelProject)'
dbug: Microsoft.AspNetCore.Authorization.DefaultAuthorizationService[1]
      Authorization was successful.
dbug: Microsoft.AspNetCore.Authentication.Cookies.CookieAuthenticationHandler[8]
      AuthenticationScheme: Cookies was successfully authenticated.
info: Microsoft.AspNetCore.Routing.EndpointMiddleware[0]
      Executing endpoint 'ParcelManagement2.Controllers.ResidentController.GetUncollectedMails (ParcelProject)'
dbug: Microsoft.AspNetCore.Authorization.DefaultAuthorizationService[1]
      Authorization was successful.
info: Microsoft.AspNetCore.Mvc.Infrastructure.ControllerActionInvoker[102]
      Route matched with {action = "GetUncollectedMails", controller = "Resident"}. Executing controller action with signature Microsoft.AspNetCore.Mvc.IActionResult GetUncollectedMails() on controller ParcelManagement2.Controllers.ResidentController (ParcelProject).
info: Microsoft.AspNetCore.Routing.EndpointMiddleware[0]
      Executing endpoint 'ParcelManagement2.Controllers.ResidentController.GetUncollectedPackages (ParcelProject)'
dbug: Microsoft.AspNetCore.Mvc.Infrastructure.ControllerActionInvoker[1]
      Execution plan of authorization filters (in the following order): None
info: Microsoft.AspNetCore.Mvc.Infrastructure.ControllerActionInvoker[102]
      Route matched with {action = "GetUncollectedPackages", controller = "Resident"}. Executing controller action with signature Microsoft.AspNetCore.Mvc.IActionResult GetUncollectedPackages() on controller ParcelManagement2.Controllers.ResidentController (ParcelProject).
dbug: Microsoft.AspNetCore.Mvc.Infrastructure.ControllerActionInvoker[1]
      Execution plan of resource filters (in the following order): Microsoft.AspNetCore.Mvc.ViewFeatures.Filters.SaveTempDataFilter
dbug: Microsoft.AspNetCore.Mvc.Infrastructure.ControllerActionInvoker[1]
      Execution plan of authorization filters (in the following order): None
dbug: Microsoft.AspNetCore.Mvc.Infrastructure.ControllerActionInvoker[1]
      Execution plan of action filters (in the following order): Microsoft.AspNetCore.Mvc.Filters.ControllerActionFilter (Order: -2147483648), Microsoft.AspNetCore.Mvc.ModelBinding.UnsupportedContentTypeFilter (Order: -3000)
dbug: Microsoft.AspNetCore.Mvc.Infrastructure.ControllerActionInvoker[1]
      Execution plan of resource filters (in the following order): Microsoft.AspNetCore.Mvc.ViewFeatures.Filters.SaveTempDataFilter
dbug: Microsoft.AspNetCore.Server.IIS.Core.IISHttpServer[1]
      Connection ID "18374686536311504977" disconnecting.
info: Microsoft.AspNetCore.Hosting.Diagnostics[2]
      Request finished HTTP/2 GET https://localhost:44353/_vs/browserLink - 200 - text/javascript;+charset=UTF-8 32.3797ms
dbug: Microsoft.AspNetCore.Mvc.Infrastructure.ControllerActionInvoker[1]
      Execution plan of exception filters (in the following order): None
dbug: Microsoft.AspNetCore.Mvc.Infrastructure.ControllerActionInvoker[1]
      Execution plan of result filters (in the following order): Microsoft.AspNetCore.Mvc.ViewFeatures.Filters.SaveTempDataFilter
dbug: Microsoft.AspNetCore.Mvc.Infrastructure.ControllerActionInvoker[1]
      Execution plan of action filters (in the following order): Microsoft.AspNetCore.Mvc.Filters.ControllerActionFilter (Order: -2147483648), Microsoft.AspNetCore.Mvc.ModelBinding.UnsupportedContentTypeFilter (Order: -3000)
dbug: Microsoft.AspNetCore.Mvc.Infrastructure.ControllerActionInvoker[1]
      Executing controller factory for controller ParcelManagement2.Controllers.ResidentController (ParcelProject)
dbug: Microsoft.AspNetCore.Mvc.Infrastructure.ControllerActionInvoker[1]
      Execution plan of exception filters (in the following order): None
dbug: ParcelManagement2.Models.DBConn[0]
      資料庫連線字串已設定
dbug: Microsoft.AspNetCore.Mvc.Infrastructure.ControllerActionInvoker[1]
      Execution plan of result filters (in the following order): Microsoft.AspNetCore.Mvc.ViewFeatures.Filters.SaveTempDataFilter
dbug: Microsoft.AspNetCore.Mvc.Infrastructure.ControllerActionInvoker[2]
      Executed controller factory for controller ParcelManagement2.Controllers.ResidentController (ParcelProject)
dbug: Microsoft.AspNetCore.Mvc.Infrastructure.ControllerActionInvoker[1]
      Executing controller factory for controller ParcelManagement2.Controllers.ResidentController (ParcelProject)
dbug: ParcelManagement2.Models.DBConn[0]
      資料庫連線字串已設定
dbug: Microsoft.AspNetCore.Mvc.Infrastructure.ControllerActionInvoker[2]
      Executed controller factory for controller ParcelManagement2.Controllers.ResidentController (ParcelProject)
dbug: Microsoft.AspNetCore.Session.DistributedSession[4]
      Session loaded; Key:f3a42b75-d459-1344-3c37-ff3073c71b14, Id:be5fffd8-37ca-330c-7652-55aaec6333fb, Count:1
dbug: Microsoft.AspNetCore.Session.DistributedSession[4]
      Session loaded; Key:f3a42b75-d459-1344-3c37-ff3073c71b14, Id:be5fffd8-37ca-330c-7652-55aaec6333fb, Count:1
dbug: ParcelManagement2.Models.DBConn[0]
      查詢成功，返回 0 行數據
info: Microsoft.AspNetCore.Mvc.Infrastructure.ContentResultExecutor[1]
      Executing ContentResult with HTTP Response ContentType of application/json
info: Microsoft.AspNetCore.Mvc.Infrastructure.ControllerActionInvoker[105]
      Executed action ParcelManagement2.Controllers.ResidentController.GetUncollectedMails (ParcelProject) in 40.4727ms
info: Microsoft.AspNetCore.Routing.EndpointMiddleware[1]
      Executed endpoint 'ParcelManagement2.Controllers.ResidentController.GetUncollectedMails (ParcelProject)'
info: Microsoft.AspNetCore.Hosting.Diagnostics[2]
      Request finished HTTP/2 POST https://localhost:44353/Resident/GetUncollectedMails - 200 2 application/json 94.1866ms
dbug: Microsoft.AspNetCore.Server.IIS.Core.IISHttpServer[1]
      Connection ID "18230571292401074319" disconnecting.
dbug: ParcelManagement2.Models.DBConn[0]
      查詢成功，返回 7 行數據
info: Microsoft.AspNetCore.Mvc.Infrastructure.ContentResultExecutor[1]
      Executing ContentResult with HTTP Response ContentType of application/json
info: Microsoft.AspNetCore.Mvc.Infrastructure.ControllerActionInvoker[105]
      Executed action ParcelManagement2.Controllers.ResidentController.GetUncollectedPackages (ParcelProject) in 43.9188ms
info: Microsoft.AspNetCore.Routing.EndpointMiddleware[1]
      Executed endpoint 'ParcelManagement2.Controllers.ResidentController.GetUncollectedPackages (ParcelProject)'
info: Microsoft.AspNetCore.Hosting.Diagnostics[2]
      Request finished HTTP/2 POST https://localhost:44353/Resident/GetUncollectedPackages - 200 876 application/json 105.9303ms
dbug: Microsoft.AspNetCore.Server.IIS.Core.IISHttpServer[1]
      Connection ID "18014398510287290458" disconnecting.
info: Microsoft.AspNetCore.Hosting.Diagnostics[1]
      Request starting HTTP/2 GET https://localhost:44353/Resident/MyPackages - - -
dbug: Microsoft.AspNetCore.StaticFiles.StaticFileMiddleware[4]
      The request path /Resident/MyPackages does not match a supported file type
dbug: Microsoft.AspNetCore.Routing.Matching.DfaMatcher[1001]
      1 candidate(s) found for the request path '/Resident/MyPackages'
dbug: Microsoft.AspNetCore.Routing.Matching.DfaMatcher[1005]
      Endpoint 'ParcelManagement2.Controllers.ResidentController.MyPackages (ParcelProject)' with route pattern '{controller=Account}/{action=Login}/{id?}' is valid for the request path '/Resident/MyPackages'
dbug: Microsoft.AspNetCore.Routing.EndpointRoutingMiddleware[1]
      Request matched endpoint 'ParcelManagement2.Controllers.ResidentController.MyPackages (ParcelProject)'
dbug: Microsoft.AspNetCore.Authentication.Cookies.CookieAuthenticationHandler[8]
      AuthenticationScheme: Cookies was successfully authenticated.
dbug: Microsoft.AspNetCore.Authorization.DefaultAuthorizationService[1]
      Authorization was successful.
info: Microsoft.AspNetCore.Routing.EndpointMiddleware[0]
      Executing endpoint 'ParcelManagement2.Controllers.ResidentController.MyPackages (ParcelProject)'
info: Microsoft.AspNetCore.Mvc.Infrastructure.ControllerActionInvoker[102]
      Route matched with {action = "MyPackages", controller = "Resident"}. Executing controller action with signature Microsoft.AspNetCore.Mvc.IActionResult MyPackages() on controller ParcelManagement2.Controllers.ResidentController (ParcelProject).
dbug: Microsoft.AspNetCore.Mvc.Infrastructure.ControllerActionInvoker[1]
      Execution plan of authorization filters (in the following order): None
dbug: Microsoft.AspNetCore.Mvc.Infrastructure.ControllerActionInvoker[1]
      Execution plan of resource filters (in the following order): Microsoft.AspNetCore.Mvc.ViewFeatures.Filters.SaveTempDataFilter
dbug: Microsoft.AspNetCore.Mvc.Infrastructure.ControllerActionInvoker[1]
      Execution plan of action filters (in the following order): Microsoft.AspNetCore.Mvc.Filters.ControllerActionFilter (Order: -2147483648), Microsoft.AspNetCore.Mvc.ModelBinding.UnsupportedContentTypeFilter (Order: -3000)
dbug: Microsoft.AspNetCore.Mvc.Infrastructure.ControllerActionInvoker[1]
      Execution plan of exception filters (in the following order): None
dbug: Microsoft.AspNetCore.Mvc.Infrastructure.ControllerActionInvoker[1]
      Execution plan of result filters (in the following order): Microsoft.AspNetCore.Mvc.ViewFeatures.Filters.SaveTempDataFilter
dbug: Microsoft.AspNetCore.Mvc.Infrastructure.ControllerActionInvoker[1]
      Executing controller factory for controller ParcelManagement2.Controllers.ResidentController (ParcelProject)
dbug: ParcelManagement2.Models.DBConn[0]
      資料庫連線字串已設定
dbug: Microsoft.AspNetCore.Mvc.Infrastructure.ControllerActionInvoker[2]
      Executed controller factory for controller ParcelManagement2.Controllers.ResidentController (ParcelProject)
dbug: ParcelManagement2.Models.DBConn[0]
      查詢成功，返回 1 行數據
dbug: Microsoft.AspNetCore.Session.DistributedSession[4]
      Session loaded; Key:f3a42b75-d459-1344-3c37-ff3073c71b14, Id:be5fffd8-37ca-330c-7652-55aaec6333fb, Count:1
dbug: Microsoft.AspNetCore.Mvc.Razor.RazorViewEngine[2]
      View lookup cache hit for view 'MyPackages' in controller 'Resident'.
info: Microsoft.AspNetCore.Mvc.ViewFeatures.ViewResultExecutor[1]
      Executing ViewResult, running view MyPackages.
dbug: Microsoft.AspNetCore.Mvc.ViewFeatures.ViewResultExecutor[2]
      The view path '/Views/Resident/MyPackages.cshtml' was found in 2.6211ms.
dbug: Microsoft.AspNetCore.Antiforgery.DefaultAntiforgery[6]
      An antiforgery cookie token was reused.
dbug: Microsoft.WebTools.BrowserLink.Net.BrowserLinkMiddleware[1]
      Response markup is scheduled to include Browser Link script injection.
dbug: Microsoft.AspNetCore.Watch.BrowserRefresh.BrowserRefreshMiddleware[1]
      Response markup is scheduled to include browser refresh script injection.
info: Microsoft.AspNetCore.Mvc.ViewFeatures.ViewResultExecutor[4]
      Executed ViewResult - view MyPackages executed in 9.5984ms.
info: Microsoft.AspNetCore.Mvc.Infrastructure.ControllerActionInvoker[105]
      Executed action ParcelManagement2.Controllers.ResidentController.MyPackages (ParcelProject) in 50.3543ms
info: Microsoft.AspNetCore.Routing.EndpointMiddleware[1]
      Executed endpoint 'ParcelManagement2.Controllers.ResidentController.MyPackages (ParcelProject)'
dbug: Microsoft.WebTools.BrowserLink.Net.BrowserLinkMiddleware[2]
      Response markup was updated to include Browser Link script injection.
dbug: Microsoft.AspNetCore.Watch.BrowserRefresh.BrowserRefreshMiddleware[2]
      Response markup was updated to include browser refresh script injection.
dbug: Microsoft.AspNetCore.Server.IIS.Core.IISHttpServer[1]
      Connection ID "18302628903618871506" disconnecting.
info: Microsoft.AspNetCore.Hosting.Diagnostics[2]
      Request finished HTTP/2 GET https://localhost:44353/Resident/MyPackages - 200 - text/html;+charset=utf-8 85.1979ms
info: Microsoft.AspNetCore.Hosting.Diagnostics[1]
      Request starting HTTP/2 POST https://localhost:44353/Resident/GetCollectedHistory - - 0
info: Microsoft.AspNetCore.Hosting.Diagnostics[1]
      Request starting HTTP/2 POST https://localhost:44353/Resident/GetAllPackages - - 0
info: Microsoft.AspNetCore.Hosting.Diagnostics[1]
      Request starting HTTP/2 GET https://localhost:44353/_framework/aspnetcore-browser-refresh.js - - -
info: Microsoft.AspNetCore.Hosting.Diagnostics[1]
      Request starting HTTP/2 GET https://localhost:44353/_vs/browserLink - - -
dbug: Microsoft.AspNetCore.StaticFiles.StaticFileMiddleware[1]
      POST requests are not supported
dbug: Microsoft.AspNetCore.StaticFiles.StaticFileMiddleware[1]
      POST requests are not supported
dbug: Microsoft.AspNetCore.Routing.Matching.DfaMatcher[1001]
      1 candidate(s) found for the request path '/Resident/GetAllPackages'
dbug: Microsoft.AspNetCore.Watch.BrowserRefresh.BrowserScriptMiddleware[0]
      Script injected: /_framework/aspnetcore-browser-refresh.js
dbug: Microsoft.AspNetCore.Routing.Matching.DfaMatcher[1001]
      1 candidate(s) found for the request path '/Resident/GetCollectedHistory'
dbug: Microsoft.AspNetCore.Routing.Matching.DfaMatcher[1005]
      Endpoint 'ParcelManagement2.Controllers.ResidentController.GetAllPackages (ParcelProject)' with route pattern '{controller=Account}/{action=Login}/{id?}' is valid for the request path '/Resident/GetAllPackages'
info: Microsoft.AspNetCore.Hosting.Diagnostics[2]
      Request finished HTTP/2 GET https://localhost:44353/_framework/aspnetcore-browser-refresh.js - 200 16511 application/javascript;+charset=utf-8 10.4912ms
dbug: Microsoft.AspNetCore.Server.IIS.Core.IISHttpServer[1]
      Connection ID "18230571300991008995" disconnecting.
dbug: Microsoft.AspNetCore.Routing.EndpointRoutingMiddleware[1]
      Request matched endpoint 'ParcelManagement2.Controllers.ResidentController.GetAllPackages (ParcelProject)'
dbug: Microsoft.AspNetCore.Authentication.Cookies.CookieAuthenticationHandler[8]
      AuthenticationScheme: Cookies was successfully authenticated.
dbug: Microsoft.AspNetCore.Authorization.DefaultAuthorizationService[1]
      Authorization was successful.
dbug: Microsoft.AspNetCore.Routing.Matching.DfaMatcher[1005]
      Endpoint 'ParcelManagement2.Controllers.ResidentController.GetCollectedHistory (ParcelProject)' with route pattern '{controller=Account}/{action=Login}/{id?}' is valid for the request path '/Resident/GetCollectedHistory'
info: Microsoft.AspNetCore.Routing.EndpointMiddleware[0]
      Executing endpoint 'ParcelManagement2.Controllers.ResidentController.GetAllPackages (ParcelProject)'
dbug: Microsoft.AspNetCore.Routing.EndpointRoutingMiddleware[1]
      Request matched endpoint 'ParcelManagement2.Controllers.ResidentController.GetCollectedHistory (ParcelProject)'
info: Microsoft.AspNetCore.Mvc.Infrastructure.ControllerActionInvoker[102]
      Route matched with {action = "GetAllPackages", controller = "Resident"}. Executing controller action with signature Microsoft.AspNetCore.Mvc.IActionResult GetAllPackages() on controller ParcelManagement2.Controllers.ResidentController (ParcelProject).
dbug: Microsoft.AspNetCore.Authentication.Cookies.CookieAuthenticationHandler[8]
      AuthenticationScheme: Cookies was successfully authenticated.
dbug: Microsoft.AspNetCore.Mvc.Infrastructure.ControllerActionInvoker[1]
      Execution plan of authorization filters (in the following order): None
dbug: Microsoft.AspNetCore.Authorization.DefaultAuthorizationService[1]
      Authorization was successful.
dbug: Microsoft.AspNetCore.Mvc.Infrastructure.ControllerActionInvoker[1]
      Execution plan of resource filters (in the following order): Microsoft.AspNetCore.Mvc.ViewFeatures.Filters.SaveTempDataFilter
info: Microsoft.AspNetCore.Routing.EndpointMiddleware[0]
      Executing endpoint 'ParcelManagement2.Controllers.ResidentController.GetCollectedHistory (ParcelProject)'
dbug: Microsoft.AspNetCore.Mvc.Infrastructure.ControllerActionInvoker[1]
      Execution plan of action filters (in the following order): Microsoft.AspNetCore.Mvc.Filters.ControllerActionFilter (Order: -2147483648), Microsoft.AspNetCore.Mvc.ModelBinding.UnsupportedContentTypeFilter (Order: -3000)
info: Microsoft.AspNetCore.Mvc.Infrastructure.ControllerActionInvoker[102]
      Route matched with {action = "GetCollectedHistory", controller = "Resident"}. Executing controller action with signature Microsoft.AspNetCore.Mvc.IActionResult GetCollectedHistory() on controller ParcelManagement2.Controllers.ResidentController (ParcelProject).
dbug: Microsoft.AspNetCore.Mvc.Infrastructure.ControllerActionInvoker[1]
      Execution plan of exception filters (in the following order): None
dbug: Microsoft.AspNetCore.Mvc.Infrastructure.ControllerActionInvoker[1]
      Execution plan of authorization filters (in the following order): None
dbug: Microsoft.AspNetCore.Mvc.Infrastructure.ControllerActionInvoker[1]
      Execution plan of result filters (in the following order): Microsoft.AspNetCore.Mvc.ViewFeatures.Filters.SaveTempDataFilter
dbug: Microsoft.AspNetCore.Mvc.Infrastructure.ControllerActionInvoker[1]
      Execution plan of resource filters (in the following order): Microsoft.AspNetCore.Mvc.ViewFeatures.Filters.SaveTempDataFilter
dbug: Microsoft.AspNetCore.Mvc.Infrastructure.ControllerActionInvoker[1]
      Executing controller factory for controller ParcelManagement2.Controllers.ResidentController (ParcelProject)
dbug: Microsoft.AspNetCore.Mvc.Infrastructure.ControllerActionInvoker[1]
      Execution plan of action filters (in the following order): Microsoft.AspNetCore.Mvc.Filters.ControllerActionFilter (Order: -2147483648), Microsoft.AspNetCore.Mvc.ModelBinding.UnsupportedContentTypeFilter (Order: -3000)
dbug: ParcelManagement2.Models.DBConn[0]
      資料庫連線字串已設定
dbug: Microsoft.AspNetCore.Mvc.Infrastructure.ControllerActionInvoker[1]
      Execution plan of exception filters (in the following order): None
dbug: Microsoft.AspNetCore.Mvc.Infrastructure.ControllerActionInvoker[2]
      Executed controller factory for controller ParcelManagement2.Controllers.ResidentController (ParcelProject)
dbug: Microsoft.AspNetCore.Mvc.Infrastructure.ControllerActionInvoker[1]
      Execution plan of result filters (in the following order): Microsoft.AspNetCore.Mvc.ViewFeatures.Filters.SaveTempDataFilter
dbug: Microsoft.AspNetCore.Mvc.Infrastructure.ControllerActionInvoker[1]
      Executing controller factory for controller ParcelManagement2.Controllers.ResidentController (ParcelProject)
dbug: ParcelManagement2.Models.DBConn[0]
      資料庫連線字串已設定
dbug: Microsoft.AspNetCore.Mvc.Infrastructure.ControllerActionInvoker[2]
      Executed controller factory for controller ParcelManagement2.Controllers.ResidentController (ParcelProject)
dbug: Microsoft.AspNetCore.Session.DistributedSession[4]
      Session loaded; Key:f3a42b75-d459-1344-3c37-ff3073c71b14, Id:be5fffd8-37ca-330c-7652-55aaec6333fb, Count:1
dbug: Microsoft.AspNetCore.Server.IIS.Core.IISHttpServer[1]
      Connection ID "18302628895028936841" disconnecting.
info: Microsoft.AspNetCore.Hosting.Diagnostics[2]
      Request finished HTTP/2 GET https://localhost:44353/_vs/browserLink - 200 - text/javascript;+charset=UTF-8 72.1257ms
dbug: Microsoft.AspNetCore.Session.DistributedSession[4]
      Session loaded; Key:f3a42b75-d459-1344-3c37-ff3073c71b14, Id:be5fffd8-37ca-330c-7652-55aaec6333fb, Count:1
dbug: ParcelManagement2.Models.DBConn[0]
      查詢成功，返回 11 行數據
info: Microsoft.AspNetCore.Mvc.Infrastructure.ContentResultExecutor[1]
      Executing ContentResult with HTTP Response ContentType of application/json
info: Microsoft.AspNetCore.Mvc.Infrastructure.ControllerActionInvoker[105]
      Executed action ParcelManagement2.Controllers.ResidentController.GetAllPackages (ParcelProject) in 47.6992ms
info: Microsoft.AspNetCore.Routing.EndpointMiddleware[1]
      Executed endpoint 'ParcelManagement2.Controllers.ResidentController.GetAllPackages (ParcelProject)'
info: Microsoft.AspNetCore.Hosting.Diagnostics[2]
      Request finished HTTP/2 POST https://localhost:44353/Resident/GetAllPackages - 200 2796 application/json 101.6206ms
dbug: Microsoft.AspNetCore.Server.IIS.Core.IISHttpServer[1]
      Connection ID "18086456130095022245" disconnecting.
dbug: ParcelManagement2.Models.DBConn[0]
      查詢成功，返回 4 行數據
info: Microsoft.AspNetCore.Mvc.Infrastructure.ContentResultExecutor[1]
      Executing ContentResult with HTTP Response ContentType of application/json
info: Microsoft.AspNetCore.Mvc.Infrastructure.ControllerActionInvoker[105]
      Executed action ParcelManagement2.Controllers.ResidentController.GetCollectedHistory (ParcelProject) in 48.1054ms
info: Microsoft.AspNetCore.Routing.EndpointMiddleware[1]
      Executed endpoint 'ParcelManagement2.Controllers.ResidentController.GetCollectedHistory (ParcelProject)'
info: Microsoft.AspNetCore.Hosting.Diagnostics[2]
      Request finished HTTP/2 POST https://localhost:44353/Resident/GetCollectedHistory - 200 988 application/json 115.0875ms
dbug: Microsoft.AspNetCore.Server.IIS.Core.IISHttpServer[1]
      Connection ID "18158513724132950154" disconnecting.
info: Microsoft.AspNetCore.Hosting.Diagnostics[1]
      Request starting HTTP/2 POST https://localhost:44353/Account/Logout - - 0
dbug: Microsoft.AspNetCore.StaticFiles.StaticFileMiddleware[1]
      POST requests are not supported
dbug: Microsoft.AspNetCore.Routing.Matching.DfaMatcher[1001]
      1 candidate(s) found for the request path '/Account/Logout'
dbug: Microsoft.AspNetCore.Routing.Matching.DfaMatcher[1005]
      Endpoint 'ParcelManagement2.Controllers.AccountController.Logout (ParcelProject)' with route pattern '{controller=Account}/{action=Login}/{id?}' is valid for the request path '/Account/Logout'
dbug: Microsoft.AspNetCore.Routing.EndpointRoutingMiddleware[1]
      Request matched endpoint 'ParcelManagement2.Controllers.AccountController.Logout (ParcelProject)'
dbug: Microsoft.AspNetCore.Authentication.Cookies.CookieAuthenticationHandler[8]
      AuthenticationScheme: Cookies was successfully authenticated.
dbug: Microsoft.AspNetCore.Authorization.DefaultAuthorizationService[1]
      Authorization was successful.
info: Microsoft.AspNetCore.Routing.EndpointMiddleware[0]
      Executing endpoint 'ParcelManagement2.Controllers.AccountController.Logout (ParcelProject)'
info: Microsoft.AspNetCore.Mvc.Infrastructure.ControllerActionInvoker[102]
      Route matched with {action = "Logout", controller = "Account"}. Executing controller action with signature System.Threading.Tasks.Task`1[Microsoft.AspNetCore.Mvc.IActionResult] Logout() on controller ParcelManagement2.Controllers.AccountController (ParcelProject).
dbug: Microsoft.AspNetCore.Mvc.Infrastructure.ControllerActionInvoker[1]
      Execution plan of authorization filters (in the following order): None
dbug: Microsoft.AspNetCore.Mvc.Infrastructure.ControllerActionInvoker[1]
      Execution plan of resource filters (in the following order): Microsoft.AspNetCore.Mvc.ViewFeatures.Filters.SaveTempDataFilter
dbug: Microsoft.AspNetCore.Mvc.Infrastructure.ControllerActionInvoker[1]
      Execution plan of action filters (in the following order): Microsoft.AspNetCore.Mvc.Filters.ControllerActionFilter (Order: -2147483648), Microsoft.AspNetCore.Mvc.ModelBinding.UnsupportedContentTypeFilter (Order: -3000)
dbug: Microsoft.AspNetCore.Mvc.Infrastructure.ControllerActionInvoker[1]
      Execution plan of exception filters (in the following order): None
dbug: Microsoft.AspNetCore.Mvc.Infrastructure.ControllerActionInvoker[1]
      Execution plan of result filters (in the following order): Microsoft.AspNetCore.Mvc.ViewFeatures.Filters.SaveTempDataFilter
dbug: Microsoft.AspNetCore.Mvc.Infrastructure.ControllerActionInvoker[1]
      Executing controller factory for controller ParcelManagement2.Controllers.AccountController (ParcelProject)
dbug: Microsoft.AspNetCore.Mvc.Infrastructure.ControllerActionInvoker[2]
      Executed controller factory for controller ParcelManagement2.Controllers.AccountController (ParcelProject)
info: Microsoft.AspNetCore.Authentication.Cookies.CookieAuthenticationHandler[11]
      AuthenticationScheme: Cookies signed out.
info: ParcelManagement2.Controllers.AccountController[0]
      使用者登出: userA10101
info: Microsoft.AspNetCore.Mvc.Infrastructure.SystemTextJsonResultExecutor[1]
      Executing JsonResult, writing value of type '<>f__AnonymousType4`2[[System.Boolean, System.Private.CoreLib, Version=8.0.0.0, Culture=neutral, PublicKeyToken=7cec85d7bea7798e],[System.String, System.Private.CoreLib, Version=8.0.0.0, Culture=neutral, PublicKeyToken=7cec85d7bea7798e]]'.
info: Microsoft.AspNetCore.Mvc.Infrastructure.ControllerActionInvoker[105]
      Executed action ParcelManagement2.Controllers.AccountController.Logout (ParcelProject) in 17.301ms
info: Microsoft.AspNetCore.Routing.EndpointMiddleware[1]
      Executed endpoint 'ParcelManagement2.Controllers.AccountController.Logout (ParcelProject)'
info: Microsoft.AspNetCore.Hosting.Diagnostics[2]
      Request finished HTTP/2 POST https://localhost:44353/Account/Logout - 200 - application/json;+charset=utf-8 58.2690ms
dbug: Microsoft.AspNetCore.Server.IIS.Core.IISHttpServer[1]
      Connection ID "18302628895028936843" disconnecting.
info: Microsoft.AspNetCore.Hosting.Diagnostics[1]
      Request starting HTTP/2 GET https://localhost:44353/Account/Login - - -
dbug: Microsoft.AspNetCore.StaticFiles.StaticFileMiddleware[4]
      The request path /Account/Login does not match a supported file type
dbug: Microsoft.AspNetCore.Routing.Matching.DfaMatcher[1001]
      1 candidate(s) found for the request path '/Account/Login'
dbug: Microsoft.AspNetCore.Routing.Matching.DfaMatcher[1005]
      Endpoint 'ParcelManagement2.Controllers.AccountController.Login (ParcelProject)' with route pattern '{controller=Account}/{action=Login}/{id?}' is valid for the request path '/Account/Login'
dbug: Microsoft.AspNetCore.Routing.EndpointRoutingMiddleware[1]
      Request matched endpoint 'ParcelManagement2.Controllers.AccountController.Login (ParcelProject)'
dbug: Microsoft.AspNetCore.Authentication.Cookies.CookieAuthenticationHandler[9]
      AuthenticationScheme: Cookies was not authenticated.
info: Microsoft.AspNetCore.Routing.EndpointMiddleware[0]
      Executing endpoint 'ParcelManagement2.Controllers.AccountController.Login (ParcelProject)'
info: Microsoft.AspNetCore.Mvc.Infrastructure.ControllerActionInvoker[102]
      Route matched with {action = "Login", controller = "Account"}. Executing controller action with signature Microsoft.AspNetCore.Mvc.IActionResult Login(System.String) on controller ParcelManagement2.Controllers.AccountController (ParcelProject).
dbug: Microsoft.AspNetCore.Mvc.Infrastructure.ControllerActionInvoker[1]
      Execution plan of authorization filters (in the following order): None
dbug: Microsoft.AspNetCore.Mvc.Infrastructure.ControllerActionInvoker[1]
      Execution plan of resource filters (in the following order): Microsoft.AspNetCore.Mvc.ViewFeatures.Filters.SaveTempDataFilter
dbug: Microsoft.AspNetCore.Mvc.Infrastructure.ControllerActionInvoker[1]
      Execution plan of action filters (in the following order): Microsoft.AspNetCore.Mvc.Filters.ControllerActionFilter (Order: -2147483648), Microsoft.AspNetCore.Mvc.ModelBinding.UnsupportedContentTypeFilter (Order: -3000)
dbug: Microsoft.AspNetCore.Mvc.Infrastructure.ControllerActionInvoker[1]
      Execution plan of exception filters (in the following order): None
dbug: Microsoft.AspNetCore.Mvc.Infrastructure.ControllerActionInvoker[1]
      Execution plan of result filters (in the following order): Microsoft.AspNetCore.Mvc.ViewFeatures.Filters.SaveTempDataFilter
dbug: Microsoft.AspNetCore.Mvc.Infrastructure.ControllerActionInvoker[1]
      Executing controller factory for controller ParcelManagement2.Controllers.AccountController (ParcelProject)
dbug: Microsoft.AspNetCore.Mvc.Infrastructure.ControllerActionInvoker[2]
      Executed controller factory for controller ParcelManagement2.Controllers.AccountController (ParcelProject)
dbug: Microsoft.AspNetCore.Mvc.ModelBinding.ParameterBinder[22]
      Attempting to bind parameter 'returnUrl' of type 'System.String' ...
dbug: Microsoft.AspNetCore.Mvc.ModelBinding.Binders.SimpleTypeModelBinder[44]
      Attempting to bind parameter 'returnUrl' of type 'System.String' using the name '' in request data ...
dbug: Microsoft.AspNetCore.Mvc.ModelBinding.Binders.SimpleTypeModelBinder[16]
      Could not find a value in the request with name '' for binding parameter 'returnUrl' of type 'System.String'.
dbug: Microsoft.AspNetCore.Mvc.ModelBinding.Binders.SimpleTypeModelBinder[45]
      Done attempting to bind parameter 'returnUrl' of type 'System.String'.
dbug: Microsoft.AspNetCore.Mvc.ModelBinding.ParameterBinder[23]
      Done attempting to bind parameter 'returnUrl' of type 'System.String'.
dbug: Microsoft.AspNetCore.Mvc.ModelBinding.ParameterBinder[26]
      Attempting to validate the bound parameter 'returnUrl' of type 'System.String' ...
dbug: Microsoft.AspNetCore.Mvc.ModelBinding.ParameterBinder[27]
      Done attempting to validate the bound parameter 'returnUrl' of type 'System.String'.
dbug: Microsoft.AspNetCore.Mvc.Razor.RazorViewEngine[1]
      View lookup cache miss for view 'Login' in controller 'Account'.
info: Microsoft.AspNetCore.Mvc.ViewFeatures.ViewResultExecutor[1]
      Executing ViewResult, running view Login.
dbug: Microsoft.AspNetCore.Mvc.ViewFeatures.ViewResultExecutor[2]
      The view path '/Views/Account/Login.cshtml' was found in 5.0133ms.
dbug: Microsoft.AspNetCore.Antiforgery.DefaultAntiforgery[6]
      An antiforgery cookie token was reused.
dbug: Microsoft.WebTools.BrowserLink.Net.BrowserLinkMiddleware[1]
      Response markup is scheduled to include Browser Link script injection.
dbug: Microsoft.AspNetCore.Watch.BrowserRefresh.BrowserRefreshMiddleware[1]
      Response markup is scheduled to include browser refresh script injection.
info: Microsoft.AspNetCore.Mvc.ViewFeatures.ViewResultExecutor[4]
      Executed ViewResult - view Login executed in 15.2247ms.
info: Microsoft.AspNetCore.Mvc.Infrastructure.ControllerActionInvoker[105]
      Executed action ParcelManagement2.Controllers.AccountController.Login (ParcelProject) in 34.591ms
info: Microsoft.AspNetCore.Routing.EndpointMiddleware[1]
      Executed endpoint 'ParcelManagement2.Controllers.AccountController.Login (ParcelProject)'
dbug: Microsoft.WebTools.BrowserLink.Net.BrowserLinkMiddleware[2]
      Response markup was updated to include Browser Link script injection.
dbug: Microsoft.AspNetCore.Watch.BrowserRefresh.BrowserRefreshMiddleware[2]
      Response markup was updated to include browser refresh script injection.
info: Microsoft.AspNetCore.Hosting.Diagnostics[2]
      Request finished HTTP/2 GET https://localhost:44353/Account/Login - 200 - text/html;+charset=utf-8 90.8558ms
dbug: Microsoft.AspNetCore.Server.IIS.Core.IISHttpServer[1]
      Connection ID "18014398544647028830" disconnecting.
info: Microsoft.AspNetCore.Hosting.Diagnostics[1]
      Request starting HTTP/2 GET https://localhost:44353/_vs/browserLink - - -
info: Microsoft.AspNetCore.Hosting.Diagnostics[1]
      Request starting HTTP/2 GET https://localhost:44353/_framework/aspnetcore-browser-refresh.js - - -
dbug: Microsoft.AspNetCore.Watch.BrowserRefresh.BrowserScriptMiddleware[0]
      Script injected: /_framework/aspnetcore-browser-refresh.js
info: Microsoft.AspNetCore.Hosting.Diagnostics[2]
      Request finished HTTP/2 GET https://localhost:44353/_framework/aspnetcore-browser-refresh.js - 200 16511 application/javascript;+charset=utf-8 22.1992ms
dbug: Microsoft.AspNetCore.Server.IIS.Core.IISHttpServer[1]
      Connection ID "18014398544647028832" disconnecting.
dbug: Microsoft.AspNetCore.Server.IIS.Core.IISHttpServer[1]
      Connection ID "17870283356571172870" disconnecting.
info: Microsoft.AspNetCore.Hosting.Diagnostics[2]
      Request finished HTTP/2 GET https://localhost:44353/_vs/browserLink - 200 - text/javascript;+charset=UTF-8 53.8352ms
info: Microsoft.AspNetCore.Hosting.Diagnostics[1]
      Request starting HTTP/2 POST https://localhost:44353/Account/Login - application/json 42
dbug: Microsoft.AspNetCore.StaticFiles.StaticFileMiddleware[1]
      POST requests are not supported
dbug: Microsoft.AspNetCore.Routing.Matching.DfaMatcher[1001]
      2 candidate(s) found for the request path '/Account/Login'
dbug: Microsoft.AspNetCore.Routing.Matching.DfaMatcher[1005]
      Endpoint 'ParcelManagement2.Controllers.AccountController.Login (ParcelProject)' with route pattern '{controller=Account}/{action=Login}/{id?}' is valid for the request path '/Account/Login'
dbug: Microsoft.AspNetCore.Routing.Matching.DfaMatcher[1005]
      Endpoint 'ParcelManagement2.Controllers.AccountController.Login (ParcelProject)' with route pattern '{controller=Account}/{action=Login}/{id?}' is valid for the request path '/Account/Login'
dbug: Microsoft.AspNetCore.Routing.EndpointRoutingMiddleware[1]
      Request matched endpoint 'ParcelManagement2.Controllers.AccountController.Login (ParcelProject)'
dbug: Microsoft.AspNetCore.Authentication.Cookies.CookieAuthenticationHandler[9]
      AuthenticationScheme: Cookies was not authenticated.
info: Microsoft.AspNetCore.Routing.EndpointMiddleware[0]
      Executing endpoint 'ParcelManagement2.Controllers.AccountController.Login (ParcelProject)'
info: Microsoft.AspNetCore.Mvc.Infrastructure.ControllerActionInvoker[102]
      Route matched with {action = "Login", controller = "Account"}. Executing controller action with signature System.Threading.Tasks.Task`1[Microsoft.AspNetCore.Mvc.JsonResult] Login(LoginDto) on controller ParcelManagement2.Controllers.AccountController (ParcelProject).
dbug: Microsoft.AspNetCore.Mvc.Infrastructure.ControllerActionInvoker[1]
      Execution plan of authorization filters (in the following order): None
dbug: Microsoft.AspNetCore.Mvc.Infrastructure.ControllerActionInvoker[1]
      Execution plan of resource filters (in the following order): Microsoft.AspNetCore.Mvc.ViewFeatures.Filters.SaveTempDataFilter
dbug: Microsoft.AspNetCore.Mvc.Infrastructure.ControllerActionInvoker[1]
      Execution plan of action filters (in the following order): Microsoft.AspNetCore.Mvc.Filters.ControllerActionFilter (Order: -2147483648), Microsoft.AspNetCore.Mvc.ModelBinding.UnsupportedContentTypeFilter (Order: -3000)
dbug: Microsoft.AspNetCore.Mvc.Infrastructure.ControllerActionInvoker[1]
      Execution plan of exception filters (in the following order): None
dbug: Microsoft.AspNetCore.Mvc.Infrastructure.ControllerActionInvoker[1]
      Execution plan of result filters (in the following order): Microsoft.AspNetCore.Mvc.ViewFeatures.Filters.SaveTempDataFilter
dbug: Microsoft.AspNetCore.Mvc.Infrastructure.ControllerActionInvoker[1]
      Executing controller factory for controller ParcelManagement2.Controllers.AccountController (ParcelProject)
dbug: Microsoft.AspNetCore.Mvc.Infrastructure.ControllerActionInvoker[2]
      Executed controller factory for controller ParcelManagement2.Controllers.AccountController (ParcelProject)
dbug: Microsoft.AspNetCore.Mvc.ModelBinding.ParameterBinder[22]
      Attempting to bind parameter 'dto' of type 'ParcelManagement2.Models.Request.AccountRequest+LoginDto' ...
dbug: Microsoft.AspNetCore.Mvc.ModelBinding.Binders.BodyModelBinder[44]
      Attempting to bind parameter 'dto' of type 'ParcelManagement2.Models.Request.AccountRequest+LoginDto' using the name '' in request data ...
dbug: Microsoft.AspNetCore.Mvc.ModelBinding.Binders.BodyModelBinder[1]
      Selected input formatter 'Microsoft.AspNetCore.Mvc.Formatters.SystemTextJsonInputFormatter' for content type 'application/json'.
dbug: Microsoft.AspNetCore.Mvc.Formatters.SystemTextJsonInputFormatter[2]
      JSON input formatter succeeded, deserializing to type 'ParcelManagement2.Models.Request.AccountRequest+LoginDto'
dbug: Microsoft.AspNetCore.Mvc.ModelBinding.Binders.BodyModelBinder[45]
      Done attempting to bind parameter 'dto' of type 'ParcelManagement2.Models.Request.AccountRequest+LoginDto'.
dbug: Microsoft.AspNetCore.Mvc.ModelBinding.ParameterBinder[23]
      Done attempting to bind parameter 'dto' of type 'ParcelManagement2.Models.Request.AccountRequest+LoginDto'.
dbug: Microsoft.AspNetCore.Mvc.ModelBinding.ParameterBinder[26]
      Attempting to validate the bound parameter 'dto' of type 'ParcelManagement2.Models.Request.AccountRequest+LoginDto' ...
dbug: Microsoft.AspNetCore.Mvc.ModelBinding.ParameterBinder[27]
      Done attempting to validate the bound parameter 'dto' of type 'ParcelManagement2.Models.Request.AccountRequest+LoginDto'.
info: ParcelManagement2.Controllers.AccountController[0]
      登入嘗試開始
info: ParcelManagement2.Controllers.AccountController[0]
      ModelState valid=True
info: ParcelManagement2.Controllers.AccountController[0]
      接收到的資料 - Username: test001, Password: True
info: ParcelManagement2.Controllers.AccountController[0]
      登入成功 - Username: test001, Role: Admin
info: Microsoft.AspNetCore.Authentication.Cookies.CookieAuthenticationHandler[10]
      AuthenticationScheme: Cookies signed in.
dbug: Microsoft.AspNetCore.Routing.DefaultLinkGenerator[100]
      Found the endpoints Route: {controller=Account}/{action=Login}/{id?} for address (action=[Index],controller=[Home])
dbug: Microsoft.AspNetCore.Routing.DefaultLinkGenerator[102]
      Successfully processed template {controller=Account}/{action=Login}/{id?} for Route: {controller=Account}/{action=Login}/{id?} resulting in /Home/Index and 
dbug: Microsoft.AspNetCore.Routing.DefaultLinkGenerator[105]
      Link generation succeeded for endpoints Route: {controller=Account}/{action=Login}/{id?} with result /Home/Index
info: ParcelManagement2.Controllers.AccountController[0]
      登入完成，導向: /Home/Index
info: Microsoft.AspNetCore.Mvc.Infrastructure.SystemTextJsonResultExecutor[1]
      Executing JsonResult, writing value of type '<>f__AnonymousType2`4[[System.Boolean, System.Private.CoreLib, Version=8.0.0.0, Culture=neutral, PublicKeyToken=7cec85d7bea7798e],[System.String, System.Private.CoreLib, Version=8.0.0.0, Culture=neutral, PublicKeyToken=7cec85d7bea7798e],[System.String, System.Private.CoreLib, Version=8.0.0.0, Culture=neutral, PublicKeyToken=7cec85d7bea7798e],[<>f__AnonymousType3`2[[System.String, System.Private.CoreLib, Version=8.0.0.0, Culture=neutral, PublicKeyToken=7cec85d7bea7798e],[System.String, System.Private.CoreLib, Version=8.0.0.0, Culture=neutral, PublicKeyToken=7cec85d7bea7798e]], ParcelProject, Version=1.0.0.0, Culture=neutral, PublicKeyToken=null]]'.
info: Microsoft.AspNetCore.Mvc.Infrastructure.ControllerActionInvoker[105]
      Executed action ParcelManagement2.Controllers.AccountController.Login (ParcelProject) in 108.2712ms
info: Microsoft.AspNetCore.Routing.EndpointMiddleware[1]
      Executed endpoint 'ParcelManagement2.Controllers.AccountController.Login (ParcelProject)'
info: Microsoft.AspNetCore.Hosting.Diagnostics[2]
      Request finished HTTP/2 POST https://localhost:44353/Account/Login - 200 - application/json;+charset=utf-8 148.3925ms
dbug: Microsoft.AspNetCore.Server.IIS.Core.IISHttpServer[1]
      Connection ID "18302628895028936845" disconnecting.
info: Microsoft.AspNetCore.Hosting.Diagnostics[1]
      Request starting HTTP/2 GET https://localhost:44353/Home/Index - - -
dbug: Microsoft.AspNetCore.StaticFiles.StaticFileMiddleware[4]
      The request path /Home/Index does not match a supported file type
dbug: Microsoft.AspNetCore.Routing.Matching.DfaMatcher[1001]
      1 candidate(s) found for the request path '/Home/Index'
dbug: Microsoft.AspNetCore.Routing.Matching.DfaMatcher[1005]
      Endpoint 'ParcelManagement2.Controllers.HomeController.Index (ParcelProject)' with route pattern '{controller=Account}/{action=Login}/{id?}' is valid for the request path '/Home/Index'
dbug: Microsoft.AspNetCore.Routing.EndpointRoutingMiddleware[1]
      Request matched endpoint 'ParcelManagement2.Controllers.HomeController.Index (ParcelProject)'
dbug: Microsoft.AspNetCore.Authentication.Cookies.CookieAuthenticationHandler[8]
      AuthenticationScheme: Cookies was successfully authenticated.
dbug: Microsoft.AspNetCore.Authorization.DefaultAuthorizationService[1]
      Authorization was successful.
info: Microsoft.AspNetCore.Routing.EndpointMiddleware[0]
      Executing endpoint 'ParcelManagement2.Controllers.HomeController.Index (ParcelProject)'
info: Microsoft.AspNetCore.Mvc.Infrastructure.ControllerActionInvoker[102]
      Route matched with {action = "Index", controller = "Home"}. Executing controller action with signature Microsoft.AspNetCore.Mvc.IActionResult Index() on controller ParcelManagement2.Controllers.HomeController (ParcelProject).
dbug: Microsoft.AspNetCore.Mvc.Infrastructure.ControllerActionInvoker[1]
      Execution plan of authorization filters (in the following order): None
dbug: Microsoft.AspNetCore.Mvc.Infrastructure.ControllerActionInvoker[1]
      Execution plan of resource filters (in the following order): Microsoft.AspNetCore.Mvc.ViewFeatures.Filters.SaveTempDataFilter
dbug: Microsoft.AspNetCore.Mvc.Infrastructure.ControllerActionInvoker[1]
      Execution plan of action filters (in the following order): Microsoft.AspNetCore.Mvc.Filters.ControllerActionFilter (Order: -2147483648), Microsoft.AspNetCore.Mvc.ModelBinding.UnsupportedContentTypeFilter (Order: -3000)
dbug: Microsoft.AspNetCore.Mvc.Infrastructure.ControllerActionInvoker[1]
      Execution plan of exception filters (in the following order): None
dbug: Microsoft.AspNetCore.Mvc.Infrastructure.ControllerActionInvoker[1]
      Execution plan of result filters (in the following order): Microsoft.AspNetCore.Mvc.ViewFeatures.Filters.SaveTempDataFilter
dbug: Microsoft.AspNetCore.Mvc.Infrastructure.ControllerActionInvoker[1]
      Executing controller factory for controller ParcelManagement2.Controllers.HomeController (ParcelProject)
dbug: ParcelManagement2.Models.DBConn[0]
      資料庫連線字串已設定
dbug: Microsoft.AspNetCore.Mvc.Infrastructure.ControllerActionInvoker[2]
      Executed controller factory for controller ParcelManagement2.Controllers.HomeController (ParcelProject)
dbug: Microsoft.AspNetCore.Mvc.Razor.RazorViewEngine[1]
      View lookup cache miss for view 'Index' in controller 'Home'.
info: Microsoft.AspNetCore.Mvc.ViewFeatures.ViewResultExecutor[1]
      Executing ViewResult, running view Index.
dbug: Microsoft.AspNetCore.Mvc.ViewFeatures.ViewResultExecutor[2]
      The view path '/Views/Home/Index.cshtml' was found in 4.2186ms.
dbug: Microsoft.AspNetCore.Antiforgery.DefaultAntiforgery[6]
      An antiforgery cookie token was reused.
dbug: Microsoft.WebTools.BrowserLink.Net.BrowserLinkMiddleware[1]
      Response markup is scheduled to include Browser Link script injection.
dbug: Microsoft.AspNetCore.Watch.BrowserRefresh.BrowserRefreshMiddleware[1]
      Response markup is scheduled to include browser refresh script injection.
info: Microsoft.AspNetCore.Mvc.ViewFeatures.ViewResultExecutor[4]
      Executed ViewResult - view Index executed in 34.8456ms.
info: Microsoft.AspNetCore.Mvc.Infrastructure.ControllerActionInvoker[105]
      Executed action ParcelManagement2.Controllers.HomeController.Index (ParcelProject) in 51.048ms
info: Microsoft.AspNetCore.Routing.EndpointMiddleware[1]
      Executed endpoint 'ParcelManagement2.Controllers.HomeController.Index (ParcelProject)'
dbug: Microsoft.WebTools.BrowserLink.Net.BrowserLinkMiddleware[2]
      Response markup was updated to include Browser Link script injection.
dbug: Microsoft.AspNetCore.Watch.BrowserRefresh.BrowserRefreshMiddleware[2]
      Response markup was updated to include browser refresh script injection.
dbug: Microsoft.AspNetCore.Server.IIS.Core.IISHttpServer[1]
      Connection ID "18302628903618871508" disconnecting.
info: Microsoft.AspNetCore.Hosting.Diagnostics[2]
      Request finished HTTP/2 GET https://localhost:44353/Home/Index - 200 - text/html;+charset=utf-8 105.4754ms
info: Microsoft.AspNetCore.Hosting.Diagnostics[1]
      Request starting HTTP/2 POST https://localhost:44353/Home/GetResidentPackageStats - - 0
dbug: Microsoft.AspNetCore.StaticFiles.StaticFileMiddleware[1]
      POST requests are not supported
dbug: Microsoft.AspNetCore.Routing.Matching.DfaMatcher[1001]
      1 candidate(s) found for the request path '/Home/GetResidentPackageStats'
dbug: Microsoft.AspNetCore.Routing.Matching.DfaMatcher[1005]
      Endpoint 'ParcelManagement2.Controllers.HomeController.GetResidentPackageStats (ParcelProject)' with route pattern '{controller=Account}/{action=Login}/{id?}' is valid for the request path '/Home/GetResidentPackageStats'
info: Microsoft.AspNetCore.Hosting.Diagnostics[1]
      Request starting HTTP/2 GET https://localhost:44353/_vs/browserLink - - -
dbug: Microsoft.AspNetCore.Routing.EndpointRoutingMiddleware[1]
      Request matched endpoint 'ParcelManagement2.Controllers.HomeController.GetResidentPackageStats (ParcelProject)'
info: Microsoft.AspNetCore.Hosting.Diagnostics[1]
      Request starting HTTP/2 GET https://localhost:44353/_framework/aspnetcore-browser-refresh.js - - -
dbug: Microsoft.AspNetCore.Authentication.Cookies.CookieAuthenticationHandler[8]
      AuthenticationScheme: Cookies was successfully authenticated.
dbug: Microsoft.AspNetCore.Watch.BrowserRefresh.BrowserScriptMiddleware[0]
      Script injected: /_framework/aspnetcore-browser-refresh.js
dbug: Microsoft.AspNetCore.Authorization.DefaultAuthorizationService[1]
      Authorization was successful.
info: Microsoft.AspNetCore.Hosting.Diagnostics[2]
      Request finished HTTP/2 GET https://localhost:44353/_framework/aspnetcore-browser-refresh.js - 200 16511 application/javascript;+charset=utf-8 12.0560ms
dbug: Microsoft.AspNetCore.Server.IIS.Core.IISHttpServer[1]
      Connection ID "18302628903618871510" disconnecting.
info: Microsoft.AspNetCore.Routing.EndpointMiddleware[0]
      Executing endpoint 'ParcelManagement2.Controllers.HomeController.GetResidentPackageStats (ParcelProject)'
info: Microsoft.AspNetCore.Mvc.Infrastructure.ControllerActionInvoker[102]
      Route matched with {action = "GetResidentPackageStats", controller = "Home"}. Executing controller action with signature Microsoft.AspNetCore.Mvc.IActionResult GetResidentPackageStats() on controller ParcelManagement2.Controllers.HomeController (ParcelProject).
dbug: Microsoft.AspNetCore.Mvc.Infrastructure.ControllerActionInvoker[1]
      Execution plan of authorization filters (in the following order): None
dbug: Microsoft.AspNetCore.Mvc.Infrastructure.ControllerActionInvoker[1]
      Execution plan of resource filters (in the following order): Microsoft.AspNetCore.Mvc.ViewFeatures.Filters.SaveTempDataFilter
dbug: Microsoft.AspNetCore.Mvc.Infrastructure.ControllerActionInvoker[1]
      Execution plan of action filters (in the following order): Microsoft.AspNetCore.Mvc.Filters.ControllerActionFilter (Order: -2147483648), Microsoft.AspNetCore.Mvc.ModelBinding.UnsupportedContentTypeFilter (Order: -3000)
dbug: Microsoft.AspNetCore.Server.IIS.Core.IISHttpServer[1]
      Connection ID "18158513715543015468" disconnecting.
info: Microsoft.AspNetCore.Hosting.Diagnostics[2]
      Request finished HTTP/2 GET https://localhost:44353/_vs/browserLink - 200 - text/javascript;+charset=UTF-8 60.5053ms
dbug: Microsoft.AspNetCore.Mvc.Infrastructure.ControllerActionInvoker[1]
      Execution plan of exception filters (in the following order): None
dbug: Microsoft.AspNetCore.Mvc.Infrastructure.ControllerActionInvoker[1]
      Execution plan of result filters (in the following order): Microsoft.AspNetCore.Mvc.ViewFeatures.Filters.SaveTempDataFilter
dbug: Microsoft.AspNetCore.Mvc.Infrastructure.ControllerActionInvoker[1]
      Executing controller factory for controller ParcelManagement2.Controllers.HomeController (ParcelProject)
dbug: ParcelManagement2.Models.DBConn[0]
      資料庫連線字串已設定
dbug: Microsoft.AspNetCore.Mvc.Infrastructure.ControllerActionInvoker[2]
      Executed controller factory for controller ParcelManagement2.Controllers.HomeController (ParcelProject)
dbug: ParcelManagement2.Models.DBConn[0]
      查詢成功，返回 28 行數據
info: Microsoft.AspNetCore.Mvc.Infrastructure.ContentResultExecutor[1]
      Executing ContentResult with HTTP Response ContentType of application/json
info: Microsoft.AspNetCore.Mvc.Infrastructure.ControllerActionInvoker[105]
      Executed action ParcelManagement2.Controllers.HomeController.GetResidentPackageStats (ParcelProject) in 29.6262ms
info: Microsoft.AspNetCore.Routing.EndpointMiddleware[1]
      Executed endpoint 'ParcelManagement2.Controllers.HomeController.GetResidentPackageStats (ParcelProject)'
info: Microsoft.AspNetCore.Hosting.Diagnostics[2]
      Request finished HTTP/2 POST https://localhost:44353/Home/GetResidentPackageStats - 200 2791 application/json 135.9786ms
dbug: Microsoft.AspNetCore.Server.IIS.Core.IISHttpServer[1]
      Connection ID "18374686532016537743" disconnecting.
dbug: Microsoft.Extensions.Http.DefaultHttpClientFactory[103]
      HttpMessageHandler expired after 120000ms for client ''
dbug: Microsoft.Extensions.Http.DefaultHttpClientFactory[100]
      Starting HttpMessageHandler cleanup cycle with 1 items
dbug: Microsoft.Extensions.Http.DefaultHttpClientFactory[101]
      Ending HttpMessageHandler cleanup cycle after 0.0391ms - processed: 0 items - remaining: 1 items
info: Microsoft.AspNetCore.Hosting.Diagnostics[1]
      Request starting HTTP/2 GET https://localhost:44353/Home/Index - - -
dbug: Microsoft.AspNetCore.StaticFiles.StaticFileMiddleware[4]
      The request path /Home/Index does not match a supported file type
dbug: Microsoft.AspNetCore.Routing.Matching.DfaMatcher[1001]
      1 candidate(s) found for the request path '/Home/Index'
dbug: Microsoft.AspNetCore.Routing.Matching.DfaMatcher[1005]
      Endpoint 'ParcelManagement2.Controllers.HomeController.Index (ParcelProject)' with route pattern '{controller=Account}/{action=Login}/{id?}' is valid for the request path '/Home/Index'
dbug: Microsoft.AspNetCore.Routing.EndpointRoutingMiddleware[1]
      Request matched endpoint 'ParcelManagement2.Controllers.HomeController.Index (ParcelProject)'
dbug: Microsoft.AspNetCore.Authentication.Cookies.CookieAuthenticationHandler[8]
      AuthenticationScheme: Cookies was successfully authenticated.
dbug: Microsoft.AspNetCore.Authorization.DefaultAuthorizationService[1]
      Authorization was successful.
info: Microsoft.AspNetCore.Routing.EndpointMiddleware[0]
      Executing endpoint 'ParcelManagement2.Controllers.HomeController.Index (ParcelProject)'
info: Microsoft.AspNetCore.Mvc.Infrastructure.ControllerActionInvoker[102]
      Route matched with {action = "Index", controller = "Home"}. Executing controller action with signature Microsoft.AspNetCore.Mvc.IActionResult Index() on controller ParcelManagement2.Controllers.HomeController (ParcelProject).
dbug: Microsoft.AspNetCore.Mvc.Infrastructure.ControllerActionInvoker[1]
      Execution plan of authorization filters (in the following order): None
dbug: Microsoft.AspNetCore.Mvc.Infrastructure.ControllerActionInvoker[1]
      Execution plan of resource filters (in the following order): Microsoft.AspNetCore.Mvc.ViewFeatures.Filters.SaveTempDataFilter
dbug: Microsoft.AspNetCore.Mvc.Infrastructure.ControllerActionInvoker[1]
      Execution plan of action filters (in the following order): Microsoft.AspNetCore.Mvc.Filters.ControllerActionFilter (Order: -2147483648), Microsoft.AspNetCore.Mvc.ModelBinding.UnsupportedContentTypeFilter (Order: -3000)
dbug: Microsoft.AspNetCore.Mvc.Infrastructure.ControllerActionInvoker[1]
      Execution plan of exception filters (in the following order): None
dbug: Microsoft.AspNetCore.Mvc.Infrastructure.ControllerActionInvoker[1]
      Execution plan of result filters (in the following order): Microsoft.AspNetCore.Mvc.ViewFeatures.Filters.SaveTempDataFilter
dbug: Microsoft.AspNetCore.Mvc.Infrastructure.ControllerActionInvoker[1]
      Executing controller factory for controller ParcelManagement2.Controllers.HomeController (ParcelProject)
dbug: ParcelManagement2.Models.DBConn[0]
      資料庫連線字串已設定
dbug: Microsoft.AspNetCore.Mvc.Infrastructure.ControllerActionInvoker[2]
      Executed controller factory for controller ParcelManagement2.Controllers.HomeController (ParcelProject)
dbug: Microsoft.AspNetCore.Mvc.Razor.RazorViewEngine[1]
      View lookup cache miss for view 'Index' in controller 'Home'.
dbug: Microsoft.AspNetCore.Mvc.Razor.Compilation.DefaultViewCompiler[3]
      Initializing Razor view compiler with compiled view: '/Views/Account/AccessDenied.cshtml'.
dbug: Microsoft.AspNetCore.Mvc.Razor.Compilation.DefaultViewCompiler[3]
      Initializing Razor view compiler with compiled view: '/Views/Account/Login.cshtml'.
dbug: Microsoft.AspNetCore.Mvc.Razor.Compilation.DefaultViewCompiler[3]
      Initializing Razor view compiler with compiled view: '/Views/Home/Index.cshtml'.
dbug: Microsoft.AspNetCore.Mvc.Razor.Compilation.DefaultViewCompiler[3]
      Initializing Razor view compiler with compiled view: '/Views/Home/Index_back.cshtml'.
dbug: Microsoft.AspNetCore.Mvc.Razor.Compilation.DefaultViewCompiler[3]
      Initializing Razor view compiler with compiled view: '/Views/Home/Packages.cshtml'.
dbug: Microsoft.AspNetCore.Mvc.Razor.Compilation.DefaultViewCompiler[3]
      Initializing Razor view compiler with compiled view: '/Views/Home/Privacy.cshtml'.
dbug: Microsoft.AspNetCore.Mvc.Razor.Compilation.DefaultViewCompiler[3]
      Initializing Razor view compiler with compiled view: '/Views/Resident/Edit.cshtml'.
dbug: Microsoft.AspNetCore.Mvc.Razor.Compilation.DefaultViewCompiler[3]
      Initializing Razor view compiler with compiled view: '/Views/Resident/Home.cshtml'.
dbug: Microsoft.AspNetCore.Mvc.Razor.Compilation.DefaultViewCompiler[3]
      Initializing Razor view compiler with compiled view: '/Views/Resident/MyPackages.cshtml'.
dbug: Microsoft.AspNetCore.Mvc.Razor.Compilation.DefaultViewCompiler[3]
      Initializing Razor view compiler with compiled view: '/Views/Resident/PackagePhoto.cshtml'.
dbug: Microsoft.AspNetCore.Mvc.Razor.Compilation.DefaultViewCompiler[3]
      Initializing Razor view compiler with compiled view: '/Views/Shared/Error.cshtml'.
dbug: Microsoft.AspNetCore.Mvc.Razor.Compilation.DefaultViewCompiler[3]
      Initializing Razor view compiler with compiled view: '/Views/Shared/_AdminLayout.cshtml'.
dbug: Microsoft.AspNetCore.Mvc.Razor.Compilation.DefaultViewCompiler[3]
      Initializing Razor view compiler with compiled view: '/Views/Shared/_Layout.cshtml'.
dbug: Microsoft.AspNetCore.Mvc.Razor.Compilation.DefaultViewCompiler[3]
      Initializing Razor view compiler with compiled view: '/Views/Shared/_ResidentLayout.cshtml'.
dbug: Microsoft.AspNetCore.Mvc.Razor.Compilation.DefaultViewCompiler[3]
      Initializing Razor view compiler with compiled view: '/Views/Shared/_ValidationScriptsPartial.cshtml'.
dbug: Microsoft.AspNetCore.Mvc.Razor.Compilation.DefaultViewCompiler[3]
      Initializing Razor view compiler with compiled view: '/Views/_ViewImports.cshtml'.
dbug: Microsoft.AspNetCore.Mvc.Razor.Compilation.DefaultViewCompiler[3]
      Initializing Razor view compiler with compiled view: '/Views/_ViewStart.cshtml'.
dbug: Microsoft.AspNetCore.Mvc.Razor.Compilation.DefaultViewCompiler[3]
      Initializing Razor view compiler with compiled view: '/Views/Shared/_Layout_back.cshtml'.
info: Microsoft.AspNetCore.Mvc.ViewFeatures.ViewResultExecutor[1]
      Executing ViewResult, running view Index.
dbug: Microsoft.AspNetCore.Mvc.ViewFeatures.ViewResultExecutor[2]
      The view path '/Views/Home/Index.cshtml' was found in 23.8983ms.
dbug: Microsoft.AspNetCore.Antiforgery.DefaultAntiforgery[6]
      An antiforgery cookie token was reused.
dbug: Microsoft.WebTools.BrowserLink.Net.BrowserLinkMiddleware[1]
      Response markup is scheduled to include Browser Link script injection.
dbug: Microsoft.AspNetCore.Watch.BrowserRefresh.BrowserRefreshMiddleware[1]
      Response markup is scheduled to include browser refresh script injection.
info: Microsoft.AspNetCore.Mvc.ViewFeatures.ViewResultExecutor[4]
      Executed ViewResult - view Index executed in 31.0872ms.
info: Microsoft.AspNetCore.Mvc.Infrastructure.ControllerActionInvoker[105]
      Executed action ParcelManagement2.Controllers.HomeController.Index (ParcelProject) in 36.4985ms
info: Microsoft.AspNetCore.Routing.EndpointMiddleware[1]
      Executed endpoint 'ParcelManagement2.Controllers.HomeController.Index (ParcelProject)'
dbug: Microsoft.WebTools.BrowserLink.Net.BrowserLinkMiddleware[2]
      Response markup was updated to include Browser Link script injection.
dbug: Microsoft.AspNetCore.Watch.BrowserRefresh.BrowserRefreshMiddleware[2]
      Response markup was updated to include browser refresh script injection.
dbug: Microsoft.AspNetCore.Server.IIS.Core.IISHttpServer[1]
      Connection ID "17726168177085251605" disconnecting.
info: Microsoft.AspNetCore.Hosting.Diagnostics[2]
      Request finished HTTP/2 GET https://localhost:44353/Home/Index - 200 - text/html;+charset=utf-8 64.2674ms
info: Microsoft.AspNetCore.Hosting.Diagnostics[1]
      Request starting HTTP/2 GET https://localhost:44353/_vs/browserLink - - -
info: Microsoft.AspNetCore.Hosting.Diagnostics[1]
      Request starting HTTP/2 GET https://localhost:44353/_framework/aspnetcore-browser-refresh.js - - -
dbug: Microsoft.AspNetCore.Watch.BrowserRefresh.BrowserScriptMiddleware[0]
      Script injected: /_framework/aspnetcore-browser-refresh.js
info: Microsoft.AspNetCore.Hosting.Diagnostics[2]
      Request finished HTTP/2 GET https://localhost:44353/_framework/aspnetcore-browser-refresh.js - 200 16511 application/javascript;+charset=utf-8 3.4383ms
dbug: Microsoft.AspNetCore.Server.IIS.Core.IISHttpServer[1]
      Connection ID "18230571343940681930" disconnecting.
dbug: Microsoft.AspNetCore.Server.IIS.Core.IISHttpServer[1]
      Connection ID "18302628946568544358" disconnecting.
info: Microsoft.AspNetCore.Hosting.Diagnostics[2]
      Request finished HTTP/2 GET https://localhost:44353/_vs/browserLink - 200 - text/javascript;+charset=UTF-8 11.3013ms
info: Microsoft.AspNetCore.Hosting.Diagnostics[1]
      Request starting HTTP/2 POST https://localhost:44353/Home/GetResidentPackageStats - - 0
dbug: Microsoft.AspNetCore.StaticFiles.StaticFileMiddleware[1]
      POST requests are not supported
dbug: Microsoft.AspNetCore.Routing.Matching.DfaMatcher[1001]
      1 candidate(s) found for the request path '/Home/GetResidentPackageStats'
dbug: Microsoft.AspNetCore.Routing.Matching.DfaMatcher[1005]
      Endpoint 'ParcelManagement2.Controllers.HomeController.GetResidentPackageStats (ParcelProject)' with route pattern '{controller=Account}/{action=Login}/{id?}' is valid for the request path '/Home/GetResidentPackageStats'
dbug: Microsoft.AspNetCore.Routing.EndpointRoutingMiddleware[1]
      Request matched endpoint 'ParcelManagement2.Controllers.HomeController.GetResidentPackageStats (ParcelProject)'
dbug: Microsoft.AspNetCore.Authentication.Cookies.CookieAuthenticationHandler[8]
      AuthenticationScheme: Cookies was successfully authenticated.
dbug: Microsoft.AspNetCore.Authorization.DefaultAuthorizationService[1]
      Authorization was successful.
info: Microsoft.AspNetCore.Routing.EndpointMiddleware[0]
      Executing endpoint 'ParcelManagement2.Controllers.HomeController.GetResidentPackageStats (ParcelProject)'
info: Microsoft.AspNetCore.Mvc.Infrastructure.ControllerActionInvoker[102]
      Route matched with {action = "GetResidentPackageStats", controller = "Home"}. Executing controller action with signature Microsoft.AspNetCore.Mvc.IActionResult GetResidentPackageStats() on controller ParcelManagement2.Controllers.HomeController (ParcelProject).
dbug: Microsoft.AspNetCore.Mvc.Infrastructure.ControllerActionInvoker[1]
      Execution plan of authorization filters (in the following order): None
dbug: Microsoft.AspNetCore.Mvc.Infrastructure.ControllerActionInvoker[1]
      Execution plan of resource filters (in the following order): Microsoft.AspNetCore.Mvc.ViewFeatures.Filters.SaveTempDataFilter
dbug: Microsoft.AspNetCore.Mvc.Infrastructure.ControllerActionInvoker[1]
      Execution plan of action filters (in the following order): Microsoft.AspNetCore.Mvc.Filters.ControllerActionFilter (Order: -2147483648), Microsoft.AspNetCore.Mvc.ModelBinding.UnsupportedContentTypeFilter (Order: -3000)
dbug: Microsoft.AspNetCore.Mvc.Infrastructure.ControllerActionInvoker[1]
      Execution plan of exception filters (in the following order): None
dbug: Microsoft.AspNetCore.Mvc.Infrastructure.ControllerActionInvoker[1]
      Execution plan of result filters (in the following order): Microsoft.AspNetCore.Mvc.ViewFeatures.Filters.SaveTempDataFilter
dbug: Microsoft.AspNetCore.Mvc.Infrastructure.ControllerActionInvoker[1]
      Executing controller factory for controller ParcelManagement2.Controllers.HomeController (ParcelProject)
dbug: ParcelManagement2.Models.DBConn[0]
      資料庫連線字串已設定
dbug: Microsoft.AspNetCore.Mvc.Infrastructure.ControllerActionInvoker[2]
      Executed controller factory for controller ParcelManagement2.Controllers.HomeController (ParcelProject)
dbug: ParcelManagement2.Models.DBConn[0]
      查詢成功，返回 28 行數據
info: Microsoft.AspNetCore.Mvc.Infrastructure.ContentResultExecutor[1]
      Executing ContentResult with HTTP Response ContentType of application/json
info: Microsoft.AspNetCore.Mvc.Infrastructure.ControllerActionInvoker[105]
      Executed action ParcelManagement2.Controllers.HomeController.GetResidentPackageStats (ParcelProject) in 31.6852ms
info: Microsoft.AspNetCore.Routing.EndpointMiddleware[1]
      Executed endpoint 'ParcelManagement2.Controllers.HomeController.GetResidentPackageStats (ParcelProject)'
info: Microsoft.AspNetCore.Hosting.Diagnostics[2]
      Request finished HTTP/2 POST https://localhost:44353/Home/GetResidentPackageStats - 200 2791 application/json 53.2246ms
dbug: Microsoft.AspNetCore.Server.IIS.Core.IISHttpServer[1]
      Connection ID "17942340916249362469" disconnecting.
dbug: Microsoft.Extensions.Http.DefaultHttpClientFactory[100]
      Starting HttpMessageHandler cleanup cycle with 1 items
dbug: Microsoft.Extensions.Http.DefaultHttpClientFactory[101]
      Ending HttpMessageHandler cleanup cycle after 0.0051ms - processed: 0 items - remaining: 1 items
info: Microsoft.AspNetCore.Hosting.Diagnostics[1]
      Request starting HTTP/2 POST https://localhost:44353/Account/Logout - - 0
dbug: Microsoft.AspNetCore.StaticFiles.StaticFileMiddleware[1]
      POST requests are not supported
dbug: Microsoft.AspNetCore.Routing.Matching.DfaMatcher[1001]
      1 candidate(s) found for the request path '/Account/Logout'
dbug: Microsoft.AspNetCore.Routing.Matching.DfaMatcher[1005]
      Endpoint 'ParcelManagement2.Controllers.AccountController.Logout (ParcelProject)' with route pattern '{controller=Account}/{action=Login}/{id?}' is valid for the request path '/Account/Logout'
dbug: Microsoft.AspNetCore.Routing.EndpointRoutingMiddleware[1]
      Request matched endpoint 'ParcelManagement2.Controllers.AccountController.Logout (ParcelProject)'
dbug: Microsoft.AspNetCore.Authentication.Cookies.CookieAuthenticationHandler[8]
      AuthenticationScheme: Cookies was successfully authenticated.
dbug: Microsoft.AspNetCore.Authorization.DefaultAuthorizationService[1]
      Authorization was successful.
info: Microsoft.AspNetCore.Routing.EndpointMiddleware[0]
      Executing endpoint 'ParcelManagement2.Controllers.AccountController.Logout (ParcelProject)'
info: Microsoft.AspNetCore.Mvc.Infrastructure.ControllerActionInvoker[102]
      Route matched with {action = "Logout", controller = "Account"}. Executing controller action with signature System.Threading.Tasks.Task`1[Microsoft.AspNetCore.Mvc.IActionResult] Logout() on controller ParcelManagement2.Controllers.AccountController (ParcelProject).
dbug: Microsoft.AspNetCore.Mvc.Infrastructure.ControllerActionInvoker[1]
      Execution plan of authorization filters (in the following order): None
dbug: Microsoft.AspNetCore.Mvc.Infrastructure.ControllerActionInvoker[1]
      Execution plan of resource filters (in the following order): Microsoft.AspNetCore.Mvc.ViewFeatures.Filters.SaveTempDataFilter
dbug: Microsoft.AspNetCore.Mvc.Infrastructure.ControllerActionInvoker[1]
      Execution plan of action filters (in the following order): Microsoft.AspNetCore.Mvc.Filters.ControllerActionFilter (Order: -2147483648), Microsoft.AspNetCore.Mvc.ModelBinding.UnsupportedContentTypeFilter (Order: -3000)
dbug: Microsoft.AspNetCore.Mvc.Infrastructure.ControllerActionInvoker[1]
      Execution plan of exception filters (in the following order): None
dbug: Microsoft.AspNetCore.Mvc.Infrastructure.ControllerActionInvoker[1]
      Execution plan of result filters (in the following order): Microsoft.AspNetCore.Mvc.ViewFeatures.Filters.SaveTempDataFilter
dbug: Microsoft.AspNetCore.Mvc.Infrastructure.ControllerActionInvoker[1]
      Executing controller factory for controller ParcelManagement2.Controllers.AccountController (ParcelProject)
dbug: Microsoft.AspNetCore.Mvc.Infrastructure.ControllerActionInvoker[2]
      Executed controller factory for controller ParcelManagement2.Controllers.AccountController (ParcelProject)
info: Microsoft.AspNetCore.Authentication.Cookies.CookieAuthenticationHandler[11]
      AuthenticationScheme: Cookies signed out.
info: ParcelManagement2.Controllers.AccountController[0]
      使用者登出: test001
info: Microsoft.AspNetCore.Mvc.Infrastructure.SystemTextJsonResultExecutor[1]
      Executing JsonResult, writing value of type '<>f__AnonymousType4`2[[System.Boolean, System.Private.CoreLib, Version=8.0.0.0, Culture=neutral, PublicKeyToken=7cec85d7bea7798e],[System.String, System.Private.CoreLib, Version=8.0.0.0, Culture=neutral, PublicKeyToken=7cec85d7bea7798e]]'.
info: Microsoft.AspNetCore.Mvc.Infrastructure.ControllerActionInvoker[105]
      Executed action ParcelManagement2.Controllers.AccountController.Logout (ParcelProject) in 9.3197ms
info: Microsoft.AspNetCore.Routing.EndpointMiddleware[1]
      Executed endpoint 'ParcelManagement2.Controllers.AccountController.Logout (ParcelProject)'
info: Microsoft.AspNetCore.Hosting.Diagnostics[2]
      Request finished HTTP/2 POST https://localhost:44353/Account/Logout - 200 - application/json;+charset=utf-8 32.6833ms
dbug: Microsoft.AspNetCore.Server.IIS.Core.IISHttpServer[1]
      Connection ID "18158513715543015470" disconnecting.
info: Microsoft.AspNetCore.Hosting.Diagnostics[1]
      Request starting HTTP/2 GET https://localhost:44353/Account/Login - - -
dbug: Microsoft.AspNetCore.StaticFiles.StaticFileMiddleware[4]
      The request path /Account/Login does not match a supported file type
dbug: Microsoft.AspNetCore.Routing.Matching.DfaMatcher[1001]
      1 candidate(s) found for the request path '/Account/Login'
dbug: Microsoft.AspNetCore.Routing.Matching.DfaMatcher[1005]
      Endpoint 'ParcelManagement2.Controllers.AccountController.Login (ParcelProject)' with route pattern '{controller=Account}/{action=Login}/{id?}' is valid for the request path '/Account/Login'
dbug: Microsoft.AspNetCore.Routing.EndpointRoutingMiddleware[1]
      Request matched endpoint 'ParcelManagement2.Controllers.AccountController.Login (ParcelProject)'
dbug: Microsoft.AspNetCore.Authentication.Cookies.CookieAuthenticationHandler[9]
      AuthenticationScheme: Cookies was not authenticated.
info: Microsoft.AspNetCore.Routing.EndpointMiddleware[0]
      Executing endpoint 'ParcelManagement2.Controllers.AccountController.Login (ParcelProject)'
info: Microsoft.AspNetCore.Mvc.Infrastructure.ControllerActionInvoker[102]
      Route matched with {action = "Login", controller = "Account"}. Executing controller action with signature Microsoft.AspNetCore.Mvc.IActionResult Login(System.String) on controller ParcelManagement2.Controllers.AccountController (ParcelProject).
dbug: Microsoft.AspNetCore.Mvc.Infrastructure.ControllerActionInvoker[1]
      Execution plan of authorization filters (in the following order): None
dbug: Microsoft.AspNetCore.Mvc.Infrastructure.ControllerActionInvoker[1]
      Execution plan of resource filters (in the following order): Microsoft.AspNetCore.Mvc.ViewFeatures.Filters.SaveTempDataFilter
dbug: Microsoft.AspNetCore.Mvc.Infrastructure.ControllerActionInvoker[1]
      Execution plan of action filters (in the following order): Microsoft.AspNetCore.Mvc.Filters.ControllerActionFilter (Order: -2147483648), Microsoft.AspNetCore.Mvc.ModelBinding.UnsupportedContentTypeFilter (Order: -3000)
dbug: Microsoft.AspNetCore.Mvc.Infrastructure.ControllerActionInvoker[1]
      Execution plan of exception filters (in the following order): None
dbug: Microsoft.AspNetCore.Mvc.Infrastructure.ControllerActionInvoker[1]
      Execution plan of result filters (in the following order): Microsoft.AspNetCore.Mvc.ViewFeatures.Filters.SaveTempDataFilter
dbug: Microsoft.AspNetCore.Mvc.Infrastructure.ControllerActionInvoker[1]
      Executing controller factory for controller ParcelManagement2.Controllers.AccountController (ParcelProject)
dbug: Microsoft.AspNetCore.Mvc.Infrastructure.ControllerActionInvoker[2]
      Executed controller factory for controller ParcelManagement2.Controllers.AccountController (ParcelProject)
dbug: Microsoft.AspNetCore.Mvc.ModelBinding.ParameterBinder[22]
      Attempting to bind parameter 'returnUrl' of type 'System.String' ...
dbug: Microsoft.AspNetCore.Mvc.ModelBinding.Binders.SimpleTypeModelBinder[44]
      Attempting to bind parameter 'returnUrl' of type 'System.String' using the name '' in request data ...
dbug: Microsoft.AspNetCore.Mvc.ModelBinding.Binders.SimpleTypeModelBinder[16]
      Could not find a value in the request with name '' for binding parameter 'returnUrl' of type 'System.String'.
dbug: Microsoft.AspNetCore.Mvc.ModelBinding.Binders.SimpleTypeModelBinder[45]
      Done attempting to bind parameter 'returnUrl' of type 'System.String'.
dbug: Microsoft.AspNetCore.Mvc.ModelBinding.ParameterBinder[23]
      Done attempting to bind parameter 'returnUrl' of type 'System.String'.
dbug: Microsoft.AspNetCore.Mvc.ModelBinding.ParameterBinder[26]
      Attempting to validate the bound parameter 'returnUrl' of type 'System.String' ...
dbug: Microsoft.AspNetCore.Mvc.ModelBinding.ParameterBinder[27]
      Done attempting to validate the bound parameter 'returnUrl' of type 'System.String'.
dbug: Microsoft.AspNetCore.Mvc.Razor.RazorViewEngine[1]
      View lookup cache miss for view 'Login' in controller 'Account'.
info: Microsoft.AspNetCore.Mvc.ViewFeatures.ViewResultExecutor[1]
      Executing ViewResult, running view Login.
dbug: Microsoft.AspNetCore.Mvc.ViewFeatures.ViewResultExecutor[2]
      The view path '/Views/Account/Login.cshtml' was found in 2.474ms.
dbug: Microsoft.AspNetCore.Antiforgery.DefaultAntiforgery[6]
      An antiforgery cookie token was reused.
dbug: Microsoft.WebTools.BrowserLink.Net.BrowserLinkMiddleware[1]
      Response markup is scheduled to include Browser Link script injection.
dbug: Microsoft.AspNetCore.Watch.BrowserRefresh.BrowserRefreshMiddleware[1]
      Response markup is scheduled to include browser refresh script injection.
info: Microsoft.AspNetCore.Mvc.ViewFeatures.ViewResultExecutor[4]
      Executed ViewResult - view Login executed in 8.2712ms.
info: Microsoft.AspNetCore.Mvc.Infrastructure.ControllerActionInvoker[105]
      Executed action ParcelManagement2.Controllers.AccountController.Login (ParcelProject) in 20.4072ms
info: Microsoft.AspNetCore.Routing.EndpointMiddleware[1]
      Executed endpoint 'ParcelManagement2.Controllers.AccountController.Login (ParcelProject)'
dbug: Microsoft.WebTools.BrowserLink.Net.BrowserLinkMiddleware[2]
      Response markup was updated to include Browser Link script injection.
dbug: Microsoft.AspNetCore.Watch.BrowserRefresh.BrowserRefreshMiddleware[2]
      Response markup was updated to include browser refresh script injection.
info: Microsoft.AspNetCore.Hosting.Diagnostics[2]
      Request finished HTTP/2 GET https://localhost:44353/Account/Login - 200 - text/html;+charset=utf-8 44.8740ms
dbug: Microsoft.AspNetCore.Server.IIS.Core.IISHttpServer[1]
      Connection ID "18158513715543015472" disconnecting.
info: Microsoft.AspNetCore.Hosting.Diagnostics[1]
      Request starting HTTP/2 GET https://localhost:44353/_vs/browserLink - - -
info: Microsoft.AspNetCore.Hosting.Diagnostics[1]
      Request starting HTTP/2 GET https://localhost:44353/_framework/aspnetcore-browser-refresh.js - - -
dbug: Microsoft.AspNetCore.Watch.BrowserRefresh.BrowserScriptMiddleware[0]
      Script injected: /_framework/aspnetcore-browser-refresh.js
dbug: Microsoft.AspNetCore.Server.IIS.Core.IISHttpServer[1]
      Connection ID "18158513732722884933" disconnecting.
info: Microsoft.AspNetCore.Hosting.Diagnostics[2]
      Request finished HTTP/2 GET https://localhost:44353/_framework/aspnetcore-browser-refresh.js - 200 16511 application/javascript;+charset=utf-8 5.4937ms
dbug: Microsoft.AspNetCore.Server.IIS.Core.IISHttpServer[1]
      Connection ID "18014398544647028836" disconnecting.
info: Microsoft.AspNetCore.Hosting.Diagnostics[2]
      Request finished HTTP/2 GET https://localhost:44353/_vs/browserLink - 200 - text/javascript;+charset=UTF-8 18.6704ms
info: Microsoft.AspNetCore.Hosting.Diagnostics[1]
      Request starting HTTP/2 POST https://localhost:44353/Account/Login - application/json 45
dbug: Microsoft.AspNetCore.StaticFiles.StaticFileMiddleware[1]
      POST requests are not supported
dbug: Microsoft.AspNetCore.Routing.Matching.DfaMatcher[1001]
      2 candidate(s) found for the request path '/Account/Login'
dbug: Microsoft.AspNetCore.Routing.Matching.DfaMatcher[1005]
      Endpoint 'ParcelManagement2.Controllers.AccountController.Login (ParcelProject)' with route pattern '{controller=Account}/{action=Login}/{id?}' is valid for the request path '/Account/Login'
dbug: Microsoft.AspNetCore.Routing.Matching.DfaMatcher[1005]
      Endpoint 'ParcelManagement2.Controllers.AccountController.Login (ParcelProject)' with route pattern '{controller=Account}/{action=Login}/{id?}' is valid for the request path '/Account/Login'
dbug: Microsoft.AspNetCore.Routing.EndpointRoutingMiddleware[1]
      Request matched endpoint 'ParcelManagement2.Controllers.AccountController.Login (ParcelProject)'
dbug: Microsoft.AspNetCore.Authentication.Cookies.CookieAuthenticationHandler[9]
      AuthenticationScheme: Cookies was not authenticated.
info: Microsoft.AspNetCore.Routing.EndpointMiddleware[0]
      Executing endpoint 'ParcelManagement2.Controllers.AccountController.Login (ParcelProject)'
info: Microsoft.AspNetCore.Mvc.Infrastructure.ControllerActionInvoker[102]
      Route matched with {action = "Login", controller = "Account"}. Executing controller action with signature System.Threading.Tasks.Task`1[Microsoft.AspNetCore.Mvc.JsonResult] Login(LoginDto) on controller ParcelManagement2.Controllers.AccountController (ParcelProject).
dbug: Microsoft.AspNetCore.Mvc.Infrastructure.ControllerActionInvoker[1]
      Execution plan of authorization filters (in the following order): None
dbug: Microsoft.AspNetCore.Mvc.Infrastructure.ControllerActionInvoker[1]
      Execution plan of resource filters (in the following order): Microsoft.AspNetCore.Mvc.ViewFeatures.Filters.SaveTempDataFilter
dbug: Microsoft.AspNetCore.Mvc.Infrastructure.ControllerActionInvoker[1]
      Execution plan of action filters (in the following order): Microsoft.AspNetCore.Mvc.Filters.ControllerActionFilter (Order: -2147483648), Microsoft.AspNetCore.Mvc.ModelBinding.UnsupportedContentTypeFilter (Order: -3000)
dbug: Microsoft.AspNetCore.Mvc.Infrastructure.ControllerActionInvoker[1]
      Execution plan of exception filters (in the following order): None
dbug: Microsoft.AspNetCore.Mvc.Infrastructure.ControllerActionInvoker[1]
      Execution plan of result filters (in the following order): Microsoft.AspNetCore.Mvc.ViewFeatures.Filters.SaveTempDataFilter
dbug: Microsoft.AspNetCore.Mvc.Infrastructure.ControllerActionInvoker[1]
      Executing controller factory for controller ParcelManagement2.Controllers.AccountController (ParcelProject)
dbug: Microsoft.AspNetCore.Mvc.Infrastructure.ControllerActionInvoker[2]
      Executed controller factory for controller ParcelManagement2.Controllers.AccountController (ParcelProject)
dbug: Microsoft.AspNetCore.Mvc.ModelBinding.ParameterBinder[22]
      Attempting to bind parameter 'dto' of type 'ParcelManagement2.Models.Request.AccountRequest+LoginDto' ...
dbug: Microsoft.AspNetCore.Mvc.ModelBinding.Binders.BodyModelBinder[44]
      Attempting to bind parameter 'dto' of type 'ParcelManagement2.Models.Request.AccountRequest+LoginDto' using the name '' in request data ...
dbug: Microsoft.AspNetCore.Mvc.ModelBinding.Binders.BodyModelBinder[1]
      Selected input formatter 'Microsoft.AspNetCore.Mvc.Formatters.SystemTextJsonInputFormatter' for content type 'application/json'.
dbug: Microsoft.AspNetCore.Mvc.Formatters.SystemTextJsonInputFormatter[2]
      JSON input formatter succeeded, deserializing to type 'ParcelManagement2.Models.Request.AccountRequest+LoginDto'
dbug: Microsoft.AspNetCore.Mvc.ModelBinding.Binders.BodyModelBinder[45]
      Done attempting to bind parameter 'dto' of type 'ParcelManagement2.Models.Request.AccountRequest+LoginDto'.
dbug: Microsoft.AspNetCore.Mvc.ModelBinding.ParameterBinder[23]
      Done attempting to bind parameter 'dto' of type 'ParcelManagement2.Models.Request.AccountRequest+LoginDto'.
dbug: Microsoft.AspNetCore.Mvc.ModelBinding.ParameterBinder[26]
      Attempting to validate the bound parameter 'dto' of type 'ParcelManagement2.Models.Request.AccountRequest+LoginDto' ...
dbug: Microsoft.AspNetCore.Mvc.ModelBinding.ParameterBinder[27]
      Done attempting to validate the bound parameter 'dto' of type 'ParcelManagement2.Models.Request.AccountRequest+LoginDto'.
info: ParcelManagement2.Controllers.AccountController[0]
      登入嘗試開始
info: ParcelManagement2.Controllers.AccountController[0]
      ModelState valid=True
info: ParcelManagement2.Controllers.AccountController[0]
      接收到的資料 - Username: userA10101, Password: True
info: ParcelManagement2.Controllers.AccountController[0]
      登入成功 - Username: userA10101, Role: Resident
info: Microsoft.AspNetCore.Authentication.Cookies.CookieAuthenticationHandler[10]
      AuthenticationScheme: Cookies signed in.
dbug: Microsoft.AspNetCore.Routing.DefaultLinkGenerator[100]
      Found the endpoints Route: {controller=Account}/{action=Login}/{id?} for address (action=[Home],controller=[Resident])
dbug: Microsoft.AspNetCore.Routing.DefaultLinkGenerator[102]
      Successfully processed template {controller=Account}/{action=Login}/{id?} for Route: {controller=Account}/{action=Login}/{id?} resulting in /Resident/Home and 
dbug: Microsoft.AspNetCore.Routing.DefaultLinkGenerator[105]
      Link generation succeeded for endpoints Route: {controller=Account}/{action=Login}/{id?} with result /Resident/Home
info: ParcelManagement2.Controllers.AccountController[0]
      登入完成，導向: /Resident/Home
info: Microsoft.AspNetCore.Mvc.Infrastructure.SystemTextJsonResultExecutor[1]
      Executing JsonResult, writing value of type '<>f__AnonymousType2`4[[System.Boolean, System.Private.CoreLib, Version=8.0.0.0, Culture=neutral, PublicKeyToken=7cec85d7bea7798e],[System.String, System.Private.CoreLib, Version=8.0.0.0, Culture=neutral, PublicKeyToken=7cec85d7bea7798e],[System.String, System.Private.CoreLib, Version=8.0.0.0, Culture=neutral, PublicKeyToken=7cec85d7bea7798e],[<>f__AnonymousType3`2[[System.String, System.Private.CoreLib, Version=8.0.0.0, Culture=neutral, PublicKeyToken=7cec85d7bea7798e],[System.String, System.Private.CoreLib, Version=8.0.0.0, Culture=neutral, PublicKeyToken=7cec85d7bea7798e]], ParcelProject, Version=1.0.0.0, Culture=neutral, PublicKeyToken=null]]'.
info: Microsoft.AspNetCore.Mvc.Infrastructure.ControllerActionInvoker[105]
      Executed action ParcelManagement2.Controllers.AccountController.Login (ParcelProject) in 97.4659ms
info: Microsoft.AspNetCore.Routing.EndpointMiddleware[1]
      Executed endpoint 'ParcelManagement2.Controllers.AccountController.Login (ParcelProject)'
info: Microsoft.AspNetCore.Hosting.Diagnostics[2]
      Request finished HTTP/2 POST https://localhost:44353/Account/Login - 200 - application/json;+charset=utf-8 146.2449ms
dbug: Microsoft.AspNetCore.Server.IIS.Core.IISHttpServer[1]
      Connection ID "18302628946568544360" disconnecting.
info: Microsoft.AspNetCore.Hosting.Diagnostics[1]
      Request starting HTTP/2 GET https://localhost:44353/Resident/Home - - -
dbug: Microsoft.AspNetCore.StaticFiles.StaticFileMiddleware[4]
      The request path /Resident/Home does not match a supported file type
dbug: Microsoft.AspNetCore.Routing.Matching.DfaMatcher[1001]
      1 candidate(s) found for the request path '/Resident/Home'
dbug: Microsoft.AspNetCore.Routing.Matching.DfaMatcher[1005]
      Endpoint 'ParcelManagement2.Controllers.ResidentController.Home (ParcelProject)' with route pattern '{controller=Account}/{action=Login}/{id?}' is valid for the request path '/Resident/Home'
dbug: Microsoft.AspNetCore.Routing.EndpointRoutingMiddleware[1]
      Request matched endpoint 'ParcelManagement2.Controllers.ResidentController.Home (ParcelProject)'
dbug: Microsoft.AspNetCore.Authentication.Cookies.CookieAuthenticationHandler[8]
      AuthenticationScheme: Cookies was successfully authenticated.
dbug: Microsoft.AspNetCore.Authorization.DefaultAuthorizationService[1]
      Authorization was successful.
info: Microsoft.AspNetCore.Routing.EndpointMiddleware[0]
      Executing endpoint 'ParcelManagement2.Controllers.ResidentController.Home (ParcelProject)'
info: Microsoft.AspNetCore.Mvc.Infrastructure.ControllerActionInvoker[102]
      Route matched with {action = "Home", controller = "Resident"}. Executing controller action with signature Microsoft.AspNetCore.Mvc.IActionResult Home() on controller ParcelManagement2.Controllers.ResidentController (ParcelProject).
dbug: Microsoft.AspNetCore.Mvc.Infrastructure.ControllerActionInvoker[1]
      Execution plan of authorization filters (in the following order): None
dbug: Microsoft.AspNetCore.Mvc.Infrastructure.ControllerActionInvoker[1]
      Execution plan of resource filters (in the following order): Microsoft.AspNetCore.Mvc.ViewFeatures.Filters.SaveTempDataFilter
dbug: Microsoft.AspNetCore.Mvc.Infrastructure.ControllerActionInvoker[1]
      Execution plan of action filters (in the following order): Microsoft.AspNetCore.Mvc.Filters.ControllerActionFilter (Order: -2147483648), Microsoft.AspNetCore.Mvc.ModelBinding.UnsupportedContentTypeFilter (Order: -3000)
dbug: Microsoft.AspNetCore.Mvc.Infrastructure.ControllerActionInvoker[1]
      Execution plan of exception filters (in the following order): None
dbug: Microsoft.AspNetCore.Mvc.Infrastructure.ControllerActionInvoker[1]
      Execution plan of result filters (in the following order): Microsoft.AspNetCore.Mvc.ViewFeatures.Filters.SaveTempDataFilter
dbug: Microsoft.AspNetCore.Mvc.Infrastructure.ControllerActionInvoker[1]
      Executing controller factory for controller ParcelManagement2.Controllers.ResidentController (ParcelProject)
dbug: ParcelManagement2.Models.DBConn[0]
      資料庫連線字串已設定
dbug: Microsoft.AspNetCore.Mvc.Infrastructure.ControllerActionInvoker[2]
      Executed controller factory for controller ParcelManagement2.Controllers.ResidentController (ParcelProject)
dbug: ParcelManagement2.Models.DBConn[0]
      查詢成功，返回 1 行數據
dbug: Microsoft.AspNetCore.Session.DistributedSession[4]
      Session loaded; Key:f3a42b75-d459-1344-3c37-ff3073c71b14, Id:be5fffd8-37ca-330c-7652-55aaec6333fb, Count:1
dbug: Microsoft.AspNetCore.Mvc.Razor.RazorViewEngine[1]
      View lookup cache miss for view 'Home' in controller 'Resident'.
info: Microsoft.AspNetCore.Mvc.ViewFeatures.ViewResultExecutor[1]
      Executing ViewResult, running view Home.
dbug: Microsoft.AspNetCore.Mvc.ViewFeatures.ViewResultExecutor[2]
      The view path '/Views/Resident/Home.cshtml' was found in 4.7075ms.
dbug: Microsoft.AspNetCore.Antiforgery.DefaultAntiforgery[6]
      An antiforgery cookie token was reused.
dbug: Microsoft.WebTools.BrowserLink.Net.BrowserLinkMiddleware[1]
      Response markup is scheduled to include Browser Link script injection.
dbug: Microsoft.AspNetCore.Watch.BrowserRefresh.BrowserRefreshMiddleware[1]
      Response markup is scheduled to include browser refresh script injection.
info: Microsoft.AspNetCore.Mvc.ViewFeatures.ViewResultExecutor[4]
      Executed ViewResult - view Home executed in 25.0075ms.
info: Microsoft.AspNetCore.Mvc.Infrastructure.ControllerActionInvoker[105]
      Executed action ParcelManagement2.Controllers.ResidentController.Home (ParcelProject) in 66.6772ms
info: Microsoft.AspNetCore.Routing.EndpointMiddleware[1]
      Executed endpoint 'ParcelManagement2.Controllers.ResidentController.Home (ParcelProject)'
dbug: Microsoft.WebTools.BrowserLink.Net.BrowserLinkMiddleware[2]
      Response markup was updated to include Browser Link script injection.
dbug: Microsoft.AspNetCore.Watch.BrowserRefresh.BrowserRefreshMiddleware[2]
      Response markup was updated to include browser refresh script injection.
dbug: Microsoft.AspNetCore.Server.IIS.Core.IISHttpServer[1]
      Connection ID "17942340916249362473" disconnecting.
info: Microsoft.AspNetCore.Hosting.Diagnostics[2]
      Request finished HTTP/2 GET https://localhost:44353/Resident/Home - 200 - text/html;+charset=utf-8 125.3576ms
info: Microsoft.AspNetCore.Hosting.Diagnostics[1]
      Request starting HTTP/2 POST https://localhost:44353/Resident/GetUncollectedPackages - - 0
info: Microsoft.AspNetCore.Hosting.Diagnostics[1]
      Request starting HTTP/2 POST https://localhost:44353/Resident/GetUncollectedMails - - 0
dbug: Microsoft.AspNetCore.StaticFiles.StaticFileMiddleware[1]
      POST requests are not supported
info: Microsoft.AspNetCore.Hosting.Diagnostics[1]
      Request starting HTTP/2 GET https://localhost:44353/_framework/aspnetcore-browser-refresh.js - - -
info: Microsoft.AspNetCore.Hosting.Diagnostics[1]
      Request starting HTTP/2 GET https://localhost:44353/_vs/browserLink - - -
dbug: Microsoft.AspNetCore.StaticFiles.StaticFileMiddleware[1]
      POST requests are not supported
dbug: Microsoft.AspNetCore.Routing.Matching.DfaMatcher[1001]
      1 candidate(s) found for the request path '/Resident/GetUncollectedPackages'
dbug: Microsoft.AspNetCore.Routing.Matching.DfaMatcher[1005]
      Endpoint 'ParcelManagement2.Controllers.ResidentController.GetUncollectedPackages (ParcelProject)' with route pattern '{controller=Account}/{action=Login}/{id?}' is valid for the request path '/Resident/GetUncollectedPackages'
dbug: Microsoft.AspNetCore.Watch.BrowserRefresh.BrowserScriptMiddleware[0]
      Script injected: /_framework/aspnetcore-browser-refresh.js
dbug: Microsoft.AspNetCore.Routing.Matching.DfaMatcher[1001]
      1 candidate(s) found for the request path '/Resident/GetUncollectedMails'
dbug: Microsoft.AspNetCore.Routing.EndpointRoutingMiddleware[1]
      Request matched endpoint 'ParcelManagement2.Controllers.ResidentController.GetUncollectedPackages (ParcelProject)'
info: Microsoft.AspNetCore.Hosting.Diagnostics[2]
      Request finished HTTP/2 GET https://localhost:44353/_framework/aspnetcore-browser-refresh.js - 200 16511 application/javascript;+charset=utf-8 45.7947ms
dbug: Microsoft.AspNetCore.Server.IIS.Core.IISHttpServer[1]
      Connection ID "18230571326760812972" disconnecting.
dbug: Microsoft.AspNetCore.Authentication.Cookies.CookieAuthenticationHandler[8]
      AuthenticationScheme: Cookies was successfully authenticated.
dbug: Microsoft.AspNetCore.Authorization.DefaultAuthorizationService[1]
      Authorization was successful.
dbug: Microsoft.AspNetCore.Routing.Matching.DfaMatcher[1005]
      Endpoint 'ParcelManagement2.Controllers.ResidentController.GetUncollectedMails (ParcelProject)' with route pattern '{controller=Account}/{action=Login}/{id?}' is valid for the request path '/Resident/GetUncollectedMails'
info: Microsoft.AspNetCore.Routing.EndpointMiddleware[0]
      Executing endpoint 'ParcelManagement2.Controllers.ResidentController.GetUncollectedPackages (ParcelProject)'
dbug: Microsoft.AspNetCore.Routing.EndpointRoutingMiddleware[1]
      Request matched endpoint 'ParcelManagement2.Controllers.ResidentController.GetUncollectedMails (ParcelProject)'
info: Microsoft.AspNetCore.Mvc.Infrastructure.ControllerActionInvoker[102]
      Route matched with {action = "GetUncollectedPackages", controller = "Resident"}. Executing controller action with signature Microsoft.AspNetCore.Mvc.IActionResult GetUncollectedPackages() on controller ParcelManagement2.Controllers.ResidentController (ParcelProject).
dbug: Microsoft.AspNetCore.Authentication.Cookies.CookieAuthenticationHandler[8]
      AuthenticationScheme: Cookies was successfully authenticated.
dbug: Microsoft.AspNetCore.Mvc.Infrastructure.ControllerActionInvoker[1]
      Execution plan of authorization filters (in the following order): None
dbug: Microsoft.AspNetCore.Authorization.DefaultAuthorizationService[1]
      Authorization was successful.
dbug: Microsoft.AspNetCore.Mvc.Infrastructure.ControllerActionInvoker[1]
      Execution plan of resource filters (in the following order): Microsoft.AspNetCore.Mvc.ViewFeatures.Filters.SaveTempDataFilter
info: Microsoft.AspNetCore.Routing.EndpointMiddleware[0]
      Executing endpoint 'ParcelManagement2.Controllers.ResidentController.GetUncollectedMails (ParcelProject)'
dbug: Microsoft.AspNetCore.Mvc.Infrastructure.ControllerActionInvoker[1]
      Execution plan of action filters (in the following order): Microsoft.AspNetCore.Mvc.Filters.ControllerActionFilter (Order: -2147483648), Microsoft.AspNetCore.Mvc.ModelBinding.UnsupportedContentTypeFilter (Order: -3000)
dbug: Microsoft.AspNetCore.Mvc.Infrastructure.ControllerActionInvoker[1]
      Execution plan of exception filters (in the following order): None
info: Microsoft.AspNetCore.Mvc.Infrastructure.ControllerActionInvoker[102]
      Route matched with {action = "GetUncollectedMails", controller = "Resident"}. Executing controller action with signature Microsoft.AspNetCore.Mvc.IActionResult GetUncollectedMails() on controller ParcelManagement2.Controllers.ResidentController (ParcelProject).
dbug: Microsoft.AspNetCore.Mvc.Infrastructure.ControllerActionInvoker[1]
      Execution plan of result filters (in the following order): Microsoft.AspNetCore.Mvc.ViewFeatures.Filters.SaveTempDataFilter
dbug: Microsoft.AspNetCore.Mvc.Infrastructure.ControllerActionInvoker[1]
      Execution plan of authorization filters (in the following order): None
dbug: Microsoft.AspNetCore.Mvc.Infrastructure.ControllerActionInvoker[1]
      Execution plan of resource filters (in the following order): Microsoft.AspNetCore.Mvc.ViewFeatures.Filters.SaveTempDataFilter
dbug: Microsoft.AspNetCore.Mvc.Infrastructure.ControllerActionInvoker[1]
      Execution plan of action filters (in the following order): Microsoft.AspNetCore.Mvc.Filters.ControllerActionFilter (Order: -2147483648), Microsoft.AspNetCore.Mvc.ModelBinding.UnsupportedContentTypeFilter (Order: -3000)
dbug: Microsoft.AspNetCore.Mvc.Infrastructure.ControllerActionInvoker[1]
      Executing controller factory for controller ParcelManagement2.Controllers.ResidentController (ParcelProject)
dbug: Microsoft.AspNetCore.Mvc.Infrastructure.ControllerActionInvoker[1]
      Execution plan of exception filters (in the following order): None
dbug: Microsoft.AspNetCore.Mvc.Infrastructure.ControllerActionInvoker[1]
      Execution plan of result filters (in the following order): Microsoft.AspNetCore.Mvc.ViewFeatures.Filters.SaveTempDataFilter
dbug: ParcelManagement2.Models.DBConn[0]
      資料庫連線字串已設定
dbug: Microsoft.AspNetCore.Mvc.Infrastructure.ControllerActionInvoker[1]
      Executing controller factory for controller ParcelManagement2.Controllers.ResidentController (ParcelProject)
dbug: Microsoft.AspNetCore.Mvc.Infrastructure.ControllerActionInvoker[2]
      Executed controller factory for controller ParcelManagement2.Controllers.ResidentController (ParcelProject)
dbug: ParcelManagement2.Models.DBConn[0]
      資料庫連線字串已設定
dbug: Microsoft.AspNetCore.Server.IIS.Core.IISHttpServer[1]
      Connection ID "17942340950609100897" disconnecting.
info: Microsoft.AspNetCore.Hosting.Diagnostics[2]
      Request finished HTTP/2 GET https://localhost:44353/_vs/browserLink - 200 - text/javascript;+charset=UTF-8 139.3352ms
dbug: Microsoft.AspNetCore.Mvc.Infrastructure.ControllerActionInvoker[2]
      Executed controller factory for controller ParcelManagement2.Controllers.ResidentController (ParcelProject)
dbug: Microsoft.AspNetCore.Session.DistributedSession[4]
      Session loaded; Key:f3a42b75-d459-1344-3c37-ff3073c71b14, Id:be5fffd8-37ca-330c-7652-55aaec6333fb, Count:1
dbug: ParcelManagement2.Models.DBConn[0]
      查詢成功，返回 7 行數據
info: Microsoft.AspNetCore.Mvc.Infrastructure.ContentResultExecutor[1]
      Executing ContentResult with HTTP Response ContentType of application/json
info: Microsoft.AspNetCore.Mvc.Infrastructure.ControllerActionInvoker[105]
      Executed action ParcelManagement2.Controllers.ResidentController.GetUncollectedPackages (ParcelProject) in 92.5466ms
info: Microsoft.AspNetCore.Routing.EndpointMiddleware[1]
      Executed endpoint 'ParcelManagement2.Controllers.ResidentController.GetUncollectedPackages (ParcelProject)'
dbug: Microsoft.AspNetCore.Session.DistributedSession[4]
      Session loaded; Key:f3a42b75-d459-1344-3c37-ff3073c71b14, Id:be5fffd8-37ca-330c-7652-55aaec6333fb, Count:1
info: Microsoft.AspNetCore.Hosting.Diagnostics[2]
      Request finished HTTP/2 POST https://localhost:44353/Resident/GetUncollectedPackages - 200 876 application/json 249.8257ms
dbug: Microsoft.AspNetCore.Server.IIS.Core.IISHttpServer[1]
      Connection ID "18014398544647028840" disconnecting.
dbug: ParcelManagement2.Models.DBConn[0]
      查詢成功，返回 0 行數據
info: Microsoft.AspNetCore.Mvc.Infrastructure.ContentResultExecutor[1]
      Executing ContentResult with HTTP Response ContentType of application/json
info: Microsoft.AspNetCore.Mvc.Infrastructure.ControllerActionInvoker[105]
      Executed action ParcelManagement2.Controllers.ResidentController.GetUncollectedMails (ParcelProject) in 174.2903ms
info: Microsoft.AspNetCore.Routing.EndpointMiddleware[1]
      Executed endpoint 'ParcelManagement2.Controllers.ResidentController.GetUncollectedMails (ParcelProject)'
info: Microsoft.AspNetCore.Hosting.Diagnostics[2]
      Request finished HTTP/2 POST https://localhost:44353/Resident/GetUncollectedMails - 200 2 application/json 310.8784ms
dbug: Microsoft.AspNetCore.Server.IIS.Core.IISHttpServer[1]
      Connection ID "18158513732722884935" disconnecting.
info: Microsoft.AspNetCore.Hosting.Diagnostics[1]
      Request starting HTTP/2 GET https://localhost:44353/Resident/MyPackages - - -
dbug: Microsoft.AspNetCore.StaticFiles.StaticFileMiddleware[4]
      The request path /Resident/MyPackages does not match a supported file type
dbug: Microsoft.AspNetCore.Routing.Matching.DfaMatcher[1001]
      1 candidate(s) found for the request path '/Resident/MyPackages'
dbug: Microsoft.AspNetCore.Routing.Matching.DfaMatcher[1005]
      Endpoint 'ParcelManagement2.Controllers.ResidentController.MyPackages (ParcelProject)' with route pattern '{controller=Account}/{action=Login}/{id?}' is valid for the request path '/Resident/MyPackages'
dbug: Microsoft.AspNetCore.Routing.EndpointRoutingMiddleware[1]
      Request matched endpoint 'ParcelManagement2.Controllers.ResidentController.MyPackages (ParcelProject)'
dbug: Microsoft.AspNetCore.Authentication.Cookies.CookieAuthenticationHandler[8]
      AuthenticationScheme: Cookies was successfully authenticated.
dbug: Microsoft.AspNetCore.Authorization.DefaultAuthorizationService[1]
      Authorization was successful.
info: Microsoft.AspNetCore.Routing.EndpointMiddleware[0]
      Executing endpoint 'ParcelManagement2.Controllers.ResidentController.MyPackages (ParcelProject)'
info: Microsoft.AspNetCore.Mvc.Infrastructure.ControllerActionInvoker[102]
      Route matched with {action = "MyPackages", controller = "Resident"}. Executing controller action with signature Microsoft.AspNetCore.Mvc.IActionResult MyPackages() on controller ParcelManagement2.Controllers.ResidentController (ParcelProject).
dbug: Microsoft.AspNetCore.Mvc.Infrastructure.ControllerActionInvoker[1]
      Execution plan of authorization filters (in the following order): None
dbug: Microsoft.AspNetCore.Mvc.Infrastructure.ControllerActionInvoker[1]
      Execution plan of resource filters (in the following order): Microsoft.AspNetCore.Mvc.ViewFeatures.Filters.SaveTempDataFilter
dbug: Microsoft.AspNetCore.Mvc.Infrastructure.ControllerActionInvoker[1]
      Execution plan of action filters (in the following order): Microsoft.AspNetCore.Mvc.Filters.ControllerActionFilter (Order: -2147483648), Microsoft.AspNetCore.Mvc.ModelBinding.UnsupportedContentTypeFilter (Order: -3000)
dbug: Microsoft.AspNetCore.Mvc.Infrastructure.ControllerActionInvoker[1]
      Execution plan of exception filters (in the following order): None
dbug: Microsoft.AspNetCore.Mvc.Infrastructure.ControllerActionInvoker[1]
      Execution plan of result filters (in the following order): Microsoft.AspNetCore.Mvc.ViewFeatures.Filters.SaveTempDataFilter
dbug: Microsoft.AspNetCore.Mvc.Infrastructure.ControllerActionInvoker[1]
      Executing controller factory for controller ParcelManagement2.Controllers.ResidentController (ParcelProject)
dbug: ParcelManagement2.Models.DBConn[0]
      資料庫連線字串已設定
dbug: Microsoft.AspNetCore.Mvc.Infrastructure.ControllerActionInvoker[2]
      Executed controller factory for controller ParcelManagement2.Controllers.ResidentController (ParcelProject)
dbug: ParcelManagement2.Models.DBConn[0]
      查詢成功，返回 1 行數據
dbug: Microsoft.AspNetCore.Session.DistributedSession[4]
      Session loaded; Key:f3a42b75-d459-1344-3c37-ff3073c71b14, Id:be5fffd8-37ca-330c-7652-55aaec6333fb, Count:1
dbug: Microsoft.AspNetCore.Mvc.Razor.RazorViewEngine[1]
      View lookup cache miss for view 'MyPackages' in controller 'Resident'.
info: Microsoft.AspNetCore.Mvc.ViewFeatures.ViewResultExecutor[1]
      Executing ViewResult, running view MyPackages.
dbug: Microsoft.AspNetCore.Mvc.ViewFeatures.ViewResultExecutor[2]
      The view path '/Views/Resident/MyPackages.cshtml' was found in 4.0495ms.
dbug: Microsoft.AspNetCore.Antiforgery.DefaultAntiforgery[6]
      An antiforgery cookie token was reused.
dbug: Microsoft.WebTools.BrowserLink.Net.BrowserLinkMiddleware[1]
      Response markup is scheduled to include Browser Link script injection.
dbug: Microsoft.AspNetCore.Watch.BrowserRefresh.BrowserRefreshMiddleware[1]
      Response markup is scheduled to include browser refresh script injection.
info: Microsoft.AspNetCore.Mvc.ViewFeatures.ViewResultExecutor[4]
      Executed ViewResult - view MyPackages executed in 13.4636ms.
info: Microsoft.AspNetCore.Mvc.Infrastructure.ControllerActionInvoker[105]
      Executed action ParcelManagement2.Controllers.ResidentController.MyPackages (ParcelProject) in 60.7065ms
info: Microsoft.AspNetCore.Routing.EndpointMiddleware[1]
      Executed endpoint 'ParcelManagement2.Controllers.ResidentController.MyPackages (ParcelProject)'
dbug: Microsoft.WebTools.BrowserLink.Net.BrowserLinkMiddleware[2]
      Response markup was updated to include Browser Link script injection.
dbug: Microsoft.AspNetCore.Watch.BrowserRefresh.BrowserRefreshMiddleware[2]
      Response markup was updated to include browser refresh script injection.
dbug: Microsoft.AspNetCore.Server.IIS.Core.IISHttpServer[1]
      Connection ID "18086456104325218404" disconnecting.
info: Microsoft.AspNetCore.Hosting.Diagnostics[2]
      Request finished HTTP/2 GET https://localhost:44353/Resident/MyPackages - 200 - text/html;+charset=utf-8 137.2659ms
info: Microsoft.AspNetCore.Hosting.Diagnostics[1]
      Request starting HTTP/2 POST https://localhost:44353/Resident/GetAllPackages - - 0
info: Microsoft.AspNetCore.Hosting.Diagnostics[1]
      Request starting HTTP/2 POST https://localhost:44353/Resident/GetCollectedHistory - - 0
info: Microsoft.AspNetCore.Hosting.Diagnostics[1]
      Request starting HTTP/2 GET https://localhost:44353/_framework/aspnetcore-browser-refresh.js - - -
info: Microsoft.AspNetCore.Hosting.Diagnostics[1]
      Request starting HTTP/2 GET https://localhost:44353/_vs/browserLink - - -
dbug: Microsoft.AspNetCore.StaticFiles.StaticFileMiddleware[1]
      POST requests are not supported
dbug: Microsoft.AspNetCore.Routing.Matching.DfaMatcher[1001]
      1 candidate(s) found for the request path '/Resident/GetAllPackages'
dbug: Microsoft.AspNetCore.Routing.Matching.DfaMatcher[1005]
      Endpoint 'ParcelManagement2.Controllers.ResidentController.GetAllPackages (ParcelProject)' with route pattern '{controller=Account}/{action=Login}/{id?}' is valid for the request path '/Resident/GetAllPackages'
dbug: Microsoft.AspNetCore.Routing.EndpointRoutingMiddleware[1]
      Request matched endpoint 'ParcelManagement2.Controllers.ResidentController.GetAllPackages (ParcelProject)'
dbug: Microsoft.AspNetCore.Authentication.Cookies.CookieAuthenticationHandler[8]
      AuthenticationScheme: Cookies was successfully authenticated.
dbug: Microsoft.AspNetCore.Watch.BrowserRefresh.BrowserScriptMiddleware[0]
      Script injected: /_framework/aspnetcore-browser-refresh.js
dbug: Microsoft.AspNetCore.StaticFiles.StaticFileMiddleware[1]
      POST requests are not supported
dbug: Microsoft.AspNetCore.Authorization.DefaultAuthorizationService[1]
      Authorization was successful.
info: Microsoft.AspNetCore.Routing.EndpointMiddleware[0]
      Executing endpoint 'ParcelManagement2.Controllers.ResidentController.GetAllPackages (ParcelProject)'
dbug: Microsoft.AspNetCore.Server.IIS.Core.IISHttpServer[1]
      Connection ID "18014398510287290460" disconnecting.
info: Microsoft.AspNetCore.Mvc.Infrastructure.ControllerActionInvoker[102]
      Route matched with {action = "GetAllPackages", controller = "Resident"}. Executing controller action with signature Microsoft.AspNetCore.Mvc.IActionResult GetAllPackages() on controller ParcelManagement2.Controllers.ResidentController (ParcelProject).
info: Microsoft.AspNetCore.Hosting.Diagnostics[2]
      Request finished HTTP/2 GET https://localhost:44353/_vs/browserLink - 200 - text/javascript;+charset=UTF-8 82.5629ms
dbug: Microsoft.AspNetCore.Mvc.Infrastructure.ControllerActionInvoker[1]
      Execution plan of authorization filters (in the following order): None
dbug: Microsoft.AspNetCore.Mvc.Infrastructure.ControllerActionInvoker[1]
      Execution plan of resource filters (in the following order): Microsoft.AspNetCore.Mvc.ViewFeatures.Filters.SaveTempDataFilter
dbug: Microsoft.AspNetCore.Mvc.Infrastructure.ControllerActionInvoker[1]
      Execution plan of action filters (in the following order): Microsoft.AspNetCore.Mvc.Filters.ControllerActionFilter (Order: -2147483648), Microsoft.AspNetCore.Mvc.ModelBinding.UnsupportedContentTypeFilter (Order: -3000)
info: Microsoft.AspNetCore.Hosting.Diagnostics[2]
      Request finished HTTP/2 GET https://localhost:44353/_framework/aspnetcore-browser-refresh.js - 200 16511 application/javascript;+charset=utf-8 102.9291ms
dbug: Microsoft.AspNetCore.Server.IIS.Core.IISHttpServer[1]
      Connection ID "18158513698363146450" disconnecting.
dbug: Microsoft.AspNetCore.Mvc.Infrastructure.ControllerActionInvoker[1]
      Execution plan of exception filters (in the following order): None
dbug: Microsoft.AspNetCore.Mvc.Infrastructure.ControllerActionInvoker[1]
      Execution plan of result filters (in the following order): Microsoft.AspNetCore.Mvc.ViewFeatures.Filters.SaveTempDataFilter
dbug: Microsoft.AspNetCore.Mvc.Infrastructure.ControllerActionInvoker[1]
      Executing controller factory for controller ParcelManagement2.Controllers.ResidentController (ParcelProject)
dbug: ParcelManagement2.Models.DBConn[0]
      資料庫連線字串已設定
dbug: Microsoft.AspNetCore.Mvc.Infrastructure.ControllerActionInvoker[2]
      Executed controller factory for controller ParcelManagement2.Controllers.ResidentController (ParcelProject)
dbug: Microsoft.AspNetCore.Routing.Matching.DfaMatcher[1001]
      1 candidate(s) found for the request path '/Resident/GetCollectedHistory'
dbug: Microsoft.AspNetCore.Routing.Matching.DfaMatcher[1005]
      Endpoint 'ParcelManagement2.Controllers.ResidentController.GetCollectedHistory (ParcelProject)' with route pattern '{controller=Account}/{action=Login}/{id?}' is valid for the request path '/Resident/GetCollectedHistory'
dbug: Microsoft.AspNetCore.Routing.EndpointRoutingMiddleware[1]
      Request matched endpoint 'ParcelManagement2.Controllers.ResidentController.GetCollectedHistory (ParcelProject)'
dbug: Microsoft.AspNetCore.Authentication.Cookies.CookieAuthenticationHandler[8]
      AuthenticationScheme: Cookies was successfully authenticated.
dbug: Microsoft.AspNetCore.Authorization.DefaultAuthorizationService[1]
      Authorization was successful.
info: Microsoft.AspNetCore.Routing.EndpointMiddleware[0]
      Executing endpoint 'ParcelManagement2.Controllers.ResidentController.GetCollectedHistory (ParcelProject)'
info: Microsoft.AspNetCore.Mvc.Infrastructure.ControllerActionInvoker[102]
      Route matched with {action = "GetCollectedHistory", controller = "Resident"}. Executing controller action with signature Microsoft.AspNetCore.Mvc.IActionResult GetCollectedHistory() on controller ParcelManagement2.Controllers.ResidentController (ParcelProject).
dbug: Microsoft.AspNetCore.Session.DistributedSession[4]
      Session loaded; Key:f3a42b75-d459-1344-3c37-ff3073c71b14, Id:be5fffd8-37ca-330c-7652-55aaec6333fb, Count:1
dbug: Microsoft.AspNetCore.Mvc.Infrastructure.ControllerActionInvoker[1]
      Execution plan of authorization filters (in the following order): None
dbug: Microsoft.AspNetCore.Mvc.Infrastructure.ControllerActionInvoker[1]
      Execution plan of resource filters (in the following order): Microsoft.AspNetCore.Mvc.ViewFeatures.Filters.SaveTempDataFilter
dbug: Microsoft.AspNetCore.Mvc.Infrastructure.ControllerActionInvoker[1]
      Execution plan of action filters (in the following order): Microsoft.AspNetCore.Mvc.Filters.ControllerActionFilter (Order: -2147483648), Microsoft.AspNetCore.Mvc.ModelBinding.UnsupportedContentTypeFilter (Order: -3000)
dbug: Microsoft.AspNetCore.Mvc.Infrastructure.ControllerActionInvoker[1]
      Execution plan of exception filters (in the following order): None
dbug: ParcelManagement2.Models.DBConn[0]
      查詢成功，返回 11 行數據
dbug: Microsoft.AspNetCore.Mvc.Infrastructure.ControllerActionInvoker[1]
      Execution plan of result filters (in the following order): Microsoft.AspNetCore.Mvc.ViewFeatures.Filters.SaveTempDataFilter
info: Microsoft.AspNetCore.Mvc.Infrastructure.ContentResultExecutor[1]
      Executing ContentResult with HTTP Response ContentType of application/json
dbug: Microsoft.AspNetCore.Mvc.Infrastructure.ControllerActionInvoker[1]
      Executing controller factory for controller ParcelManagement2.Controllers.ResidentController (ParcelProject)
info: Microsoft.AspNetCore.Mvc.Infrastructure.ControllerActionInvoker[105]
      Executed action ParcelManagement2.Controllers.ResidentController.GetAllPackages (ParcelProject) in 65.4033ms
dbug: ParcelManagement2.Models.DBConn[0]
      資料庫連線字串已設定
info: Microsoft.AspNetCore.Routing.EndpointMiddleware[1]
      Executed endpoint 'ParcelManagement2.Controllers.ResidentController.GetAllPackages (ParcelProject)'
dbug: Microsoft.AspNetCore.Server.IIS.Core.IISHttpServer[1]
      Connection ID "18086456104325218406" disconnecting.
info: Microsoft.AspNetCore.Hosting.Diagnostics[2]
      Request finished HTTP/2 POST https://localhost:44353/Resident/GetAllPackages - 200 2796 application/json 210.5096ms
dbug: Microsoft.AspNetCore.Mvc.Infrastructure.ControllerActionInvoker[2]
      Executed controller factory for controller ParcelManagement2.Controllers.ResidentController (ParcelProject)
dbug: Microsoft.AspNetCore.Session.DistributedSession[4]
      Session loaded; Key:f3a42b75-d459-1344-3c37-ff3073c71b14, Id:be5fffd8-37ca-330c-7652-55aaec6333fb, Count:1
dbug: ParcelManagement2.Models.DBConn[0]
      查詢成功，返回 4 行數據
info: Microsoft.AspNetCore.Mvc.Infrastructure.ContentResultExecutor[1]
      Executing ContentResult with HTTP Response ContentType of application/json
info: Microsoft.AspNetCore.Mvc.Infrastructure.ControllerActionInvoker[105]
      Executed action ParcelManagement2.Controllers.ResidentController.GetCollectedHistory (ParcelProject) in 56.7042ms
info: Microsoft.AspNetCore.Routing.EndpointMiddleware[1]
      Executed endpoint 'ParcelManagement2.Controllers.ResidentController.GetCollectedHistory (ParcelProject)'
info: Microsoft.AspNetCore.Hosting.Diagnostics[2]
      Request finished HTTP/2 POST https://localhost:44353/Resident/GetCollectedHistory - 200 988 application/json 257.1965ms
dbug: Microsoft.AspNetCore.Server.IIS.Core.IISHttpServer[1]
      Connection ID "17942340916249362477" disconnecting.
info: Microsoft.AspNetCore.Hosting.Diagnostics[1]
      Request starting HTTP/2 GET https://localhost:44353/Resident/Home - - -
dbug: Microsoft.AspNetCore.StaticFiles.StaticFileMiddleware[4]
      The request path /Resident/Home does not match a supported file type
dbug: Microsoft.AspNetCore.Routing.Matching.DfaMatcher[1001]
      1 candidate(s) found for the request path '/Resident/Home'
dbug: Microsoft.AspNetCore.Routing.Matching.DfaMatcher[1005]
      Endpoint 'ParcelManagement2.Controllers.ResidentController.Home (ParcelProject)' with route pattern '{controller=Account}/{action=Login}/{id?}' is valid for the request path '/Resident/Home'
dbug: Microsoft.AspNetCore.Routing.EndpointRoutingMiddleware[1]
      Request matched endpoint 'ParcelManagement2.Controllers.ResidentController.Home (ParcelProject)'
dbug: Microsoft.AspNetCore.Authentication.Cookies.CookieAuthenticationHandler[8]
      AuthenticationScheme: Cookies was successfully authenticated.
dbug: Microsoft.Extensions.Http.DefaultHttpClientFactory[100]
      Starting HttpMessageHandler cleanup cycle with 1 items
dbug: Microsoft.AspNetCore.Authorization.DefaultAuthorizationService[1]
      Authorization was successful.
dbug: Microsoft.Extensions.Http.DefaultHttpClientFactory[101]
      Ending HttpMessageHandler cleanup cycle after 0.0034ms - processed: 0 items - remaining: 1 items
info: Microsoft.AspNetCore.Routing.EndpointMiddleware[0]
      Executing endpoint 'ParcelManagement2.Controllers.ResidentController.Home (ParcelProject)'
info: Microsoft.AspNetCore.Mvc.Infrastructure.ControllerActionInvoker[102]
      Route matched with {action = "Home", controller = "Resident"}. Executing controller action with signature Microsoft.AspNetCore.Mvc.IActionResult Home() on controller ParcelManagement2.Controllers.ResidentController (ParcelProject).
dbug: Microsoft.AspNetCore.Mvc.Infrastructure.ControllerActionInvoker[1]
      Execution plan of authorization filters (in the following order): None
dbug: Microsoft.AspNetCore.Mvc.Infrastructure.ControllerActionInvoker[1]
      Execution plan of resource filters (in the following order): Microsoft.AspNetCore.Mvc.ViewFeatures.Filters.SaveTempDataFilter
dbug: Microsoft.AspNetCore.Mvc.Infrastructure.ControllerActionInvoker[1]
      Execution plan of action filters (in the following order): Microsoft.AspNetCore.Mvc.Filters.ControllerActionFilter (Order: -2147483648), Microsoft.AspNetCore.Mvc.ModelBinding.UnsupportedContentTypeFilter (Order: -3000)
dbug: Microsoft.AspNetCore.Mvc.Infrastructure.ControllerActionInvoker[1]
      Execution plan of exception filters (in the following order): None
dbug: Microsoft.AspNetCore.Mvc.Infrastructure.ControllerActionInvoker[1]
      Execution plan of result filters (in the following order): Microsoft.AspNetCore.Mvc.ViewFeatures.Filters.SaveTempDataFilter
dbug: Microsoft.AspNetCore.Mvc.Infrastructure.ControllerActionInvoker[1]
      Executing controller factory for controller ParcelManagement2.Controllers.ResidentController (ParcelProject)
dbug: ParcelManagement2.Models.DBConn[0]
      資料庫連線字串已設定
dbug: Microsoft.AspNetCore.Mvc.Infrastructure.ControllerActionInvoker[2]
      Executed controller factory for controller ParcelManagement2.Controllers.ResidentController (ParcelProject)
dbug: ParcelManagement2.Models.DBConn[0]
      查詢成功，返回 1 行數據
dbug: Microsoft.AspNetCore.Session.DistributedSession[4]
      Session loaded; Key:f3a42b75-d459-1344-3c37-ff3073c71b14, Id:be5fffd8-37ca-330c-7652-55aaec6333fb, Count:1
dbug: Microsoft.AspNetCore.Mvc.Razor.RazorViewEngine[2]
      View lookup cache hit for view 'Home' in controller 'Resident'.
info: Microsoft.AspNetCore.Mvc.ViewFeatures.ViewResultExecutor[1]
      Executing ViewResult, running view Home.
dbug: Microsoft.AspNetCore.Mvc.ViewFeatures.ViewResultExecutor[2]
      The view path '/Views/Resident/Home.cshtml' was found in 5.2055ms.
dbug: Microsoft.AspNetCore.Antiforgery.DefaultAntiforgery[6]
      An antiforgery cookie token was reused.
dbug: Microsoft.WebTools.BrowserLink.Net.BrowserLinkMiddleware[1]
      Response markup is scheduled to include Browser Link script injection.
dbug: Microsoft.AspNetCore.Watch.BrowserRefresh.BrowserRefreshMiddleware[1]
      Response markup is scheduled to include browser refresh script injection.
info: Microsoft.AspNetCore.Mvc.ViewFeatures.ViewResultExecutor[4]
      Executed ViewResult - view Home executed in 17.0446ms.
info: Microsoft.AspNetCore.Mvc.Infrastructure.ControllerActionInvoker[105]
      Executed action ParcelManagement2.Controllers.ResidentController.Home (ParcelProject) in 59.5505ms
info: Microsoft.AspNetCore.Routing.EndpointMiddleware[1]
      Executed endpoint 'ParcelManagement2.Controllers.ResidentController.Home (ParcelProject)'
dbug: Microsoft.WebTools.BrowserLink.Net.BrowserLinkMiddleware[2]
      Response markup was updated to include Browser Link script injection.
dbug: Microsoft.AspNetCore.Watch.BrowserRefresh.BrowserRefreshMiddleware[2]
      Response markup was updated to include browser refresh script injection.
dbug: Microsoft.AspNetCore.Server.IIS.Core.IISHttpServer[1]
      Connection ID "18230571343940681932" disconnecting.
info: Microsoft.AspNetCore.Hosting.Diagnostics[2]
      Request finished HTTP/2 GET https://localhost:44353/Resident/Home - 200 - text/html;+charset=utf-8 165.9337ms
info: Microsoft.AspNetCore.Hosting.Diagnostics[1]
      Request starting HTTP/2 GET https://localhost:44353/_vs/browserLink - - -
info: Microsoft.AspNetCore.Hosting.Diagnostics[1]
      Request starting HTTP/2 GET https://localhost:44353/_framework/aspnetcore-browser-refresh.js - - -
info: Microsoft.AspNetCore.Hosting.Diagnostics[1]
      Request starting HTTP/2 POST https://localhost:44353/Resident/GetUncollectedMails - - 0
info: Microsoft.AspNetCore.Hosting.Diagnostics[1]
      Request starting HTTP/2 POST https://localhost:44353/Resident/GetUncollectedPackages - - 0
dbug: Microsoft.AspNetCore.StaticFiles.StaticFileMiddleware[1]
      POST requests are not supported
dbug: Microsoft.AspNetCore.Watch.BrowserRefresh.BrowserScriptMiddleware[0]
      Script injected: /_framework/aspnetcore-browser-refresh.js
dbug: Microsoft.AspNetCore.StaticFiles.StaticFileMiddleware[1]
      POST requests are not supported
info: Microsoft.AspNetCore.Hosting.Diagnostics[2]
      Request finished HTTP/2 GET https://localhost:44353/_framework/aspnetcore-browser-refresh.js - 200 16511 application/javascript;+charset=utf-8 36.3331ms
dbug: Microsoft.AspNetCore.Server.IIS.Core.IISHttpServer[1]
      Connection ID "18014398544647028844" disconnecting.
dbug: Microsoft.AspNetCore.Routing.Matching.DfaMatcher[1001]
      1 candidate(s) found for the request path '/Resident/GetUncollectedMails'
dbug: Microsoft.AspNetCore.Routing.Matching.DfaMatcher[1005]
      Endpoint 'ParcelManagement2.Controllers.ResidentController.GetUncollectedMails (ParcelProject)' with route pattern '{controller=Account}/{action=Login}/{id?}' is valid for the request path '/Resident/GetUncollectedMails'
dbug: Microsoft.AspNetCore.Routing.Matching.DfaMatcher[1001]
      1 candidate(s) found for the request path '/Resident/GetUncollectedPackages'
dbug: Microsoft.AspNetCore.Routing.EndpointRoutingMiddleware[1]
      Request matched endpoint 'ParcelManagement2.Controllers.ResidentController.GetUncollectedMails (ParcelProject)'
dbug: Microsoft.AspNetCore.Routing.Matching.DfaMatcher[1005]
      Endpoint 'ParcelManagement2.Controllers.ResidentController.GetUncollectedPackages (ParcelProject)' with route pattern '{controller=Account}/{action=Login}/{id?}' is valid for the request path '/Resident/GetUncollectedPackages'
dbug: Microsoft.AspNetCore.Authentication.Cookies.CookieAuthenticationHandler[8]
      AuthenticationScheme: Cookies was successfully authenticated.
dbug: Microsoft.AspNetCore.Server.IIS.Core.IISHttpServer[1]
      Connection ID "17942340950609100899" disconnecting.
dbug: Microsoft.AspNetCore.Routing.EndpointRoutingMiddleware[1]
      Request matched endpoint 'ParcelManagement2.Controllers.ResidentController.GetUncollectedPackages (ParcelProject)'
info: Microsoft.AspNetCore.Hosting.Diagnostics[2]
      Request finished HTTP/2 GET https://localhost:44353/_vs/browserLink - 200 - text/javascript;+charset=UTF-8 87.5189ms
dbug: Microsoft.AspNetCore.Authorization.DefaultAuthorizationService[1]
      Authorization was successful.
info: Microsoft.AspNetCore.Routing.EndpointMiddleware[0]
      Executing endpoint 'ParcelManagement2.Controllers.ResidentController.GetUncollectedMails (ParcelProject)'
info: Microsoft.AspNetCore.Mvc.Infrastructure.ControllerActionInvoker[102]
      Route matched with {action = "GetUncollectedMails", controller = "Resident"}. Executing controller action with signature Microsoft.AspNetCore.Mvc.IActionResult GetUncollectedMails() on controller ParcelManagement2.Controllers.ResidentController (ParcelProject).
dbug: Microsoft.AspNetCore.Mvc.Infrastructure.ControllerActionInvoker[1]
      Execution plan of authorization filters (in the following order): None
dbug: Microsoft.AspNetCore.Authentication.Cookies.CookieAuthenticationHandler[8]
      AuthenticationScheme: Cookies was successfully authenticated.
dbug: Microsoft.AspNetCore.Mvc.Infrastructure.ControllerActionInvoker[1]
      Execution plan of resource filters (in the following order): Microsoft.AspNetCore.Mvc.ViewFeatures.Filters.SaveTempDataFilter
dbug: Microsoft.AspNetCore.Authorization.DefaultAuthorizationService[1]
      Authorization was successful.
dbug: Microsoft.AspNetCore.Mvc.Infrastructure.ControllerActionInvoker[1]
      Execution plan of action filters (in the following order): Microsoft.AspNetCore.Mvc.Filters.ControllerActionFilter (Order: -2147483648), Microsoft.AspNetCore.Mvc.ModelBinding.UnsupportedContentTypeFilter (Order: -3000)
info: Microsoft.AspNetCore.Routing.EndpointMiddleware[0]
      Executing endpoint 'ParcelManagement2.Controllers.ResidentController.GetUncollectedPackages (ParcelProject)'
dbug: Microsoft.AspNetCore.Mvc.Infrastructure.ControllerActionInvoker[1]
      Execution plan of exception filters (in the following order): None
info: Microsoft.AspNetCore.Mvc.Infrastructure.ControllerActionInvoker[102]
      Route matched with {action = "GetUncollectedPackages", controller = "Resident"}. Executing controller action with signature Microsoft.AspNetCore.Mvc.IActionResult GetUncollectedPackages() on controller ParcelManagement2.Controllers.ResidentController (ParcelProject).
dbug: Microsoft.AspNetCore.Mvc.Infrastructure.ControllerActionInvoker[1]
      Execution plan of result filters (in the following order): Microsoft.AspNetCore.Mvc.ViewFeatures.Filters.SaveTempDataFilter
dbug: Microsoft.AspNetCore.Mvc.Infrastructure.ControllerActionInvoker[1]
      Executing controller factory for controller ParcelManagement2.Controllers.ResidentController (ParcelProject)
dbug: Microsoft.AspNetCore.Mvc.Infrastructure.ControllerActionInvoker[1]
      Execution plan of authorization filters (in the following order): None
dbug: ParcelManagement2.Models.DBConn[0]
      資料庫連線字串已設定
dbug: Microsoft.AspNetCore.Mvc.Infrastructure.ControllerActionInvoker[1]
      Execution plan of resource filters (in the following order): Microsoft.AspNetCore.Mvc.ViewFeatures.Filters.SaveTempDataFilter
dbug: Microsoft.AspNetCore.Mvc.Infrastructure.ControllerActionInvoker[2]
      Executed controller factory for controller ParcelManagement2.Controllers.ResidentController (ParcelProject)
dbug: Microsoft.AspNetCore.Mvc.Infrastructure.ControllerActionInvoker[1]
      Execution plan of action filters (in the following order): Microsoft.AspNetCore.Mvc.Filters.ControllerActionFilter (Order: -2147483648), Microsoft.AspNetCore.Mvc.ModelBinding.UnsupportedContentTypeFilter (Order: -3000)
dbug: Microsoft.AspNetCore.Mvc.Infrastructure.ControllerActionInvoker[1]
      Execution plan of exception filters (in the following order): None
dbug: Microsoft.AspNetCore.Mvc.Infrastructure.ControllerActionInvoker[1]
      Execution plan of result filters (in the following order): Microsoft.AspNetCore.Mvc.ViewFeatures.Filters.SaveTempDataFilter
dbug: Microsoft.AspNetCore.Mvc.Infrastructure.ControllerActionInvoker[1]
      Executing controller factory for controller ParcelManagement2.Controllers.ResidentController (ParcelProject)
dbug: ParcelManagement2.Models.DBConn[0]
      資料庫連線字串已設定
dbug: Microsoft.AspNetCore.Mvc.Infrastructure.ControllerActionInvoker[2]
      Executed controller factory for controller ParcelManagement2.Controllers.ResidentController (ParcelProject)
dbug: Microsoft.AspNetCore.Session.DistributedSession[4]
      Session loaded; Key:f3a42b75-d459-1344-3c37-ff3073c71b14, Id:be5fffd8-37ca-330c-7652-55aaec6333fb, Count:1
dbug: Microsoft.AspNetCore.Session.DistributedSession[4]
      Session loaded; Key:f3a42b75-d459-1344-3c37-ff3073c71b14, Id:be5fffd8-37ca-330c-7652-55aaec6333fb, Count:1
dbug: ParcelManagement2.Models.DBConn[0]
      查詢成功，返回 0 行數據
info: Microsoft.AspNetCore.Mvc.Infrastructure.ContentResultExecutor[1]
      Executing ContentResult with HTTP Response ContentType of application/json
info: Microsoft.AspNetCore.Mvc.Infrastructure.ControllerActionInvoker[105]
      Executed action ParcelManagement2.Controllers.ResidentController.GetUncollectedMails (ParcelProject) in 55.5388ms
info: Microsoft.AspNetCore.Routing.EndpointMiddleware[1]
      Executed endpoint 'ParcelManagement2.Controllers.ResidentController.GetUncollectedMails (ParcelProject)'
info: Microsoft.AspNetCore.Hosting.Diagnostics[2]
      Request finished HTTP/2 POST https://localhost:44353/Resident/GetUncollectedMails - 200 2 application/json 189.8453ms
dbug: Microsoft.AspNetCore.Server.IIS.Core.IISHttpServer[1]
      Connection ID "17870283347981238273" disconnecting.
dbug: ParcelManagement2.Models.DBConn[0]
      查詢成功，返回 7 行數據
info: Microsoft.AspNetCore.Mvc.Infrastructure.ContentResultExecutor[1]
      Executing ContentResult with HTTP Response ContentType of application/json
info: Microsoft.AspNetCore.Mvc.Infrastructure.ControllerActionInvoker[105]
      Executed action ParcelManagement2.Controllers.ResidentController.GetUncollectedPackages (ParcelProject) in 48.2001ms
info: Microsoft.AspNetCore.Routing.EndpointMiddleware[1]
      Executed endpoint 'ParcelManagement2.Controllers.ResidentController.GetUncollectedPackages (ParcelProject)'
info: Microsoft.AspNetCore.Hosting.Diagnostics[2]
      Request finished HTTP/2 POST https://localhost:44353/Resident/GetUncollectedPackages - 200 876 application/json 204.0863ms
dbug: Microsoft.AspNetCore.Server.IIS.Core.IISHttpServer[1]
      Connection ID "18086456130095022247" disconnecting.
info: Microsoft.AspNetCore.Hosting.Diagnostics[1]
      Request starting HTTP/2 GET https://localhost:44353/Resident/MyPackages - - -
dbug: Microsoft.AspNetCore.StaticFiles.StaticFileMiddleware[4]
      The request path /Resident/MyPackages does not match a supported file type
dbug: Microsoft.AspNetCore.Routing.Matching.DfaMatcher[1001]
      1 candidate(s) found for the request path '/Resident/MyPackages'
dbug: Microsoft.AspNetCore.Routing.Matching.DfaMatcher[1005]
      Endpoint 'ParcelManagement2.Controllers.ResidentController.MyPackages (ParcelProject)' with route pattern '{controller=Account}/{action=Login}/{id?}' is valid for the request path '/Resident/MyPackages'
dbug: Microsoft.AspNetCore.Routing.EndpointRoutingMiddleware[1]
      Request matched endpoint 'ParcelManagement2.Controllers.ResidentController.MyPackages (ParcelProject)'
dbug: Microsoft.AspNetCore.Authentication.Cookies.CookieAuthenticationHandler[8]
      AuthenticationScheme: Cookies was successfully authenticated.
dbug: Microsoft.AspNetCore.Authorization.DefaultAuthorizationService[1]
      Authorization was successful.
info: Microsoft.AspNetCore.Routing.EndpointMiddleware[0]
      Executing endpoint 'ParcelManagement2.Controllers.ResidentController.MyPackages (ParcelProject)'
info: Microsoft.AspNetCore.Mvc.Infrastructure.ControllerActionInvoker[102]
      Route matched with {action = "MyPackages", controller = "Resident"}. Executing controller action with signature Microsoft.AspNetCore.Mvc.IActionResult MyPackages() on controller ParcelManagement2.Controllers.ResidentController (ParcelProject).
dbug: Microsoft.AspNetCore.Mvc.Infrastructure.ControllerActionInvoker[1]
      Execution plan of authorization filters (in the following order): None
dbug: Microsoft.AspNetCore.Mvc.Infrastructure.ControllerActionInvoker[1]
      Execution plan of resource filters (in the following order): Microsoft.AspNetCore.Mvc.ViewFeatures.Filters.SaveTempDataFilter
dbug: Microsoft.AspNetCore.Mvc.Infrastructure.ControllerActionInvoker[1]
      Execution plan of action filters (in the following order): Microsoft.AspNetCore.Mvc.Filters.ControllerActionFilter (Order: -2147483648), Microsoft.AspNetCore.Mvc.ModelBinding.UnsupportedContentTypeFilter (Order: -3000)
dbug: Microsoft.AspNetCore.Mvc.Infrastructure.ControllerActionInvoker[1]
      Execution plan of exception filters (in the following order): None
dbug: Microsoft.AspNetCore.Mvc.Infrastructure.ControllerActionInvoker[1]
      Execution plan of result filters (in the following order): Microsoft.AspNetCore.Mvc.ViewFeatures.Filters.SaveTempDataFilter
dbug: Microsoft.AspNetCore.Mvc.Infrastructure.ControllerActionInvoker[1]
      Executing controller factory for controller ParcelManagement2.Controllers.ResidentController (ParcelProject)
dbug: ParcelManagement2.Models.DBConn[0]
      資料庫連線字串已設定
dbug: Microsoft.AspNetCore.Mvc.Infrastructure.ControllerActionInvoker[2]
      Executed controller factory for controller ParcelManagement2.Controllers.ResidentController (ParcelProject)
dbug: ParcelManagement2.Models.DBConn[0]
      查詢成功，返回 1 行數據
dbug: Microsoft.AspNetCore.Session.DistributedSession[4]
      Session loaded; Key:f3a42b75-d459-1344-3c37-ff3073c71b14, Id:be5fffd8-37ca-330c-7652-55aaec6333fb, Count:1
dbug: Microsoft.AspNetCore.Mvc.Razor.RazorViewEngine[2]
      View lookup cache hit for view 'MyPackages' in controller 'Resident'.
info: Microsoft.AspNetCore.Mvc.ViewFeatures.ViewResultExecutor[1]
      Executing ViewResult, running view MyPackages.
dbug: Microsoft.AspNetCore.Mvc.ViewFeatures.ViewResultExecutor[2]
      The view path '/Views/Resident/MyPackages.cshtml' was found in 10.5984ms.
dbug: Microsoft.AspNetCore.Antiforgery.DefaultAntiforgery[6]
      An antiforgery cookie token was reused.
dbug: Microsoft.WebTools.BrowserLink.Net.BrowserLinkMiddleware[1]
      Response markup is scheduled to include Browser Link script injection.
dbug: Microsoft.AspNetCore.Watch.BrowserRefresh.BrowserRefreshMiddleware[1]
      Response markup is scheduled to include browser refresh script injection.
info: Microsoft.AspNetCore.Mvc.ViewFeatures.ViewResultExecutor[4]
      Executed ViewResult - view MyPackages executed in 26.0336ms.
info: Microsoft.AspNetCore.Mvc.Infrastructure.ControllerActionInvoker[105]
      Executed action ParcelManagement2.Controllers.ResidentController.MyPackages (ParcelProject) in 81.2067ms
info: Microsoft.AspNetCore.Routing.EndpointMiddleware[1]
      Executed endpoint 'ParcelManagement2.Controllers.ResidentController.MyPackages (ParcelProject)'
dbug: Microsoft.WebTools.BrowserLink.Net.BrowserLinkMiddleware[2]
      Response markup was updated to include Browser Link script injection.
dbug: Microsoft.AspNetCore.Watch.BrowserRefresh.BrowserRefreshMiddleware[2]
      Response markup was updated to include browser refresh script injection.
dbug: Microsoft.AspNetCore.Server.IIS.Core.IISHttpServer[1]
      Connection ID "18158513715543015476" disconnecting.
info: Microsoft.AspNetCore.Hosting.Diagnostics[2]
      Request finished HTTP/2 GET https://localhost:44353/Resident/MyPackages - 200 - text/html;+charset=utf-8 166.1551ms
info: Microsoft.AspNetCore.Hosting.Diagnostics[1]
      Request starting HTTP/2 POST https://localhost:44353/Resident/GetAllPackages - - 0
info: Microsoft.AspNetCore.Hosting.Diagnostics[1]
      Request starting HTTP/2 POST https://localhost:44353/Resident/GetCollectedHistory - - 0
info: Microsoft.AspNetCore.Hosting.Diagnostics[1]
      Request starting HTTP/2 GET https://localhost:44353/_vs/browserLink - - -
info: Microsoft.AspNetCore.Hosting.Diagnostics[1]
      Request starting HTTP/2 GET https://localhost:44353/_framework/aspnetcore-browser-refresh.js - - -
dbug: Microsoft.AspNetCore.StaticFiles.StaticFileMiddleware[1]
      POST requests are not supported
dbug: Microsoft.AspNetCore.StaticFiles.StaticFileMiddleware[1]
      POST requests are not supported
dbug: Microsoft.AspNetCore.Routing.Matching.DfaMatcher[1001]
      1 candidate(s) found for the request path '/Resident/GetAllPackages'
dbug: Microsoft.AspNetCore.Routing.Matching.DfaMatcher[1005]
      Endpoint 'ParcelManagement2.Controllers.ResidentController.GetAllPackages (ParcelProject)' with route pattern '{controller=Account}/{action=Login}/{id?}' is valid for the request path '/Resident/GetAllPackages'
dbug: Microsoft.AspNetCore.Routing.Matching.DfaMatcher[1001]
      1 candidate(s) found for the request path '/Resident/GetCollectedHistory'
dbug: Microsoft.AspNetCore.Routing.EndpointRoutingMiddleware[1]
      Request matched endpoint 'ParcelManagement2.Controllers.ResidentController.GetAllPackages (ParcelProject)'
dbug: Microsoft.AspNetCore.Routing.Matching.DfaMatcher[1005]
      Endpoint 'ParcelManagement2.Controllers.ResidentController.GetCollectedHistory (ParcelProject)' with route pattern '{controller=Account}/{action=Login}/{id?}' is valid for the request path '/Resident/GetCollectedHistory'
dbug: Microsoft.AspNetCore.Authentication.Cookies.CookieAuthenticationHandler[8]
      AuthenticationScheme: Cookies was successfully authenticated.
dbug: Microsoft.AspNetCore.Routing.EndpointRoutingMiddleware[1]
      Request matched endpoint 'ParcelManagement2.Controllers.ResidentController.GetCollectedHistory (ParcelProject)'
dbug: Microsoft.AspNetCore.Authorization.DefaultAuthorizationService[1]
      Authorization was successful.
dbug: Microsoft.AspNetCore.Authentication.Cookies.CookieAuthenticationHandler[8]
      AuthenticationScheme: Cookies was successfully authenticated.
info: Microsoft.AspNetCore.Routing.EndpointMiddleware[0]
      Executing endpoint 'ParcelManagement2.Controllers.ResidentController.GetAllPackages (ParcelProject)'
dbug: Microsoft.AspNetCore.Authorization.DefaultAuthorizationService[1]
      Authorization was successful.
info: Microsoft.AspNetCore.Mvc.Infrastructure.ControllerActionInvoker[102]
      Route matched with {action = "GetAllPackages", controller = "Resident"}. Executing controller action with signature Microsoft.AspNetCore.Mvc.IActionResult GetAllPackages() on controller ParcelManagement2.Controllers.ResidentController (ParcelProject).
info: Microsoft.AspNetCore.Routing.EndpointMiddleware[0]
      Executing endpoint 'ParcelManagement2.Controllers.ResidentController.GetCollectedHistory (ParcelProject)'
info: Microsoft.AspNetCore.Mvc.Infrastructure.ControllerActionInvoker[102]
      Route matched with {action = "GetCollectedHistory", controller = "Resident"}. Executing controller action with signature Microsoft.AspNetCore.Mvc.IActionResult GetCollectedHistory() on controller ParcelManagement2.Controllers.ResidentController (ParcelProject).
dbug: Microsoft.AspNetCore.Mvc.Infrastructure.ControllerActionInvoker[1]
      Execution plan of authorization filters (in the following order): None
dbug: Microsoft.AspNetCore.Mvc.Infrastructure.ControllerActionInvoker[1]
      Execution plan of authorization filters (in the following order): None
dbug: Microsoft.AspNetCore.Mvc.Infrastructure.ControllerActionInvoker[1]
      Execution plan of resource filters (in the following order): Microsoft.AspNetCore.Mvc.ViewFeatures.Filters.SaveTempDataFilter
dbug: Microsoft.AspNetCore.Mvc.Infrastructure.ControllerActionInvoker[1]
      Execution plan of resource filters (in the following order): Microsoft.AspNetCore.Mvc.ViewFeatures.Filters.SaveTempDataFilter
dbug: Microsoft.AspNetCore.Mvc.Infrastructure.ControllerActionInvoker[1]
      Execution plan of action filters (in the following order): Microsoft.AspNetCore.Mvc.Filters.ControllerActionFilter (Order: -2147483648), Microsoft.AspNetCore.Mvc.ModelBinding.UnsupportedContentTypeFilter (Order: -3000)
dbug: Microsoft.AspNetCore.Mvc.Infrastructure.ControllerActionInvoker[1]
      Execution plan of action filters (in the following order): Microsoft.AspNetCore.Mvc.Filters.ControllerActionFilter (Order: -2147483648), Microsoft.AspNetCore.Mvc.ModelBinding.UnsupportedContentTypeFilter (Order: -3000)
dbug: Microsoft.AspNetCore.Mvc.Infrastructure.ControllerActionInvoker[1]
      Execution plan of exception filters (in the following order): None
dbug: Microsoft.AspNetCore.Mvc.Infrastructure.ControllerActionInvoker[1]
      Execution plan of exception filters (in the following order): None
dbug: Microsoft.AspNetCore.Mvc.Infrastructure.ControllerActionInvoker[1]
      Execution plan of result filters (in the following order): Microsoft.AspNetCore.Mvc.ViewFeatures.Filters.SaveTempDataFilter
dbug: Microsoft.AspNetCore.Mvc.Infrastructure.ControllerActionInvoker[1]
      Execution plan of result filters (in the following order): Microsoft.AspNetCore.Mvc.ViewFeatures.Filters.SaveTempDataFilter
dbug: Microsoft.AspNetCore.Mvc.Infrastructure.ControllerActionInvoker[1]
      Executing controller factory for controller ParcelManagement2.Controllers.ResidentController (ParcelProject)
dbug: Microsoft.AspNetCore.Mvc.Infrastructure.ControllerActionInvoker[1]
      Executing controller factory for controller ParcelManagement2.Controllers.ResidentController (ParcelProject)
dbug: ParcelManagement2.Models.DBConn[0]
      資料庫連線字串已設定
dbug: Microsoft.AspNetCore.Mvc.Infrastructure.ControllerActionInvoker[2]
      Executed controller factory for controller ParcelManagement2.Controllers.ResidentController (ParcelProject)
dbug: ParcelManagement2.Models.DBConn[0]
      資料庫連線字串已設定
dbug: Microsoft.AspNetCore.Mvc.Infrastructure.ControllerActionInvoker[2]
      Executed controller factory for controller ParcelManagement2.Controllers.ResidentController (ParcelProject)
dbug: Microsoft.AspNetCore.Watch.BrowserRefresh.BrowserScriptMiddleware[0]
      Script injected: /_framework/aspnetcore-browser-refresh.js
info: Microsoft.AspNetCore.Hosting.Diagnostics[2]
      Request finished HTTP/2 GET https://localhost:44353/_framework/aspnetcore-browser-refresh.js - 200 16511 application/javascript;+charset=utf-8 124.3838ms
dbug: Microsoft.AspNetCore.Server.IIS.Core.IISHttpServer[1]
      Connection ID "18086456130095022249" disconnecting.
dbug: Microsoft.AspNetCore.Session.DistributedSession[4]
      Session loaded; Key:f3a42b75-d459-1344-3c37-ff3073c71b14, Id:be5fffd8-37ca-330c-7652-55aaec6333fb, Count:1
dbug: Microsoft.AspNetCore.Session.DistributedSession[4]
      Session loaded; Key:f3a42b75-d459-1344-3c37-ff3073c71b14, Id:be5fffd8-37ca-330c-7652-55aaec6333fb, Count:1
dbug: Microsoft.AspNetCore.Server.IIS.Core.IISHttpServer[1]
      Connection ID "17870283347981238275" disconnecting.
info: Microsoft.AspNetCore.Hosting.Diagnostics[2]
      Request finished HTTP/2 GET https://localhost:44353/_vs/browserLink - 200 - text/javascript;+charset=UTF-8 143.5460ms
dbug: ParcelManagement2.Models.DBConn[0]
      查詢成功，返回 11 行數據
dbug: ParcelManagement2.Models.DBConn[0]
      查詢成功，返回 4 行數據
info: Microsoft.AspNetCore.Mvc.Infrastructure.ContentResultExecutor[1]
      Executing ContentResult with HTTP Response ContentType of application/json
info: Microsoft.AspNetCore.Mvc.Infrastructure.ContentResultExecutor[1]
      Executing ContentResult with HTTP Response ContentType of application/json
info: Microsoft.AspNetCore.Mvc.Infrastructure.ControllerActionInvoker[105]
      Executed action ParcelManagement2.Controllers.ResidentController.GetAllPackages (ParcelProject) in 68.4557ms
info: Microsoft.AspNetCore.Mvc.Infrastructure.ControllerActionInvoker[105]
      Executed action ParcelManagement2.Controllers.ResidentController.GetCollectedHistory (ParcelProject) in 70.999ms
info: Microsoft.AspNetCore.Routing.EndpointMiddleware[1]
      Executed endpoint 'ParcelManagement2.Controllers.ResidentController.GetCollectedHistory (ParcelProject)'
info: Microsoft.AspNetCore.Hosting.Diagnostics[2]
      Request finished HTTP/2 POST https://localhost:44353/Resident/GetCollectedHistory - 200 988 application/json 174.8647ms
dbug: Microsoft.AspNetCore.Server.IIS.Core.IISHttpServer[1]
      Connection ID "18302628903618871512" disconnecting.
info: Microsoft.AspNetCore.Routing.EndpointMiddleware[1]
      Executed endpoint 'ParcelManagement2.Controllers.ResidentController.GetAllPackages (ParcelProject)'
dbug: Microsoft.AspNetCore.Server.IIS.Core.IISHttpServer[1]
      Connection ID "18158513715543015478" disconnecting.
info: Microsoft.AspNetCore.Hosting.Diagnostics[2]
      Request finished HTTP/2 POST https://localhost:44353/Resident/GetAllPackages - 200 2796 application/json 189.1875ms
dbug: Microsoft.Extensions.Http.DefaultHttpClientFactory[100]
      Starting HttpMessageHandler cleanup cycle with 1 items
dbug: Microsoft.Extensions.Http.DefaultHttpClientFactory[101]
      Ending HttpMessageHandler cleanup cycle after 0.0032ms - processed: 0 items - remaining: 1 items
dbug: Microsoft.Extensions.Http.DefaultHttpClientFactory[100]
      Starting HttpMessageHandler cleanup cycle with 1 items
dbug: Microsoft.Extensions.Http.DefaultHttpClientFactory[101]
      Ending HttpMessageHandler cleanup cycle after 0.0026ms - processed: 0 items - remaining: 1 items
dbug: Microsoft.Extensions.Http.DefaultHttpClientFactory[100]
      Starting HttpMessageHandler cleanup cycle with 1 items
dbug: Microsoft.Extensions.Http.DefaultHttpClientFactory[101]
      Ending HttpMessageHandler cleanup cycle after 0.003ms - processed: 0 items - remaining: 1 items
dbug: Microsoft.Extensions.Http.DefaultHttpClientFactory[100]
      Starting HttpMessageHandler cleanup cycle with 1 items
dbug: Microsoft.Extensions.Http.DefaultHttpClientFactory[101]
      Ending HttpMessageHandler cleanup cycle after 0.0029ms - processed: 0 items - remaining: 1 items
dbug: Microsoft.Extensions.Http.DefaultHttpClientFactory[100]
      Starting HttpMessageHandler cleanup cycle with 1 items
dbug: Microsoft.Extensions.Http.DefaultHttpClientFactory[101]
      Ending HttpMessageHandler cleanup cycle after 0.005ms - processed: 0 items - remaining: 1 items
dbug: Microsoft.Extensions.Http.DefaultHttpClientFactory[100]
      Starting HttpMessageHandler cleanup cycle with 1 items
dbug: Microsoft.Extensions.Http.DefaultHttpClientFactory[101]
      Ending HttpMessageHandler cleanup cycle after 0.0024ms - processed: 0 items - remaining: 1 items
dbug: Microsoft.Extensions.Http.DefaultHttpClientFactory[100]
      Starting HttpMessageHandler cleanup cycle with 1 items
dbug: Microsoft.Extensions.Http.DefaultHttpClientFactory[101]
      Ending HttpMessageHandler cleanup cycle after 0.0043ms - processed: 0 items - remaining: 1 items
dbug: Microsoft.Extensions.Http.DefaultHttpClientFactory[100]
      Starting HttpMessageHandler cleanup cycle with 1 items
dbug: Microsoft.Extensions.Http.DefaultHttpClientFactory[101]
      Ending HttpMessageHandler cleanup cycle after 0.0035ms - processed: 0 items - remaining: 1 items
dbug: Microsoft.Extensions.Http.DefaultHttpClientFactory[100]
      Starting HttpMessageHandler cleanup cycle with 1 items
dbug: Microsoft.Extensions.Http.DefaultHttpClientFactory[101]
      Ending HttpMessageHandler cleanup cycle after 0.0029ms - processed: 0 items - remaining: 1 items
dbug: Microsoft.Extensions.Http.DefaultHttpClientFactory[100]
      Starting HttpMessageHandler cleanup cycle with 1 items
dbug: Microsoft.Extensions.Http.DefaultHttpClientFactory[101]
      Ending HttpMessageHandler cleanup cycle after 0.0035ms - processed: 0 items - remaining: 1 items
dbug: Microsoft.Extensions.Http.DefaultHttpClientFactory[103]
      HttpMessageHandler expired after 120000ms for client ''
dbug: Microsoft.Extensions.Http.DefaultHttpClientFactory[100]
      Starting HttpMessageHandler cleanup cycle with 2 items
dbug: Microsoft.Extensions.Http.DefaultHttpClientFactory[101]
      Ending HttpMessageHandler cleanup cycle after 0.0026ms - processed: 0 items - remaining: 2 items
dbug: Microsoft.Extensions.Http.DefaultHttpClientFactory[100]
      Starting HttpMessageHandler cleanup cycle with 2 items
dbug: Microsoft.Extensions.Http.DefaultHttpClientFactory[101]
      Ending HttpMessageHandler cleanup cycle after 0.0045ms - processed: 0 items - remaining: 2 items
dbug: Microsoft.Extensions.Http.DefaultHttpClientFactory[100]
      Starting HttpMessageHandler cleanup cycle with 2 items
dbug: Microsoft.Extensions.Http.DefaultHttpClientFactory[101]
      Ending HttpMessageHandler cleanup cycle after 0.002ms - processed: 0 items - remaining: 2 items
dbug: Microsoft.Extensions.Http.DefaultHttpClientFactory[100]
      Starting HttpMessageHandler cleanup cycle with 2 items
dbug: Microsoft.Extensions.Http.DefaultHttpClientFactory[101]
      Ending HttpMessageHandler cleanup cycle after 0.0049ms - processed: 0 items - remaining: 2 items
dbug: Microsoft.Extensions.Http.DefaultHttpClientFactory[100]
      Starting HttpMessageHandler cleanup cycle with 2 items
dbug: Microsoft.Extensions.Http.DefaultHttpClientFactory[101]
      Ending HttpMessageHandler cleanup cycle after 0.005ms - processed: 0 items - remaining: 2 items
dbug: Microsoft.Extensions.Http.DefaultHttpClientFactory[100]
      Starting HttpMessageHandler cleanup cycle with 2 items
dbug: Microsoft.Extensions.Http.DefaultHttpClientFactory[101]
      Ending HttpMessageHandler cleanup cycle after 0.0028ms - processed: 0 items - remaining: 2 items
dbug: Microsoft.Extensions.Http.DefaultHttpClientFactory[100]
      Starting HttpMessageHandler cleanup cycle with 2 items
dbug: Microsoft.Extensions.Http.DefaultHttpClientFactory[101]
      Ending HttpMessageHandler cleanup cycle after 0.0034ms - processed: 0 items - remaining: 2 items
dbug: Microsoft.Extensions.Http.DefaultHttpClientFactory[100]
      Starting HttpMessageHandler cleanup cycle with 2 items
dbug: Microsoft.Extensions.Http.DefaultHttpClientFactory[101]
      Ending HttpMessageHandler cleanup cycle after 0.0054ms - processed: 0 items - remaining: 2 items
dbug: Microsoft.Extensions.Http.DefaultHttpClientFactory[100]
      Starting HttpMessageHandler cleanup cycle with 2 items
dbug: Microsoft.Extensions.Http.DefaultHttpClientFactory[101]
      Ending HttpMessageHandler cleanup cycle after 0.0787ms - processed: 0 items - remaining: 2 items
dbug: Microsoft.Extensions.Http.DefaultHttpClientFactory[100]
      Starting HttpMessageHandler cleanup cycle with 2 items
dbug: Microsoft.Extensions.Http.DefaultHttpClientFactory[101]
      Ending HttpMessageHandler cleanup cycle after 0.004ms - processed: 0 items - remaining: 2 items
dbug: Microsoft.Extensions.Http.DefaultHttpClientFactory[100]
      Starting HttpMessageHandler cleanup cycle with 2 items
dbug: Microsoft.Extensions.Http.DefaultHttpClientFactory[101]
      Ending HttpMessageHandler cleanup cycle after 0.0032ms - processed: 0 items - remaining: 2 items
dbug: Microsoft.Extensions.Http.DefaultHttpClientFactory[100]
      Starting HttpMessageHandler cleanup cycle with 2 items
dbug: Microsoft.Extensions.Http.DefaultHttpClientFactory[101]
      Ending HttpMessageHandler cleanup cycle after 0.2604ms - processed: 0 items - remaining: 2 items
dbug: Microsoft.Extensions.Http.DefaultHttpClientFactory[100]
      Starting HttpMessageHandler cleanup cycle with 2 items
dbug: Microsoft.Extensions.Http.DefaultHttpClientFactory[101]
      Ending HttpMessageHandler cleanup cycle after 0.002ms - processed: 0 items - remaining: 2 items
dbug: Microsoft.Extensions.Http.DefaultHttpClientFactory[100]
      Starting HttpMessageHandler cleanup cycle with 2 items
dbug: Microsoft.Extensions.Http.DefaultHttpClientFactory[101]
      Ending HttpMessageHandler cleanup cycle after 0.0034ms - processed: 0 items - remaining: 2 items
dbug: Microsoft.Extensions.Http.DefaultHttpClientFactory[100]
      Starting HttpMessageHandler cleanup cycle with 2 items
dbug: Microsoft.Extensions.Http.DefaultHttpClientFactory[101]
      Ending HttpMessageHandler cleanup cycle after 0.0028ms - processed: 0 items - remaining: 2 items
dbug: Microsoft.Extensions.Http.DefaultHttpClientFactory[100]
      Starting HttpMessageHandler cleanup cycle with 2 items
dbug: Microsoft.Extensions.Http.DefaultHttpClientFactory[101]
      Ending HttpMessageHandler cleanup cycle after 0.0018ms - processed: 0 items - remaining: 2 items
dbug: Microsoft.Extensions.Http.DefaultHttpClientFactory[100]
      Starting HttpMessageHandler cleanup cycle with 2 items
dbug: Microsoft.Extensions.Http.DefaultHttpClientFactory[101]
      Ending HttpMessageHandler cleanup cycle after 0.0033ms - processed: 0 items - remaining: 2 items
dbug: Microsoft.Extensions.Http.DefaultHttpClientFactory[100]
      Starting HttpMessageHandler cleanup cycle with 2 items
dbug: Microsoft.Extensions.Http.DefaultHttpClientFactory[101]
      Ending HttpMessageHandler cleanup cycle after 0.0024ms - processed: 0 items - remaining: 2 items
info: Microsoft.AspNetCore.Hosting.Diagnostics[1]
      Request starting HTTP/2 GET https://localhost:44353/Resident/MyPackages - - -
dbug: Microsoft.AspNetCore.StaticFiles.StaticFileMiddleware[4]
      The request path /Resident/MyPackages does not match a supported file type
dbug: Microsoft.AspNetCore.Routing.Matching.DfaMatcher[1001]
      1 candidate(s) found for the request path '/Resident/MyPackages'
dbug: Microsoft.AspNetCore.Routing.Matching.DfaMatcher[1005]
      Endpoint 'ParcelManagement2.Controllers.ResidentController.MyPackages (ParcelProject)' with route pattern '{controller=Account}/{action=Login}/{id?}' is valid for the request path '/Resident/MyPackages'
dbug: Microsoft.AspNetCore.Routing.EndpointRoutingMiddleware[1]
      Request matched endpoint 'ParcelManagement2.Controllers.ResidentController.MyPackages (ParcelProject)'
dbug: Microsoft.AspNetCore.Authentication.Cookies.CookieAuthenticationHandler[8]
      AuthenticationScheme: Cookies was successfully authenticated.
dbug: Microsoft.AspNetCore.Authorization.DefaultAuthorizationService[1]
      Authorization was successful.
info: Microsoft.AspNetCore.Routing.EndpointMiddleware[0]
      Executing endpoint 'ParcelManagement2.Controllers.ResidentController.MyPackages (ParcelProject)'
info: Microsoft.AspNetCore.Mvc.Infrastructure.ControllerActionInvoker[102]
      Route matched with {action = "MyPackages", controller = "Resident"}. Executing controller action with signature Microsoft.AspNetCore.Mvc.IActionResult MyPackages() on controller ParcelManagement2.Controllers.ResidentController (ParcelProject).
dbug: Microsoft.AspNetCore.Mvc.Infrastructure.ControllerActionInvoker[1]
      Execution plan of authorization filters (in the following order): None
dbug: Microsoft.AspNetCore.Mvc.Infrastructure.ControllerActionInvoker[1]
      Execution plan of resource filters (in the following order): Microsoft.AspNetCore.Mvc.ViewFeatures.Filters.SaveTempDataFilter
dbug: Microsoft.AspNetCore.Mvc.Infrastructure.ControllerActionInvoker[1]
      Execution plan of action filters (in the following order): Microsoft.AspNetCore.Mvc.Filters.ControllerActionFilter (Order: -2147483648), Microsoft.AspNetCore.Mvc.ModelBinding.UnsupportedContentTypeFilter (Order: -3000)
dbug: Microsoft.AspNetCore.Mvc.Infrastructure.ControllerActionInvoker[1]
      Execution plan of exception filters (in the following order): None
dbug: Microsoft.AspNetCore.Mvc.Infrastructure.ControllerActionInvoker[1]
      Execution plan of result filters (in the following order): Microsoft.AspNetCore.Mvc.ViewFeatures.Filters.SaveTempDataFilter
dbug: Microsoft.AspNetCore.Mvc.Infrastructure.ControllerActionInvoker[1]
      Executing controller factory for controller ParcelManagement2.Controllers.ResidentController (ParcelProject)
dbug: ParcelManagement2.Models.DBConn[0]
      資料庫連線字串已設定
dbug: Microsoft.AspNetCore.Mvc.Infrastructure.ControllerActionInvoker[2]
      Executed controller factory for controller ParcelManagement2.Controllers.ResidentController (ParcelProject)
dbug: ParcelManagement2.Models.DBConn[0]
      查詢成功，返回 1 行數據
dbug: Microsoft.AspNetCore.Session.DistributedSession[4]
      Session loaded; Key:f3a42b75-d459-1344-3c37-ff3073c71b14, Id:be5fffd8-37ca-330c-7652-55aaec6333fb, Count:1
dbug: Microsoft.AspNetCore.Mvc.Razor.RazorViewEngine[1]
      View lookup cache miss for view 'MyPackages' in controller 'Resident'.
dbug: Microsoft.AspNetCore.Mvc.Razor.Compilation.DefaultViewCompiler[3]
      Initializing Razor view compiler with compiled view: '/Views/Account/AccessDenied.cshtml'.
dbug: Microsoft.AspNetCore.Mvc.Razor.Compilation.DefaultViewCompiler[3]
      Initializing Razor view compiler with compiled view: '/Views/Account/Login.cshtml'.
dbug: Microsoft.AspNetCore.Mvc.Razor.Compilation.DefaultViewCompiler[3]
      Initializing Razor view compiler with compiled view: '/Views/Home/Index.cshtml'.
dbug: Microsoft.AspNetCore.Mvc.Razor.Compilation.DefaultViewCompiler[3]
      Initializing Razor view compiler with compiled view: '/Views/Home/Index_back.cshtml'.
dbug: Microsoft.AspNetCore.Mvc.Razor.Compilation.DefaultViewCompiler[3]
      Initializing Razor view compiler with compiled view: '/Views/Home/Packages.cshtml'.
dbug: Microsoft.AspNetCore.Mvc.Razor.Compilation.DefaultViewCompiler[3]
      Initializing Razor view compiler with compiled view: '/Views/Home/Privacy.cshtml'.
dbug: Microsoft.AspNetCore.Mvc.Razor.Compilation.DefaultViewCompiler[3]
      Initializing Razor view compiler with compiled view: '/Views/Resident/Edit.cshtml'.
dbug: Microsoft.AspNetCore.Mvc.Razor.Compilation.DefaultViewCompiler[3]
      Initializing Razor view compiler with compiled view: '/Views/Resident/Home.cshtml'.
dbug: Microsoft.AspNetCore.Mvc.Razor.Compilation.DefaultViewCompiler[3]
      Initializing Razor view compiler with compiled view: '/Views/Resident/MyPackages.cshtml'.
dbug: Microsoft.AspNetCore.Mvc.Razor.Compilation.DefaultViewCompiler[3]
      Initializing Razor view compiler with compiled view: '/Views/Resident/PackagePhoto.cshtml'.
dbug: Microsoft.AspNetCore.Mvc.Razor.Compilation.DefaultViewCompiler[3]
      Initializing Razor view compiler with compiled view: '/Views/Shared/Error.cshtml'.
dbug: Microsoft.AspNetCore.Mvc.Razor.Compilation.DefaultViewCompiler[3]
      Initializing Razor view compiler with compiled view: '/Views/Shared/_AdminLayout.cshtml'.
dbug: Microsoft.AspNetCore.Mvc.Razor.Compilation.DefaultViewCompiler[3]
      Initializing Razor view compiler with compiled view: '/Views/Shared/_Layout.cshtml'.
dbug: Microsoft.AspNetCore.Mvc.Razor.Compilation.DefaultViewCompiler[3]
      Initializing Razor view compiler with compiled view: '/Views/Shared/_ResidentLayout.cshtml'.
dbug: Microsoft.AspNetCore.Mvc.Razor.Compilation.DefaultViewCompiler[3]
      Initializing Razor view compiler with compiled view: '/Views/Shared/_ValidationScriptsPartial.cshtml'.
dbug: Microsoft.AspNetCore.Mvc.Razor.Compilation.DefaultViewCompiler[3]
      Initializing Razor view compiler with compiled view: '/Views/_ViewImports.cshtml'.
dbug: Microsoft.AspNetCore.Mvc.Razor.Compilation.DefaultViewCompiler[3]
      Initializing Razor view compiler with compiled view: '/Views/_ViewStart.cshtml'.
dbug: Microsoft.AspNetCore.Mvc.Razor.Compilation.DefaultViewCompiler[3]
      Initializing Razor view compiler with compiled view: '/Views/Shared/_Layout_back.cshtml'.
info: Microsoft.AspNetCore.Mvc.ViewFeatures.ViewResultExecutor[1]
      Executing ViewResult, running view MyPackages.
dbug: Microsoft.AspNetCore.Mvc.ViewFeatures.ViewResultExecutor[2]
      The view path '/Views/Resident/MyPackages.cshtml' was found in 25.3952ms.
dbug: Microsoft.AspNetCore.Antiforgery.DefaultAntiforgery[6]
      An antiforgery cookie token was reused.
dbug: Microsoft.WebTools.BrowserLink.Net.BrowserLinkMiddleware[1]
      Response markup is scheduled to include Browser Link script injection.
dbug: Microsoft.AspNetCore.Watch.BrowserRefresh.BrowserRefreshMiddleware[1]
      Response markup is scheduled to include browser refresh script injection.
info: Microsoft.AspNetCore.Mvc.ViewFeatures.ViewResultExecutor[4]
      Executed ViewResult - view MyPackages executed in 31.555ms.
info: Microsoft.AspNetCore.Mvc.Infrastructure.ControllerActionInvoker[105]
      Executed action ParcelManagement2.Controllers.ResidentController.MyPackages (ParcelProject) in 79.0364ms
info: Microsoft.AspNetCore.Routing.EndpointMiddleware[1]
      Executed endpoint 'ParcelManagement2.Controllers.ResidentController.MyPackages (ParcelProject)'
dbug: Microsoft.WebTools.BrowserLink.Net.BrowserLinkMiddleware[2]
      Response markup was updated to include Browser Link script injection.
dbug: Microsoft.AspNetCore.Watch.BrowserRefresh.BrowserRefreshMiddleware[2]
      Response markup was updated to include browser refresh script injection.
dbug: Microsoft.AspNetCore.Server.IIS.Core.IISHttpServer[1]
      Connection ID "17726168168495316996" disconnecting.
info: Microsoft.AspNetCore.Hosting.Diagnostics[2]
      Request finished HTTP/2 GET https://localhost:44353/Resident/MyPackages - 200 - text/html;+charset=utf-8 108.7506ms
info: Microsoft.AspNetCore.Hosting.Diagnostics[1]
      Request starting HTTP/2 GET https://localhost:44353/_vs/browserLink - - -
info: Microsoft.AspNetCore.Hosting.Diagnostics[1]
      Request starting HTTP/2 GET https://localhost:44353/_framework/aspnetcore-browser-refresh.js - - -
dbug: Microsoft.AspNetCore.Watch.BrowserRefresh.BrowserScriptMiddleware[0]
      Script injected: /_framework/aspnetcore-browser-refresh.js
dbug: Microsoft.AspNetCore.Server.IIS.Core.IISHttpServer[1]
      Connection ID "18302628903618871514" disconnecting.
info: Microsoft.AspNetCore.Hosting.Diagnostics[2]
      Request finished HTTP/2 GET https://localhost:44353/_framework/aspnetcore-browser-refresh.js - 200 16511 application/javascript;+charset=utf-8 4.0872ms
dbug: Microsoft.AspNetCore.Server.IIS.Core.IISHttpServer[1]
      Connection ID "18158513715543015480" disconnecting.
info: Microsoft.AspNetCore.Hosting.Diagnostics[2]
      Request finished HTTP/2 GET https://localhost:44353/_vs/browserLink - 200 - text/javascript;+charset=UTF-8 10.8387ms
info: Microsoft.AspNetCore.Hosting.Diagnostics[1]
      Request starting HTTP/2 POST https://localhost:44353/Resident/GetAllPackages - - 0
info: Microsoft.AspNetCore.Hosting.Diagnostics[1]
      Request starting HTTP/2 POST https://localhost:44353/Resident/GetCollectedHistory - - 0
dbug: Microsoft.AspNetCore.StaticFiles.StaticFileMiddleware[1]
      POST requests are not supported
dbug: Microsoft.AspNetCore.StaticFiles.StaticFileMiddleware[1]
      POST requests are not supported
dbug: Microsoft.AspNetCore.Routing.Matching.DfaMatcher[1001]
      1 candidate(s) found for the request path '/Resident/GetCollectedHistory'
dbug: Microsoft.AspNetCore.Routing.Matching.DfaMatcher[1001]
      1 candidate(s) found for the request path '/Resident/GetAllPackages'
dbug: Microsoft.AspNetCore.Routing.Matching.DfaMatcher[1005]
      Endpoint 'ParcelManagement2.Controllers.ResidentController.GetCollectedHistory (ParcelProject)' with route pattern '{controller=Account}/{action=Login}/{id?}' is valid for the request path '/Resident/GetCollectedHistory'
dbug: Microsoft.AspNetCore.Routing.Matching.DfaMatcher[1005]
      Endpoint 'ParcelManagement2.Controllers.ResidentController.GetAllPackages (ParcelProject)' with route pattern '{controller=Account}/{action=Login}/{id?}' is valid for the request path '/Resident/GetAllPackages'
dbug: Microsoft.AspNetCore.Routing.EndpointRoutingMiddleware[1]
      Request matched endpoint 'ParcelManagement2.Controllers.ResidentController.GetCollectedHistory (ParcelProject)'
dbug: Microsoft.AspNetCore.Routing.EndpointRoutingMiddleware[1]
      Request matched endpoint 'ParcelManagement2.Controllers.ResidentController.GetAllPackages (ParcelProject)'
dbug: Microsoft.AspNetCore.Authentication.Cookies.CookieAuthenticationHandler[8]
      AuthenticationScheme: Cookies was successfully authenticated.
dbug: Microsoft.AspNetCore.Authentication.Cookies.CookieAuthenticationHandler[8]
      AuthenticationScheme: Cookies was successfully authenticated.
dbug: Microsoft.AspNetCore.Authorization.DefaultAuthorizationService[1]
      Authorization was successful.
dbug: Microsoft.AspNetCore.Authorization.DefaultAuthorizationService[1]
      Authorization was successful.
info: Microsoft.AspNetCore.Routing.EndpointMiddleware[0]
      Executing endpoint 'ParcelManagement2.Controllers.ResidentController.GetCollectedHistory (ParcelProject)'
info: Microsoft.AspNetCore.Routing.EndpointMiddleware[0]
      Executing endpoint 'ParcelManagement2.Controllers.ResidentController.GetAllPackages (ParcelProject)'
info: Microsoft.AspNetCore.Mvc.Infrastructure.ControllerActionInvoker[102]
      Route matched with {action = "GetCollectedHistory", controller = "Resident"}. Executing controller action with signature Microsoft.AspNetCore.Mvc.IActionResult GetCollectedHistory() on controller ParcelManagement2.Controllers.ResidentController (ParcelProject).
dbug: Microsoft.AspNetCore.Mvc.Infrastructure.ControllerActionInvoker[1]
      Execution plan of authorization filters (in the following order): None
info: Microsoft.AspNetCore.Mvc.Infrastructure.ControllerActionInvoker[102]
      Route matched with {action = "GetAllPackages", controller = "Resident"}. Executing controller action with signature Microsoft.AspNetCore.Mvc.IActionResult GetAllPackages() on controller ParcelManagement2.Controllers.ResidentController (ParcelProject).
dbug: Microsoft.AspNetCore.Mvc.Infrastructure.ControllerActionInvoker[1]
      Execution plan of resource filters (in the following order): Microsoft.AspNetCore.Mvc.ViewFeatures.Filters.SaveTempDataFilter
dbug: Microsoft.AspNetCore.Mvc.Infrastructure.ControllerActionInvoker[1]
      Execution plan of authorization filters (in the following order): None
dbug: Microsoft.AspNetCore.Mvc.Infrastructure.ControllerActionInvoker[1]
      Execution plan of action filters (in the following order): Microsoft.AspNetCore.Mvc.Filters.ControllerActionFilter (Order: -2147483648), Microsoft.AspNetCore.Mvc.ModelBinding.UnsupportedContentTypeFilter (Order: -3000)
dbug: Microsoft.AspNetCore.Mvc.Infrastructure.ControllerActionInvoker[1]
      Execution plan of resource filters (in the following order): Microsoft.AspNetCore.Mvc.ViewFeatures.Filters.SaveTempDataFilter
dbug: Microsoft.AspNetCore.Mvc.Infrastructure.ControllerActionInvoker[1]
      Execution plan of exception filters (in the following order): None
dbug: Microsoft.AspNetCore.Mvc.Infrastructure.ControllerActionInvoker[1]
      Execution plan of action filters (in the following order): Microsoft.AspNetCore.Mvc.Filters.ControllerActionFilter (Order: -2147483648), Microsoft.AspNetCore.Mvc.ModelBinding.UnsupportedContentTypeFilter (Order: -3000)
dbug: Microsoft.AspNetCore.Mvc.Infrastructure.ControllerActionInvoker[1]
      Execution plan of result filters (in the following order): Microsoft.AspNetCore.Mvc.ViewFeatures.Filters.SaveTempDataFilter
dbug: Microsoft.AspNetCore.Mvc.Infrastructure.ControllerActionInvoker[1]
      Execution plan of exception filters (in the following order): None
dbug: Microsoft.AspNetCore.Mvc.Infrastructure.ControllerActionInvoker[1]
      Executing controller factory for controller ParcelManagement2.Controllers.ResidentController (ParcelProject)
dbug: Microsoft.AspNetCore.Mvc.Infrastructure.ControllerActionInvoker[1]
      Execution plan of result filters (in the following order): Microsoft.AspNetCore.Mvc.ViewFeatures.Filters.SaveTempDataFilter
dbug: ParcelManagement2.Models.DBConn[0]
      資料庫連線字串已設定
dbug: Microsoft.AspNetCore.Mvc.Infrastructure.ControllerActionInvoker[1]
      Executing controller factory for controller ParcelManagement2.Controllers.ResidentController (ParcelProject)
dbug: Microsoft.AspNetCore.Mvc.Infrastructure.ControllerActionInvoker[2]
      Executed controller factory for controller ParcelManagement2.Controllers.ResidentController (ParcelProject)
dbug: ParcelManagement2.Models.DBConn[0]
      資料庫連線字串已設定
dbug: Microsoft.AspNetCore.Mvc.Infrastructure.ControllerActionInvoker[2]
      Executed controller factory for controller ParcelManagement2.Controllers.ResidentController (ParcelProject)
dbug: Microsoft.AspNetCore.Session.DistributedSession[4]
      Session loaded; Key:f3a42b75-d459-1344-3c37-ff3073c71b14, Id:be5fffd8-37ca-330c-7652-55aaec6333fb, Count:1
dbug: Microsoft.AspNetCore.Session.DistributedSession[4]
      Session loaded; Key:f3a42b75-d459-1344-3c37-ff3073c71b14, Id:be5fffd8-37ca-330c-7652-55aaec6333fb, Count:1
dbug: ParcelManagement2.Models.DBConn[0]
      查詢成功，返回 4 行數據
info: Microsoft.AspNetCore.Mvc.Infrastructure.ContentResultExecutor[1]
      Executing ContentResult with HTTP Response ContentType of application/json
info: Microsoft.AspNetCore.Mvc.Infrastructure.ControllerActionInvoker[105]
      Executed action ParcelManagement2.Controllers.ResidentController.GetCollectedHistory (ParcelProject) in 46.4284ms
dbug: ParcelManagement2.Models.DBConn[0]
      查詢成功，返回 11 行數據
info: Microsoft.AspNetCore.Routing.EndpointMiddleware[1]
      Executed endpoint 'ParcelManagement2.Controllers.ResidentController.GetCollectedHistory (ParcelProject)'
info: Microsoft.AspNetCore.Mvc.Infrastructure.ContentResultExecutor[1]
      Executing ContentResult with HTTP Response ContentType of application/json
info: Microsoft.AspNetCore.Hosting.Diagnostics[2]
      Request finished HTTP/2 POST https://localhost:44353/Resident/GetCollectedHistory - 200 988 application/json 84.8687ms
dbug: Microsoft.AspNetCore.Server.IIS.Core.IISHttpServer[1]
      Connection ID "17942340916249362479" disconnecting.
info: Microsoft.AspNetCore.Mvc.Infrastructure.ControllerActionInvoker[105]
      Executed action ParcelManagement2.Controllers.ResidentController.GetAllPackages (ParcelProject) in 49.159ms
info: Microsoft.AspNetCore.Routing.EndpointMiddleware[1]
      Executed endpoint 'ParcelManagement2.Controllers.ResidentController.GetAllPackages (ParcelProject)'
info: Microsoft.AspNetCore.Hosting.Diagnostics[2]
      Request finished HTTP/2 POST https://localhost:44353/Resident/GetAllPackages - 200 2796 application/json 91.2276ms
dbug: Microsoft.AspNetCore.Server.IIS.Core.IISHttpServer[1]
      Connection ID "18374686532016537745" disconnecting.
info: Microsoft.AspNetCore.Hosting.Diagnostics[1]
      Request starting HTTP/2 GET https://localhost:44353/Resident/MyPackages - - -
dbug: Microsoft.AspNetCore.StaticFiles.StaticFileMiddleware[4]
      The request path /Resident/MyPackages does not match a supported file type
dbug: Microsoft.AspNetCore.Routing.Matching.DfaMatcher[1001]
      1 candidate(s) found for the request path '/Resident/MyPackages'
dbug: Microsoft.AspNetCore.Routing.Matching.DfaMatcher[1005]
      Endpoint 'ParcelManagement2.Controllers.ResidentController.MyPackages (ParcelProject)' with route pattern '{controller=Account}/{action=Login}/{id?}' is valid for the request path '/Resident/MyPackages'
dbug: Microsoft.AspNetCore.Routing.EndpointRoutingMiddleware[1]
      Request matched endpoint 'ParcelManagement2.Controllers.ResidentController.MyPackages (ParcelProject)'
dbug: Microsoft.AspNetCore.Authentication.Cookies.CookieAuthenticationHandler[8]
      AuthenticationScheme: Cookies was successfully authenticated.
dbug: Microsoft.AspNetCore.Authorization.DefaultAuthorizationService[1]
      Authorization was successful.
info: Microsoft.AspNetCore.Routing.EndpointMiddleware[0]
      Executing endpoint 'ParcelManagement2.Controllers.ResidentController.MyPackages (ParcelProject)'
info: Microsoft.AspNetCore.Mvc.Infrastructure.ControllerActionInvoker[102]
      Route matched with {action = "MyPackages", controller = "Resident"}. Executing controller action with signature Microsoft.AspNetCore.Mvc.IActionResult MyPackages() on controller ParcelManagement2.Controllers.ResidentController (ParcelProject).
dbug: Microsoft.AspNetCore.Mvc.Infrastructure.ControllerActionInvoker[1]
      Execution plan of authorization filters (in the following order): None
dbug: Microsoft.AspNetCore.Mvc.Infrastructure.ControllerActionInvoker[1]
      Execution plan of resource filters (in the following order): Microsoft.AspNetCore.Mvc.ViewFeatures.Filters.SaveTempDataFilter
dbug: Microsoft.AspNetCore.Mvc.Infrastructure.ControllerActionInvoker[1]
      Execution plan of action filters (in the following order): Microsoft.AspNetCore.Mvc.Filters.ControllerActionFilter (Order: -2147483648), Microsoft.AspNetCore.Mvc.ModelBinding.UnsupportedContentTypeFilter (Order: -3000)
dbug: Microsoft.AspNetCore.Mvc.Infrastructure.ControllerActionInvoker[1]
      Execution plan of exception filters (in the following order): None
dbug: Microsoft.AspNetCore.Mvc.Infrastructure.ControllerActionInvoker[1]
      Execution plan of result filters (in the following order): Microsoft.AspNetCore.Mvc.ViewFeatures.Filters.SaveTempDataFilter
dbug: Microsoft.AspNetCore.Mvc.Infrastructure.ControllerActionInvoker[1]
      Executing controller factory for controller ParcelManagement2.Controllers.ResidentController (ParcelProject)
dbug: ParcelManagement2.Models.DBConn[0]
      資料庫連線字串已設定
dbug: Microsoft.AspNetCore.Mvc.Infrastructure.ControllerActionInvoker[2]
      Executed controller factory for controller ParcelManagement2.Controllers.ResidentController (ParcelProject)
dbug: ParcelManagement2.Models.DBConn[0]
      查詢成功，返回 1 行數據
dbug: Microsoft.AspNetCore.Session.DistributedSession[4]
      Session loaded; Key:f3a42b75-d459-1344-3c37-ff3073c71b14, Id:be5fffd8-37ca-330c-7652-55aaec6333fb, Count:1
dbug: Microsoft.AspNetCore.Mvc.Razor.RazorViewEngine[2]
      View lookup cache hit for view 'MyPackages' in controller 'Resident'.
info: Microsoft.AspNetCore.Mvc.ViewFeatures.ViewResultExecutor[1]
      Executing ViewResult, running view MyPackages.
dbug: Microsoft.AspNetCore.Mvc.ViewFeatures.ViewResultExecutor[2]
      The view path '/Views/Resident/MyPackages.cshtml' was found in 2.9532ms.
dbug: Microsoft.AspNetCore.Antiforgery.DefaultAntiforgery[6]
      An antiforgery cookie token was reused.
dbug: Microsoft.WebTools.BrowserLink.Net.BrowserLinkMiddleware[1]
      Response markup is scheduled to include Browser Link script injection.
dbug: Microsoft.AspNetCore.Watch.BrowserRefresh.BrowserRefreshMiddleware[1]
      Response markup is scheduled to include browser refresh script injection.
info: Microsoft.AspNetCore.Mvc.ViewFeatures.ViewResultExecutor[4]
      Executed ViewResult - view MyPackages executed in 8.5439ms.
info: Microsoft.AspNetCore.Mvc.Infrastructure.ControllerActionInvoker[105]
      Executed action ParcelManagement2.Controllers.ResidentController.MyPackages (ParcelProject) in 55.2501ms
info: Microsoft.AspNetCore.Routing.EndpointMiddleware[1]
      Executed endpoint 'ParcelManagement2.Controllers.ResidentController.MyPackages (ParcelProject)'
dbug: Microsoft.WebTools.BrowserLink.Net.BrowserLinkMiddleware[2]
      Response markup was updated to include Browser Link script injection.
dbug: Microsoft.AspNetCore.Watch.BrowserRefresh.BrowserRefreshMiddleware[2]
      Response markup was updated to include browser refresh script injection.
dbug: Microsoft.AspNetCore.Server.IIS.Core.IISHttpServer[1]
      Connection ID "18158513724132950158" disconnecting.
info: Microsoft.AspNetCore.Hosting.Diagnostics[2]
      Request finished HTTP/2 GET https://localhost:44353/Resident/MyPackages - 200 - text/html;+charset=utf-8 86.7875ms
info: Microsoft.AspNetCore.Hosting.Diagnostics[1]
      Request starting HTTP/2 POST https://localhost:44353/Resident/GetAllPackages - - 0
info: Microsoft.AspNetCore.Hosting.Diagnostics[1]
      Request starting HTTP/2 POST https://localhost:44353/Resident/GetCollectedHistory - - 0
dbug: Microsoft.AspNetCore.StaticFiles.StaticFileMiddleware[1]
      POST requests are not supported
info: Microsoft.AspNetCore.Hosting.Diagnostics[1]
      Request starting HTTP/2 GET https://localhost:44353/_framework/aspnetcore-browser-refresh.js - - -
info: Microsoft.AspNetCore.Hosting.Diagnostics[1]
      Request starting HTTP/2 GET https://localhost:44353/_vs/browserLink - - -
dbug: Microsoft.AspNetCore.StaticFiles.StaticFileMiddleware[1]
      POST requests are not supported
dbug: Microsoft.AspNetCore.Routing.Matching.DfaMatcher[1001]
      1 candidate(s) found for the request path '/Resident/GetAllPackages'
dbug: Microsoft.AspNetCore.Routing.Matching.DfaMatcher[1005]
      Endpoint 'ParcelManagement2.Controllers.ResidentController.GetAllPackages (ParcelProject)' with route pattern '{controller=Account}/{action=Login}/{id?}' is valid for the request path '/Resident/GetAllPackages'
dbug: Microsoft.AspNetCore.Watch.BrowserRefresh.BrowserScriptMiddleware[0]
      Script injected: /_framework/aspnetcore-browser-refresh.js
dbug: Microsoft.AspNetCore.Routing.Matching.DfaMatcher[1001]
      1 candidate(s) found for the request path '/Resident/GetCollectedHistory'
info: Microsoft.AspNetCore.Hosting.Diagnostics[2]
      Request finished HTTP/2 GET https://localhost:44353/_framework/aspnetcore-browser-refresh.js - 200 16511 application/javascript;+charset=utf-8 9.4231ms
dbug: Microsoft.AspNetCore.Server.IIS.Core.IISHttpServer[1]
      Connection ID "17942340950609100905" disconnecting.
dbug: Microsoft.AspNetCore.Routing.EndpointRoutingMiddleware[1]
      Request matched endpoint 'ParcelManagement2.Controllers.ResidentController.GetAllPackages (ParcelProject)'
dbug: Microsoft.AspNetCore.Authentication.Cookies.CookieAuthenticationHandler[8]
      AuthenticationScheme: Cookies was successfully authenticated.
dbug: Microsoft.AspNetCore.Routing.Matching.DfaMatcher[1005]
      Endpoint 'ParcelManagement2.Controllers.ResidentController.GetCollectedHistory (ParcelProject)' with route pattern '{controller=Account}/{action=Login}/{id?}' is valid for the request path '/Resident/GetCollectedHistory'
dbug: Microsoft.AspNetCore.Authorization.DefaultAuthorizationService[1]
      Authorization was successful.
dbug: Microsoft.AspNetCore.Routing.EndpointRoutingMiddleware[1]
      Request matched endpoint 'ParcelManagement2.Controllers.ResidentController.GetCollectedHistory (ParcelProject)'
info: Microsoft.AspNetCore.Routing.EndpointMiddleware[0]
      Executing endpoint 'ParcelManagement2.Controllers.ResidentController.GetAllPackages (ParcelProject)'
dbug: Microsoft.AspNetCore.Authentication.Cookies.CookieAuthenticationHandler[8]
      AuthenticationScheme: Cookies was successfully authenticated.
info: Microsoft.AspNetCore.Mvc.Infrastructure.ControllerActionInvoker[102]
      Route matched with {action = "GetAllPackages", controller = "Resident"}. Executing controller action with signature Microsoft.AspNetCore.Mvc.IActionResult GetAllPackages() on controller ParcelManagement2.Controllers.ResidentController (ParcelProject).
dbug: Microsoft.AspNetCore.Authorization.DefaultAuthorizationService[1]
      Authorization was successful.
dbug: Microsoft.AspNetCore.Mvc.Infrastructure.ControllerActionInvoker[1]
      Execution plan of authorization filters (in the following order): None
dbug: Microsoft.AspNetCore.Server.IIS.Core.IISHttpServer[1]
      Connection ID "18014398544647028846" disconnecting.
info: Microsoft.AspNetCore.Routing.EndpointMiddleware[0]
      Executing endpoint 'ParcelManagement2.Controllers.ResidentController.GetCollectedHistory (ParcelProject)'
info: Microsoft.AspNetCore.Hosting.Diagnostics[2]
      Request finished HTTP/2 GET https://localhost:44353/_vs/browserLink - 200 - text/javascript;+charset=UTF-8 31.0350ms
dbug: Microsoft.AspNetCore.Mvc.Infrastructure.ControllerActionInvoker[1]
      Execution plan of resource filters (in the following order): Microsoft.AspNetCore.Mvc.ViewFeatures.Filters.SaveTempDataFilter
dbug: Microsoft.AspNetCore.Mvc.Infrastructure.ControllerActionInvoker[1]
      Execution plan of action filters (in the following order): Microsoft.AspNetCore.Mvc.Filters.ControllerActionFilter (Order: -2147483648), Microsoft.AspNetCore.Mvc.ModelBinding.UnsupportedContentTypeFilter (Order: -3000)
info: Microsoft.AspNetCore.Mvc.Infrastructure.ControllerActionInvoker[102]
      Route matched with {action = "GetCollectedHistory", controller = "Resident"}. Executing controller action with signature Microsoft.AspNetCore.Mvc.IActionResult GetCollectedHistory() on controller ParcelManagement2.Controllers.ResidentController (ParcelProject).
dbug: Microsoft.AspNetCore.Mvc.Infrastructure.ControllerActionInvoker[1]
      Execution plan of exception filters (in the following order): None
dbug: Microsoft.AspNetCore.Mvc.Infrastructure.ControllerActionInvoker[1]
      Execution plan of authorization filters (in the following order): None
dbug: Microsoft.AspNetCore.Mvc.Infrastructure.ControllerActionInvoker[1]
      Execution plan of result filters (in the following order): Microsoft.AspNetCore.Mvc.ViewFeatures.Filters.SaveTempDataFilter
dbug: Microsoft.AspNetCore.Mvc.Infrastructure.ControllerActionInvoker[1]
      Execution plan of resource filters (in the following order): Microsoft.AspNetCore.Mvc.ViewFeatures.Filters.SaveTempDataFilter
dbug: Microsoft.AspNetCore.Mvc.Infrastructure.ControllerActionInvoker[1]
      Executing controller factory for controller ParcelManagement2.Controllers.ResidentController (ParcelProject)
dbug: Microsoft.AspNetCore.Mvc.Infrastructure.ControllerActionInvoker[1]
      Execution plan of action filters (in the following order): Microsoft.AspNetCore.Mvc.Filters.ControllerActionFilter (Order: -2147483648), Microsoft.AspNetCore.Mvc.ModelBinding.UnsupportedContentTypeFilter (Order: -3000)
dbug: ParcelManagement2.Models.DBConn[0]
      資料庫連線字串已設定
dbug: Microsoft.AspNetCore.Mvc.Infrastructure.ControllerActionInvoker[1]
      Execution plan of exception filters (in the following order): None
dbug: Microsoft.AspNetCore.Mvc.Infrastructure.ControllerActionInvoker[2]
      Executed controller factory for controller ParcelManagement2.Controllers.ResidentController (ParcelProject)
dbug: Microsoft.AspNetCore.Mvc.Infrastructure.ControllerActionInvoker[1]
      Execution plan of result filters (in the following order): Microsoft.AspNetCore.Mvc.ViewFeatures.Filters.SaveTempDataFilter
dbug: Microsoft.AspNetCore.Mvc.Infrastructure.ControllerActionInvoker[1]
      Executing controller factory for controller ParcelManagement2.Controllers.ResidentController (ParcelProject)
dbug: ParcelManagement2.Models.DBConn[0]
      資料庫連線字串已設定
dbug: Microsoft.AspNetCore.Mvc.Infrastructure.ControllerActionInvoker[2]
      Executed controller factory for controller ParcelManagement2.Controllers.ResidentController (ParcelProject)
dbug: Microsoft.AspNetCore.Session.DistributedSession[4]
      Session loaded; Key:f3a42b75-d459-1344-3c37-ff3073c71b14, Id:be5fffd8-37ca-330c-7652-55aaec6333fb, Count:1
dbug: Microsoft.AspNetCore.Session.DistributedSession[4]
      Session loaded; Key:f3a42b75-d459-1344-3c37-ff3073c71b14, Id:be5fffd8-37ca-330c-7652-55aaec6333fb, Count:1
dbug: ParcelManagement2.Models.DBConn[0]
      查詢成功，返回 11 行數據
info: Microsoft.AspNetCore.Mvc.Infrastructure.ContentResultExecutor[1]
      Executing ContentResult with HTTP Response ContentType of application/json
info: Microsoft.AspNetCore.Mvc.Infrastructure.ControllerActionInvoker[105]
      Executed action ParcelManagement2.Controllers.ResidentController.GetAllPackages (ParcelProject) in 40.7962ms
info: Microsoft.AspNetCore.Routing.EndpointMiddleware[1]
      Executed endpoint 'ParcelManagement2.Controllers.ResidentController.GetAllPackages (ParcelProject)'
info: Microsoft.AspNetCore.Hosting.Diagnostics[2]
      Request finished HTTP/2 POST https://localhost:44353/Resident/GetAllPackages - 200 2796 application/json 90.6973ms
dbug: Microsoft.AspNetCore.Server.IIS.Core.IISHttpServer[1]
      Connection ID "18302628895028936847" disconnecting.
dbug: ParcelManagement2.Models.DBConn[0]
      查詢成功，返回 4 行數據
info: Microsoft.AspNetCore.Mvc.Infrastructure.ContentResultExecutor[1]
      Executing ContentResult with HTTP Response ContentType of application/json
info: Microsoft.AspNetCore.Mvc.Infrastructure.ControllerActionInvoker[105]
      Executed action ParcelManagement2.Controllers.ResidentController.GetCollectedHistory (ParcelProject) in 45.7199ms
info: Microsoft.AspNetCore.Routing.EndpointMiddleware[1]
      Executed endpoint 'ParcelManagement2.Controllers.ResidentController.GetCollectedHistory (ParcelProject)'
dbug: Microsoft.AspNetCore.Server.IIS.Core.IISHttpServer[1]
      Connection ID "18230571300991008997" disconnecting.
info: Microsoft.AspNetCore.Hosting.Diagnostics[2]
      Request finished HTTP/2 POST https://localhost:44353/Resident/GetCollectedHistory - 200 988 application/json 105.0257ms
dbug: Microsoft.Extensions.Http.DefaultHttpClientFactory[100]
      Starting HttpMessageHandler cleanup cycle with 2 items
dbug: Microsoft.Extensions.Http.DefaultHttpClientFactory[101]
      Ending HttpMessageHandler cleanup cycle after 0.0025ms - processed: 0 items - remaining: 2 items
info: Microsoft.AspNetCore.Hosting.Diagnostics[1]
      Request starting HTTP/2 GET https://localhost:44353/Resident/Home - - -
dbug: Microsoft.AspNetCore.StaticFiles.StaticFileMiddleware[4]
      The request path /Resident/Home does not match a supported file type
dbug: Microsoft.AspNetCore.Routing.Matching.DfaMatcher[1001]
      1 candidate(s) found for the request path '/Resident/Home'
dbug: Microsoft.AspNetCore.Routing.Matching.DfaMatcher[1005]
      Endpoint 'ParcelManagement2.Controllers.ResidentController.Home (ParcelProject)' with route pattern '{controller=Account}/{action=Login}/{id?}' is valid for the request path '/Resident/Home'
dbug: Microsoft.AspNetCore.Routing.EndpointRoutingMiddleware[1]
      Request matched endpoint 'ParcelManagement2.Controllers.ResidentController.Home (ParcelProject)'
dbug: Microsoft.AspNetCore.Authentication.Cookies.CookieAuthenticationHandler[8]
      AuthenticationScheme: Cookies was successfully authenticated.
dbug: Microsoft.AspNetCore.Authorization.DefaultAuthorizationService[1]
      Authorization was successful.
info: Microsoft.AspNetCore.Routing.EndpointMiddleware[0]
      Executing endpoint 'ParcelManagement2.Controllers.ResidentController.Home (ParcelProject)'
info: Microsoft.AspNetCore.Mvc.Infrastructure.ControllerActionInvoker[102]
      Route matched with {action = "Home", controller = "Resident"}. Executing controller action with signature Microsoft.AspNetCore.Mvc.IActionResult Home() on controller ParcelManagement2.Controllers.ResidentController (ParcelProject).
dbug: Microsoft.AspNetCore.Mvc.Infrastructure.ControllerActionInvoker[1]
      Execution plan of authorization filters (in the following order): None
dbug: Microsoft.AspNetCore.Mvc.Infrastructure.ControllerActionInvoker[1]
      Execution plan of resource filters (in the following order): Microsoft.AspNetCore.Mvc.ViewFeatures.Filters.SaveTempDataFilter
dbug: Microsoft.AspNetCore.Mvc.Infrastructure.ControllerActionInvoker[1]
      Execution plan of action filters (in the following order): Microsoft.AspNetCore.Mvc.Filters.ControllerActionFilter (Order: -2147483648), Microsoft.AspNetCore.Mvc.ModelBinding.UnsupportedContentTypeFilter (Order: -3000)
dbug: Microsoft.AspNetCore.Mvc.Infrastructure.ControllerActionInvoker[1]
      Execution plan of exception filters (in the following order): None
dbug: Microsoft.AspNetCore.Mvc.Infrastructure.ControllerActionInvoker[1]
      Execution plan of result filters (in the following order): Microsoft.AspNetCore.Mvc.ViewFeatures.Filters.SaveTempDataFilter
dbug: Microsoft.AspNetCore.Mvc.Infrastructure.ControllerActionInvoker[1]
      Executing controller factory for controller ParcelManagement2.Controllers.ResidentController (ParcelProject)
dbug: ParcelManagement2.Models.DBConn[0]
      資料庫連線字串已設定
dbug: Microsoft.AspNetCore.Mvc.Infrastructure.ControllerActionInvoker[2]
      Executed controller factory for controller ParcelManagement2.Controllers.ResidentController (ParcelProject)
dbug: ParcelManagement2.Models.DBConn[0]
      查詢成功，返回 1 行數據
dbug: Microsoft.AspNetCore.Session.DistributedSession[4]
      Session loaded; Key:f3a42b75-d459-1344-3c37-ff3073c71b14, Id:be5fffd8-37ca-330c-7652-55aaec6333fb, Count:1
dbug: Microsoft.AspNetCore.Mvc.Razor.RazorViewEngine[1]
      View lookup cache miss for view 'Home' in controller 'Resident'.
info: Microsoft.AspNetCore.Mvc.ViewFeatures.ViewResultExecutor[1]
      Executing ViewResult, running view Home.
dbug: Microsoft.AspNetCore.Mvc.ViewFeatures.ViewResultExecutor[2]
      The view path '/Views/Resident/Home.cshtml' was found in 3.475ms.
dbug: Microsoft.AspNetCore.Antiforgery.DefaultAntiforgery[6]
      An antiforgery cookie token was reused.
dbug: Microsoft.WebTools.BrowserLink.Net.BrowserLinkMiddleware[1]
      Response markup is scheduled to include Browser Link script injection.
dbug: Microsoft.AspNetCore.Watch.BrowserRefresh.BrowserRefreshMiddleware[1]
      Response markup is scheduled to include browser refresh script injection.
info: Microsoft.AspNetCore.Mvc.ViewFeatures.ViewResultExecutor[4]
      Executed ViewResult - view Home executed in 14.1825ms.
info: Microsoft.AspNetCore.Mvc.Infrastructure.ControllerActionInvoker[105]
      Executed action ParcelManagement2.Controllers.ResidentController.Home (ParcelProject) in 57.5815ms
info: Microsoft.AspNetCore.Routing.EndpointMiddleware[1]
      Executed endpoint 'ParcelManagement2.Controllers.ResidentController.Home (ParcelProject)'
dbug: Microsoft.WebTools.BrowserLink.Net.BrowserLinkMiddleware[2]
      Response markup was updated to include Browser Link script injection.
dbug: Microsoft.AspNetCore.Watch.BrowserRefresh.BrowserRefreshMiddleware[2]
      Response markup was updated to include browser refresh script injection.
dbug: Microsoft.AspNetCore.Server.IIS.Core.IISHttpServer[1]
      Connection ID "18014398561826898084" disconnecting.
info: Microsoft.AspNetCore.Hosting.Diagnostics[2]
      Request finished HTTP/2 GET https://localhost:44353/Resident/Home - 200 - text/html;+charset=utf-8 90.5711ms
info: Microsoft.AspNetCore.Hosting.Diagnostics[1]
      Request starting HTTP/2 POST https://localhost:44353/Resident/GetUncollectedPackages - - 0
info: Microsoft.AspNetCore.Hosting.Diagnostics[1]
      Request starting HTTP/2 POST https://localhost:44353/Resident/GetUncollectedMails - - 0
dbug: Microsoft.AspNetCore.StaticFiles.StaticFileMiddleware[1]
      POST requests are not supported
dbug: Microsoft.AspNetCore.StaticFiles.StaticFileMiddleware[1]
      POST requests are not supported
dbug: Microsoft.AspNetCore.Routing.Matching.DfaMatcher[1001]
      1 candidate(s) found for the request path '/Resident/GetUncollectedPackages'
dbug: Microsoft.AspNetCore.Routing.Matching.DfaMatcher[1001]
      1 candidate(s) found for the request path '/Resident/GetUncollectedMails'
dbug: Microsoft.AspNetCore.Routing.Matching.DfaMatcher[1005]
      Endpoint 'ParcelManagement2.Controllers.ResidentController.GetUncollectedPackages (ParcelProject)' with route pattern '{controller=Account}/{action=Login}/{id?}' is valid for the request path '/Resident/GetUncollectedPackages'
dbug: Microsoft.AspNetCore.Routing.Matching.DfaMatcher[1005]
      Endpoint 'ParcelManagement2.Controllers.ResidentController.GetUncollectedMails (ParcelProject)' with route pattern '{controller=Account}/{action=Login}/{id?}' is valid for the request path '/Resident/GetUncollectedMails'
dbug: Microsoft.AspNetCore.Routing.EndpointRoutingMiddleware[1]
      Request matched endpoint 'ParcelManagement2.Controllers.ResidentController.GetUncollectedPackages (ParcelProject)'
info: Microsoft.AspNetCore.Hosting.Diagnostics[1]
      Request starting HTTP/2 GET https://localhost:44353/_framework/aspnetcore-browser-refresh.js - - -
info: Microsoft.AspNetCore.Hosting.Diagnostics[1]
      Request starting HTTP/2 GET https://localhost:44353/_vs/browserLink - - -
dbug: Microsoft.AspNetCore.Routing.EndpointRoutingMiddleware[1]
      Request matched endpoint 'ParcelManagement2.Controllers.ResidentController.GetUncollectedMails (ParcelProject)'
dbug: Microsoft.AspNetCore.Authentication.Cookies.CookieAuthenticationHandler[8]
      AuthenticationScheme: Cookies was successfully authenticated.
dbug: Microsoft.AspNetCore.Watch.BrowserRefresh.BrowserScriptMiddleware[0]
      Script injected: /_framework/aspnetcore-browser-refresh.js
dbug: Microsoft.AspNetCore.Authorization.DefaultAuthorizationService[1]
      Authorization was successful.
info: Microsoft.AspNetCore.Hosting.Diagnostics[2]
      Request finished HTTP/2 GET https://localhost:44353/_framework/aspnetcore-browser-refresh.js - 200 16511 application/javascript;+charset=utf-8 8.2772ms
dbug: Microsoft.AspNetCore.Server.IIS.Core.IISHttpServer[1]
      Connection ID "18014398544647028848" disconnecting.
info: Microsoft.AspNetCore.Routing.EndpointMiddleware[0]
      Executing endpoint 'ParcelManagement2.Controllers.ResidentController.GetUncollectedMails (ParcelProject)'
dbug: Microsoft.AspNetCore.Authentication.Cookies.CookieAuthenticationHandler[8]
      AuthenticationScheme: Cookies was successfully authenticated.
info: Microsoft.AspNetCore.Mvc.Infrastructure.ControllerActionInvoker[102]
      Route matched with {action = "GetUncollectedMails", controller = "Resident"}. Executing controller action with signature Microsoft.AspNetCore.Mvc.IActionResult GetUncollectedMails() on controller ParcelManagement2.Controllers.ResidentController (ParcelProject).
dbug: Microsoft.AspNetCore.Authorization.DefaultAuthorizationService[1]
      Authorization was successful.
dbug: Microsoft.AspNetCore.Mvc.Infrastructure.ControllerActionInvoker[1]
      Execution plan of authorization filters (in the following order): None
info: Microsoft.AspNetCore.Routing.EndpointMiddleware[0]
      Executing endpoint 'ParcelManagement2.Controllers.ResidentController.GetUncollectedPackages (ParcelProject)'
dbug: Microsoft.AspNetCore.Mvc.Infrastructure.ControllerActionInvoker[1]
      Execution plan of resource filters (in the following order): Microsoft.AspNetCore.Mvc.ViewFeatures.Filters.SaveTempDataFilter
dbug: Microsoft.AspNetCore.Mvc.Infrastructure.ControllerActionInvoker[1]
      Execution plan of action filters (in the following order): Microsoft.AspNetCore.Mvc.Filters.ControllerActionFilter (Order: -2147483648), Microsoft.AspNetCore.Mvc.ModelBinding.UnsupportedContentTypeFilter (Order: -3000)
info: Microsoft.AspNetCore.Mvc.Infrastructure.ControllerActionInvoker[102]
      Route matched with {action = "GetUncollectedPackages", controller = "Resident"}. Executing controller action with signature Microsoft.AspNetCore.Mvc.IActionResult GetUncollectedPackages() on controller ParcelManagement2.Controllers.ResidentController (ParcelProject).
dbug: Microsoft.AspNetCore.Mvc.Infrastructure.ControllerActionInvoker[1]
      Execution plan of exception filters (in the following order): None
dbug: Microsoft.AspNetCore.Mvc.Infrastructure.ControllerActionInvoker[1]
      Execution plan of authorization filters (in the following order): None
dbug: Microsoft.AspNetCore.Mvc.Infrastructure.ControllerActionInvoker[1]
      Execution plan of result filters (in the following order): Microsoft.AspNetCore.Mvc.ViewFeatures.Filters.SaveTempDataFilter
dbug: Microsoft.AspNetCore.Mvc.Infrastructure.ControllerActionInvoker[1]
      Execution plan of resource filters (in the following order): Microsoft.AspNetCore.Mvc.ViewFeatures.Filters.SaveTempDataFilter
dbug: Microsoft.AspNetCore.Mvc.Infrastructure.ControllerActionInvoker[1]
      Executing controller factory for controller ParcelManagement2.Controllers.ResidentController (ParcelProject)
dbug: Microsoft.AspNetCore.Mvc.Infrastructure.ControllerActionInvoker[1]
      Execution plan of action filters (in the following order): Microsoft.AspNetCore.Mvc.Filters.ControllerActionFilter (Order: -2147483648), Microsoft.AspNetCore.Mvc.ModelBinding.UnsupportedContentTypeFilter (Order: -3000)
dbug: Microsoft.AspNetCore.Server.IIS.Core.IISHttpServer[1]
      Connection ID "18374686484771897401" disconnecting.
dbug: ParcelManagement2.Models.DBConn[0]
      資料庫連線字串已設定
info: Microsoft.AspNetCore.Hosting.Diagnostics[2]
      Request finished HTTP/2 GET https://localhost:44353/_vs/browserLink - 200 - text/javascript;+charset=UTF-8 37.4710ms
dbug: Microsoft.AspNetCore.Mvc.Infrastructure.ControllerActionInvoker[1]
      Execution plan of exception filters (in the following order): None
dbug: Microsoft.AspNetCore.Mvc.Infrastructure.ControllerActionInvoker[2]
      Executed controller factory for controller ParcelManagement2.Controllers.ResidentController (ParcelProject)
dbug: Microsoft.AspNetCore.Mvc.Infrastructure.ControllerActionInvoker[1]
      Execution plan of result filters (in the following order): Microsoft.AspNetCore.Mvc.ViewFeatures.Filters.SaveTempDataFilter
dbug: Microsoft.AspNetCore.Mvc.Infrastructure.ControllerActionInvoker[1]
      Executing controller factory for controller ParcelManagement2.Controllers.ResidentController (ParcelProject)
dbug: ParcelManagement2.Models.DBConn[0]
      資料庫連線字串已設定
dbug: Microsoft.AspNetCore.Mvc.Infrastructure.ControllerActionInvoker[2]
      Executed controller factory for controller ParcelManagement2.Controllers.ResidentController (ParcelProject)
dbug: Microsoft.AspNetCore.Session.DistributedSession[4]
      Session loaded; Key:f3a42b75-d459-1344-3c37-ff3073c71b14, Id:be5fffd8-37ca-330c-7652-55aaec6333fb, Count:1
dbug: Microsoft.AspNetCore.Session.DistributedSession[4]
      Session loaded; Key:f3a42b75-d459-1344-3c37-ff3073c71b14, Id:be5fffd8-37ca-330c-7652-55aaec6333fb, Count:1
dbug: ParcelManagement2.Models.DBConn[0]
      查詢成功，返回 0 行數據
info: Microsoft.AspNetCore.Mvc.Infrastructure.ContentResultExecutor[1]
      Executing ContentResult with HTTP Response ContentType of application/json
info: Microsoft.AspNetCore.Mvc.Infrastructure.ControllerActionInvoker[105]
      Executed action ParcelManagement2.Controllers.ResidentController.GetUncollectedMails (ParcelProject) in 43.2421ms
info: Microsoft.AspNetCore.Routing.EndpointMiddleware[1]
      Executed endpoint 'ParcelManagement2.Controllers.ResidentController.GetUncollectedMails (ParcelProject)'
info: Microsoft.AspNetCore.Hosting.Diagnostics[2]
      Request finished HTTP/2 POST https://localhost:44353/Resident/GetUncollectedMails - 200 2 application/json 91.1048ms
dbug: Microsoft.AspNetCore.Server.IIS.Core.IISHttpServer[1]
      Connection ID "18302628946568544364" disconnecting.
dbug: ParcelManagement2.Models.DBConn[0]
      查詢成功，返回 7 行數據
info: Microsoft.AspNetCore.Mvc.Infrastructure.ContentResultExecutor[1]
      Executing ContentResult with HTTP Response ContentType of application/json
info: Microsoft.AspNetCore.Mvc.Infrastructure.ControllerActionInvoker[105]
      Executed action ParcelManagement2.Controllers.ResidentController.GetUncollectedPackages (ParcelProject) in 40.9521ms
info: Microsoft.AspNetCore.Routing.EndpointMiddleware[1]
      Executed endpoint 'ParcelManagement2.Controllers.ResidentController.GetUncollectedPackages (ParcelProject)'
info: Microsoft.AspNetCore.Hosting.Diagnostics[2]
      Request finished HTTP/2 POST https://localhost:44353/Resident/GetUncollectedPackages - 200 876 application/json 98.8216ms
dbug: Microsoft.AspNetCore.Server.IIS.Core.IISHttpServer[1]
      Connection ID "18230571352530616524" disconnecting.
info: Microsoft.AspNetCore.Hosting.Diagnostics[1]
      Request starting HTTP/2 GET https://localhost:44353/Resident/Edit - - -
dbug: Microsoft.AspNetCore.StaticFiles.StaticFileMiddleware[4]
      The request path /Resident/Edit does not match a supported file type
dbug: Microsoft.AspNetCore.Routing.Matching.DfaMatcher[1001]
      1 candidate(s) found for the request path '/Resident/Edit'
dbug: Microsoft.AspNetCore.Routing.Matching.DfaMatcher[1005]
      Endpoint 'ParcelManagement2.Controllers.ResidentController.Edit (ParcelProject)' with route pattern '{controller=Account}/{action=Login}/{id?}' is valid for the request path '/Resident/Edit'
dbug: Microsoft.AspNetCore.Routing.EndpointRoutingMiddleware[1]
      Request matched endpoint 'ParcelManagement2.Controllers.ResidentController.Edit (ParcelProject)'
dbug: Microsoft.AspNetCore.Authentication.Cookies.CookieAuthenticationHandler[8]
      AuthenticationScheme: Cookies was successfully authenticated.
dbug: Microsoft.AspNetCore.Authorization.DefaultAuthorizationService[1]
      Authorization was successful.
info: Microsoft.AspNetCore.Routing.EndpointMiddleware[0]
      Executing endpoint 'ParcelManagement2.Controllers.ResidentController.Edit (ParcelProject)'
info: Microsoft.AspNetCore.Mvc.Infrastructure.ControllerActionInvoker[102]
      Route matched with {action = "Edit", controller = "Resident"}. Executing controller action with signature Microsoft.AspNetCore.Mvc.IActionResult Edit() on controller ParcelManagement2.Controllers.ResidentController (ParcelProject).
dbug: Microsoft.AspNetCore.Mvc.Infrastructure.ControllerActionInvoker[1]
      Execution plan of authorization filters (in the following order): None
dbug: Microsoft.AspNetCore.Mvc.Infrastructure.ControllerActionInvoker[1]
      Execution plan of resource filters (in the following order): Microsoft.AspNetCore.Mvc.ViewFeatures.Filters.SaveTempDataFilter
dbug: Microsoft.AspNetCore.Mvc.Infrastructure.ControllerActionInvoker[1]
      Execution plan of action filters (in the following order): Microsoft.AspNetCore.Mvc.Filters.ControllerActionFilter (Order: -2147483648), Microsoft.AspNetCore.Mvc.ModelBinding.UnsupportedContentTypeFilter (Order: -3000)
dbug: Microsoft.AspNetCore.Mvc.Infrastructure.ControllerActionInvoker[1]
      Execution plan of exception filters (in the following order): None
dbug: Microsoft.AspNetCore.Mvc.Infrastructure.ControllerActionInvoker[1]
      Execution plan of result filters (in the following order): Microsoft.AspNetCore.Mvc.ViewFeatures.Filters.SaveTempDataFilter
dbug: Microsoft.AspNetCore.Mvc.Infrastructure.ControllerActionInvoker[1]
      Executing controller factory for controller ParcelManagement2.Controllers.ResidentController (ParcelProject)
dbug: ParcelManagement2.Models.DBConn[0]
      資料庫連線字串已設定
dbug: Microsoft.AspNetCore.Mvc.Infrastructure.ControllerActionInvoker[2]
      Executed controller factory for controller ParcelManagement2.Controllers.ResidentController (ParcelProject)
dbug: Microsoft.AspNetCore.Session.DistributedSession[4]
      Session loaded; Key:f3a42b75-d459-1344-3c37-ff3073c71b14, Id:be5fffd8-37ca-330c-7652-55aaec6333fb, Count:1
dbug: ParcelManagement2.Models.DBConn[0]
      查詢成功，返回 1 行數據
dbug: ParcelManagement2.Models.DBConn[0]
      查詢成功，返回 1 行數據
dbug: Microsoft.AspNetCore.Mvc.Razor.RazorViewEngine[1]
      View lookup cache miss for view 'Edit' in controller 'Resident'.
info: Microsoft.AspNetCore.Mvc.ViewFeatures.ViewResultExecutor[1]
      Executing ViewResult, running view Edit.
dbug: Microsoft.AspNetCore.Mvc.ViewFeatures.ViewResultExecutor[2]
      The view path '/Views/Resident/Edit.cshtml' was found in 4.7786ms.
dbug: Microsoft.AspNetCore.Antiforgery.DefaultAntiforgery[6]
      An antiforgery cookie token was reused.
dbug: Microsoft.AspNetCore.Antiforgery.DefaultAntiforgery[6]
      An antiforgery cookie token was reused.
dbug: Microsoft.WebTools.BrowserLink.Net.BrowserLinkMiddleware[1]
      Response markup is scheduled to include Browser Link script injection.
dbug: Microsoft.AspNetCore.Watch.BrowserRefresh.BrowserRefreshMiddleware[1]
      Response markup is scheduled to include browser refresh script injection.
info: Microsoft.AspNetCore.Mvc.ViewFeatures.ViewResultExecutor[4]
      Executed ViewResult - view Edit executed in 18.4941ms.
info: Microsoft.AspNetCore.Mvc.Infrastructure.ControllerActionInvoker[105]
      Executed action ParcelManagement2.Controllers.ResidentController.Edit (ParcelProject) in 254.2436ms
info: Microsoft.AspNetCore.Routing.EndpointMiddleware[1]
      Executed endpoint 'ParcelManagement2.Controllers.ResidentController.Edit (ParcelProject)'
dbug: Microsoft.WebTools.BrowserLink.Net.BrowserLinkMiddleware[2]
      Response markup was updated to include Browser Link script injection.
dbug: Microsoft.AspNetCore.Watch.BrowserRefresh.BrowserRefreshMiddleware[2]
      Response markup was updated to include browser refresh script injection.
dbug: Microsoft.AspNetCore.Server.IIS.Core.IISHttpServer[1]
      Connection ID "17726168177085251611" disconnecting.
info: Microsoft.AspNetCore.Hosting.Diagnostics[2]
      Request finished HTTP/2 GET https://localhost:44353/Resident/Edit - 200 - text/html;+charset=utf-8 293.2766ms
info: Microsoft.AspNetCore.Hosting.Diagnostics[1]
      Request starting HTTP/2 GET https://localhost:44353/_framework/aspnetcore-browser-refresh.js - - -
info: Microsoft.AspNetCore.Hosting.Diagnostics[1]
      Request starting HTTP/2 GET https://localhost:44353/_vs/browserLink - - -
dbug: Microsoft.AspNetCore.Watch.BrowserRefresh.BrowserScriptMiddleware[0]
      Script injected: /_framework/aspnetcore-browser-refresh.js
info: Microsoft.AspNetCore.Hosting.Diagnostics[2]
      Request finished HTTP/2 GET https://localhost:44353/_framework/aspnetcore-browser-refresh.js - 200 16511 application/javascript;+charset=utf-8 6.2696ms
dbug: Microsoft.AspNetCore.Server.IIS.Core.IISHttpServer[1]
      Connection ID "17942340916249362481" disconnecting.
dbug: Microsoft.AspNetCore.Server.IIS.Core.IISHttpServer[1]
      Connection ID "18014398544647028850" disconnecting.
info: Microsoft.AspNetCore.Hosting.Diagnostics[2]
      Request finished HTTP/2 GET https://localhost:44353/_vs/browserLink - 200 - text/javascript;+charset=UTF-8 15.7170ms
info: Microsoft.AspNetCore.Hosting.Diagnostics[1]
      Request starting HTTP/2 GET https://localhost:44353/Resident/Home - - -
dbug: Microsoft.AspNetCore.StaticFiles.StaticFileMiddleware[4]
      The request path /Resident/Home does not match a supported file type
dbug: Microsoft.AspNetCore.Routing.Matching.DfaMatcher[1001]
      1 candidate(s) found for the request path '/Resident/Home'
dbug: Microsoft.AspNetCore.Routing.Matching.DfaMatcher[1005]
      Endpoint 'ParcelManagement2.Controllers.ResidentController.Home (ParcelProject)' with route pattern '{controller=Account}/{action=Login}/{id?}' is valid for the request path '/Resident/Home'
dbug: Microsoft.AspNetCore.Routing.EndpointRoutingMiddleware[1]
      Request matched endpoint 'ParcelManagement2.Controllers.ResidentController.Home (ParcelProject)'
dbug: Microsoft.AspNetCore.Authentication.Cookies.CookieAuthenticationHandler[8]
      AuthenticationScheme: Cookies was successfully authenticated.
dbug: Microsoft.AspNetCore.Authorization.DefaultAuthorizationService[1]
      Authorization was successful.
info: Microsoft.AspNetCore.Routing.EndpointMiddleware[0]
      Executing endpoint 'ParcelManagement2.Controllers.ResidentController.Home (ParcelProject)'
info: Microsoft.AspNetCore.Mvc.Infrastructure.ControllerActionInvoker[102]
      Route matched with {action = "Home", controller = "Resident"}. Executing controller action with signature Microsoft.AspNetCore.Mvc.IActionResult Home() on controller ParcelManagement2.Controllers.ResidentController (ParcelProject).
dbug: Microsoft.AspNetCore.Mvc.Infrastructure.ControllerActionInvoker[1]
      Execution plan of authorization filters (in the following order): None
dbug: Microsoft.AspNetCore.Mvc.Infrastructure.ControllerActionInvoker[1]
      Execution plan of resource filters (in the following order): Microsoft.AspNetCore.Mvc.ViewFeatures.Filters.SaveTempDataFilter
dbug: Microsoft.AspNetCore.Mvc.Infrastructure.ControllerActionInvoker[1]
      Execution plan of action filters (in the following order): Microsoft.AspNetCore.Mvc.Filters.ControllerActionFilter (Order: -2147483648), Microsoft.AspNetCore.Mvc.ModelBinding.UnsupportedContentTypeFilter (Order: -3000)
dbug: Microsoft.AspNetCore.Mvc.Infrastructure.ControllerActionInvoker[1]
      Execution plan of exception filters (in the following order): None
dbug: Microsoft.AspNetCore.Mvc.Infrastructure.ControllerActionInvoker[1]
      Execution plan of result filters (in the following order): Microsoft.AspNetCore.Mvc.ViewFeatures.Filters.SaveTempDataFilter
dbug: Microsoft.AspNetCore.Mvc.Infrastructure.ControllerActionInvoker[1]
      Executing controller factory for controller ParcelManagement2.Controllers.ResidentController (ParcelProject)
dbug: ParcelManagement2.Models.DBConn[0]
      資料庫連線字串已設定
dbug: Microsoft.AspNetCore.Mvc.Infrastructure.ControllerActionInvoker[2]
      Executed controller factory for controller ParcelManagement2.Controllers.ResidentController (ParcelProject)
dbug: ParcelManagement2.Models.DBConn[0]
      查詢成功，返回 1 行數據
dbug: Microsoft.AspNetCore.Session.DistributedSession[4]
      Session loaded; Key:f3a42b75-d459-1344-3c37-ff3073c71b14, Id:be5fffd8-37ca-330c-7652-55aaec6333fb, Count:1
dbug: Microsoft.AspNetCore.Mvc.Razor.RazorViewEngine[2]
      View lookup cache hit for view 'Home' in controller 'Resident'.
info: Microsoft.AspNetCore.Mvc.ViewFeatures.ViewResultExecutor[1]
      Executing ViewResult, running view Home.
dbug: Microsoft.AspNetCore.Mvc.ViewFeatures.ViewResultExecutor[2]
      The view path '/Views/Resident/Home.cshtml' was found in 2.5907ms.
dbug: Microsoft.AspNetCore.Antiforgery.DefaultAntiforgery[6]
      An antiforgery cookie token was reused.
dbug: Microsoft.WebTools.BrowserLink.Net.BrowserLinkMiddleware[1]
      Response markup is scheduled to include Browser Link script injection.
dbug: Microsoft.AspNetCore.Watch.BrowserRefresh.BrowserRefreshMiddleware[1]
      Response markup is scheduled to include browser refresh script injection.
info: Microsoft.AspNetCore.Mvc.ViewFeatures.ViewResultExecutor[4]
      Executed ViewResult - view Home executed in 8.1482ms.
info: Microsoft.AspNetCore.Mvc.Infrastructure.ControllerActionInvoker[105]
      Executed action ParcelManagement2.Controllers.ResidentController.Home (ParcelProject) in 51.7494ms
info: Microsoft.AspNetCore.Routing.EndpointMiddleware[1]
      Executed endpoint 'ParcelManagement2.Controllers.ResidentController.Home (ParcelProject)'
dbug: Microsoft.WebTools.BrowserLink.Net.BrowserLinkMiddleware[2]
      Response markup was updated to include Browser Link script injection.
dbug: Microsoft.AspNetCore.Watch.BrowserRefresh.BrowserRefreshMiddleware[2]
      Response markup was updated to include browser refresh script injection.
dbug: Microsoft.AspNetCore.Server.IIS.Core.IISHttpServer[1]
      Connection ID "17942340916249362483" disconnecting.
info: Microsoft.AspNetCore.Hosting.Diagnostics[2]
      Request finished HTTP/2 GET https://localhost:44353/Resident/Home - 200 - text/html;+charset=utf-8 80.6277ms
info: Microsoft.AspNetCore.Hosting.Diagnostics[1]
      Request starting HTTP/2 POST https://localhost:44353/Resident/GetUncollectedPackages - - 0
info: Microsoft.AspNetCore.Hosting.Diagnostics[1]
      Request starting HTTP/2 POST https://localhost:44353/Resident/GetUncollectedMails - - 0
dbug: Microsoft.AspNetCore.StaticFiles.StaticFileMiddleware[1]
      POST requests are not supported
info: Microsoft.AspNetCore.Hosting.Diagnostics[1]
      Request starting HTTP/2 GET https://localhost:44353/_framework/aspnetcore-browser-refresh.js - - -
dbug: Microsoft.AspNetCore.StaticFiles.StaticFileMiddleware[1]
      POST requests are not supported
dbug: Microsoft.AspNetCore.Routing.Matching.DfaMatcher[1001]
      1 candidate(s) found for the request path '/Resident/GetUncollectedPackages'
dbug: Microsoft.AspNetCore.Routing.Matching.DfaMatcher[1005]
      Endpoint 'ParcelManagement2.Controllers.ResidentController.GetUncollectedPackages (ParcelProject)' with route pattern '{controller=Account}/{action=Login}/{id?}' is valid for the request path '/Resident/GetUncollectedPackages'
dbug: Microsoft.AspNetCore.Watch.BrowserRefresh.BrowserScriptMiddleware[0]
      Script injected: /_framework/aspnetcore-browser-refresh.js
dbug: Microsoft.AspNetCore.Routing.Matching.DfaMatcher[1001]
      1 candidate(s) found for the request path '/Resident/GetUncollectedMails'
dbug: Microsoft.AspNetCore.Routing.EndpointRoutingMiddleware[1]
      Request matched endpoint 'ParcelManagement2.Controllers.ResidentController.GetUncollectedPackages (ParcelProject)'
info: Microsoft.AspNetCore.Hosting.Diagnostics[2]
      Request finished HTTP/2 GET https://localhost:44353/_framework/aspnetcore-browser-refresh.js - 200 16511 application/javascript;+charset=utf-8 9.1775ms
dbug: Microsoft.AspNetCore.Server.IIS.Core.IISHttpServer[1]
      Connection ID "17870283347981238277" disconnecting.
dbug: Microsoft.AspNetCore.Authentication.Cookies.CookieAuthenticationHandler[8]
      AuthenticationScheme: Cookies was successfully authenticated.
dbug: Microsoft.AspNetCore.Authorization.DefaultAuthorizationService[1]
      Authorization was successful.
info: Microsoft.AspNetCore.Routing.EndpointMiddleware[0]
      Executing endpoint 'ParcelManagement2.Controllers.ResidentController.GetUncollectedPackages (ParcelProject)'
dbug: Microsoft.AspNetCore.Routing.Matching.DfaMatcher[1005]
      Endpoint 'ParcelManagement2.Controllers.ResidentController.GetUncollectedMails (ParcelProject)' with route pattern '{controller=Account}/{action=Login}/{id?}' is valid for the request path '/Resident/GetUncollectedMails'
info: Microsoft.AspNetCore.Mvc.Infrastructure.ControllerActionInvoker[102]
      Route matched with {action = "GetUncollectedPackages", controller = "Resident"}. Executing controller action with signature Microsoft.AspNetCore.Mvc.IActionResult GetUncollectedPackages() on controller ParcelManagement2.Controllers.ResidentController (ParcelProject).
dbug: Microsoft.AspNetCore.Routing.EndpointRoutingMiddleware[1]
      Request matched endpoint 'ParcelManagement2.Controllers.ResidentController.GetUncollectedMails (ParcelProject)'
dbug: Microsoft.AspNetCore.Mvc.Infrastructure.ControllerActionInvoker[1]
      Execution plan of authorization filters (in the following order): None
dbug: Microsoft.AspNetCore.Authentication.Cookies.CookieAuthenticationHandler[8]
      AuthenticationScheme: Cookies was successfully authenticated.
dbug: Microsoft.AspNetCore.Mvc.Infrastructure.ControllerActionInvoker[1]
      Execution plan of resource filters (in the following order): Microsoft.AspNetCore.Mvc.ViewFeatures.Filters.SaveTempDataFilter
dbug: Microsoft.AspNetCore.Authorization.DefaultAuthorizationService[1]
      Authorization was successful.
dbug: Microsoft.AspNetCore.Mvc.Infrastructure.ControllerActionInvoker[1]
      Execution plan of action filters (in the following order): Microsoft.AspNetCore.Mvc.Filters.ControllerActionFilter (Order: -2147483648), Microsoft.AspNetCore.Mvc.ModelBinding.UnsupportedContentTypeFilter (Order: -3000)
info: Microsoft.AspNetCore.Routing.EndpointMiddleware[0]
      Executing endpoint 'ParcelManagement2.Controllers.ResidentController.GetUncollectedMails (ParcelProject)'
dbug: Microsoft.AspNetCore.Mvc.Infrastructure.ControllerActionInvoker[1]
      Execution plan of exception filters (in the following order): None
info: Microsoft.AspNetCore.Mvc.Infrastructure.ControllerActionInvoker[102]
      Route matched with {action = "GetUncollectedMails", controller = "Resident"}. Executing controller action with signature Microsoft.AspNetCore.Mvc.IActionResult GetUncollectedMails() on controller ParcelManagement2.Controllers.ResidentController (ParcelProject).
dbug: Microsoft.AspNetCore.Mvc.Infrastructure.ControllerActionInvoker[1]
      Execution plan of result filters (in the following order): Microsoft.AspNetCore.Mvc.ViewFeatures.Filters.SaveTempDataFilter
dbug: Microsoft.AspNetCore.Mvc.Infrastructure.ControllerActionInvoker[1]
      Execution plan of authorization filters (in the following order): None
dbug: Microsoft.AspNetCore.Mvc.Infrastructure.ControllerActionInvoker[1]
      Executing controller factory for controller ParcelManagement2.Controllers.ResidentController (ParcelProject)
dbug: Microsoft.AspNetCore.Mvc.Infrastructure.ControllerActionInvoker[1]
      Execution plan of resource filters (in the following order): Microsoft.AspNetCore.Mvc.ViewFeatures.Filters.SaveTempDataFilter
dbug: ParcelManagement2.Models.DBConn[0]
      資料庫連線字串已設定
dbug: Microsoft.AspNetCore.Mvc.Infrastructure.ControllerActionInvoker[1]
      Execution plan of action filters (in the following order): Microsoft.AspNetCore.Mvc.Filters.ControllerActionFilter (Order: -2147483648), Microsoft.AspNetCore.Mvc.ModelBinding.UnsupportedContentTypeFilter (Order: -3000)
dbug: Microsoft.AspNetCore.Mvc.Infrastructure.ControllerActionInvoker[2]
      Executed controller factory for controller ParcelManagement2.Controllers.ResidentController (ParcelProject)
dbug: Microsoft.AspNetCore.Mvc.Infrastructure.ControllerActionInvoker[1]
      Execution plan of exception filters (in the following order): None
dbug: Microsoft.AspNetCore.Mvc.Infrastructure.ControllerActionInvoker[1]
      Execution plan of result filters (in the following order): Microsoft.AspNetCore.Mvc.ViewFeatures.Filters.SaveTempDataFilter
dbug: Microsoft.AspNetCore.Mvc.Infrastructure.ControllerActionInvoker[1]
      Executing controller factory for controller ParcelManagement2.Controllers.ResidentController (ParcelProject)
dbug: ParcelManagement2.Models.DBConn[0]
      資料庫連線字串已設定
dbug: Microsoft.AspNetCore.Mvc.Infrastructure.ControllerActionInvoker[2]
      Executed controller factory for controller ParcelManagement2.Controllers.ResidentController (ParcelProject)
dbug: Microsoft.AspNetCore.Session.DistributedSession[4]
      Session loaded; Key:f3a42b75-d459-1344-3c37-ff3073c71b14, Id:be5fffd8-37ca-330c-7652-55aaec6333fb, Count:1
dbug: Microsoft.AspNetCore.Session.DistributedSession[4]
      Session loaded; Key:f3a42b75-d459-1344-3c37-ff3073c71b14, Id:be5fffd8-37ca-330c-7652-55aaec6333fb, Count:1
dbug: ParcelManagement2.Models.DBConn[0]
      查詢成功，返回 7 行數據
info: Microsoft.AspNetCore.Mvc.Infrastructure.ContentResultExecutor[1]
      Executing ContentResult with HTTP Response ContentType of application/json
info: Microsoft.AspNetCore.Mvc.Infrastructure.ControllerActionInvoker[105]
      Executed action ParcelManagement2.Controllers.ResidentController.GetUncollectedPackages (ParcelProject) in 40.8032ms
info: Microsoft.AspNetCore.Routing.EndpointMiddleware[1]
      Executed endpoint 'ParcelManagement2.Controllers.ResidentController.GetUncollectedPackages (ParcelProject)'
info: Microsoft.AspNetCore.Hosting.Diagnostics[2]
      Request finished HTTP/2 POST https://localhost:44353/Resident/GetUncollectedPackages - 200 876 application/json 83.4990ms
dbug: Microsoft.AspNetCore.Server.IIS.Core.IISHttpServer[1]
      Connection ID "18158513724132950160" disconnecting.
dbug: ParcelManagement2.Models.DBConn[0]
      查詢成功，返回 0 行數據
info: Microsoft.AspNetCore.Mvc.Infrastructure.ContentResultExecutor[1]
      Executing ContentResult with HTTP Response ContentType of application/json
info: Microsoft.AspNetCore.Mvc.Infrastructure.ControllerActionInvoker[105]
      Executed action ParcelManagement2.Controllers.ResidentController.GetUncollectedMails (ParcelProject) in 40.9016ms
info: Microsoft.AspNetCore.Routing.EndpointMiddleware[1]
      Executed endpoint 'ParcelManagement2.Controllers.ResidentController.GetUncollectedMails (ParcelProject)'
info: Microsoft.AspNetCore.Hosting.Diagnostics[2]
      Request finished HTTP/2 POST https://localhost:44353/Resident/GetUncollectedMails - 200 2 application/json 93.4283ms
dbug: Microsoft.AspNetCore.Server.IIS.Core.IISHttpServer[1]
      Connection ID "17942340942019166276" disconnecting.
dbug: Microsoft.Extensions.Http.DefaultHttpClientFactory[100]
      Starting HttpMessageHandler cleanup cycle with 2 items
dbug: Microsoft.Extensions.Http.DefaultHttpClientFactory[101]
      Ending HttpMessageHandler cleanup cycle after 0.0012ms - processed: 0 items - remaining: 2 items
dbug: Microsoft.Extensions.Http.DefaultHttpClientFactory[100]
      Starting HttpMessageHandler cleanup cycle with 2 items
dbug: Microsoft.Extensions.Http.DefaultHttpClientFactory[101]
      Ending HttpMessageHandler cleanup cycle after 0.0021ms - processed: 0 items - remaining: 2 items
dbug: Microsoft.Extensions.Http.DefaultHttpClientFactory[100]
      Starting HttpMessageHandler cleanup cycle with 2 items
dbug: Microsoft.Extensions.Http.DefaultHttpClientFactory[101]
      Ending HttpMessageHandler cleanup cycle after 0.0031ms - processed: 0 items - remaining: 2 items
dbug: Microsoft.Extensions.Http.DefaultHttpClientFactory[100]
      Starting HttpMessageHandler cleanup cycle with 2 items
dbug: Microsoft.Extensions.Http.DefaultHttpClientFactory[101]
      Ending HttpMessageHandler cleanup cycle after 0.0021ms - processed: 0 items - remaining: 2 items
dbug: Microsoft.Extensions.Http.DefaultHttpClientFactory[100]
      Starting HttpMessageHandler cleanup cycle with 2 items
dbug: Microsoft.Extensions.Http.DefaultHttpClientFactory[101]
      Ending HttpMessageHandler cleanup cycle after 0.0994ms - processed: 0 items - remaining: 2 items
dbug: Microsoft.Extensions.Http.DefaultHttpClientFactory[100]
      Starting HttpMessageHandler cleanup cycle with 2 items
dbug: Microsoft.Extensions.Http.DefaultHttpClientFactory[101]
      Ending HttpMessageHandler cleanup cycle after 0.0026ms - processed: 0 items - remaining: 2 items
dbug: Microsoft.Extensions.Http.DefaultHttpClientFactory[100]
      Starting HttpMessageHandler cleanup cycle with 2 items
dbug: Microsoft.Extensions.Http.DefaultHttpClientFactory[101]
      Ending HttpMessageHandler cleanup cycle after 0.0025ms - processed: 0 items - remaining: 2 items
dbug: Microsoft.Extensions.Http.DefaultHttpClientFactory[100]
      Starting HttpMessageHandler cleanup cycle with 2 items
dbug: Microsoft.Extensions.Http.DefaultHttpClientFactory[101]
      Ending HttpMessageHandler cleanup cycle after 0.0029ms - processed: 0 items - remaining: 2 items
dbug: Microsoft.Extensions.Http.DefaultHttpClientFactory[100]
      Starting HttpMessageHandler cleanup cycle with 2 items
dbug: Microsoft.Extensions.Http.DefaultHttpClientFactory[101]
      Ending HttpMessageHandler cleanup cycle after 0.0025ms - processed: 0 items - remaining: 2 items
dbug: Microsoft.Extensions.Http.DefaultHttpClientFactory[100]
      Starting HttpMessageHandler cleanup cycle with 2 items
dbug: Microsoft.Extensions.Http.DefaultHttpClientFactory[101]
      Ending HttpMessageHandler cleanup cycle after 0.0022ms - processed: 0 items - remaining: 2 items
dbug: Microsoft.Extensions.Http.DefaultHttpClientFactory[100]
      Starting HttpMessageHandler cleanup cycle with 2 items
dbug: Microsoft.Extensions.Http.DefaultHttpClientFactory[101]
      Ending HttpMessageHandler cleanup cycle after 0.002ms - processed: 0 items - remaining: 2 items
dbug: Microsoft.Extensions.Http.DefaultHttpClientFactory[100]
      Starting HttpMessageHandler cleanup cycle with 2 items
dbug: Microsoft.Extensions.Http.DefaultHttpClientFactory[101]
      Ending HttpMessageHandler cleanup cycle after 0.0031ms - processed: 0 items - remaining: 2 items
dbug: Microsoft.Extensions.Http.DefaultHttpClientFactory[100]
      Starting HttpMessageHandler cleanup cycle with 2 items
dbug: Microsoft.Extensions.Http.DefaultHttpClientFactory[101]
      Ending HttpMessageHandler cleanup cycle after 0.0014ms - processed: 0 items - remaining: 2 items
dbug: Microsoft.Extensions.Http.DefaultHttpClientFactory[100]
      Starting HttpMessageHandler cleanup cycle with 2 items
dbug: Microsoft.Extensions.Http.DefaultHttpClientFactory[101]
      Ending HttpMessageHandler cleanup cycle after 0.0029ms - processed: 0 items - remaining: 2 items
dbug: Microsoft.Extensions.Http.DefaultHttpClientFactory[100]
      Starting HttpMessageHandler cleanup cycle with 2 items
dbug: Microsoft.Extensions.Http.DefaultHttpClientFactory[101]
      Ending HttpMessageHandler cleanup cycle after 0.0019ms - processed: 0 items - remaining: 2 items
info: Microsoft.AspNetCore.Hosting.Diagnostics[1]
      Request starting HTTP/2 GET https://localhost:44353/Resident/Home - - -
dbug: Microsoft.AspNetCore.StaticFiles.StaticFileMiddleware[4]
      The request path /Resident/Home does not match a supported file type
dbug: Microsoft.AspNetCore.Routing.Matching.DfaMatcher[1001]
      1 candidate(s) found for the request path '/Resident/Home'
dbug: Microsoft.AspNetCore.Routing.Matching.DfaMatcher[1005]
      Endpoint 'ParcelManagement2.Controllers.ResidentController.Home (ParcelProject)' with route pattern '{controller=Account}/{action=Login}/{id?}' is valid for the request path '/Resident/Home'
dbug: Microsoft.AspNetCore.Routing.EndpointRoutingMiddleware[1]
      Request matched endpoint 'ParcelManagement2.Controllers.ResidentController.Home (ParcelProject)'
dbug: Microsoft.AspNetCore.Authentication.Cookies.CookieAuthenticationHandler[8]
      AuthenticationScheme: Cookies was successfully authenticated.
dbug: Microsoft.AspNetCore.Authorization.DefaultAuthorizationService[1]
      Authorization was successful.
info: Microsoft.AspNetCore.Routing.EndpointMiddleware[0]
      Executing endpoint 'ParcelManagement2.Controllers.ResidentController.Home (ParcelProject)'
info: Microsoft.AspNetCore.Mvc.Infrastructure.ControllerActionInvoker[102]
      Route matched with {action = "Home", controller = "Resident"}. Executing controller action with signature Microsoft.AspNetCore.Mvc.IActionResult Home() on controller ParcelManagement2.Controllers.ResidentController (ParcelProject).
dbug: Microsoft.AspNetCore.Mvc.Infrastructure.ControllerActionInvoker[1]
      Execution plan of authorization filters (in the following order): None
dbug: Microsoft.AspNetCore.Mvc.Infrastructure.ControllerActionInvoker[1]
      Execution plan of resource filters (in the following order): Microsoft.AspNetCore.Mvc.ViewFeatures.Filters.SaveTempDataFilter
dbug: Microsoft.AspNetCore.Mvc.Infrastructure.ControllerActionInvoker[1]
      Execution plan of action filters (in the following order): Microsoft.AspNetCore.Mvc.Filters.ControllerActionFilter (Order: -2147483648), Microsoft.AspNetCore.Mvc.ModelBinding.UnsupportedContentTypeFilter (Order: -3000)
dbug: Microsoft.AspNetCore.Mvc.Infrastructure.ControllerActionInvoker[1]
      Execution plan of exception filters (in the following order): None
dbug: Microsoft.AspNetCore.Mvc.Infrastructure.ControllerActionInvoker[1]
      Execution plan of result filters (in the following order): Microsoft.AspNetCore.Mvc.ViewFeatures.Filters.SaveTempDataFilter
dbug: Microsoft.AspNetCore.Mvc.Infrastructure.ControllerActionInvoker[1]
      Executing controller factory for controller ParcelManagement2.Controllers.ResidentController (ParcelProject)
dbug: ParcelManagement2.Models.DBConn[0]
      資料庫連線字串已設定
dbug: Microsoft.AspNetCore.Mvc.Infrastructure.ControllerActionInvoker[2]
      Executed controller factory for controller ParcelManagement2.Controllers.ResidentController (ParcelProject)
dbug: ParcelManagement2.Models.DBConn[0]
      查詢成功，返回 1 行數據
dbug: Microsoft.AspNetCore.Session.DistributedSession[4]
      Session loaded; Key:f3a42b75-d459-1344-3c37-ff3073c71b14, Id:be5fffd8-37ca-330c-7652-55aaec6333fb, Count:1
dbug: Microsoft.AspNetCore.Mvc.Razor.RazorViewEngine[1]
      View lookup cache miss for view 'Home' in controller 'Resident'.
dbug: Microsoft.AspNetCore.Mvc.Razor.Compilation.DefaultViewCompiler[3]
      Initializing Razor view compiler with compiled view: '/Views/Account/AccessDenied.cshtml'.
dbug: Microsoft.AspNetCore.Mvc.Razor.Compilation.DefaultViewCompiler[3]
      Initializing Razor view compiler with compiled view: '/Views/Account/Login.cshtml'.
dbug: Microsoft.AspNetCore.Mvc.Razor.Compilation.DefaultViewCompiler[3]
      Initializing Razor view compiler with compiled view: '/Views/Home/Index.cshtml'.
dbug: Microsoft.AspNetCore.Mvc.Razor.Compilation.DefaultViewCompiler[3]
      Initializing Razor view compiler with compiled view: '/Views/Home/Index_back.cshtml'.
dbug: Microsoft.AspNetCore.Mvc.Razor.Compilation.DefaultViewCompiler[3]
      Initializing Razor view compiler with compiled view: '/Views/Home/Packages.cshtml'.
dbug: Microsoft.AspNetCore.Mvc.Razor.Compilation.DefaultViewCompiler[3]
      Initializing Razor view compiler with compiled view: '/Views/Home/Privacy.cshtml'.
dbug: Microsoft.AspNetCore.Mvc.Razor.Compilation.DefaultViewCompiler[3]
      Initializing Razor view compiler with compiled view: '/Views/Resident/Edit.cshtml'.
dbug: Microsoft.AspNetCore.Mvc.Razor.Compilation.DefaultViewCompiler[3]
      Initializing Razor view compiler with compiled view: '/Views/Resident/Home.cshtml'.
dbug: Microsoft.AspNetCore.Mvc.Razor.Compilation.DefaultViewCompiler[3]
      Initializing Razor view compiler with compiled view: '/Views/Resident/MyPackages.cshtml'.
dbug: Microsoft.AspNetCore.Mvc.Razor.Compilation.DefaultViewCompiler[3]
      Initializing Razor view compiler with compiled view: '/Views/Resident/PackagePhoto.cshtml'.
dbug: Microsoft.AspNetCore.Mvc.Razor.Compilation.DefaultViewCompiler[3]
      Initializing Razor view compiler with compiled view: '/Views/Shared/Error.cshtml'.
dbug: Microsoft.AspNetCore.Mvc.Razor.Compilation.DefaultViewCompiler[3]
      Initializing Razor view compiler with compiled view: '/Views/Shared/_AdminLayout.cshtml'.
dbug: Microsoft.AspNetCore.Mvc.Razor.Compilation.DefaultViewCompiler[3]
      Initializing Razor view compiler with compiled view: '/Views/Shared/_Layout.cshtml'.
dbug: Microsoft.AspNetCore.Mvc.Razor.Compilation.DefaultViewCompiler[3]
      Initializing Razor view compiler with compiled view: '/Views/Shared/_ResidentLayout.cshtml'.
dbug: Microsoft.AspNetCore.Mvc.Razor.Compilation.DefaultViewCompiler[3]
      Initializing Razor view compiler with compiled view: '/Views/Shared/_ValidationScriptsPartial.cshtml'.
dbug: Microsoft.AspNetCore.Mvc.Razor.Compilation.DefaultViewCompiler[3]
      Initializing Razor view compiler with compiled view: '/Views/_ViewImports.cshtml'.
dbug: Microsoft.AspNetCore.Mvc.Razor.Compilation.DefaultViewCompiler[3]
      Initializing Razor view compiler with compiled view: '/Views/_ViewStart.cshtml'.
dbug: Microsoft.AspNetCore.Mvc.Razor.Compilation.DefaultViewCompiler[3]
      Initializing Razor view compiler with compiled view: '/Views/Shared/_Layout_back.cshtml'.
info: Microsoft.AspNetCore.Mvc.ViewFeatures.ViewResultExecutor[1]
      Executing ViewResult, running view Home.
dbug: Microsoft.AspNetCore.Mvc.ViewFeatures.ViewResultExecutor[2]
      The view path '/Views/Resident/Home.cshtml' was found in 25.3999ms.
dbug: Microsoft.AspNetCore.Antiforgery.DefaultAntiforgery[6]
      An antiforgery cookie token was reused.
dbug: Microsoft.WebTools.BrowserLink.Net.BrowserLinkMiddleware[1]
      Response markup is scheduled to include Browser Link script injection.
dbug: Microsoft.AspNetCore.Watch.BrowserRefresh.BrowserRefreshMiddleware[1]
      Response markup is scheduled to include browser refresh script injection.
info: Microsoft.AspNetCore.Mvc.ViewFeatures.ViewResultExecutor[4]
      Executed ViewResult - view Home executed in 36.5391ms.
info: Microsoft.AspNetCore.Mvc.Infrastructure.ControllerActionInvoker[105]
      Executed action ParcelManagement2.Controllers.ResidentController.Home (ParcelProject) in 87.3004ms
info: Microsoft.AspNetCore.Routing.EndpointMiddleware[1]
      Executed endpoint 'ParcelManagement2.Controllers.ResidentController.Home (ParcelProject)'
dbug: Microsoft.WebTools.BrowserLink.Net.BrowserLinkMiddleware[2]
      Response markup was updated to include Browser Link script injection.
dbug: Microsoft.AspNetCore.Watch.BrowserRefresh.BrowserRefreshMiddleware[2]
      Response markup was updated to include browser refresh script injection.
dbug: Microsoft.AspNetCore.Server.IIS.Core.IISHttpServer[1]
      Connection ID "18302628916503773224" disconnecting.
info: Microsoft.AspNetCore.Hosting.Diagnostics[2]
      Request finished HTTP/2 GET https://localhost:44353/Resident/Home - 200 - text/html;+charset=utf-8 138.4519ms
info: Microsoft.AspNetCore.Hosting.Diagnostics[1]
      Request starting HTTP/2 GET https://localhost:44353/_vs/browserLink - - -
info: Microsoft.AspNetCore.Hosting.Diagnostics[1]
      Request starting HTTP/2 GET https://localhost:44353/_framework/aspnetcore-browser-refresh.js - - -
dbug: Microsoft.AspNetCore.Watch.BrowserRefresh.BrowserScriptMiddleware[0]
      Script injected: /_framework/aspnetcore-browser-refresh.js
info: Microsoft.AspNetCore.Hosting.Diagnostics[2]
      Request finished HTTP/2 GET https://localhost:44353/_framework/aspnetcore-browser-refresh.js - 200 16511 application/javascript;+charset=utf-8 4.4540ms
dbug: Microsoft.AspNetCore.Server.IIS.Core.IISHttpServer[1]
      Connection ID "18374686549196406837" disconnecting.
dbug: Microsoft.AspNetCore.Server.IIS.Core.IISHttpServer[1]
      Connection ID "18302628955158478865" disconnecting.
info: Microsoft.AspNetCore.Hosting.Diagnostics[2]
      Request finished HTTP/2 GET https://localhost:44353/_vs/browserLink - 200 - text/javascript;+charset=UTF-8 14.7180ms
info: Microsoft.AspNetCore.Hosting.Diagnostics[1]
      Request starting HTTP/2 POST https://localhost:44353/Resident/GetUncollectedPackages - - 0
info: Microsoft.AspNetCore.Hosting.Diagnostics[1]
      Request starting HTTP/2 POST https://localhost:44353/Resident/GetUncollectedMails - - 0
dbug: Microsoft.AspNetCore.StaticFiles.StaticFileMiddleware[1]
      POST requests are not supported
dbug: Microsoft.AspNetCore.StaticFiles.StaticFileMiddleware[1]
      POST requests are not supported
dbug: Microsoft.AspNetCore.Routing.Matching.DfaMatcher[1001]
      1 candidate(s) found for the request path '/Resident/GetUncollectedMails'
dbug: Microsoft.AspNetCore.Routing.Matching.DfaMatcher[1001]
      1 candidate(s) found for the request path '/Resident/GetUncollectedPackages'
dbug: Microsoft.AspNetCore.Routing.Matching.DfaMatcher[1005]
      Endpoint 'ParcelManagement2.Controllers.ResidentController.GetUncollectedMails (ParcelProject)' with route pattern '{controller=Account}/{action=Login}/{id?}' is valid for the request path '/Resident/GetUncollectedMails'
dbug: Microsoft.AspNetCore.Routing.Matching.DfaMatcher[1005]
      Endpoint 'ParcelManagement2.Controllers.ResidentController.GetUncollectedPackages (ParcelProject)' with route pattern '{controller=Account}/{action=Login}/{id?}' is valid for the request path '/Resident/GetUncollectedPackages'
dbug: Microsoft.AspNetCore.Routing.EndpointRoutingMiddleware[1]
      Request matched endpoint 'ParcelManagement2.Controllers.ResidentController.GetUncollectedMails (ParcelProject)'
dbug: Microsoft.AspNetCore.Routing.EndpointRoutingMiddleware[1]
      Request matched endpoint 'ParcelManagement2.Controllers.ResidentController.GetUncollectedPackages (ParcelProject)'
dbug: Microsoft.AspNetCore.Authentication.Cookies.CookieAuthenticationHandler[8]
      AuthenticationScheme: Cookies was successfully authenticated.
dbug: Microsoft.AspNetCore.Authentication.Cookies.CookieAuthenticationHandler[8]
      AuthenticationScheme: Cookies was successfully authenticated.
dbug: Microsoft.AspNetCore.Authorization.DefaultAuthorizationService[1]
      Authorization was successful.
dbug: Microsoft.AspNetCore.Authorization.DefaultAuthorizationService[1]
      Authorization was successful.
info: Microsoft.AspNetCore.Routing.EndpointMiddleware[0]
      Executing endpoint 'ParcelManagement2.Controllers.ResidentController.GetUncollectedMails (ParcelProject)'
info: Microsoft.AspNetCore.Routing.EndpointMiddleware[0]
      Executing endpoint 'ParcelManagement2.Controllers.ResidentController.GetUncollectedPackages (ParcelProject)'
info: Microsoft.AspNetCore.Mvc.Infrastructure.ControllerActionInvoker[102]
      Route matched with {action = "GetUncollectedMails", controller = "Resident"}. Executing controller action with signature Microsoft.AspNetCore.Mvc.IActionResult GetUncollectedMails() on controller ParcelManagement2.Controllers.ResidentController (ParcelProject).
info: Microsoft.AspNetCore.Mvc.Infrastructure.ControllerActionInvoker[102]
      Route matched with {action = "GetUncollectedPackages", controller = "Resident"}. Executing controller action with signature Microsoft.AspNetCore.Mvc.IActionResult GetUncollectedPackages() on controller ParcelManagement2.Controllers.ResidentController (ParcelProject).
dbug: Microsoft.AspNetCore.Mvc.Infrastructure.ControllerActionInvoker[1]
      Execution plan of authorization filters (in the following order): None
dbug: Microsoft.AspNetCore.Mvc.Infrastructure.ControllerActionInvoker[1]
      Execution plan of authorization filters (in the following order): None
dbug: Microsoft.AspNetCore.Mvc.Infrastructure.ControllerActionInvoker[1]
      Execution plan of resource filters (in the following order): Microsoft.AspNetCore.Mvc.ViewFeatures.Filters.SaveTempDataFilter
dbug: Microsoft.AspNetCore.Mvc.Infrastructure.ControllerActionInvoker[1]
      Execution plan of resource filters (in the following order): Microsoft.AspNetCore.Mvc.ViewFeatures.Filters.SaveTempDataFilter
dbug: Microsoft.AspNetCore.Mvc.Infrastructure.ControllerActionInvoker[1]
      Execution plan of action filters (in the following order): Microsoft.AspNetCore.Mvc.Filters.ControllerActionFilter (Order: -2147483648), Microsoft.AspNetCore.Mvc.ModelBinding.UnsupportedContentTypeFilter (Order: -3000)
dbug: Microsoft.AspNetCore.Mvc.Infrastructure.ControllerActionInvoker[1]
      Execution plan of action filters (in the following order): Microsoft.AspNetCore.Mvc.Filters.ControllerActionFilter (Order: -2147483648), Microsoft.AspNetCore.Mvc.ModelBinding.UnsupportedContentTypeFilter (Order: -3000)
dbug: Microsoft.AspNetCore.Mvc.Infrastructure.ControllerActionInvoker[1]
      Execution plan of exception filters (in the following order): None
dbug: Microsoft.AspNetCore.Mvc.Infrastructure.ControllerActionInvoker[1]
      Execution plan of exception filters (in the following order): None
dbug: Microsoft.AspNetCore.Mvc.Infrastructure.ControllerActionInvoker[1]
      Execution plan of result filters (in the following order): Microsoft.AspNetCore.Mvc.ViewFeatures.Filters.SaveTempDataFilter
dbug: Microsoft.AspNetCore.Mvc.Infrastructure.ControllerActionInvoker[1]
      Execution plan of result filters (in the following order): Microsoft.AspNetCore.Mvc.ViewFeatures.Filters.SaveTempDataFilter
dbug: Microsoft.AspNetCore.Mvc.Infrastructure.ControllerActionInvoker[1]
      Executing controller factory for controller ParcelManagement2.Controllers.ResidentController (ParcelProject)
dbug: Microsoft.AspNetCore.Mvc.Infrastructure.ControllerActionInvoker[1]
      Executing controller factory for controller ParcelManagement2.Controllers.ResidentController (ParcelProject)
dbug: ParcelManagement2.Models.DBConn[0]
      資料庫連線字串已設定
dbug: ParcelManagement2.Models.DBConn[0]
      資料庫連線字串已設定
dbug: Microsoft.AspNetCore.Mvc.Infrastructure.ControllerActionInvoker[2]
      Executed controller factory for controller ParcelManagement2.Controllers.ResidentController (ParcelProject)
dbug: Microsoft.AspNetCore.Mvc.Infrastructure.ControllerActionInvoker[2]
      Executed controller factory for controller ParcelManagement2.Controllers.ResidentController (ParcelProject)
dbug: Microsoft.AspNetCore.Session.DistributedSession[4]
      Session loaded; Key:f3a42b75-d459-1344-3c37-ff3073c71b14, Id:be5fffd8-37ca-330c-7652-55aaec6333fb, Count:1
dbug: Microsoft.AspNetCore.Session.DistributedSession[4]
      Session loaded; Key:f3a42b75-d459-1344-3c37-ff3073c71b14, Id:be5fffd8-37ca-330c-7652-55aaec6333fb, Count:1
dbug: ParcelManagement2.Models.DBConn[0]
      查詢成功，返回 0 行數據
info: Microsoft.AspNetCore.Mvc.Infrastructure.ContentResultExecutor[1]
      Executing ContentResult with HTTP Response ContentType of application/json
info: Microsoft.AspNetCore.Mvc.Infrastructure.ControllerActionInvoker[105]
      Executed action ParcelManagement2.Controllers.ResidentController.GetUncollectedMails (ParcelProject) in 38.9322ms
info: Microsoft.AspNetCore.Routing.EndpointMiddleware[1]
      Executed endpoint 'ParcelManagement2.Controllers.ResidentController.GetUncollectedMails (ParcelProject)'
info: Microsoft.AspNetCore.Hosting.Diagnostics[2]
      Request finished HTTP/2 POST https://localhost:44353/Resident/GetUncollectedMails - 200 2 application/json 81.2042ms
dbug: Microsoft.AspNetCore.Server.IIS.Core.IISHttpServer[1]
      Connection ID "18086456104325218408" disconnecting.
dbug: ParcelManagement2.Models.DBConn[0]
      查詢成功，返回 7 行數據
info: Microsoft.AspNetCore.Mvc.Infrastructure.ContentResultExecutor[1]
      Executing ContentResult with HTTP Response ContentType of application/json
info: Microsoft.AspNetCore.Mvc.Infrastructure.ControllerActionInvoker[105]
      Executed action ParcelManagement2.Controllers.ResidentController.GetUncollectedPackages (ParcelProject) in 49.1041ms
info: Microsoft.AspNetCore.Routing.EndpointMiddleware[1]
      Executed endpoint 'ParcelManagement2.Controllers.ResidentController.GetUncollectedPackages (ParcelProject)'
info: Microsoft.AspNetCore.Hosting.Diagnostics[2]
      Request finished HTTP/2 POST https://localhost:44353/Resident/GetUncollectedPackages - 200 876 application/json 92.6968ms
dbug: Microsoft.AspNetCore.Server.IIS.Core.IISHttpServer[1]
      Connection ID "17942340916249362485" disconnecting.
dbug: Microsoft.Extensions.Http.DefaultHttpClientFactory[100]
      Starting HttpMessageHandler cleanup cycle with 2 items
dbug: Microsoft.Extensions.Http.DefaultHttpClientFactory[101]
      Ending HttpMessageHandler cleanup cycle after 0.0043ms - processed: 0 items - remaining: 2 items
dbug: Microsoft.Extensions.Http.DefaultHttpClientFactory[100]
      Starting HttpMessageHandler cleanup cycle with 2 items
dbug: Microsoft.Extensions.Http.DefaultHttpClientFactory[101]
      Ending HttpMessageHandler cleanup cycle after 0.0015ms - processed: 0 items - remaining: 2 items
info: Microsoft.AspNetCore.Hosting.Diagnostics[1]
      Request starting HTTP/2 GET https://localhost:44353/Resident/Home - - -
dbug: Microsoft.AspNetCore.StaticFiles.StaticFileMiddleware[4]
      The request path /Resident/Home does not match a supported file type
dbug: Microsoft.AspNetCore.Routing.Matching.DfaMatcher[1001]
      1 candidate(s) found for the request path '/Resident/Home'
dbug: Microsoft.AspNetCore.Routing.Matching.DfaMatcher[1005]
      Endpoint 'ParcelManagement2.Controllers.ResidentController.Home (ParcelProject)' with route pattern '{controller=Account}/{action=Login}/{id?}' is valid for the request path '/Resident/Home'
dbug: Microsoft.AspNetCore.Routing.EndpointRoutingMiddleware[1]
      Request matched endpoint 'ParcelManagement2.Controllers.ResidentController.Home (ParcelProject)'
dbug: Microsoft.AspNetCore.Authentication.Cookies.CookieAuthenticationHandler[8]
      AuthenticationScheme: Cookies was successfully authenticated.
dbug: Microsoft.AspNetCore.Authorization.DefaultAuthorizationService[1]
      Authorization was successful.
info: Microsoft.AspNetCore.Routing.EndpointMiddleware[0]
      Executing endpoint 'ParcelManagement2.Controllers.ResidentController.Home (ParcelProject)'
info: Microsoft.AspNetCore.Mvc.Infrastructure.ControllerActionInvoker[102]
      Route matched with {action = "Home", controller = "Resident"}. Executing controller action with signature Microsoft.AspNetCore.Mvc.IActionResult Home() on controller ParcelManagement2.Controllers.ResidentController (ParcelProject).
dbug: Microsoft.AspNetCore.Mvc.Infrastructure.ControllerActionInvoker[1]
      Execution plan of authorization filters (in the following order): None
dbug: Microsoft.AspNetCore.Mvc.Infrastructure.ControllerActionInvoker[1]
      Execution plan of resource filters (in the following order): Microsoft.AspNetCore.Mvc.ViewFeatures.Filters.SaveTempDataFilter
dbug: Microsoft.AspNetCore.Mvc.Infrastructure.ControllerActionInvoker[1]
      Execution plan of action filters (in the following order): Microsoft.AspNetCore.Mvc.Filters.ControllerActionFilter (Order: -2147483648), Microsoft.AspNetCore.Mvc.ModelBinding.UnsupportedContentTypeFilter (Order: -3000)
dbug: Microsoft.AspNetCore.Mvc.Infrastructure.ControllerActionInvoker[1]
      Execution plan of exception filters (in the following order): None
dbug: Microsoft.AspNetCore.Mvc.Infrastructure.ControllerActionInvoker[1]
      Execution plan of result filters (in the following order): Microsoft.AspNetCore.Mvc.ViewFeatures.Filters.SaveTempDataFilter
dbug: Microsoft.AspNetCore.Mvc.Infrastructure.ControllerActionInvoker[1]
      Executing controller factory for controller ParcelManagement2.Controllers.ResidentController (ParcelProject)
dbug: ParcelManagement2.Models.DBConn[0]
      資料庫連線字串已設定
dbug: Microsoft.AspNetCore.Mvc.Infrastructure.ControllerActionInvoker[2]
      Executed controller factory for controller ParcelManagement2.Controllers.ResidentController (ParcelProject)
dbug: ParcelManagement2.Models.DBConn[0]
      查詢成功，返回 1 行數據
dbug: Microsoft.AspNetCore.Session.DistributedSession[4]
      Session loaded; Key:f3a42b75-d459-1344-3c37-ff3073c71b14, Id:be5fffd8-37ca-330c-7652-55aaec6333fb, Count:1
dbug: Microsoft.AspNetCore.Mvc.Razor.RazorViewEngine[1]
      View lookup cache miss for view 'Home' in controller 'Resident'.
dbug: Microsoft.AspNetCore.Mvc.Razor.Compilation.DefaultViewCompiler[3]
      Initializing Razor view compiler with compiled view: '/Views/Account/AccessDenied.cshtml'.
dbug: Microsoft.AspNetCore.Mvc.Razor.Compilation.DefaultViewCompiler[3]
      Initializing Razor view compiler with compiled view: '/Views/Account/Login.cshtml'.
dbug: Microsoft.AspNetCore.Mvc.Razor.Compilation.DefaultViewCompiler[3]
      Initializing Razor view compiler with compiled view: '/Views/Home/Index.cshtml'.
dbug: Microsoft.AspNetCore.Mvc.Razor.Compilation.DefaultViewCompiler[3]
      Initializing Razor view compiler with compiled view: '/Views/Home/Index_back.cshtml'.
dbug: Microsoft.AspNetCore.Mvc.Razor.Compilation.DefaultViewCompiler[3]
      Initializing Razor view compiler with compiled view: '/Views/Home/Packages.cshtml'.
dbug: Microsoft.AspNetCore.Mvc.Razor.Compilation.DefaultViewCompiler[3]
      Initializing Razor view compiler with compiled view: '/Views/Home/Privacy.cshtml'.
dbug: Microsoft.AspNetCore.Mvc.Razor.Compilation.DefaultViewCompiler[3]
      Initializing Razor view compiler with compiled view: '/Views/Resident/Edit.cshtml'.
dbug: Microsoft.AspNetCore.Mvc.Razor.Compilation.DefaultViewCompiler[3]
      Initializing Razor view compiler with compiled view: '/Views/Resident/Home.cshtml'.
dbug: Microsoft.AspNetCore.Mvc.Razor.Compilation.DefaultViewCompiler[3]
      Initializing Razor view compiler with compiled view: '/Views/Resident/MyPackages.cshtml'.
dbug: Microsoft.AspNetCore.Mvc.Razor.Compilation.DefaultViewCompiler[3]
      Initializing Razor view compiler with compiled view: '/Views/Resident/PackagePhoto.cshtml'.
dbug: Microsoft.AspNetCore.Mvc.Razor.Compilation.DefaultViewCompiler[3]
      Initializing Razor view compiler with compiled view: '/Views/Shared/Error.cshtml'.
dbug: Microsoft.AspNetCore.Mvc.Razor.Compilation.DefaultViewCompiler[3]
      Initializing Razor view compiler with compiled view: '/Views/Shared/_AdminLayout.cshtml'.
dbug: Microsoft.AspNetCore.Mvc.Razor.Compilation.DefaultViewCompiler[3]
      Initializing Razor view compiler with compiled view: '/Views/Shared/_Layout.cshtml'.
dbug: Microsoft.AspNetCore.Mvc.Razor.Compilation.DefaultViewCompiler[3]
      Initializing Razor view compiler with compiled view: '/Views/Shared/_ResidentLayout.cshtml'.
dbug: Microsoft.AspNetCore.Mvc.Razor.Compilation.DefaultViewCompiler[3]
      Initializing Razor view compiler with compiled view: '/Views/Shared/_ValidationScriptsPartial.cshtml'.
dbug: Microsoft.AspNetCore.Mvc.Razor.Compilation.DefaultViewCompiler[3]
      Initializing Razor view compiler with compiled view: '/Views/_ViewImports.cshtml'.
dbug: Microsoft.AspNetCore.Mvc.Razor.Compilation.DefaultViewCompiler[3]
      Initializing Razor view compiler with compiled view: '/Views/_ViewStart.cshtml'.
dbug: Microsoft.AspNetCore.Mvc.Razor.Compilation.DefaultViewCompiler[3]
      Initializing Razor view compiler with compiled view: '/Views/Shared/_Layout_back.cshtml'.
info: Microsoft.AspNetCore.Mvc.ViewFeatures.ViewResultExecutor[1]
      Executing ViewResult, running view Home.
dbug: Microsoft.AspNetCore.Mvc.ViewFeatures.ViewResultExecutor[2]
      The view path '/Views/Resident/Home.cshtml' was found in 23.2832ms.
dbug: Microsoft.AspNetCore.Antiforgery.DefaultAntiforgery[6]
      An antiforgery cookie token was reused.
dbug: Microsoft.WebTools.BrowserLink.Net.BrowserLinkMiddleware[1]
      Response markup is scheduled to include Browser Link script injection.
dbug: Microsoft.AspNetCore.Watch.BrowserRefresh.BrowserRefreshMiddleware[1]
      Response markup is scheduled to include browser refresh script injection.
info: Microsoft.AspNetCore.Mvc.ViewFeatures.ViewResultExecutor[4]
      Executed ViewResult - view Home executed in 33.7055ms.
info: Microsoft.AspNetCore.Mvc.Infrastructure.ControllerActionInvoker[105]
      Executed action ParcelManagement2.Controllers.ResidentController.Home (ParcelProject) in 73.5896ms
info: Microsoft.AspNetCore.Routing.EndpointMiddleware[1]
      Executed endpoint 'ParcelManagement2.Controllers.ResidentController.Home (ParcelProject)'
dbug: Microsoft.WebTools.BrowserLink.Net.BrowserLinkMiddleware[2]
      Response markup was updated to include Browser Link script injection.
dbug: Microsoft.AspNetCore.Watch.BrowserRefresh.BrowserRefreshMiddleware[2]
      Response markup was updated to include browser refresh script injection.
info: Microsoft.AspNetCore.Hosting.Diagnostics[2]
      Request finished HTTP/2 GET https://localhost:44353/Resident/Home - 200 - text/html;+charset=utf-8 99.8377ms
dbug: Microsoft.AspNetCore.Server.IIS.Core.IISHttpServer[1]
      Connection ID "18158513715543015484" disconnecting.
info: Microsoft.AspNetCore.Hosting.Diagnostics[1]
      Request starting HTTP/2 POST https://localhost:44353/Resident/GetUncollectedMails - - 0
info: Microsoft.AspNetCore.Hosting.Diagnostics[1]
      Request starting HTTP/2 POST https://localhost:44353/Resident/GetUncollectedPackages - - 0
dbug: Microsoft.AspNetCore.StaticFiles.StaticFileMiddleware[1]
      POST requests are not supported
dbug: Microsoft.AspNetCore.StaticFiles.StaticFileMiddleware[1]
      POST requests are not supported
info: Microsoft.AspNetCore.Hosting.Diagnostics[1]
      Request starting HTTP/2 GET https://localhost:44353/_framework/aspnetcore-browser-refresh.js - - -
info: Microsoft.AspNetCore.Hosting.Diagnostics[1]
      Request starting HTTP/2 GET https://localhost:44353/_vs/browserLink - - -
dbug: Microsoft.AspNetCore.Routing.Matching.DfaMatcher[1001]
      1 candidate(s) found for the request path '/Resident/GetUncollectedPackages'
dbug: Microsoft.AspNetCore.Routing.Matching.DfaMatcher[1001]
      1 candidate(s) found for the request path '/Resident/GetUncollectedMails'
dbug: Microsoft.AspNetCore.Watch.BrowserRefresh.BrowserScriptMiddleware[0]
      Script injected: /_framework/aspnetcore-browser-refresh.js
dbug: Microsoft.AspNetCore.Routing.Matching.DfaMatcher[1005]
      Endpoint 'ParcelManagement2.Controllers.ResidentController.GetUncollectedPackages (ParcelProject)' with route pattern '{controller=Account}/{action=Login}/{id?}' is valid for the request path '/Resident/GetUncollectedPackages'
info: Microsoft.AspNetCore.Hosting.Diagnostics[2]
      Request finished HTTP/2 GET https://localhost:44353/_framework/aspnetcore-browser-refresh.js - 200 16511 application/javascript;+charset=utf-8 12.5024ms
dbug: Microsoft.AspNetCore.Server.IIS.Core.IISHttpServer[1]
      Connection ID "17942340959199035513" disconnecting.
dbug: Microsoft.AspNetCore.Routing.EndpointRoutingMiddleware[1]
      Request matched endpoint 'ParcelManagement2.Controllers.ResidentController.GetUncollectedPackages (ParcelProject)'
dbug: Microsoft.AspNetCore.Authentication.Cookies.CookieAuthenticationHandler[8]
      AuthenticationScheme: Cookies was successfully authenticated.
dbug: Microsoft.AspNetCore.Authorization.DefaultAuthorizationService[1]
      Authorization was successful.
dbug: Microsoft.AspNetCore.Routing.Matching.DfaMatcher[1005]
      Endpoint 'ParcelManagement2.Controllers.ResidentController.GetUncollectedMails (ParcelProject)' with route pattern '{controller=Account}/{action=Login}/{id?}' is valid for the request path '/Resident/GetUncollectedMails'
info: Microsoft.AspNetCore.Routing.EndpointMiddleware[0]
      Executing endpoint 'ParcelManagement2.Controllers.ResidentController.GetUncollectedPackages (ParcelProject)'
dbug: Microsoft.AspNetCore.Routing.EndpointRoutingMiddleware[1]
      Request matched endpoint 'ParcelManagement2.Controllers.ResidentController.GetUncollectedMails (ParcelProject)'
dbug: Microsoft.AspNetCore.Authentication.Cookies.CookieAuthenticationHandler[8]
      AuthenticationScheme: Cookies was successfully authenticated.
info: Microsoft.AspNetCore.Mvc.Infrastructure.ControllerActionInvoker[102]
      Route matched with {action = "GetUncollectedPackages", controller = "Resident"}. Executing controller action with signature Microsoft.AspNetCore.Mvc.IActionResult GetUncollectedPackages() on controller ParcelManagement2.Controllers.ResidentController (ParcelProject).
dbug: Microsoft.AspNetCore.Authorization.DefaultAuthorizationService[1]
      Authorization was successful.
dbug: Microsoft.AspNetCore.Mvc.Infrastructure.ControllerActionInvoker[1]
      Execution plan of authorization filters (in the following order): None
info: Microsoft.AspNetCore.Routing.EndpointMiddleware[0]
      Executing endpoint 'ParcelManagement2.Controllers.ResidentController.GetUncollectedMails (ParcelProject)'
dbug: Microsoft.AspNetCore.Mvc.Infrastructure.ControllerActionInvoker[1]
      Execution plan of resource filters (in the following order): Microsoft.AspNetCore.Mvc.ViewFeatures.Filters.SaveTempDataFilter
dbug: Microsoft.AspNetCore.Server.IIS.Core.IISHttpServer[1]
      Connection ID "17726168177085251613" disconnecting.
dbug: Microsoft.AspNetCore.Mvc.Infrastructure.ControllerActionInvoker[1]
      Execution plan of action filters (in the following order): Microsoft.AspNetCore.Mvc.Filters.ControllerActionFilter (Order: -2147483648), Microsoft.AspNetCore.Mvc.ModelBinding.UnsupportedContentTypeFilter (Order: -3000)
info: Microsoft.AspNetCore.Hosting.Diagnostics[2]
      Request finished HTTP/2 GET https://localhost:44353/_vs/browserLink - 200 - text/javascript;+charset=UTF-8 36.1200ms
info: Microsoft.AspNetCore.Mvc.Infrastructure.ControllerActionInvoker[102]
      Route matched with {action = "GetUncollectedMails", controller = "Resident"}. Executing controller action with signature Microsoft.AspNetCore.Mvc.IActionResult GetUncollectedMails() on controller ParcelManagement2.Controllers.ResidentController (ParcelProject).
dbug: Microsoft.AspNetCore.Mvc.Infrastructure.ControllerActionInvoker[1]
      Execution plan of exception filters (in the following order): None
dbug: Microsoft.AspNetCore.Mvc.Infrastructure.ControllerActionInvoker[1]
      Execution plan of authorization filters (in the following order): None
dbug: Microsoft.AspNetCore.Mvc.Infrastructure.ControllerActionInvoker[1]
      Execution plan of result filters (in the following order): Microsoft.AspNetCore.Mvc.ViewFeatures.Filters.SaveTempDataFilter
dbug: Microsoft.AspNetCore.Mvc.Infrastructure.ControllerActionInvoker[1]
      Execution plan of resource filters (in the following order): Microsoft.AspNetCore.Mvc.ViewFeatures.Filters.SaveTempDataFilter
dbug: Microsoft.AspNetCore.Mvc.Infrastructure.ControllerActionInvoker[1]
      Executing controller factory for controller ParcelManagement2.Controllers.ResidentController (ParcelProject)
dbug: Microsoft.AspNetCore.Mvc.Infrastructure.ControllerActionInvoker[1]
      Execution plan of action filters (in the following order): Microsoft.AspNetCore.Mvc.Filters.ControllerActionFilter (Order: -2147483648), Microsoft.AspNetCore.Mvc.ModelBinding.UnsupportedContentTypeFilter (Order: -3000)
dbug: ParcelManagement2.Models.DBConn[0]
      資料庫連線字串已設定
dbug: Microsoft.AspNetCore.Mvc.Infrastructure.ControllerActionInvoker[1]
      Execution plan of exception filters (in the following order): None
dbug: Microsoft.AspNetCore.Mvc.Infrastructure.ControllerActionInvoker[2]
      Executed controller factory for controller ParcelManagement2.Controllers.ResidentController (ParcelProject)
dbug: Microsoft.AspNetCore.Mvc.Infrastructure.ControllerActionInvoker[1]
      Execution plan of result filters (in the following order): Microsoft.AspNetCore.Mvc.ViewFeatures.Filters.SaveTempDataFilter
dbug: Microsoft.AspNetCore.Mvc.Infrastructure.ControllerActionInvoker[1]
      Executing controller factory for controller ParcelManagement2.Controllers.ResidentController (ParcelProject)
dbug: ParcelManagement2.Models.DBConn[0]
      資料庫連線字串已設定
dbug: Microsoft.AspNetCore.Mvc.Infrastructure.ControllerActionInvoker[2]
      Executed controller factory for controller ParcelManagement2.Controllers.ResidentController (ParcelProject)
dbug: Microsoft.AspNetCore.Session.DistributedSession[4]
      Session loaded; Key:f3a42b75-d459-1344-3c37-ff3073c71b14, Id:be5fffd8-37ca-330c-7652-55aaec6333fb, Count:1
dbug: Microsoft.AspNetCore.Session.DistributedSession[4]
      Session loaded; Key:f3a42b75-d459-1344-3c37-ff3073c71b14, Id:be5fffd8-37ca-330c-7652-55aaec6333fb, Count:1
dbug: ParcelManagement2.Models.DBConn[0]
      查詢成功，返回 7 行數據
info: Microsoft.AspNetCore.Mvc.Infrastructure.ContentResultExecutor[1]
      Executing ContentResult with HTTP Response ContentType of application/json
info: Microsoft.AspNetCore.Mvc.Infrastructure.ControllerActionInvoker[105]
      Executed action ParcelManagement2.Controllers.ResidentController.GetUncollectedPackages (ParcelProject) in 42.8223ms
info: Microsoft.AspNetCore.Routing.EndpointMiddleware[1]
      Executed endpoint 'ParcelManagement2.Controllers.ResidentController.GetUncollectedPackages (ParcelProject)'
info: Microsoft.AspNetCore.Hosting.Diagnostics[2]
      Request finished HTTP/2 POST https://localhost:44353/Resident/GetUncollectedPackages - 200 876 application/json 97.2586ms
dbug: Microsoft.AspNetCore.Server.IIS.Core.IISHttpServer[1]
      Connection ID "18158513715543015486" disconnecting.
dbug: ParcelManagement2.Models.DBConn[0]
      查詢成功，返回 0 行數據
info: Microsoft.AspNetCore.Mvc.Infrastructure.ContentResultExecutor[1]
      Executing ContentResult with HTTP Response ContentType of application/json
info: Microsoft.AspNetCore.Mvc.Infrastructure.ControllerActionInvoker[105]
      Executed action ParcelManagement2.Controllers.ResidentController.GetUncollectedMails (ParcelProject) in 42ms
info: Microsoft.AspNetCore.Routing.EndpointMiddleware[1]
      Executed endpoint 'ParcelManagement2.Controllers.ResidentController.GetUncollectedMails (ParcelProject)'
info: Microsoft.AspNetCore.Hosting.Diagnostics[2]
      Request finished HTTP/2 POST https://localhost:44353/Resident/GetUncollectedMails - 200 2 application/json 106.8846ms
dbug: Microsoft.AspNetCore.Server.IIS.Core.IISHttpServer[1]
      Connection ID "18302628903618871516" disconnecting.
dbug: Microsoft.Extensions.Http.DefaultHttpClientFactory[100]
      Starting HttpMessageHandler cleanup cycle with 2 items
dbug: Microsoft.Extensions.Http.DefaultHttpClientFactory[101]
      Ending HttpMessageHandler cleanup cycle after 0.0024ms - processed: 0 items - remaining: 2 items
dbug: Microsoft.Extensions.Http.DefaultHttpClientFactory[100]
      Starting HttpMessageHandler cleanup cycle with 2 items
dbug: Microsoft.Extensions.Http.DefaultHttpClientFactory[101]
      Ending HttpMessageHandler cleanup cycle after 0.0041ms - processed: 0 items - remaining: 2 items
info: Microsoft.AspNetCore.Hosting.Diagnostics[1]
      Request starting HTTP/2 GET https://localhost:44353/Resident/Home - - -
dbug: Microsoft.AspNetCore.StaticFiles.StaticFileMiddleware[4]
      The request path /Resident/Home does not match a supported file type
dbug: Microsoft.AspNetCore.Routing.Matching.DfaMatcher[1001]
      1 candidate(s) found for the request path '/Resident/Home'
dbug: Microsoft.AspNetCore.Routing.Matching.DfaMatcher[1005]
      Endpoint 'ParcelManagement2.Controllers.ResidentController.Home (ParcelProject)' with route pattern '{controller=Account}/{action=Login}/{id?}' is valid for the request path '/Resident/Home'
dbug: Microsoft.AspNetCore.Routing.EndpointRoutingMiddleware[1]
      Request matched endpoint 'ParcelManagement2.Controllers.ResidentController.Home (ParcelProject)'
dbug: Microsoft.AspNetCore.Authentication.Cookies.CookieAuthenticationHandler[8]
      AuthenticationScheme: Cookies was successfully authenticated.
dbug: Microsoft.AspNetCore.Authorization.DefaultAuthorizationService[1]
      Authorization was successful.
info: Microsoft.AspNetCore.Routing.EndpointMiddleware[0]
      Executing endpoint 'ParcelManagement2.Controllers.ResidentController.Home (ParcelProject)'
info: Microsoft.AspNetCore.Mvc.Infrastructure.ControllerActionInvoker[102]
      Route matched with {action = "Home", controller = "Resident"}. Executing controller action with signature Microsoft.AspNetCore.Mvc.IActionResult Home() on controller ParcelManagement2.Controllers.ResidentController (ParcelProject).
dbug: Microsoft.AspNetCore.Mvc.Infrastructure.ControllerActionInvoker[1]
      Execution plan of authorization filters (in the following order): None
dbug: Microsoft.AspNetCore.Mvc.Infrastructure.ControllerActionInvoker[1]
      Execution plan of resource filters (in the following order): Microsoft.AspNetCore.Mvc.ViewFeatures.Filters.SaveTempDataFilter
dbug: Microsoft.AspNetCore.Mvc.Infrastructure.ControllerActionInvoker[1]
      Execution plan of action filters (in the following order): Microsoft.AspNetCore.Mvc.Filters.ControllerActionFilter (Order: -2147483648), Microsoft.AspNetCore.Mvc.ModelBinding.UnsupportedContentTypeFilter (Order: -3000)
dbug: Microsoft.AspNetCore.Mvc.Infrastructure.ControllerActionInvoker[1]
      Execution plan of exception filters (in the following order): None
dbug: Microsoft.AspNetCore.Mvc.Infrastructure.ControllerActionInvoker[1]
      Execution plan of result filters (in the following order): Microsoft.AspNetCore.Mvc.ViewFeatures.Filters.SaveTempDataFilter
dbug: Microsoft.AspNetCore.Mvc.Infrastructure.ControllerActionInvoker[1]
      Executing controller factory for controller ParcelManagement2.Controllers.ResidentController (ParcelProject)
dbug: ParcelManagement2.Models.DBConn[0]
      資料庫連線字串已設定
dbug: Microsoft.AspNetCore.Mvc.Infrastructure.ControllerActionInvoker[2]
      Executed controller factory for controller ParcelManagement2.Controllers.ResidentController (ParcelProject)
dbug: ParcelManagement2.Models.DBConn[0]
      查詢成功，返回 1 行數據
dbug: Microsoft.AspNetCore.Session.DistributedSession[4]
      Session loaded; Key:f3a42b75-d459-1344-3c37-ff3073c71b14, Id:be5fffd8-37ca-330c-7652-55aaec6333fb, Count:1
dbug: Microsoft.AspNetCore.Mvc.Razor.RazorViewEngine[1]
      View lookup cache miss for view 'Home' in controller 'Resident'.
dbug: Microsoft.AspNetCore.Mvc.Razor.Compilation.DefaultViewCompiler[3]
      Initializing Razor view compiler with compiled view: '/Views/Account/AccessDenied.cshtml'.
dbug: Microsoft.AspNetCore.Mvc.Razor.Compilation.DefaultViewCompiler[3]
      Initializing Razor view compiler with compiled view: '/Views/Account/Login.cshtml'.
dbug: Microsoft.AspNetCore.Mvc.Razor.Compilation.DefaultViewCompiler[3]
      Initializing Razor view compiler with compiled view: '/Views/Home/Index.cshtml'.
dbug: Microsoft.AspNetCore.Mvc.Razor.Compilation.DefaultViewCompiler[3]
      Initializing Razor view compiler with compiled view: '/Views/Home/Index_back.cshtml'.
dbug: Microsoft.AspNetCore.Mvc.Razor.Compilation.DefaultViewCompiler[3]
      Initializing Razor view compiler with compiled view: '/Views/Home/Packages.cshtml'.
dbug: Microsoft.AspNetCore.Mvc.Razor.Compilation.DefaultViewCompiler[3]
      Initializing Razor view compiler with compiled view: '/Views/Home/Privacy.cshtml'.
dbug: Microsoft.AspNetCore.Mvc.Razor.Compilation.DefaultViewCompiler[3]
      Initializing Razor view compiler with compiled view: '/Views/Resident/Edit.cshtml'.
dbug: Microsoft.AspNetCore.Mvc.Razor.Compilation.DefaultViewCompiler[3]
      Initializing Razor view compiler with compiled view: '/Views/Resident/Home.cshtml'.
dbug: Microsoft.AspNetCore.Mvc.Razor.Compilation.DefaultViewCompiler[3]
      Initializing Razor view compiler with compiled view: '/Views/Resident/MyPackages.cshtml'.
dbug: Microsoft.AspNetCore.Mvc.Razor.Compilation.DefaultViewCompiler[3]
      Initializing Razor view compiler with compiled view: '/Views/Resident/PackagePhoto.cshtml'.
dbug: Microsoft.AspNetCore.Mvc.Razor.Compilation.DefaultViewCompiler[3]
      Initializing Razor view compiler with compiled view: '/Views/Shared/Error.cshtml'.
dbug: Microsoft.AspNetCore.Mvc.Razor.Compilation.DefaultViewCompiler[3]
      Initializing Razor view compiler with compiled view: '/Views/Shared/_AdminLayout.cshtml'.
dbug: Microsoft.AspNetCore.Mvc.Razor.Compilation.DefaultViewCompiler[3]
      Initializing Razor view compiler with compiled view: '/Views/Shared/_Layout.cshtml'.
dbug: Microsoft.AspNetCore.Mvc.Razor.Compilation.DefaultViewCompiler[3]
      Initializing Razor view compiler with compiled view: '/Views/Shared/_ResidentLayout.cshtml'.
dbug: Microsoft.AspNetCore.Mvc.Razor.Compilation.DefaultViewCompiler[3]
      Initializing Razor view compiler with compiled view: '/Views/Shared/_ValidationScriptsPartial.cshtml'.
dbug: Microsoft.AspNetCore.Mvc.Razor.Compilation.DefaultViewCompiler[3]
      Initializing Razor view compiler with compiled view: '/Views/_ViewImports.cshtml'.
dbug: Microsoft.AspNetCore.Mvc.Razor.Compilation.DefaultViewCompiler[3]
      Initializing Razor view compiler with compiled view: '/Views/_ViewStart.cshtml'.
dbug: Microsoft.AspNetCore.Mvc.Razor.Compilation.DefaultViewCompiler[3]
      Initializing Razor view compiler with compiled view: '/Views/Shared/_Layout_back.cshtml'.
info: Microsoft.AspNetCore.Mvc.ViewFeatures.ViewResultExecutor[1]
      Executing ViewResult, running view Home.
dbug: Microsoft.AspNetCore.Mvc.ViewFeatures.ViewResultExecutor[2]
      The view path '/Views/Resident/Home.cshtml' was found in 26.023ms.
dbug: Microsoft.AspNetCore.Antiforgery.DefaultAntiforgery[6]
      An antiforgery cookie token was reused.
dbug: Microsoft.WebTools.BrowserLink.Net.BrowserLinkMiddleware[1]
      Response markup is scheduled to include Browser Link script injection.
dbug: Microsoft.AspNetCore.Watch.BrowserRefresh.BrowserRefreshMiddleware[1]
      Response markup is scheduled to include browser refresh script injection.
info: Microsoft.AspNetCore.Mvc.ViewFeatures.ViewResultExecutor[4]
      Executed ViewResult - view Home executed in 36.9318ms.
info: Microsoft.AspNetCore.Mvc.Infrastructure.ControllerActionInvoker[105]
      Executed action ParcelManagement2.Controllers.ResidentController.Home (ParcelProject) in 84.9089ms
info: Microsoft.AspNetCore.Routing.EndpointMiddleware[1]
      Executed endpoint 'ParcelManagement2.Controllers.ResidentController.Home (ParcelProject)'
dbug: Microsoft.WebTools.BrowserLink.Net.BrowserLinkMiddleware[2]
      Response markup was updated to include Browser Link script injection.
dbug: Microsoft.AspNetCore.Watch.BrowserRefresh.BrowserRefreshMiddleware[2]
      Response markup was updated to include browser refresh script injection.
dbug: Microsoft.AspNetCore.Server.IIS.Core.IISHttpServer[1]
      Connection ID "18374686536311504979" disconnecting.
info: Microsoft.AspNetCore.Hosting.Diagnostics[2]
      Request finished HTTP/2 GET https://localhost:44353/Resident/Home - 200 - text/html;+charset=utf-8 122.2807ms
info: Microsoft.AspNetCore.Hosting.Diagnostics[1]
      Request starting HTTP/2 POST https://localhost:44353/Resident/GetUncollectedPackages - - 0
info: Microsoft.AspNetCore.Hosting.Diagnostics[1]
      Request starting HTTP/2 POST https://localhost:44353/Resident/GetUncollectedMails - - 0
dbug: Microsoft.AspNetCore.StaticFiles.StaticFileMiddleware[1]
      POST requests are not supported
dbug: Microsoft.AspNetCore.StaticFiles.StaticFileMiddleware[1]
      POST requests are not supported
info: Microsoft.AspNetCore.Hosting.Diagnostics[1]
      Request starting HTTP/2 GET https://localhost:44353/_framework/aspnetcore-browser-refresh.js - - -
info: Microsoft.AspNetCore.Hosting.Diagnostics[1]
      Request starting HTTP/2 GET https://localhost:44353/_vs/browserLink - - -
dbug: Microsoft.AspNetCore.Watch.BrowserRefresh.BrowserScriptMiddleware[0]
      Script injected: /_framework/aspnetcore-browser-refresh.js
dbug: Microsoft.AspNetCore.Routing.Matching.DfaMatcher[1001]
      1 candidate(s) found for the request path '/Resident/GetUncollectedPackages'
dbug: Microsoft.AspNetCore.Routing.Matching.DfaMatcher[1001]
      1 candidate(s) found for the request path '/Resident/GetUncollectedMails'
info: Microsoft.AspNetCore.Hosting.Diagnostics[2]
      Request finished HTTP/2 GET https://localhost:44353/_framework/aspnetcore-browser-refresh.js - 200 16511 application/javascript;+charset=utf-8 6.3305ms
dbug: Microsoft.AspNetCore.Server.IIS.Core.IISHttpServer[1]
      Connection ID "18374686557786341432" disconnecting.
dbug: Microsoft.AspNetCore.Routing.Matching.DfaMatcher[1005]
      Endpoint 'ParcelManagement2.Controllers.ResidentController.GetUncollectedMails (ParcelProject)' with route pattern '{controller=Account}/{action=Login}/{id?}' is valid for the request path '/Resident/GetUncollectedMails'
dbug: Microsoft.AspNetCore.Routing.EndpointRoutingMiddleware[1]
      Request matched endpoint 'ParcelManagement2.Controllers.ResidentController.GetUncollectedMails (ParcelProject)'
dbug: Microsoft.AspNetCore.Routing.Matching.DfaMatcher[1005]
      Endpoint 'ParcelManagement2.Controllers.ResidentController.GetUncollectedPackages (ParcelProject)' with route pattern '{controller=Account}/{action=Login}/{id?}' is valid for the request path '/Resident/GetUncollectedPackages'
dbug: Microsoft.AspNetCore.Authentication.Cookies.CookieAuthenticationHandler[8]
      AuthenticationScheme: Cookies was successfully authenticated.
dbug: Microsoft.AspNetCore.Routing.EndpointRoutingMiddleware[1]
      Request matched endpoint 'ParcelManagement2.Controllers.ResidentController.GetUncollectedPackages (ParcelProject)'
dbug: Microsoft.AspNetCore.Authorization.DefaultAuthorizationService[1]
      Authorization was successful.
dbug: Microsoft.AspNetCore.Authentication.Cookies.CookieAuthenticationHandler[8]
      AuthenticationScheme: Cookies was successfully authenticated.
info: Microsoft.AspNetCore.Routing.EndpointMiddleware[0]
      Executing endpoint 'ParcelManagement2.Controllers.ResidentController.GetUncollectedMails (ParcelProject)'
dbug: Microsoft.AspNetCore.Authorization.DefaultAuthorizationService[1]
      Authorization was successful.
info: Microsoft.AspNetCore.Routing.EndpointMiddleware[0]
      Executing endpoint 'ParcelManagement2.Controllers.ResidentController.GetUncollectedPackages (ParcelProject)'
info: Microsoft.AspNetCore.Mvc.Infrastructure.ControllerActionInvoker[102]
      Route matched with {action = "GetUncollectedMails", controller = "Resident"}. Executing controller action with signature Microsoft.AspNetCore.Mvc.IActionResult GetUncollectedMails() on controller ParcelManagement2.Controllers.ResidentController (ParcelProject).
dbug: Microsoft.AspNetCore.Mvc.Infrastructure.ControllerActionInvoker[1]
      Execution plan of authorization filters (in the following order): None
info: Microsoft.AspNetCore.Mvc.Infrastructure.ControllerActionInvoker[102]
      Route matched with {action = "GetUncollectedPackages", controller = "Resident"}. Executing controller action with signature Microsoft.AspNetCore.Mvc.IActionResult GetUncollectedPackages() on controller ParcelManagement2.Controllers.ResidentController (ParcelProject).
dbug: Microsoft.AspNetCore.Mvc.Infrastructure.ControllerActionInvoker[1]
      Execution plan of resource filters (in the following order): Microsoft.AspNetCore.Mvc.ViewFeatures.Filters.SaveTempDataFilter
dbug: Microsoft.AspNetCore.Mvc.Infrastructure.ControllerActionInvoker[1]
      Execution plan of authorization filters (in the following order): None
dbug: Microsoft.AspNetCore.Mvc.Infrastructure.ControllerActionInvoker[1]
      Execution plan of action filters (in the following order): Microsoft.AspNetCore.Mvc.Filters.ControllerActionFilter (Order: -2147483648), Microsoft.AspNetCore.Mvc.ModelBinding.UnsupportedContentTypeFilter (Order: -3000)
dbug: Microsoft.AspNetCore.Server.IIS.Core.IISHttpServer[1]
      Connection ID "18302628963748413461" disconnecting.
info: Microsoft.AspNetCore.Hosting.Diagnostics[2]
      Request finished HTTP/2 GET https://localhost:44353/_vs/browserLink - 200 - text/javascript;+charset=UTF-8 34.8208ms
dbug: Microsoft.AspNetCore.Mvc.Infrastructure.ControllerActionInvoker[1]
      Execution plan of resource filters (in the following order): Microsoft.AspNetCore.Mvc.ViewFeatures.Filters.SaveTempDataFilter
dbug: Microsoft.AspNetCore.Mvc.Infrastructure.ControllerActionInvoker[1]
      Execution plan of exception filters (in the following order): None
dbug: Microsoft.AspNetCore.Mvc.Infrastructure.ControllerActionInvoker[1]
      Execution plan of result filters (in the following order): Microsoft.AspNetCore.Mvc.ViewFeatures.Filters.SaveTempDataFilter
dbug: Microsoft.AspNetCore.Mvc.Infrastructure.ControllerActionInvoker[1]
      Execution plan of action filters (in the following order): Microsoft.AspNetCore.Mvc.Filters.ControllerActionFilter (Order: -2147483648), Microsoft.AspNetCore.Mvc.ModelBinding.UnsupportedContentTypeFilter (Order: -3000)
dbug: Microsoft.AspNetCore.Mvc.Infrastructure.ControllerActionInvoker[1]
      Executing controller factory for controller ParcelManagement2.Controllers.ResidentController (ParcelProject)
dbug: Microsoft.AspNetCore.Mvc.Infrastructure.ControllerActionInvoker[1]
      Execution plan of exception filters (in the following order): None
dbug: ParcelManagement2.Models.DBConn[0]
      資料庫連線字串已設定
dbug: Microsoft.AspNetCore.Mvc.Infrastructure.ControllerActionInvoker[1]
      Execution plan of result filters (in the following order): Microsoft.AspNetCore.Mvc.ViewFeatures.Filters.SaveTempDataFilter
dbug: Microsoft.AspNetCore.Mvc.Infrastructure.ControllerActionInvoker[2]
      Executed controller factory for controller ParcelManagement2.Controllers.ResidentController (ParcelProject)
dbug: Microsoft.AspNetCore.Mvc.Infrastructure.ControllerActionInvoker[1]
      Executing controller factory for controller ParcelManagement2.Controllers.ResidentController (ParcelProject)
dbug: ParcelManagement2.Models.DBConn[0]
      資料庫連線字串已設定
dbug: Microsoft.AspNetCore.Mvc.Infrastructure.ControllerActionInvoker[2]
      Executed controller factory for controller ParcelManagement2.Controllers.ResidentController (ParcelProject)
dbug: Microsoft.AspNetCore.Session.DistributedSession[4]
      Session loaded; Key:f3a42b75-d459-1344-3c37-ff3073c71b14, Id:be5fffd8-37ca-330c-7652-55aaec6333fb, Count:1
dbug: Microsoft.AspNetCore.Session.DistributedSession[4]
      Session loaded; Key:f3a42b75-d459-1344-3c37-ff3073c71b14, Id:be5fffd8-37ca-330c-7652-55aaec6333fb, Count:1
dbug: ParcelManagement2.Models.DBConn[0]
      查詢成功，返回 0 行數據
info: Microsoft.AspNetCore.Mvc.Infrastructure.ContentResultExecutor[1]
      Executing ContentResult with HTTP Response ContentType of application/json
info: Microsoft.AspNetCore.Mvc.Infrastructure.ControllerActionInvoker[105]
      Executed action ParcelManagement2.Controllers.ResidentController.GetUncollectedMails (ParcelProject) in 40.9298ms
info: Microsoft.AspNetCore.Routing.EndpointMiddleware[1]
      Executed endpoint 'ParcelManagement2.Controllers.ResidentController.GetUncollectedMails (ParcelProject)'
info: Microsoft.AspNetCore.Hosting.Diagnostics[2]
      Request finished HTTP/2 POST https://localhost:44353/Resident/GetUncollectedMails - 200 2 application/json 94.0120ms
dbug: Microsoft.AspNetCore.Server.IIS.Core.IISHttpServer[1]
      Connection ID "18158513724132950162" disconnecting.
dbug: ParcelManagement2.Models.DBConn[0]
      查詢成功，返回 7 行數據
info: Microsoft.AspNetCore.Mvc.Infrastructure.ContentResultExecutor[1]
      Executing ContentResult with HTTP Response ContentType of application/json
info: Microsoft.AspNetCore.Mvc.Infrastructure.ControllerActionInvoker[105]
      Executed action ParcelManagement2.Controllers.ResidentController.GetUncollectedPackages (ParcelProject) in 42.0933ms
info: Microsoft.AspNetCore.Routing.EndpointMiddleware[1]
      Executed endpoint 'ParcelManagement2.Controllers.ResidentController.GetUncollectedPackages (ParcelProject)'
info: Microsoft.AspNetCore.Hosting.Diagnostics[2]
      Request finished HTTP/2 POST https://localhost:44353/Resident/GetUncollectedPackages - 200 876 application/json 102.2165ms
dbug: Microsoft.AspNetCore.Server.IIS.Core.IISHttpServer[1]
      Connection ID "17942340942019166280" disconnecting.
dbug: Microsoft.Extensions.Http.DefaultHttpClientFactory[100]
      Starting HttpMessageHandler cleanup cycle with 2 items
dbug: Microsoft.Extensions.Http.DefaultHttpClientFactory[101]
      Ending HttpMessageHandler cleanup cycle after 0.0016ms - processed: 0 items - remaining: 2 items
dbug: Microsoft.Extensions.Http.DefaultHttpClientFactory[100]
      Starting HttpMessageHandler cleanup cycle with 2 items
dbug: Microsoft.Extensions.Http.DefaultHttpClientFactory[101]
      Ending HttpMessageHandler cleanup cycle after 0.0019ms - processed: 0 items - remaining: 2 items
info: Microsoft.AspNetCore.Hosting.Diagnostics[1]
      Request starting HTTP/2 GET https://localhost:44353/Resident/Home - - -
dbug: Microsoft.AspNetCore.StaticFiles.StaticFileMiddleware[4]
      The request path /Resident/Home does not match a supported file type
dbug: Microsoft.AspNetCore.Routing.Matching.DfaMatcher[1001]
      1 candidate(s) found for the request path '/Resident/Home'
dbug: Microsoft.AspNetCore.Routing.Matching.DfaMatcher[1005]
      Endpoint 'ParcelManagement2.Controllers.ResidentController.Home (ParcelProject)' with route pattern '{controller=Account}/{action=Login}/{id?}' is valid for the request path '/Resident/Home'
dbug: Microsoft.AspNetCore.Routing.EndpointRoutingMiddleware[1]
      Request matched endpoint 'ParcelManagement2.Controllers.ResidentController.Home (ParcelProject)'
dbug: Microsoft.AspNetCore.Authentication.Cookies.CookieAuthenticationHandler[8]
      AuthenticationScheme: Cookies was successfully authenticated.
dbug: Microsoft.AspNetCore.Authorization.DefaultAuthorizationService[1]
      Authorization was successful.
info: Microsoft.AspNetCore.Routing.EndpointMiddleware[0]
      Executing endpoint 'ParcelManagement2.Controllers.ResidentController.Home (ParcelProject)'
info: Microsoft.AspNetCore.Mvc.Infrastructure.ControllerActionInvoker[102]
      Route matched with {action = "Home", controller = "Resident"}. Executing controller action with signature Microsoft.AspNetCore.Mvc.IActionResult Home() on controller ParcelManagement2.Controllers.ResidentController (ParcelProject).
dbug: Microsoft.AspNetCore.Mvc.Infrastructure.ControllerActionInvoker[1]
      Execution plan of authorization filters (in the following order): None
dbug: Microsoft.AspNetCore.Mvc.Infrastructure.ControllerActionInvoker[1]
      Execution plan of resource filters (in the following order): Microsoft.AspNetCore.Mvc.ViewFeatures.Filters.SaveTempDataFilter
dbug: Microsoft.AspNetCore.Mvc.Infrastructure.ControllerActionInvoker[1]
      Execution plan of action filters (in the following order): Microsoft.AspNetCore.Mvc.Filters.ControllerActionFilter (Order: -2147483648), Microsoft.AspNetCore.Mvc.ModelBinding.UnsupportedContentTypeFilter (Order: -3000)
dbug: Microsoft.AspNetCore.Mvc.Infrastructure.ControllerActionInvoker[1]
      Execution plan of exception filters (in the following order): None
dbug: Microsoft.AspNetCore.Mvc.Infrastructure.ControllerActionInvoker[1]
      Execution plan of result filters (in the following order): Microsoft.AspNetCore.Mvc.ViewFeatures.Filters.SaveTempDataFilter
dbug: Microsoft.AspNetCore.Mvc.Infrastructure.ControllerActionInvoker[1]
      Executing controller factory for controller ParcelManagement2.Controllers.ResidentController (ParcelProject)
dbug: ParcelManagement2.Models.DBConn[0]
      資料庫連線字串已設定
dbug: Microsoft.AspNetCore.Mvc.Infrastructure.ControllerActionInvoker[2]
      Executed controller factory for controller ParcelManagement2.Controllers.ResidentController (ParcelProject)
dbug: ParcelManagement2.Models.DBConn[0]
      查詢成功，返回 1 行數據
dbug: Microsoft.AspNetCore.Session.DistributedSession[4]
      Session loaded; Key:f3a42b75-d459-1344-3c37-ff3073c71b14, Id:be5fffd8-37ca-330c-7652-55aaec6333fb, Count:1
dbug: Microsoft.AspNetCore.Mvc.Razor.RazorViewEngine[1]
      View lookup cache miss for view 'Home' in controller 'Resident'.
dbug: Microsoft.AspNetCore.Mvc.Razor.Compilation.DefaultViewCompiler[3]
      Initializing Razor view compiler with compiled view: '/Views/Account/AccessDenied.cshtml'.
dbug: Microsoft.AspNetCore.Mvc.Razor.Compilation.DefaultViewCompiler[3]
      Initializing Razor view compiler with compiled view: '/Views/Account/Login.cshtml'.
dbug: Microsoft.AspNetCore.Mvc.Razor.Compilation.DefaultViewCompiler[3]
      Initializing Razor view compiler with compiled view: '/Views/Home/Index.cshtml'.
dbug: Microsoft.AspNetCore.Mvc.Razor.Compilation.DefaultViewCompiler[3]
      Initializing Razor view compiler with compiled view: '/Views/Home/Index_back.cshtml'.
dbug: Microsoft.AspNetCore.Mvc.Razor.Compilation.DefaultViewCompiler[3]
      Initializing Razor view compiler with compiled view: '/Views/Home/Packages.cshtml'.
dbug: Microsoft.AspNetCore.Mvc.Razor.Compilation.DefaultViewCompiler[3]
      Initializing Razor view compiler with compiled view: '/Views/Home/Privacy.cshtml'.
dbug: Microsoft.AspNetCore.Mvc.Razor.Compilation.DefaultViewCompiler[3]
      Initializing Razor view compiler with compiled view: '/Views/Resident/Edit.cshtml'.
dbug: Microsoft.AspNetCore.Mvc.Razor.Compilation.DefaultViewCompiler[3]
      Initializing Razor view compiler with compiled view: '/Views/Resident/Home.cshtml'.
dbug: Microsoft.AspNetCore.Mvc.Razor.Compilation.DefaultViewCompiler[3]
      Initializing Razor view compiler with compiled view: '/Views/Resident/MyPackages.cshtml'.
dbug: Microsoft.AspNetCore.Mvc.Razor.Compilation.DefaultViewCompiler[3]
      Initializing Razor view compiler with compiled view: '/Views/Resident/PackagePhoto.cshtml'.
dbug: Microsoft.AspNetCore.Mvc.Razor.Compilation.DefaultViewCompiler[3]
      Initializing Razor view compiler with compiled view: '/Views/Shared/Error.cshtml'.
dbug: Microsoft.AspNetCore.Mvc.Razor.Compilation.DefaultViewCompiler[3]
      Initializing Razor view compiler with compiled view: '/Views/Shared/_AdminLayout.cshtml'.
dbug: Microsoft.AspNetCore.Mvc.Razor.Compilation.DefaultViewCompiler[3]
      Initializing Razor view compiler with compiled view: '/Views/Shared/_Layout.cshtml'.
dbug: Microsoft.AspNetCore.Mvc.Razor.Compilation.DefaultViewCompiler[3]
      Initializing Razor view compiler with compiled view: '/Views/Shared/_ResidentLayout.cshtml'.
dbug: Microsoft.AspNetCore.Mvc.Razor.Compilation.DefaultViewCompiler[3]
      Initializing Razor view compiler with compiled view: '/Views/Shared/_ValidationScriptsPartial.cshtml'.
dbug: Microsoft.AspNetCore.Mvc.Razor.Compilation.DefaultViewCompiler[3]
      Initializing Razor view compiler with compiled view: '/Views/_ViewImports.cshtml'.
dbug: Microsoft.AspNetCore.Mvc.Razor.Compilation.DefaultViewCompiler[3]
      Initializing Razor view compiler with compiled view: '/Views/_ViewStart.cshtml'.
dbug: Microsoft.AspNetCore.Mvc.Razor.Compilation.DefaultViewCompiler[3]
      Initializing Razor view compiler with compiled view: '/Views/Shared/_Layout_back.cshtml'.
info: Microsoft.AspNetCore.Mvc.ViewFeatures.ViewResultExecutor[1]
      Executing ViewResult, running view Home.
dbug: Microsoft.AspNetCore.Mvc.ViewFeatures.ViewResultExecutor[2]
      The view path '/Views/Resident/Home.cshtml' was found in 23.3767ms.
dbug: Microsoft.AspNetCore.Antiforgery.DefaultAntiforgery[6]
      An antiforgery cookie token was reused.
dbug: Microsoft.WebTools.BrowserLink.Net.BrowserLinkMiddleware[1]
      Response markup is scheduled to include Browser Link script injection.
dbug: Microsoft.AspNetCore.Watch.BrowserRefresh.BrowserRefreshMiddleware[1]
      Response markup is scheduled to include browser refresh script injection.
info: Microsoft.AspNetCore.Mvc.ViewFeatures.ViewResultExecutor[4]
      Executed ViewResult - view Home executed in 34.5262ms.
info: Microsoft.AspNetCore.Mvc.Infrastructure.ControllerActionInvoker[105]
      Executed action ParcelManagement2.Controllers.ResidentController.Home (ParcelProject) in 77.7973ms
info: Microsoft.AspNetCore.Routing.EndpointMiddleware[1]
      Executed endpoint 'ParcelManagement2.Controllers.ResidentController.Home (ParcelProject)'
dbug: Microsoft.WebTools.BrowserLink.Net.BrowserLinkMiddleware[2]
      Response markup was updated to include Browser Link script injection.
dbug: Microsoft.AspNetCore.Watch.BrowserRefresh.BrowserRefreshMiddleware[2]
      Response markup was updated to include browser refresh script injection.
dbug: Microsoft.AspNetCore.Server.IIS.Core.IISHttpServer[1]
      Connection ID "18374686540606472441" disconnecting.
info: Microsoft.AspNetCore.Hosting.Diagnostics[2]
      Request finished HTTP/2 GET https://localhost:44353/Resident/Home - 200 - text/html;+charset=utf-8 106.7164ms
info: Microsoft.AspNetCore.Hosting.Diagnostics[1]
      Request starting HTTP/2 POST https://localhost:44353/Resident/GetUncollectedPackages - - 0
info: Microsoft.AspNetCore.Hosting.Diagnostics[1]
      Request starting HTTP/2 POST https://localhost:44353/Resident/GetUncollectedMails - - 0
dbug: Microsoft.AspNetCore.StaticFiles.StaticFileMiddleware[1]
      POST requests are not supported
dbug: Microsoft.AspNetCore.StaticFiles.StaticFileMiddleware[1]
      POST requests are not supported
info: Microsoft.AspNetCore.Hosting.Diagnostics[1]
      Request starting HTTP/2 GET https://localhost:44353/_framework/aspnetcore-browser-refresh.js - - -
info: Microsoft.AspNetCore.Hosting.Diagnostics[1]
      Request starting HTTP/2 GET https://localhost:44353/_vs/browserLink - - -
dbug: Microsoft.AspNetCore.Watch.BrowserRefresh.BrowserScriptMiddleware[0]
      Script injected: /_framework/aspnetcore-browser-refresh.js
dbug: Microsoft.AspNetCore.Routing.Matching.DfaMatcher[1001]
      1 candidate(s) found for the request path '/Resident/GetUncollectedMails'
dbug: Microsoft.AspNetCore.Routing.Matching.DfaMatcher[1001]
      1 candidate(s) found for the request path '/Resident/GetUncollectedPackages'
info: Microsoft.AspNetCore.Hosting.Diagnostics[2]
      Request finished HTTP/2 GET https://localhost:44353/_framework/aspnetcore-browser-refresh.js - 200 16511 application/javascript;+charset=utf-8 6.0773ms
dbug: Microsoft.AspNetCore.Server.IIS.Core.IISHttpServer[1]
      Connection ID "18086456104325218410" disconnecting.
dbug: Microsoft.AspNetCore.Routing.Matching.DfaMatcher[1005]
      Endpoint 'ParcelManagement2.Controllers.ResidentController.GetUncollectedMails (ParcelProject)' with route pattern '{controller=Account}/{action=Login}/{id?}' is valid for the request path '/Resident/GetUncollectedMails'
dbug: Microsoft.AspNetCore.Routing.EndpointRoutingMiddleware[1]
      Request matched endpoint 'ParcelManagement2.Controllers.ResidentController.GetUncollectedMails (ParcelProject)'
dbug: Microsoft.AspNetCore.Routing.Matching.DfaMatcher[1005]
      Endpoint 'ParcelManagement2.Controllers.ResidentController.GetUncollectedPackages (ParcelProject)' with route pattern '{controller=Account}/{action=Login}/{id?}' is valid for the request path '/Resident/GetUncollectedPackages'
dbug: Microsoft.AspNetCore.Authentication.Cookies.CookieAuthenticationHandler[8]
      AuthenticationScheme: Cookies was successfully authenticated.
dbug: Microsoft.AspNetCore.Routing.EndpointRoutingMiddleware[1]
      Request matched endpoint 'ParcelManagement2.Controllers.ResidentController.GetUncollectedPackages (ParcelProject)'
dbug: Microsoft.AspNetCore.Authorization.DefaultAuthorizationService[1]
      Authorization was successful.
dbug: Microsoft.AspNetCore.Authentication.Cookies.CookieAuthenticationHandler[8]
      AuthenticationScheme: Cookies was successfully authenticated.
info: Microsoft.AspNetCore.Routing.EndpointMiddleware[0]
      Executing endpoint 'ParcelManagement2.Controllers.ResidentController.GetUncollectedMails (ParcelProject)'
dbug: Microsoft.AspNetCore.Authorization.DefaultAuthorizationService[1]
      Authorization was successful.
info: Microsoft.AspNetCore.Routing.EndpointMiddleware[0]
      Executing endpoint 'ParcelManagement2.Controllers.ResidentController.GetUncollectedPackages (ParcelProject)'
info: Microsoft.AspNetCore.Mvc.Infrastructure.ControllerActionInvoker[102]
      Route matched with {action = "GetUncollectedMails", controller = "Resident"}. Executing controller action with signature Microsoft.AspNetCore.Mvc.IActionResult GetUncollectedMails() on controller ParcelManagement2.Controllers.ResidentController (ParcelProject).
dbug: Microsoft.AspNetCore.Mvc.Infrastructure.ControllerActionInvoker[1]
      Execution plan of authorization filters (in the following order): None
info: Microsoft.AspNetCore.Mvc.Infrastructure.ControllerActionInvoker[102]
      Route matched with {action = "GetUncollectedPackages", controller = "Resident"}. Executing controller action with signature Microsoft.AspNetCore.Mvc.IActionResult GetUncollectedPackages() on controller ParcelManagement2.Controllers.ResidentController (ParcelProject).
dbug: Microsoft.AspNetCore.Mvc.Infrastructure.ControllerActionInvoker[1]
      Execution plan of resource filters (in the following order): Microsoft.AspNetCore.Mvc.ViewFeatures.Filters.SaveTempDataFilter
dbug: Microsoft.AspNetCore.Mvc.Infrastructure.ControllerActionInvoker[1]
      Execution plan of authorization filters (in the following order): None
dbug: Microsoft.AspNetCore.Mvc.Infrastructure.ControllerActionInvoker[1]
      Execution plan of action filters (in the following order): Microsoft.AspNetCore.Mvc.Filters.ControllerActionFilter (Order: -2147483648), Microsoft.AspNetCore.Mvc.ModelBinding.UnsupportedContentTypeFilter (Order: -3000)
dbug: Microsoft.AspNetCore.Server.IIS.Core.IISHttpServer[1]
      Connection ID "17726168177085251615" disconnecting.
dbug: Microsoft.AspNetCore.Mvc.Infrastructure.ControllerActionInvoker[1]
      Execution plan of resource filters (in the following order): Microsoft.AspNetCore.Mvc.ViewFeatures.Filters.SaveTempDataFilter
info: Microsoft.AspNetCore.Hosting.Diagnostics[2]
      Request finished HTTP/2 GET https://localhost:44353/_vs/browserLink - 200 - text/javascript;+charset=UTF-8 35.9269ms
dbug: Microsoft.AspNetCore.Mvc.Infrastructure.ControllerActionInvoker[1]
      Execution plan of exception filters (in the following order): None
dbug: Microsoft.AspNetCore.Mvc.Infrastructure.ControllerActionInvoker[1]
      Execution plan of action filters (in the following order): Microsoft.AspNetCore.Mvc.Filters.ControllerActionFilter (Order: -2147483648), Microsoft.AspNetCore.Mvc.ModelBinding.UnsupportedContentTypeFilter (Order: -3000)
dbug: Microsoft.AspNetCore.Mvc.Infrastructure.ControllerActionInvoker[1]
      Execution plan of result filters (in the following order): Microsoft.AspNetCore.Mvc.ViewFeatures.Filters.SaveTempDataFilter
dbug: Microsoft.AspNetCore.Mvc.Infrastructure.ControllerActionInvoker[1]
      Execution plan of exception filters (in the following order): None
dbug: Microsoft.AspNetCore.Mvc.Infrastructure.ControllerActionInvoker[1]
      Executing controller factory for controller ParcelManagement2.Controllers.ResidentController (ParcelProject)
dbug: Microsoft.AspNetCore.Mvc.Infrastructure.ControllerActionInvoker[1]
      Execution plan of result filters (in the following order): Microsoft.AspNetCore.Mvc.ViewFeatures.Filters.SaveTempDataFilter
dbug: ParcelManagement2.Models.DBConn[0]
      資料庫連線字串已設定
dbug: Microsoft.AspNetCore.Mvc.Infrastructure.ControllerActionInvoker[1]
      Executing controller factory for controller ParcelManagement2.Controllers.ResidentController (ParcelProject)
dbug: Microsoft.AspNetCore.Mvc.Infrastructure.ControllerActionInvoker[2]
      Executed controller factory for controller ParcelManagement2.Controllers.ResidentController (ParcelProject)
dbug: ParcelManagement2.Models.DBConn[0]
      資料庫連線字串已設定
dbug: Microsoft.AspNetCore.Mvc.Infrastructure.ControllerActionInvoker[2]
      Executed controller factory for controller ParcelManagement2.Controllers.ResidentController (ParcelProject)
dbug: Microsoft.AspNetCore.Session.DistributedSession[4]
      Session loaded; Key:f3a42b75-d459-1344-3c37-ff3073c71b14, Id:be5fffd8-37ca-330c-7652-55aaec6333fb, Count:1
dbug: Microsoft.AspNetCore.Session.DistributedSession[4]
      Session loaded; Key:f3a42b75-d459-1344-3c37-ff3073c71b14, Id:be5fffd8-37ca-330c-7652-55aaec6333fb, Count:1
dbug: ParcelManagement2.Models.DBConn[0]
      查詢成功，返回 0 行數據
info: Microsoft.AspNetCore.Mvc.Infrastructure.ContentResultExecutor[1]
      Executing ContentResult with HTTP Response ContentType of application/json
info: Microsoft.AspNetCore.Mvc.Infrastructure.ControllerActionInvoker[105]
      Executed action ParcelManagement2.Controllers.ResidentController.GetUncollectedMails (ParcelProject) in 46.2715ms
info: Microsoft.AspNetCore.Routing.EndpointMiddleware[1]
      Executed endpoint 'ParcelManagement2.Controllers.ResidentController.GetUncollectedMails (ParcelProject)'
dbug: ParcelManagement2.Models.DBConn[0]
      查詢成功，返回 7 行數據
info: Microsoft.AspNetCore.Hosting.Diagnostics[2]
      Request finished HTTP/2 POST https://localhost:44353/Resident/GetUncollectedMails - 200 2 application/json 100.3391ms
dbug: Microsoft.AspNetCore.Server.IIS.Core.IISHttpServer[1]
      Connection ID "18158513715543015488" disconnecting.
info: Microsoft.AspNetCore.Mvc.Infrastructure.ContentResultExecutor[1]
      Executing ContentResult with HTTP Response ContentType of application/json
info: Microsoft.AspNetCore.Mvc.Infrastructure.ControllerActionInvoker[105]
      Executed action ParcelManagement2.Controllers.ResidentController.GetUncollectedPackages (ParcelProject) in 50.0642ms
info: Microsoft.AspNetCore.Routing.EndpointMiddleware[1]
      Executed endpoint 'ParcelManagement2.Controllers.ResidentController.GetUncollectedPackages (ParcelProject)'
info: Microsoft.AspNetCore.Hosting.Diagnostics[2]
      Request finished HTTP/2 POST https://localhost:44353/Resident/GetUncollectedPackages - 200 876 application/json 108.1836ms
dbug: Microsoft.AspNetCore.Server.IIS.Core.IISHttpServer[1]
      Connection ID "18302628903618871518" disconnecting.
dbug: Microsoft.Extensions.Http.DefaultHttpClientFactory[100]
      Starting HttpMessageHandler cleanup cycle with 2 items
dbug: Microsoft.Extensions.Http.DefaultHttpClientFactory[101]
      Ending HttpMessageHandler cleanup cycle after 0.002ms - processed: 0 items - remaining: 2 items
dbug: Microsoft.Extensions.Http.DefaultHttpClientFactory[100]
      Starting HttpMessageHandler cleanup cycle with 2 items
dbug: Microsoft.Extensions.Http.DefaultHttpClientFactory[101]
      Ending HttpMessageHandler cleanup cycle after 0.0045ms - processed: 0 items - remaining: 2 items
dbug: Microsoft.Extensions.Http.DefaultHttpClientFactory[100]
      Starting HttpMessageHandler cleanup cycle with 2 items
dbug: Microsoft.Extensions.Http.DefaultHttpClientFactory[101]
      Ending HttpMessageHandler cleanup cycle after 0.002ms - processed: 0 items - remaining: 2 items
info: Microsoft.AspNetCore.Hosting.Diagnostics[1]
      Request starting HTTP/2 GET https://localhost:44353/Resident/Home - - -
dbug: Microsoft.AspNetCore.StaticFiles.StaticFileMiddleware[4]
      The request path /Resident/Home does not match a supported file type
dbug: Microsoft.AspNetCore.Routing.Matching.DfaMatcher[1001]
      1 candidate(s) found for the request path '/Resident/Home'
dbug: Microsoft.AspNetCore.Routing.Matching.DfaMatcher[1005]
      Endpoint 'ParcelManagement2.Controllers.ResidentController.Home (ParcelProject)' with route pattern '{controller=Account}/{action=Login}/{id?}' is valid for the request path '/Resident/Home'
dbug: Microsoft.AspNetCore.Routing.EndpointRoutingMiddleware[1]
      Request matched endpoint 'ParcelManagement2.Controllers.ResidentController.Home (ParcelProject)'
dbug: Microsoft.AspNetCore.Authentication.Cookies.CookieAuthenticationHandler[8]
      AuthenticationScheme: Cookies was successfully authenticated.
dbug: Microsoft.AspNetCore.Authorization.DefaultAuthorizationService[1]
      Authorization was successful.
info: Microsoft.AspNetCore.Routing.EndpointMiddleware[0]
      Executing endpoint 'ParcelManagement2.Controllers.ResidentController.Home (ParcelProject)'
info: Microsoft.AspNetCore.Mvc.Infrastructure.ControllerActionInvoker[102]
      Route matched with {action = "Home", controller = "Resident"}. Executing controller action with signature Microsoft.AspNetCore.Mvc.IActionResult Home() on controller ParcelManagement2.Controllers.ResidentController (ParcelProject).
dbug: Microsoft.AspNetCore.Mvc.Infrastructure.ControllerActionInvoker[1]
      Execution plan of authorization filters (in the following order): None
dbug: Microsoft.AspNetCore.Mvc.Infrastructure.ControllerActionInvoker[1]
      Execution plan of resource filters (in the following order): Microsoft.AspNetCore.Mvc.ViewFeatures.Filters.SaveTempDataFilter
dbug: Microsoft.AspNetCore.Mvc.Infrastructure.ControllerActionInvoker[1]
      Execution plan of action filters (in the following order): Microsoft.AspNetCore.Mvc.Filters.ControllerActionFilter (Order: -2147483648), Microsoft.AspNetCore.Mvc.ModelBinding.UnsupportedContentTypeFilter (Order: -3000)
dbug: Microsoft.AspNetCore.Mvc.Infrastructure.ControllerActionInvoker[1]
      Execution plan of exception filters (in the following order): None
dbug: Microsoft.AspNetCore.Mvc.Infrastructure.ControllerActionInvoker[1]
      Execution plan of result filters (in the following order): Microsoft.AspNetCore.Mvc.ViewFeatures.Filters.SaveTempDataFilter
dbug: Microsoft.AspNetCore.Mvc.Infrastructure.ControllerActionInvoker[1]
      Executing controller factory for controller ParcelManagement2.Controllers.ResidentController (ParcelProject)
dbug: ParcelManagement2.Models.DBConn[0]
      資料庫連線字串已設定
dbug: Microsoft.AspNetCore.Mvc.Infrastructure.ControllerActionInvoker[2]
      Executed controller factory for controller ParcelManagement2.Controllers.ResidentController (ParcelProject)
dbug: ParcelManagement2.Models.DBConn[0]
      查詢成功，返回 1 行數據
dbug: Microsoft.AspNetCore.Session.DistributedSession[4]
      Session loaded; Key:f3a42b75-d459-1344-3c37-ff3073c71b14, Id:be5fffd8-37ca-330c-7652-55aaec6333fb, Count:1
dbug: Microsoft.AspNetCore.Mvc.Razor.RazorViewEngine[1]
      View lookup cache miss for view 'Home' in controller 'Resident'.
dbug: Microsoft.AspNetCore.Mvc.Razor.Compilation.DefaultViewCompiler[3]
      Initializing Razor view compiler with compiled view: '/Views/Account/AccessDenied.cshtml'.
dbug: Microsoft.AspNetCore.Mvc.Razor.Compilation.DefaultViewCompiler[3]
      Initializing Razor view compiler with compiled view: '/Views/Account/Login.cshtml'.
dbug: Microsoft.AspNetCore.Mvc.Razor.Compilation.DefaultViewCompiler[3]
      Initializing Razor view compiler with compiled view: '/Views/Home/Index.cshtml'.
dbug: Microsoft.AspNetCore.Mvc.Razor.Compilation.DefaultViewCompiler[3]
      Initializing Razor view compiler with compiled view: '/Views/Home/Index_back.cshtml'.
dbug: Microsoft.AspNetCore.Mvc.Razor.Compilation.DefaultViewCompiler[3]
      Initializing Razor view compiler with compiled view: '/Views/Home/Packages.cshtml'.
dbug: Microsoft.AspNetCore.Mvc.Razor.Compilation.DefaultViewCompiler[3]
      Initializing Razor view compiler with compiled view: '/Views/Home/Privacy.cshtml'.
dbug: Microsoft.AspNetCore.Mvc.Razor.Compilation.DefaultViewCompiler[3]
      Initializing Razor view compiler with compiled view: '/Views/Resident/Edit.cshtml'.
dbug: Microsoft.AspNetCore.Mvc.Razor.Compilation.DefaultViewCompiler[3]
      Initializing Razor view compiler with compiled view: '/Views/Resident/Home.cshtml'.
dbug: Microsoft.AspNetCore.Mvc.Razor.Compilation.DefaultViewCompiler[3]
      Initializing Razor view compiler with compiled view: '/Views/Resident/MyPackages.cshtml'.
dbug: Microsoft.AspNetCore.Mvc.Razor.Compilation.DefaultViewCompiler[3]
      Initializing Razor view compiler with compiled view: '/Views/Resident/PackagePhoto.cshtml'.
dbug: Microsoft.AspNetCore.Mvc.Razor.Compilation.DefaultViewCompiler[3]
      Initializing Razor view compiler with compiled view: '/Views/Shared/Error.cshtml'.
dbug: Microsoft.AspNetCore.Mvc.Razor.Compilation.DefaultViewCompiler[3]
      Initializing Razor view compiler with compiled view: '/Views/Shared/_AdminLayout.cshtml'.
dbug: Microsoft.AspNetCore.Mvc.Razor.Compilation.DefaultViewCompiler[3]
      Initializing Razor view compiler with compiled view: '/Views/Shared/_Layout.cshtml'.
dbug: Microsoft.AspNetCore.Mvc.Razor.Compilation.DefaultViewCompiler[3]
      Initializing Razor view compiler with compiled view: '/Views/Shared/_ResidentLayout.cshtml'.
dbug: Microsoft.AspNetCore.Mvc.Razor.Compilation.DefaultViewCompiler[3]
      Initializing Razor view compiler with compiled view: '/Views/Shared/_ValidationScriptsPartial.cshtml'.
dbug: Microsoft.AspNetCore.Mvc.Razor.Compilation.DefaultViewCompiler[3]
      Initializing Razor view compiler with compiled view: '/Views/_ViewImports.cshtml'.
dbug: Microsoft.AspNetCore.Mvc.Razor.Compilation.DefaultViewCompiler[3]
      Initializing Razor view compiler with compiled view: '/Views/_ViewStart.cshtml'.
dbug: Microsoft.AspNetCore.Mvc.Razor.Compilation.DefaultViewCompiler[3]
      Initializing Razor view compiler with compiled view: '/Views/Shared/_Layout_back.cshtml'.
info: Microsoft.AspNetCore.Mvc.ViewFeatures.ViewResultExecutor[1]
      Executing ViewResult, running view Home.
dbug: Microsoft.AspNetCore.Mvc.ViewFeatures.ViewResultExecutor[2]
      The view path '/Views/Resident/Home.cshtml' was found in 26.1481ms.
dbug: Microsoft.AspNetCore.Antiforgery.DefaultAntiforgery[6]
      An antiforgery cookie token was reused.
dbug: Microsoft.WebTools.BrowserLink.Net.BrowserLinkMiddleware[1]
      Response markup is scheduled to include Browser Link script injection.
dbug: Microsoft.AspNetCore.Watch.BrowserRefresh.BrowserRefreshMiddleware[1]
      Response markup is scheduled to include browser refresh script injection.
info: Microsoft.AspNetCore.Mvc.ViewFeatures.ViewResultExecutor[4]
      Executed ViewResult - view Home executed in 38.0467ms.
info: Microsoft.AspNetCore.Mvc.Infrastructure.ControllerActionInvoker[105]
      Executed action ParcelManagement2.Controllers.ResidentController.Home (ParcelProject) in 78.535ms
info: Microsoft.AspNetCore.Routing.EndpointMiddleware[1]
      Executed endpoint 'ParcelManagement2.Controllers.ResidentController.Home (ParcelProject)'
dbug: Microsoft.WebTools.BrowserLink.Net.BrowserLinkMiddleware[2]
      Response markup was updated to include Browser Link script injection.
dbug: Microsoft.AspNetCore.Watch.BrowserRefresh.BrowserRefreshMiddleware[2]
      Response markup was updated to include browser refresh script injection.
dbug: Microsoft.AspNetCore.Server.IIS.Core.IISHttpServer[1]
      Connection ID "18158513732722884947" disconnecting.
info: Microsoft.AspNetCore.Hosting.Diagnostics[2]
      Request finished HTTP/2 GET https://localhost:44353/Resident/Home - 200 - text/html;+charset=utf-8 106.4617ms
info: Microsoft.AspNetCore.Hosting.Diagnostics[1]
      Request starting HTTP/2 GET https://localhost:44353/_framework/aspnetcore-browser-refresh.js - - -
info: Microsoft.AspNetCore.Hosting.Diagnostics[1]
      Request starting HTTP/2 GET https://localhost:44353/_vs/browserLink - - -
dbug: Microsoft.AspNetCore.Watch.BrowserRefresh.BrowserScriptMiddleware[0]
      Script injected: /_framework/aspnetcore-browser-refresh.js
info: Microsoft.AspNetCore.Hosting.Diagnostics[2]
      Request finished HTTP/2 GET https://localhost:44353/_framework/aspnetcore-browser-refresh.js - 200 16511 application/javascript;+charset=utf-8 4.9758ms
dbug: Microsoft.AspNetCore.Server.IIS.Core.IISHttpServer[1]
      Connection ID "18086456104325218412" disconnecting.
dbug: Microsoft.AspNetCore.Server.IIS.Core.IISHttpServer[1]
      Connection ID "18302628963748413463" disconnecting.
info: Microsoft.AspNetCore.Hosting.Diagnostics[2]
      Request finished HTTP/2 GET https://localhost:44353/_vs/browserLink - 200 - text/javascript;+charset=UTF-8 15.9635ms
info: Microsoft.AspNetCore.Hosting.Diagnostics[1]
      Request starting HTTP/2 POST https://localhost:44353/Resident/GetUncollectedPackages - - 0
info: Microsoft.AspNetCore.Hosting.Diagnostics[1]
      Request starting HTTP/2 POST https://localhost:44353/Resident/GetUncollectedMails - - 0
dbug: Microsoft.AspNetCore.StaticFiles.StaticFileMiddleware[1]
      POST requests are not supported
dbug: Microsoft.AspNetCore.StaticFiles.StaticFileMiddleware[1]
      POST requests are not supported
dbug: Microsoft.AspNetCore.Routing.Matching.DfaMatcher[1001]
      1 candidate(s) found for the request path '/Resident/GetUncollectedPackages'
dbug: Microsoft.AspNetCore.Routing.Matching.DfaMatcher[1001]
      1 candidate(s) found for the request path '/Resident/GetUncollectedMails'
dbug: Microsoft.AspNetCore.Routing.Matching.DfaMatcher[1005]
      Endpoint 'ParcelManagement2.Controllers.ResidentController.GetUncollectedPackages (ParcelProject)' with route pattern '{controller=Account}/{action=Login}/{id?}' is valid for the request path '/Resident/GetUncollectedPackages'
dbug: Microsoft.AspNetCore.Routing.Matching.DfaMatcher[1005]
      Endpoint 'ParcelManagement2.Controllers.ResidentController.GetUncollectedMails (ParcelProject)' with route pattern '{controller=Account}/{action=Login}/{id?}' is valid for the request path '/Resident/GetUncollectedMails'
dbug: Microsoft.AspNetCore.Routing.EndpointRoutingMiddleware[1]
      Request matched endpoint 'ParcelManagement2.Controllers.ResidentController.GetUncollectedPackages (ParcelProject)'
dbug: Microsoft.AspNetCore.Routing.EndpointRoutingMiddleware[1]
      Request matched endpoint 'ParcelManagement2.Controllers.ResidentController.GetUncollectedMails (ParcelProject)'
dbug: Microsoft.AspNetCore.Authentication.Cookies.CookieAuthenticationHandler[8]
      AuthenticationScheme: Cookies was successfully authenticated.
dbug: Microsoft.AspNetCore.Authentication.Cookies.CookieAuthenticationHandler[8]
      AuthenticationScheme: Cookies was successfully authenticated.
dbug: Microsoft.AspNetCore.Authorization.DefaultAuthorizationService[1]
      Authorization was successful.
dbug: Microsoft.AspNetCore.Authorization.DefaultAuthorizationService[1]
      Authorization was successful.
info: Microsoft.AspNetCore.Routing.EndpointMiddleware[0]
      Executing endpoint 'ParcelManagement2.Controllers.ResidentController.GetUncollectedPackages (ParcelProject)'
info: Microsoft.AspNetCore.Routing.EndpointMiddleware[0]
      Executing endpoint 'ParcelManagement2.Controllers.ResidentController.GetUncollectedMails (ParcelProject)'
info: Microsoft.AspNetCore.Mvc.Infrastructure.ControllerActionInvoker[102]
      Route matched with {action = "GetUncollectedPackages", controller = "Resident"}. Executing controller action with signature Microsoft.AspNetCore.Mvc.IActionResult GetUncollectedPackages() on controller ParcelManagement2.Controllers.ResidentController (ParcelProject).
info: Microsoft.AspNetCore.Mvc.Infrastructure.ControllerActionInvoker[102]
      Route matched with {action = "GetUncollectedMails", controller = "Resident"}. Executing controller action with signature Microsoft.AspNetCore.Mvc.IActionResult GetUncollectedMails() on controller ParcelManagement2.Controllers.ResidentController (ParcelProject).
dbug: Microsoft.AspNetCore.Mvc.Infrastructure.ControllerActionInvoker[1]
      Execution plan of authorization filters (in the following order): None
dbug: Microsoft.AspNetCore.Mvc.Infrastructure.ControllerActionInvoker[1]
      Execution plan of authorization filters (in the following order): None
dbug: Microsoft.AspNetCore.Mvc.Infrastructure.ControllerActionInvoker[1]
      Execution plan of resource filters (in the following order): Microsoft.AspNetCore.Mvc.ViewFeatures.Filters.SaveTempDataFilter
dbug: Microsoft.AspNetCore.Mvc.Infrastructure.ControllerActionInvoker[1]
      Execution plan of resource filters (in the following order): Microsoft.AspNetCore.Mvc.ViewFeatures.Filters.SaveTempDataFilter
dbug: Microsoft.AspNetCore.Mvc.Infrastructure.ControllerActionInvoker[1]
      Execution plan of action filters (in the following order): Microsoft.AspNetCore.Mvc.Filters.ControllerActionFilter (Order: -2147483648), Microsoft.AspNetCore.Mvc.ModelBinding.UnsupportedContentTypeFilter (Order: -3000)
dbug: Microsoft.AspNetCore.Mvc.Infrastructure.ControllerActionInvoker[1]
      Execution plan of action filters (in the following order): Microsoft.AspNetCore.Mvc.Filters.ControllerActionFilter (Order: -2147483648), Microsoft.AspNetCore.Mvc.ModelBinding.UnsupportedContentTypeFilter (Order: -3000)
dbug: Microsoft.AspNetCore.Mvc.Infrastructure.ControllerActionInvoker[1]
      Execution plan of exception filters (in the following order): None
dbug: Microsoft.AspNetCore.Mvc.Infrastructure.ControllerActionInvoker[1]
      Execution plan of exception filters (in the following order): None
dbug: Microsoft.AspNetCore.Mvc.Infrastructure.ControllerActionInvoker[1]
      Execution plan of result filters (in the following order): Microsoft.AspNetCore.Mvc.ViewFeatures.Filters.SaveTempDataFilter
dbug: Microsoft.AspNetCore.Mvc.Infrastructure.ControllerActionInvoker[1]
      Execution plan of result filters (in the following order): Microsoft.AspNetCore.Mvc.ViewFeatures.Filters.SaveTempDataFilter
dbug: Microsoft.AspNetCore.Mvc.Infrastructure.ControllerActionInvoker[1]
      Executing controller factory for controller ParcelManagement2.Controllers.ResidentController (ParcelProject)
dbug: Microsoft.AspNetCore.Mvc.Infrastructure.ControllerActionInvoker[1]
      Executing controller factory for controller ParcelManagement2.Controllers.ResidentController (ParcelProject)
dbug: ParcelManagement2.Models.DBConn[0]
      資料庫連線字串已設定
dbug: ParcelManagement2.Models.DBConn[0]
      資料庫連線字串已設定
dbug: Microsoft.AspNetCore.Mvc.Infrastructure.ControllerActionInvoker[2]
      Executed controller factory for controller ParcelManagement2.Controllers.ResidentController (ParcelProject)
dbug: Microsoft.AspNetCore.Mvc.Infrastructure.ControllerActionInvoker[2]
      Executed controller factory for controller ParcelManagement2.Controllers.ResidentController (ParcelProject)
dbug: Microsoft.AspNetCore.Session.DistributedSession[4]
      Session loaded; Key:f3a42b75-d459-1344-3c37-ff3073c71b14, Id:be5fffd8-37ca-330c-7652-55aaec6333fb, Count:1
dbug: Microsoft.AspNetCore.Session.DistributedSession[4]
      Session loaded; Key:f3a42b75-d459-1344-3c37-ff3073c71b14, Id:be5fffd8-37ca-330c-7652-55aaec6333fb, Count:1
dbug: ParcelManagement2.Models.DBConn[0]
      查詢成功，返回 7 行數據
info: Microsoft.AspNetCore.Mvc.Infrastructure.ContentResultExecutor[1]
      Executing ContentResult with HTTP Response ContentType of application/json
info: Microsoft.AspNetCore.Mvc.Infrastructure.ControllerActionInvoker[105]
      Executed action ParcelManagement2.Controllers.ResidentController.GetUncollectedPackages (ParcelProject) in 43.0026ms
info: Microsoft.AspNetCore.Routing.EndpointMiddleware[1]
      Executed endpoint 'ParcelManagement2.Controllers.ResidentController.GetUncollectedPackages (ParcelProject)'
info: Microsoft.AspNetCore.Hosting.Diagnostics[2]
      Request finished HTTP/2 POST https://localhost:44353/Resident/GetUncollectedPackages - 200 876 application/json 88.8148ms
dbug: Microsoft.AspNetCore.Server.IIS.Core.IISHttpServer[1]
      Connection ID "17726168177085251617" disconnecting.
dbug: ParcelManagement2.Models.DBConn[0]
      查詢成功，返回 0 行數據
info: Microsoft.AspNetCore.Mvc.Infrastructure.ContentResultExecutor[1]
      Executing ContentResult with HTTP Response ContentType of application/json
info: Microsoft.AspNetCore.Mvc.Infrastructure.ControllerActionInvoker[105]
      Executed action ParcelManagement2.Controllers.ResidentController.GetUncollectedMails (ParcelProject) in 53.0175ms
info: Microsoft.AspNetCore.Routing.EndpointMiddleware[1]
      Executed endpoint 'ParcelManagement2.Controllers.ResidentController.GetUncollectedMails (ParcelProject)'
info: Microsoft.AspNetCore.Hosting.Diagnostics[2]
      Request finished HTTP/2 POST https://localhost:44353/Resident/GetUncollectedMails - 200 2 application/json 100.4448ms
dbug: Microsoft.AspNetCore.Server.IIS.Core.IISHttpServer[1]
      Connection ID "17942340959199035515" disconnecting.
info: Microsoft.AspNetCore.Hosting.Diagnostics[1]
      Request starting HTTP/2 GET https://localhost:44353/Resident/Home - - -
dbug: Microsoft.AspNetCore.StaticFiles.StaticFileMiddleware[4]
      The request path /Resident/Home does not match a supported file type
dbug: Microsoft.AspNetCore.Routing.Matching.DfaMatcher[1001]
      1 candidate(s) found for the request path '/Resident/Home'
dbug: Microsoft.AspNetCore.Routing.Matching.DfaMatcher[1005]
      Endpoint 'ParcelManagement2.Controllers.ResidentController.Home (ParcelProject)' with route pattern '{controller=Account}/{action=Login}/{id?}' is valid for the request path '/Resident/Home'
dbug: Microsoft.AspNetCore.Routing.EndpointRoutingMiddleware[1]
      Request matched endpoint 'ParcelManagement2.Controllers.ResidentController.Home (ParcelProject)'
dbug: Microsoft.AspNetCore.Authentication.Cookies.CookieAuthenticationHandler[8]
      AuthenticationScheme: Cookies was successfully authenticated.
dbug: Microsoft.AspNetCore.Authorization.DefaultAuthorizationService[1]
      Authorization was successful.
info: Microsoft.AspNetCore.Routing.EndpointMiddleware[0]
      Executing endpoint 'ParcelManagement2.Controllers.ResidentController.Home (ParcelProject)'
info: Microsoft.AspNetCore.Mvc.Infrastructure.ControllerActionInvoker[102]
      Route matched with {action = "Home", controller = "Resident"}. Executing controller action with signature Microsoft.AspNetCore.Mvc.IActionResult Home() on controller ParcelManagement2.Controllers.ResidentController (ParcelProject).
dbug: Microsoft.AspNetCore.Mvc.Infrastructure.ControllerActionInvoker[1]
      Execution plan of authorization filters (in the following order): None
dbug: Microsoft.AspNetCore.Mvc.Infrastructure.ControllerActionInvoker[1]
      Execution plan of resource filters (in the following order): Microsoft.AspNetCore.Mvc.ViewFeatures.Filters.SaveTempDataFilter
dbug: Microsoft.AspNetCore.Mvc.Infrastructure.ControllerActionInvoker[1]
      Execution plan of action filters (in the following order): Microsoft.AspNetCore.Mvc.Filters.ControllerActionFilter (Order: -2147483648), Microsoft.AspNetCore.Mvc.ModelBinding.UnsupportedContentTypeFilter (Order: -3000)
dbug: Microsoft.AspNetCore.Mvc.Infrastructure.ControllerActionInvoker[1]
      Execution plan of exception filters (in the following order): None
dbug: Microsoft.AspNetCore.Mvc.Infrastructure.ControllerActionInvoker[1]
      Execution plan of result filters (in the following order): Microsoft.AspNetCore.Mvc.ViewFeatures.Filters.SaveTempDataFilter
dbug: Microsoft.AspNetCore.Mvc.Infrastructure.ControllerActionInvoker[1]
      Executing controller factory for controller ParcelManagement2.Controllers.ResidentController (ParcelProject)
dbug: ParcelManagement2.Models.DBConn[0]
      資料庫連線字串已設定
dbug: Microsoft.AspNetCore.Mvc.Infrastructure.ControllerActionInvoker[2]
      Executed controller factory for controller ParcelManagement2.Controllers.ResidentController (ParcelProject)
dbug: ParcelManagement2.Models.DBConn[0]
      查詢成功，返回 1 行數據
dbug: Microsoft.AspNetCore.Session.DistributedSession[4]
      Session loaded; Key:f3a42b75-d459-1344-3c37-ff3073c71b14, Id:be5fffd8-37ca-330c-7652-55aaec6333fb, Count:1
dbug: Microsoft.AspNetCore.Mvc.Razor.RazorViewEngine[1]
      View lookup cache miss for view 'Home' in controller 'Resident'.
dbug: Microsoft.AspNetCore.Mvc.Razor.Compilation.DefaultViewCompiler[3]
      Initializing Razor view compiler with compiled view: '/Views/Account/AccessDenied.cshtml'.
dbug: Microsoft.AspNetCore.Mvc.Razor.Compilation.DefaultViewCompiler[3]
      Initializing Razor view compiler with compiled view: '/Views/Account/Login.cshtml'.
dbug: Microsoft.AspNetCore.Mvc.Razor.Compilation.DefaultViewCompiler[3]
      Initializing Razor view compiler with compiled view: '/Views/Home/Index.cshtml'.
dbug: Microsoft.AspNetCore.Mvc.Razor.Compilation.DefaultViewCompiler[3]
      Initializing Razor view compiler with compiled view: '/Views/Home/Index_back.cshtml'.
dbug: Microsoft.AspNetCore.Mvc.Razor.Compilation.DefaultViewCompiler[3]
      Initializing Razor view compiler with compiled view: '/Views/Home/Packages.cshtml'.
dbug: Microsoft.AspNetCore.Mvc.Razor.Compilation.DefaultViewCompiler[3]
      Initializing Razor view compiler with compiled view: '/Views/Home/Privacy.cshtml'.
dbug: Microsoft.AspNetCore.Mvc.Razor.Compilation.DefaultViewCompiler[3]
      Initializing Razor view compiler with compiled view: '/Views/Resident/Edit.cshtml'.
dbug: Microsoft.AspNetCore.Mvc.Razor.Compilation.DefaultViewCompiler[3]
      Initializing Razor view compiler with compiled view: '/Views/Resident/Home.cshtml'.
dbug: Microsoft.AspNetCore.Mvc.Razor.Compilation.DefaultViewCompiler[3]
      Initializing Razor view compiler with compiled view: '/Views/Resident/MyPackages.cshtml'.
dbug: Microsoft.AspNetCore.Mvc.Razor.Compilation.DefaultViewCompiler[3]
      Initializing Razor view compiler with compiled view: '/Views/Resident/PackagePhoto.cshtml'.
dbug: Microsoft.AspNetCore.Mvc.Razor.Compilation.DefaultViewCompiler[3]
      Initializing Razor view compiler with compiled view: '/Views/Shared/Error.cshtml'.
dbug: Microsoft.AspNetCore.Mvc.Razor.Compilation.DefaultViewCompiler[3]
      Initializing Razor view compiler with compiled view: '/Views/Shared/_AdminLayout.cshtml'.
dbug: Microsoft.AspNetCore.Mvc.Razor.Compilation.DefaultViewCompiler[3]
      Initializing Razor view compiler with compiled view: '/Views/Shared/_Layout.cshtml'.
dbug: Microsoft.AspNetCore.Mvc.Razor.Compilation.DefaultViewCompiler[3]
      Initializing Razor view compiler with compiled view: '/Views/Shared/_ResidentLayout.cshtml'.
dbug: Microsoft.AspNetCore.Mvc.Razor.Compilation.DefaultViewCompiler[3]
      Initializing Razor view compiler with compiled view: '/Views/Shared/_ValidationScriptsPartial.cshtml'.
dbug: Microsoft.AspNetCore.Mvc.Razor.Compilation.DefaultViewCompiler[3]
      Initializing Razor view compiler with compiled view: '/Views/_ViewImports.cshtml'.
dbug: Microsoft.AspNetCore.Mvc.Razor.Compilation.DefaultViewCompiler[3]
      Initializing Razor view compiler with compiled view: '/Views/_ViewStart.cshtml'.
dbug: Microsoft.AspNetCore.Mvc.Razor.Compilation.DefaultViewCompiler[3]
      Initializing Razor view compiler with compiled view: '/Views/Shared/_Layout_back.cshtml'.
info: Microsoft.AspNetCore.Mvc.ViewFeatures.ViewResultExecutor[1]
      Executing ViewResult, running view Home.
dbug: Microsoft.AspNetCore.Mvc.ViewFeatures.ViewResultExecutor[2]
      The view path '/Views/Resident/Home.cshtml' was found in 22.8933ms.
dbug: Microsoft.AspNetCore.Antiforgery.DefaultAntiforgery[6]
      An antiforgery cookie token was reused.
dbug: Microsoft.WebTools.BrowserLink.Net.BrowserLinkMiddleware[1]
      Response markup is scheduled to include Browser Link script injection.
dbug: Microsoft.AspNetCore.Watch.BrowserRefresh.BrowserRefreshMiddleware[1]
      Response markup is scheduled to include browser refresh script injection.
info: Microsoft.AspNetCore.Mvc.ViewFeatures.ViewResultExecutor[4]
      Executed ViewResult - view Home executed in 33.9679ms.
info: Microsoft.AspNetCore.Mvc.Infrastructure.ControllerActionInvoker[105]
      Executed action ParcelManagement2.Controllers.ResidentController.Home (ParcelProject) in 78.2561ms
info: Microsoft.AspNetCore.Routing.EndpointMiddleware[1]
      Executed endpoint 'ParcelManagement2.Controllers.ResidentController.Home (ParcelProject)'
dbug: Microsoft.WebTools.BrowserLink.Net.BrowserLinkMiddleware[2]
      Response markup was updated to include Browser Link script injection.
dbug: Microsoft.AspNetCore.Watch.BrowserRefresh.BrowserRefreshMiddleware[2]
      Response markup was updated to include browser refresh script injection.
dbug: Microsoft.AspNetCore.Server.IIS.Core.IISHttpServer[1]
      Connection ID "17942340959199035517" disconnecting.
info: Microsoft.AspNetCore.Hosting.Diagnostics[2]
      Request finished HTTP/2 GET https://localhost:44353/Resident/Home - 200 - text/html;+charset=utf-8 104.1641ms
info: Microsoft.AspNetCore.Hosting.Diagnostics[1]
      Request starting HTTP/2 POST https://localhost:44353/Resident/GetUncollectedPackages - - 0
info: Microsoft.AspNetCore.Hosting.Diagnostics[1]
      Request starting HTTP/2 POST https://localhost:44353/Resident/GetUncollectedMails - - 0
dbug: Microsoft.AspNetCore.StaticFiles.StaticFileMiddleware[1]
      POST requests are not supported
dbug: Microsoft.AspNetCore.StaticFiles.StaticFileMiddleware[1]
      POST requests are not supported
dbug: Microsoft.AspNetCore.Routing.Matching.DfaMatcher[1001]
      1 candidate(s) found for the request path '/Resident/GetUncollectedPackages'
dbug: Microsoft.AspNetCore.Routing.Matching.DfaMatcher[1001]
      1 candidate(s) found for the request path '/Resident/GetUncollectedMails'
info: Microsoft.AspNetCore.Hosting.Diagnostics[1]
      Request starting HTTP/2 GET https://localhost:44353/_vs/browserLink - - -
info: Microsoft.AspNetCore.Hosting.Diagnostics[1]
      Request starting HTTP/2 GET https://localhost:44353/_framework/aspnetcore-browser-refresh.js - - -
dbug: Microsoft.AspNetCore.Routing.Matching.DfaMatcher[1005]
      Endpoint 'ParcelManagement2.Controllers.ResidentController.GetUncollectedMails (ParcelProject)' with route pattern '{controller=Account}/{action=Login}/{id?}' is valid for the request path '/Resident/GetUncollectedMails'
dbug: Microsoft.AspNetCore.Routing.EndpointRoutingMiddleware[1]
      Request matched endpoint 'ParcelManagement2.Controllers.ResidentController.GetUncollectedMails (ParcelProject)'
dbug: Microsoft.AspNetCore.Watch.BrowserRefresh.BrowserScriptMiddleware[0]
      Script injected: /_framework/aspnetcore-browser-refresh.js
dbug: Microsoft.AspNetCore.Routing.Matching.DfaMatcher[1005]
      Endpoint 'ParcelManagement2.Controllers.ResidentController.GetUncollectedPackages (ParcelProject)' with route pattern '{controller=Account}/{action=Login}/{id?}' is valid for the request path '/Resident/GetUncollectedPackages'
dbug: Microsoft.AspNetCore.Authentication.Cookies.CookieAuthenticationHandler[8]
      AuthenticationScheme: Cookies was successfully authenticated.
info: Microsoft.AspNetCore.Hosting.Diagnostics[2]
      Request finished HTTP/2 GET https://localhost:44353/_framework/aspnetcore-browser-refresh.js - 200 16511 application/javascript;+charset=utf-8 8.4063ms
dbug: Microsoft.AspNetCore.Server.IIS.Core.IISHttpServer[1]
      Connection ID "18302628963748413465" disconnecting.
dbug: Microsoft.AspNetCore.Authorization.DefaultAuthorizationService[1]
      Authorization was successful.
info: Microsoft.AspNetCore.Routing.EndpointMiddleware[0]
      Executing endpoint 'ParcelManagement2.Controllers.ResidentController.GetUncollectedMails (ParcelProject)'
dbug: Microsoft.AspNetCore.Routing.EndpointRoutingMiddleware[1]
      Request matched endpoint 'ParcelManagement2.Controllers.ResidentController.GetUncollectedPackages (ParcelProject)'
dbug: Microsoft.AspNetCore.Authentication.Cookies.CookieAuthenticationHandler[8]
      AuthenticationScheme: Cookies was successfully authenticated.
info: Microsoft.AspNetCore.Mvc.Infrastructure.ControllerActionInvoker[102]
      Route matched with {action = "GetUncollectedMails", controller = "Resident"}. Executing controller action with signature Microsoft.AspNetCore.Mvc.IActionResult GetUncollectedMails() on controller ParcelManagement2.Controllers.ResidentController (ParcelProject).
dbug: Microsoft.AspNetCore.Mvc.Infrastructure.ControllerActionInvoker[1]
      Execution plan of authorization filters (in the following order): None
dbug: Microsoft.AspNetCore.Authorization.DefaultAuthorizationService[1]
      Authorization was successful.
dbug: Microsoft.AspNetCore.Mvc.Infrastructure.ControllerActionInvoker[1]
      Execution plan of resource filters (in the following order): Microsoft.AspNetCore.Mvc.ViewFeatures.Filters.SaveTempDataFilter
info: Microsoft.AspNetCore.Routing.EndpointMiddleware[0]
      Executing endpoint 'ParcelManagement2.Controllers.ResidentController.GetUncollectedPackages (ParcelProject)'
dbug: Microsoft.AspNetCore.Mvc.Infrastructure.ControllerActionInvoker[1]
      Execution plan of action filters (in the following order): Microsoft.AspNetCore.Mvc.Filters.ControllerActionFilter (Order: -2147483648), Microsoft.AspNetCore.Mvc.ModelBinding.UnsupportedContentTypeFilter (Order: -3000)
dbug: Microsoft.AspNetCore.Mvc.Infrastructure.ControllerActionInvoker[1]
      Execution plan of exception filters (in the following order): None
info: Microsoft.AspNetCore.Mvc.Infrastructure.ControllerActionInvoker[102]
      Route matched with {action = "GetUncollectedPackages", controller = "Resident"}. Executing controller action with signature Microsoft.AspNetCore.Mvc.IActionResult GetUncollectedPackages() on controller ParcelManagement2.Controllers.ResidentController (ParcelProject).
dbug: Microsoft.AspNetCore.Mvc.Infrastructure.ControllerActionInvoker[1]
      Execution plan of result filters (in the following order): Microsoft.AspNetCore.Mvc.ViewFeatures.Filters.SaveTempDataFilter
dbug: Microsoft.AspNetCore.Mvc.Infrastructure.ControllerActionInvoker[1]
      Execution plan of authorization filters (in the following order): None
dbug: Microsoft.AspNetCore.Mvc.Infrastructure.ControllerActionInvoker[1]
      Executing controller factory for controller ParcelManagement2.Controllers.ResidentController (ParcelProject)
dbug: Microsoft.AspNetCore.Mvc.Infrastructure.ControllerActionInvoker[1]
      Execution plan of resource filters (in the following order): Microsoft.AspNetCore.Mvc.ViewFeatures.Filters.SaveTempDataFilter
dbug: ParcelManagement2.Models.DBConn[0]
      資料庫連線字串已設定
dbug: Microsoft.AspNetCore.Mvc.Infrastructure.ControllerActionInvoker[1]
      Execution plan of action filters (in the following order): Microsoft.AspNetCore.Mvc.Filters.ControllerActionFilter (Order: -2147483648), Microsoft.AspNetCore.Mvc.ModelBinding.UnsupportedContentTypeFilter (Order: -3000)
dbug: Microsoft.AspNetCore.Mvc.Infrastructure.ControllerActionInvoker[2]
      Executed controller factory for controller ParcelManagement2.Controllers.ResidentController (ParcelProject)
dbug: Microsoft.AspNetCore.Mvc.Infrastructure.ControllerActionInvoker[1]
      Execution plan of exception filters (in the following order): None
dbug: Microsoft.AspNetCore.Mvc.Infrastructure.ControllerActionInvoker[1]
      Execution plan of result filters (in the following order): Microsoft.AspNetCore.Mvc.ViewFeatures.Filters.SaveTempDataFilter
dbug: Microsoft.AspNetCore.Mvc.Infrastructure.ControllerActionInvoker[1]
      Executing controller factory for controller ParcelManagement2.Controllers.ResidentController (ParcelProject)
dbug: ParcelManagement2.Models.DBConn[0]
      資料庫連線字串已設定
dbug: Microsoft.AspNetCore.Server.IIS.Core.IISHttpServer[1]
      Connection ID "18374686557786341434" disconnecting.
info: Microsoft.AspNetCore.Hosting.Diagnostics[2]
      Request finished HTTP/2 GET https://localhost:44353/_vs/browserLink - 200 - text/javascript;+charset=UTF-8 51.5138ms
dbug: Microsoft.AspNetCore.Mvc.Infrastructure.ControllerActionInvoker[2]
      Executed controller factory for controller ParcelManagement2.Controllers.ResidentController (ParcelProject)
dbug: Microsoft.AspNetCore.Session.DistributedSession[4]
      Session loaded; Key:f3a42b75-d459-1344-3c37-ff3073c71b14, Id:be5fffd8-37ca-330c-7652-55aaec6333fb, Count:1
dbug: Microsoft.AspNetCore.Session.DistributedSession[4]
      Session loaded; Key:f3a42b75-d459-1344-3c37-ff3073c71b14, Id:be5fffd8-37ca-330c-7652-55aaec6333fb, Count:1
dbug: ParcelManagement2.Models.DBConn[0]
      查詢成功，返回 0 行數據
info: Microsoft.AspNetCore.Mvc.Infrastructure.ContentResultExecutor[1]
      Executing ContentResult with HTTP Response ContentType of application/json
info: Microsoft.AspNetCore.Mvc.Infrastructure.ControllerActionInvoker[105]
      Executed action ParcelManagement2.Controllers.ResidentController.GetUncollectedMails (ParcelProject) in 44.9428ms
info: Microsoft.AspNetCore.Routing.EndpointMiddleware[1]
      Executed endpoint 'ParcelManagement2.Controllers.ResidentController.GetUncollectedMails (ParcelProject)'
info: Microsoft.AspNetCore.Hosting.Diagnostics[2]
      Request finished HTTP/2 POST https://localhost:44353/Resident/GetUncollectedMails - 200 2 application/json 90.6091ms
dbug: Microsoft.AspNetCore.Server.IIS.Core.IISHttpServer[1]
      Connection ID "18086456104325218416" disconnecting.
dbug: ParcelManagement2.Models.DBConn[0]
      查詢成功，返回 7 行數據
info: Microsoft.AspNetCore.Mvc.Infrastructure.ContentResultExecutor[1]
      Executing ContentResult with HTTP Response ContentType of application/json
info: Microsoft.AspNetCore.Mvc.Infrastructure.ControllerActionInvoker[105]
      Executed action ParcelManagement2.Controllers.ResidentController.GetUncollectedPackages (ParcelProject) in 47.6579ms
info: Microsoft.AspNetCore.Routing.EndpointMiddleware[1]
      Executed endpoint 'ParcelManagement2.Controllers.ResidentController.GetUncollectedPackages (ParcelProject)'
info: Microsoft.AspNetCore.Hosting.Diagnostics[2]
      Request finished HTTP/2 POST https://localhost:44353/Resident/GetUncollectedPackages - 200 876 application/json 106.5814ms
dbug: Microsoft.AspNetCore.Server.IIS.Core.IISHttpServer[1]
      Connection ID "18302628903618871520" disconnecting.
dbug: Microsoft.Extensions.Http.DefaultHttpClientFactory[100]
      Starting HttpMessageHandler cleanup cycle with 2 items
dbug: Microsoft.Extensions.Http.DefaultHttpClientFactory[101]
      Ending HttpMessageHandler cleanup cycle after 0.0021ms - processed: 0 items - remaining: 2 items
info: Microsoft.AspNetCore.Hosting.Diagnostics[1]
      Request starting HTTP/2 GET https://localhost:44353/Resident/Home - - -
dbug: Microsoft.AspNetCore.StaticFiles.StaticFileMiddleware[4]
      The request path /Resident/Home does not match a supported file type
dbug: Microsoft.AspNetCore.Routing.Matching.DfaMatcher[1001]
      1 candidate(s) found for the request path '/Resident/Home'
dbug: Microsoft.AspNetCore.Routing.Matching.DfaMatcher[1005]
      Endpoint 'ParcelManagement2.Controllers.ResidentController.Home (ParcelProject)' with route pattern '{controller=Account}/{action=Login}/{id?}' is valid for the request path '/Resident/Home'
dbug: Microsoft.AspNetCore.Routing.EndpointRoutingMiddleware[1]
      Request matched endpoint 'ParcelManagement2.Controllers.ResidentController.Home (ParcelProject)'
dbug: Microsoft.AspNetCore.Authentication.Cookies.CookieAuthenticationHandler[8]
      AuthenticationScheme: Cookies was successfully authenticated.
dbug: Microsoft.AspNetCore.Authorization.DefaultAuthorizationService[1]
      Authorization was successful.
info: Microsoft.AspNetCore.Routing.EndpointMiddleware[0]
      Executing endpoint 'ParcelManagement2.Controllers.ResidentController.Home (ParcelProject)'
info: Microsoft.AspNetCore.Mvc.Infrastructure.ControllerActionInvoker[102]
      Route matched with {action = "Home", controller = "Resident"}. Executing controller action with signature Microsoft.AspNetCore.Mvc.IActionResult Home() on controller ParcelManagement2.Controllers.ResidentController (ParcelProject).
dbug: Microsoft.AspNetCore.Mvc.Infrastructure.ControllerActionInvoker[1]
      Execution plan of authorization filters (in the following order): None
dbug: Microsoft.AspNetCore.Mvc.Infrastructure.ControllerActionInvoker[1]
      Execution plan of resource filters (in the following order): Microsoft.AspNetCore.Mvc.ViewFeatures.Filters.SaveTempDataFilter
dbug: Microsoft.AspNetCore.Mvc.Infrastructure.ControllerActionInvoker[1]
      Execution plan of action filters (in the following order): Microsoft.AspNetCore.Mvc.Filters.ControllerActionFilter (Order: -2147483648), Microsoft.AspNetCore.Mvc.ModelBinding.UnsupportedContentTypeFilter (Order: -3000)
dbug: Microsoft.AspNetCore.Mvc.Infrastructure.ControllerActionInvoker[1]
      Execution plan of exception filters (in the following order): None
dbug: Microsoft.AspNetCore.Mvc.Infrastructure.ControllerActionInvoker[1]
      Execution plan of result filters (in the following order): Microsoft.AspNetCore.Mvc.ViewFeatures.Filters.SaveTempDataFilter
dbug: Microsoft.AspNetCore.Mvc.Infrastructure.ControllerActionInvoker[1]
      Executing controller factory for controller ParcelManagement2.Controllers.ResidentController (ParcelProject)
dbug: ParcelManagement2.Models.DBConn[0]
      資料庫連線字串已設定
dbug: Microsoft.AspNetCore.Mvc.Infrastructure.ControllerActionInvoker[2]
      Executed controller factory for controller ParcelManagement2.Controllers.ResidentController (ParcelProject)
dbug: ParcelManagement2.Models.DBConn[0]
      查詢成功，返回 1 行數據
dbug: Microsoft.AspNetCore.Session.DistributedSession[4]
      Session loaded; Key:f3a42b75-d459-1344-3c37-ff3073c71b14, Id:be5fffd8-37ca-330c-7652-55aaec6333fb, Count:1
dbug: Microsoft.AspNetCore.Mvc.Razor.RazorViewEngine[1]
      View lookup cache miss for view 'Home' in controller 'Resident'.
dbug: Microsoft.AspNetCore.Mvc.Razor.Compilation.DefaultViewCompiler[3]
      Initializing Razor view compiler with compiled view: '/Views/Account/AccessDenied.cshtml'.
dbug: Microsoft.AspNetCore.Mvc.Razor.Compilation.DefaultViewCompiler[3]
      Initializing Razor view compiler with compiled view: '/Views/Account/Login.cshtml'.
dbug: Microsoft.AspNetCore.Mvc.Razor.Compilation.DefaultViewCompiler[3]
      Initializing Razor view compiler with compiled view: '/Views/Home/Index.cshtml'.
dbug: Microsoft.AspNetCore.Mvc.Razor.Compilation.DefaultViewCompiler[3]
      Initializing Razor view compiler with compiled view: '/Views/Home/Index_back.cshtml'.
dbug: Microsoft.AspNetCore.Mvc.Razor.Compilation.DefaultViewCompiler[3]
      Initializing Razor view compiler with compiled view: '/Views/Home/Packages.cshtml'.
dbug: Microsoft.AspNetCore.Mvc.Razor.Compilation.DefaultViewCompiler[3]
      Initializing Razor view compiler with compiled view: '/Views/Home/Privacy.cshtml'.
dbug: Microsoft.AspNetCore.Mvc.Razor.Compilation.DefaultViewCompiler[3]
      Initializing Razor view compiler with compiled view: '/Views/Resident/Edit.cshtml'.
dbug: Microsoft.AspNetCore.Mvc.Razor.Compilation.DefaultViewCompiler[3]
      Initializing Razor view compiler with compiled view: '/Views/Resident/Home.cshtml'.
dbug: Microsoft.AspNetCore.Mvc.Razor.Compilation.DefaultViewCompiler[3]
      Initializing Razor view compiler with compiled view: '/Views/Resident/MyPackages.cshtml'.
dbug: Microsoft.AspNetCore.Mvc.Razor.Compilation.DefaultViewCompiler[3]
      Initializing Razor view compiler with compiled view: '/Views/Resident/PackagePhoto.cshtml'.
dbug: Microsoft.AspNetCore.Mvc.Razor.Compilation.DefaultViewCompiler[3]
      Initializing Razor view compiler with compiled view: '/Views/Shared/Error.cshtml'.
dbug: Microsoft.AspNetCore.Mvc.Razor.Compilation.DefaultViewCompiler[3]
      Initializing Razor view compiler with compiled view: '/Views/Shared/_AdminLayout.cshtml'.
dbug: Microsoft.AspNetCore.Mvc.Razor.Compilation.DefaultViewCompiler[3]
      Initializing Razor view compiler with compiled view: '/Views/Shared/_Layout.cshtml'.
dbug: Microsoft.AspNetCore.Mvc.Razor.Compilation.DefaultViewCompiler[3]
      Initializing Razor view compiler with compiled view: '/Views/Shared/_ResidentLayout.cshtml'.
dbug: Microsoft.AspNetCore.Mvc.Razor.Compilation.DefaultViewCompiler[3]
      Initializing Razor view compiler with compiled view: '/Views/Shared/_ValidationScriptsPartial.cshtml'.
dbug: Microsoft.AspNetCore.Mvc.Razor.Compilation.DefaultViewCompiler[3]
      Initializing Razor view compiler with compiled view: '/Views/_ViewImports.cshtml'.
dbug: Microsoft.AspNetCore.Mvc.Razor.Compilation.DefaultViewCompiler[3]
      Initializing Razor view compiler with compiled view: '/Views/_ViewStart.cshtml'.
dbug: Microsoft.AspNetCore.Mvc.Razor.Compilation.DefaultViewCompiler[3]
      Initializing Razor view compiler with compiled view: '/Views/Shared/_Layout_back.cshtml'.
info: Microsoft.AspNetCore.Mvc.ViewFeatures.ViewResultExecutor[1]
      Executing ViewResult, running view Home.
dbug: Microsoft.AspNetCore.Mvc.ViewFeatures.ViewResultExecutor[2]
      The view path '/Views/Resident/Home.cshtml' was found in 27.7426ms.
dbug: Microsoft.AspNetCore.Antiforgery.DefaultAntiforgery[6]
      An antiforgery cookie token was reused.
dbug: Microsoft.WebTools.BrowserLink.Net.BrowserLinkMiddleware[1]
      Response markup is scheduled to include Browser Link script injection.
dbug: Microsoft.AspNetCore.Watch.BrowserRefresh.BrowserRefreshMiddleware[1]
      Response markup is scheduled to include browser refresh script injection.
info: Microsoft.AspNetCore.Mvc.ViewFeatures.ViewResultExecutor[4]
      Executed ViewResult - view Home executed in 38.8609ms.
info: Microsoft.AspNetCore.Mvc.Infrastructure.ControllerActionInvoker[105]
      Executed action ParcelManagement2.Controllers.ResidentController.Home (ParcelProject) in 81.3805ms
info: Microsoft.AspNetCore.Routing.EndpointMiddleware[1]
      Executed endpoint 'ParcelManagement2.Controllers.ResidentController.Home (ParcelProject)'
dbug: Microsoft.WebTools.BrowserLink.Net.BrowserLinkMiddleware[2]
      Response markup was updated to include Browser Link script injection.
dbug: Microsoft.AspNetCore.Watch.BrowserRefresh.BrowserRefreshMiddleware[2]
      Response markup was updated to include browser refresh script injection.
dbug: Microsoft.AspNetCore.Server.IIS.Core.IISHttpServer[1]
      Connection ID "18302628903618871522" disconnecting.
info: Microsoft.AspNetCore.Hosting.Diagnostics[2]
      Request finished HTTP/2 GET https://localhost:44353/Resident/Home - 200 - text/html;+charset=utf-8 113.1368ms
info: Microsoft.AspNetCore.Hosting.Diagnostics[1]
      Request starting HTTP/2 POST https://localhost:44353/Resident/GetUncollectedPackages - - 0
info: Microsoft.AspNetCore.Hosting.Diagnostics[1]
      Request starting HTTP/2 POST https://localhost:44353/Resident/GetUncollectedMails - - 0
dbug: Microsoft.AspNetCore.StaticFiles.StaticFileMiddleware[1]
      POST requests are not supported
dbug: Microsoft.AspNetCore.StaticFiles.StaticFileMiddleware[1]
      POST requests are not supported
info: Microsoft.AspNetCore.Hosting.Diagnostics[1]
      Request starting HTTP/2 GET https://localhost:44353/_framework/aspnetcore-browser-refresh.js - - -
info: Microsoft.AspNetCore.Hosting.Diagnostics[1]
      Request starting HTTP/2 GET https://localhost:44353/_vs/browserLink - - -
dbug: Microsoft.AspNetCore.Watch.BrowserRefresh.BrowserScriptMiddleware[0]
      Script injected: /_framework/aspnetcore-browser-refresh.js
dbug: Microsoft.AspNetCore.Routing.Matching.DfaMatcher[1001]
      1 candidate(s) found for the request path '/Resident/GetUncollectedMails'
dbug: Microsoft.AspNetCore.Routing.Matching.DfaMatcher[1001]
      1 candidate(s) found for the request path '/Resident/GetUncollectedPackages'
info: Microsoft.AspNetCore.Hosting.Diagnostics[2]
      Request finished HTTP/2 GET https://localhost:44353/_framework/aspnetcore-browser-refresh.js - 200 16511 application/javascript;+charset=utf-8 6.5326ms
dbug: Microsoft.AspNetCore.Server.IIS.Core.IISHttpServer[1]
      Connection ID "18374686557786341436" disconnecting.
dbug: Microsoft.AspNetCore.Routing.Matching.DfaMatcher[1005]
      Endpoint 'ParcelManagement2.Controllers.ResidentController.GetUncollectedPackages (ParcelProject)' with route pattern '{controller=Account}/{action=Login}/{id?}' is valid for the request path '/Resident/GetUncollectedPackages'
dbug: Microsoft.AspNetCore.Routing.EndpointRoutingMiddleware[1]
      Request matched endpoint 'ParcelManagement2.Controllers.ResidentController.GetUncollectedPackages (ParcelProject)'
dbug: Microsoft.AspNetCore.Routing.Matching.DfaMatcher[1005]
      Endpoint 'ParcelManagement2.Controllers.ResidentController.GetUncollectedMails (ParcelProject)' with route pattern '{controller=Account}/{action=Login}/{id?}' is valid for the request path '/Resident/GetUncollectedMails'
dbug: Microsoft.AspNetCore.Authentication.Cookies.CookieAuthenticationHandler[8]
      AuthenticationScheme: Cookies was successfully authenticated.
dbug: Microsoft.AspNetCore.Routing.EndpointRoutingMiddleware[1]
      Request matched endpoint 'ParcelManagement2.Controllers.ResidentController.GetUncollectedMails (ParcelProject)'
dbug: Microsoft.AspNetCore.Authorization.DefaultAuthorizationService[1]
      Authorization was successful.
dbug: Microsoft.AspNetCore.Authentication.Cookies.CookieAuthenticationHandler[8]
      AuthenticationScheme: Cookies was successfully authenticated.
info: Microsoft.AspNetCore.Routing.EndpointMiddleware[0]
      Executing endpoint 'ParcelManagement2.Controllers.ResidentController.GetUncollectedPackages (ParcelProject)'
dbug: Microsoft.AspNetCore.Authorization.DefaultAuthorizationService[1]
      Authorization was successful.
info: Microsoft.AspNetCore.Routing.EndpointMiddleware[0]
      Executing endpoint 'ParcelManagement2.Controllers.ResidentController.GetUncollectedMails (ParcelProject)'
info: Microsoft.AspNetCore.Mvc.Infrastructure.ControllerActionInvoker[102]
      Route matched with {action = "GetUncollectedPackages", controller = "Resident"}. Executing controller action with signature Microsoft.AspNetCore.Mvc.IActionResult GetUncollectedPackages() on controller ParcelManagement2.Controllers.ResidentController (ParcelProject).
dbug: Microsoft.AspNetCore.Mvc.Infrastructure.ControllerActionInvoker[1]
      Execution plan of authorization filters (in the following order): None
info: Microsoft.AspNetCore.Mvc.Infrastructure.ControllerActionInvoker[102]
      Route matched with {action = "GetUncollectedMails", controller = "Resident"}. Executing controller action with signature Microsoft.AspNetCore.Mvc.IActionResult GetUncollectedMails() on controller ParcelManagement2.Controllers.ResidentController (ParcelProject).
dbug: Microsoft.AspNetCore.Mvc.Infrastructure.ControllerActionInvoker[1]
      Execution plan of resource filters (in the following order): Microsoft.AspNetCore.Mvc.ViewFeatures.Filters.SaveTempDataFilter
dbug: Microsoft.AspNetCore.Mvc.Infrastructure.ControllerActionInvoker[1]
      Execution plan of authorization filters (in the following order): None
dbug: Microsoft.AspNetCore.Mvc.Infrastructure.ControllerActionInvoker[1]
      Execution plan of action filters (in the following order): Microsoft.AspNetCore.Mvc.Filters.ControllerActionFilter (Order: -2147483648), Microsoft.AspNetCore.Mvc.ModelBinding.UnsupportedContentTypeFilter (Order: -3000)
dbug: Microsoft.AspNetCore.Mvc.Infrastructure.ControllerActionInvoker[1]
      Execution plan of resource filters (in the following order): Microsoft.AspNetCore.Mvc.ViewFeatures.Filters.SaveTempDataFilter
dbug: Microsoft.AspNetCore.Mvc.Infrastructure.ControllerActionInvoker[1]
      Execution plan of exception filters (in the following order): None
dbug: Microsoft.AspNetCore.Mvc.Infrastructure.ControllerActionInvoker[1]
      Execution plan of action filters (in the following order): Microsoft.AspNetCore.Mvc.Filters.ControllerActionFilter (Order: -2147483648), Microsoft.AspNetCore.Mvc.ModelBinding.UnsupportedContentTypeFilter (Order: -3000)
dbug: Microsoft.AspNetCore.Mvc.Infrastructure.ControllerActionInvoker[1]
      Execution plan of result filters (in the following order): Microsoft.AspNetCore.Mvc.ViewFeatures.Filters.SaveTempDataFilter
dbug: Microsoft.AspNetCore.Mvc.Infrastructure.ControllerActionInvoker[1]
      Execution plan of exception filters (in the following order): None
dbug: Microsoft.AspNetCore.Mvc.Infrastructure.ControllerActionInvoker[1]
      Executing controller factory for controller ParcelManagement2.Controllers.ResidentController (ParcelProject)
dbug: Microsoft.AspNetCore.Mvc.Infrastructure.ControllerActionInvoker[1]
      Execution plan of result filters (in the following order): Microsoft.AspNetCore.Mvc.ViewFeatures.Filters.SaveTempDataFilter
dbug: ParcelManagement2.Models.DBConn[0]
      資料庫連線字串已設定
dbug: Microsoft.AspNetCore.Mvc.Infrastructure.ControllerActionInvoker[1]
      Executing controller factory for controller ParcelManagement2.Controllers.ResidentController (ParcelProject)
dbug: Microsoft.AspNetCore.Server.IIS.Core.IISHttpServer[1]
      Connection ID "18302628963748413467" disconnecting.
info: Microsoft.AspNetCore.Hosting.Diagnostics[2]
      Request finished HTTP/2 GET https://localhost:44353/_vs/browserLink - 200 - text/javascript;+charset=UTF-8 42.2579ms
dbug: Microsoft.AspNetCore.Mvc.Infrastructure.ControllerActionInvoker[2]
      Executed controller factory for controller ParcelManagement2.Controllers.ResidentController (ParcelProject)
dbug: ParcelManagement2.Models.DBConn[0]
      資料庫連線字串已設定
dbug: Microsoft.AspNetCore.Mvc.Infrastructure.ControllerActionInvoker[2]
      Executed controller factory for controller ParcelManagement2.Controllers.ResidentController (ParcelProject)
dbug: Microsoft.AspNetCore.Session.DistributedSession[4]
      Session loaded; Key:f3a42b75-d459-1344-3c37-ff3073c71b14, Id:be5fffd8-37ca-330c-7652-55aaec6333fb, Count:1
dbug: Microsoft.AspNetCore.Session.DistributedSession[4]
      Session loaded; Key:f3a42b75-d459-1344-3c37-ff3073c71b14, Id:be5fffd8-37ca-330c-7652-55aaec6333fb, Count:1
dbug: ParcelManagement2.Models.DBConn[0]
      查詢成功，返回 7 行數據
info: Microsoft.AspNetCore.Mvc.Infrastructure.ContentResultExecutor[1]
      Executing ContentResult with HTTP Response ContentType of application/json
info: Microsoft.AspNetCore.Mvc.Infrastructure.ControllerActionInvoker[105]
      Executed action ParcelManagement2.Controllers.ResidentController.GetUncollectedPackages (ParcelProject) in 50.5256ms
dbug: ParcelManagement2.Models.DBConn[0]
      查詢成功，返回 0 行數據
info: Microsoft.AspNetCore.Routing.EndpointMiddleware[1]
      Executed endpoint 'ParcelManagement2.Controllers.ResidentController.GetUncollectedPackages (ParcelProject)'
info: Microsoft.AspNetCore.Mvc.Infrastructure.ContentResultExecutor[1]
      Executing ContentResult with HTTP Response ContentType of application/json
info: Microsoft.AspNetCore.Hosting.Diagnostics[2]
      Request finished HTTP/2 POST https://localhost:44353/Resident/GetUncollectedPackages - 200 876 application/json 97.0486ms
dbug: Microsoft.AspNetCore.Server.IIS.Core.IISHttpServer[1]
      Connection ID "18302628895028936851" disconnecting.
info: Microsoft.AspNetCore.Mvc.Infrastructure.ControllerActionInvoker[105]
      Executed action ParcelManagement2.Controllers.ResidentController.GetUncollectedMails (ParcelProject) in 53.0736ms
info: Microsoft.AspNetCore.Routing.EndpointMiddleware[1]
      Executed endpoint 'ParcelManagement2.Controllers.ResidentController.GetUncollectedMails (ParcelProject)'
info: Microsoft.AspNetCore.Hosting.Diagnostics[2]
      Request finished HTTP/2 POST https://localhost:44353/Resident/GetUncollectedMails - 200 2 application/json 101.8327ms
dbug: Microsoft.AspNetCore.Server.IIS.Core.IISHttpServer[1]
      Connection ID "17870283347981238279" disconnecting.
dbug: Microsoft.Extensions.Http.DefaultHttpClientFactory[100]
      Starting HttpMessageHandler cleanup cycle with 2 items
dbug: Microsoft.Extensions.Http.DefaultHttpClientFactory[101]
      Ending HttpMessageHandler cleanup cycle after 0.0014ms - processed: 0 items - remaining: 2 items
dbug: Microsoft.Extensions.Http.DefaultHttpClientFactory[100]
      Starting HttpMessageHandler cleanup cycle with 2 items
dbug: Microsoft.Extensions.Http.DefaultHttpClientFactory[101]
      Ending HttpMessageHandler cleanup cycle after 0.0027ms - processed: 0 items - remaining: 2 items
dbug: Microsoft.Extensions.Http.DefaultHttpClientFactory[100]
      Starting HttpMessageHandler cleanup cycle with 2 items
dbug: Microsoft.Extensions.Http.DefaultHttpClientFactory[101]
      Ending HttpMessageHandler cleanup cycle after 0.0016ms - processed: 0 items - remaining: 2 items
dbug: Microsoft.Extensions.Http.DefaultHttpClientFactory[100]
      Starting HttpMessageHandler cleanup cycle with 2 items
dbug: Microsoft.Extensions.Http.DefaultHttpClientFactory[101]
      Ending HttpMessageHandler cleanup cycle after 0.0025ms - processed: 0 items - remaining: 2 items
info: Microsoft.AspNetCore.Hosting.Diagnostics[1]
      Request starting HTTP/2 POST https://localhost:44353/Account/Logout - - 0
dbug: Microsoft.AspNetCore.StaticFiles.StaticFileMiddleware[1]
      POST requests are not supported
dbug: Microsoft.AspNetCore.Routing.Matching.DfaMatcher[1001]
      1 candidate(s) found for the request path '/Account/Logout'
dbug: Microsoft.AspNetCore.Routing.Matching.DfaMatcher[1005]
      Endpoint 'ParcelManagement2.Controllers.AccountController.Logout (ParcelProject)' with route pattern '{controller=Account}/{action=Login}/{id?}' is valid for the request path '/Account/Logout'
dbug: Microsoft.AspNetCore.Routing.EndpointRoutingMiddleware[1]
      Request matched endpoint 'ParcelManagement2.Controllers.AccountController.Logout (ParcelProject)'
dbug: Microsoft.AspNetCore.Authentication.Cookies.CookieAuthenticationHandler[8]
      AuthenticationScheme: Cookies was successfully authenticated.
dbug: Microsoft.AspNetCore.Authorization.DefaultAuthorizationService[1]
      Authorization was successful.
info: Microsoft.AspNetCore.Routing.EndpointMiddleware[0]
      Executing endpoint 'ParcelManagement2.Controllers.AccountController.Logout (ParcelProject)'
info: Microsoft.AspNetCore.Mvc.Infrastructure.ControllerActionInvoker[102]
      Route matched with {action = "Logout", controller = "Account"}. Executing controller action with signature System.Threading.Tasks.Task`1[Microsoft.AspNetCore.Mvc.IActionResult] Logout() on controller ParcelManagement2.Controllers.AccountController (ParcelProject).
dbug: Microsoft.AspNetCore.Mvc.Infrastructure.ControllerActionInvoker[1]
      Execution plan of authorization filters (in the following order): None
dbug: Microsoft.AspNetCore.Mvc.Infrastructure.ControllerActionInvoker[1]
      Execution plan of resource filters (in the following order): Microsoft.AspNetCore.Mvc.ViewFeatures.Filters.SaveTempDataFilter
dbug: Microsoft.AspNetCore.Mvc.Infrastructure.ControllerActionInvoker[1]
      Execution plan of action filters (in the following order): Microsoft.AspNetCore.Mvc.Filters.ControllerActionFilter (Order: -2147483648), Microsoft.AspNetCore.Mvc.ModelBinding.UnsupportedContentTypeFilter (Order: -3000)
dbug: Microsoft.AspNetCore.Mvc.Infrastructure.ControllerActionInvoker[1]
      Execution plan of exception filters (in the following order): None
dbug: Microsoft.AspNetCore.Mvc.Infrastructure.ControllerActionInvoker[1]
      Execution plan of result filters (in the following order): Microsoft.AspNetCore.Mvc.ViewFeatures.Filters.SaveTempDataFilter
dbug: Microsoft.AspNetCore.Mvc.Infrastructure.ControllerActionInvoker[1]
      Executing controller factory for controller ParcelManagement2.Controllers.AccountController (ParcelProject)
dbug: Microsoft.AspNetCore.Mvc.Infrastructure.ControllerActionInvoker[2]
      Executed controller factory for controller ParcelManagement2.Controllers.AccountController (ParcelProject)
info: Microsoft.AspNetCore.Authentication.Cookies.CookieAuthenticationHandler[11]
      AuthenticationScheme: Cookies signed out.
info: ParcelManagement2.Controllers.AccountController[0]
      使用者登出: userA10101
info: Microsoft.AspNetCore.Mvc.Infrastructure.SystemTextJsonResultExecutor[1]
      Executing JsonResult, writing value of type '<>f__AnonymousType4`2[[System.Boolean, System.Private.CoreLib, Version=8.0.0.0, Culture=neutral, PublicKeyToken=7cec85d7bea7798e],[System.String, System.Private.CoreLib, Version=8.0.0.0, Culture=neutral, PublicKeyToken=7cec85d7bea7798e]]'.
info: Microsoft.AspNetCore.Mvc.Infrastructure.ControllerActionInvoker[105]
      Executed action ParcelManagement2.Controllers.AccountController.Logout (ParcelProject) in 6.5787ms
info: Microsoft.AspNetCore.Routing.EndpointMiddleware[1]
      Executed endpoint 'ParcelManagement2.Controllers.AccountController.Logout (ParcelProject)'
info: Microsoft.AspNetCore.Hosting.Diagnostics[2]
      Request finished HTTP/2 POST https://localhost:44353/Account/Logout - 200 - application/json;+charset=utf-8 31.3467ms
dbug: Microsoft.AspNetCore.Server.IIS.Core.IISHttpServer[1]
      Connection ID "17942340959199035519" disconnecting.
info: Microsoft.AspNetCore.Hosting.Diagnostics[1]
      Request starting HTTP/2 GET https://localhost:44353/Account/Login - - -
dbug: Microsoft.AspNetCore.StaticFiles.StaticFileMiddleware[4]
      The request path /Account/Login does not match a supported file type
dbug: Microsoft.AspNetCore.Routing.Matching.DfaMatcher[1001]
      1 candidate(s) found for the request path '/Account/Login'
dbug: Microsoft.AspNetCore.Routing.Matching.DfaMatcher[1005]
      Endpoint 'ParcelManagement2.Controllers.AccountController.Login (ParcelProject)' with route pattern '{controller=Account}/{action=Login}/{id?}' is valid for the request path '/Account/Login'
dbug: Microsoft.AspNetCore.Routing.EndpointRoutingMiddleware[1]
      Request matched endpoint 'ParcelManagement2.Controllers.AccountController.Login (ParcelProject)'
dbug: Microsoft.AspNetCore.Authentication.Cookies.CookieAuthenticationHandler[9]
      AuthenticationScheme: Cookies was not authenticated.
info: Microsoft.AspNetCore.Routing.EndpointMiddleware[0]
      Executing endpoint 'ParcelManagement2.Controllers.AccountController.Login (ParcelProject)'
info: Microsoft.AspNetCore.Mvc.Infrastructure.ControllerActionInvoker[102]
      Route matched with {action = "Login", controller = "Account"}. Executing controller action with signature Microsoft.AspNetCore.Mvc.IActionResult Login(System.String) on controller ParcelManagement2.Controllers.AccountController (ParcelProject).
dbug: Microsoft.AspNetCore.Mvc.Infrastructure.ControllerActionInvoker[1]
      Execution plan of authorization filters (in the following order): None
dbug: Microsoft.AspNetCore.Mvc.Infrastructure.ControllerActionInvoker[1]
      Execution plan of resource filters (in the following order): Microsoft.AspNetCore.Mvc.ViewFeatures.Filters.SaveTempDataFilter
dbug: Microsoft.AspNetCore.Mvc.Infrastructure.ControllerActionInvoker[1]
      Execution plan of action filters (in the following order): Microsoft.AspNetCore.Mvc.Filters.ControllerActionFilter (Order: -2147483648), Microsoft.AspNetCore.Mvc.ModelBinding.UnsupportedContentTypeFilter (Order: -3000)
dbug: Microsoft.AspNetCore.Mvc.Infrastructure.ControllerActionInvoker[1]
      Execution plan of exception filters (in the following order): None
dbug: Microsoft.AspNetCore.Mvc.Infrastructure.ControllerActionInvoker[1]
      Execution plan of result filters (in the following order): Microsoft.AspNetCore.Mvc.ViewFeatures.Filters.SaveTempDataFilter
dbug: Microsoft.AspNetCore.Mvc.Infrastructure.ControllerActionInvoker[1]
      Executing controller factory for controller ParcelManagement2.Controllers.AccountController (ParcelProject)
dbug: Microsoft.AspNetCore.Mvc.Infrastructure.ControllerActionInvoker[2]
      Executed controller factory for controller ParcelManagement2.Controllers.AccountController (ParcelProject)
dbug: Microsoft.AspNetCore.Mvc.ModelBinding.ParameterBinder[22]
      Attempting to bind parameter 'returnUrl' of type 'System.String' ...
dbug: Microsoft.AspNetCore.Mvc.ModelBinding.Binders.SimpleTypeModelBinder[44]
      Attempting to bind parameter 'returnUrl' of type 'System.String' using the name '' in request data ...
dbug: Microsoft.AspNetCore.Mvc.ModelBinding.Binders.SimpleTypeModelBinder[16]
      Could not find a value in the request with name '' for binding parameter 'returnUrl' of type 'System.String'.
dbug: Microsoft.AspNetCore.Mvc.ModelBinding.Binders.SimpleTypeModelBinder[45]
      Done attempting to bind parameter 'returnUrl' of type 'System.String'.
dbug: Microsoft.AspNetCore.Mvc.ModelBinding.ParameterBinder[23]
      Done attempting to bind parameter 'returnUrl' of type 'System.String'.
dbug: Microsoft.AspNetCore.Mvc.ModelBinding.ParameterBinder[26]
      Attempting to validate the bound parameter 'returnUrl' of type 'System.String' ...
dbug: Microsoft.AspNetCore.Mvc.ModelBinding.ParameterBinder[27]
      Done attempting to validate the bound parameter 'returnUrl' of type 'System.String'.
dbug: Microsoft.AspNetCore.Mvc.Razor.RazorViewEngine[1]
      View lookup cache miss for view 'Login' in controller 'Account'.
info: Microsoft.AspNetCore.Mvc.ViewFeatures.ViewResultExecutor[1]
      Executing ViewResult, running view Login.
dbug: Microsoft.AspNetCore.Mvc.ViewFeatures.ViewResultExecutor[2]
      The view path '/Views/Account/Login.cshtml' was found in 2.8982ms.
dbug: Microsoft.AspNetCore.Antiforgery.DefaultAntiforgery[6]
      An antiforgery cookie token was reused.
dbug: Microsoft.WebTools.BrowserLink.Net.BrowserLinkMiddleware[1]
      Response markup is scheduled to include Browser Link script injection.
dbug: Microsoft.AspNetCore.Watch.BrowserRefresh.BrowserRefreshMiddleware[1]
      Response markup is scheduled to include browser refresh script injection.
info: Microsoft.AspNetCore.Mvc.ViewFeatures.ViewResultExecutor[4]
      Executed ViewResult - view Login executed in 9.3051ms.
info: Microsoft.AspNetCore.Mvc.Infrastructure.ControllerActionInvoker[105]
      Executed action ParcelManagement2.Controllers.AccountController.Login (ParcelProject) in 21.1881ms
info: Microsoft.AspNetCore.Routing.EndpointMiddleware[1]
      Executed endpoint 'ParcelManagement2.Controllers.AccountController.Login (ParcelProject)'
dbug: Microsoft.WebTools.BrowserLink.Net.BrowserLinkMiddleware[2]
      Response markup was updated to include Browser Link script injection.
dbug: Microsoft.AspNetCore.Watch.BrowserRefresh.BrowserRefreshMiddleware[2]
      Response markup was updated to include browser refresh script injection.
info: Microsoft.AspNetCore.Hosting.Diagnostics[2]
      Request finished HTTP/2 GET https://localhost:44353/Account/Login - 200 - text/html;+charset=utf-8 48.5528ms
dbug: Microsoft.AspNetCore.Server.IIS.Core.IISHttpServer[1]
      Connection ID "18302628937978609734" disconnecting.
info: Microsoft.AspNetCore.Hosting.Diagnostics[1]
      Request starting HTTP/2 GET https://localhost:44353/_framework/aspnetcore-browser-refresh.js - - -
info: Microsoft.AspNetCore.Hosting.Diagnostics[1]
      Request starting HTTP/2 GET https://localhost:44353/_vs/browserLink - - -
dbug: Microsoft.AspNetCore.Watch.BrowserRefresh.BrowserScriptMiddleware[0]
      Script injected: /_framework/aspnetcore-browser-refresh.js
info: Microsoft.AspNetCore.Hosting.Diagnostics[2]
      Request finished HTTP/2 GET https://localhost:44353/_framework/aspnetcore-browser-refresh.js - 200 16511 application/javascript;+charset=utf-8 5.7742ms
dbug: Microsoft.AspNetCore.Server.IIS.Core.IISHttpServer[1]
      Connection ID "18302628895028936853" disconnecting.
dbug: Microsoft.AspNetCore.Server.IIS.Core.IISHttpServer[1]
      Connection ID "18158513732722884953" disconnecting.
info: Microsoft.AspNetCore.Hosting.Diagnostics[2]
      Request finished HTTP/2 GET https://localhost:44353/_vs/browserLink - 200 - text/javascript;+charset=UTF-8 19.3452ms
info: Microsoft.AspNetCore.Hosting.Diagnostics[1]
      Request starting HTTP/2 POST https://localhost:44353/Account/Login - application/json 45
dbug: Microsoft.AspNetCore.StaticFiles.StaticFileMiddleware[1]
      POST requests are not supported
dbug: Microsoft.AspNetCore.Routing.Matching.DfaMatcher[1001]
      2 candidate(s) found for the request path '/Account/Login'
dbug: Microsoft.AspNetCore.Routing.Matching.DfaMatcher[1005]
      Endpoint 'ParcelManagement2.Controllers.AccountController.Login (ParcelProject)' with route pattern '{controller=Account}/{action=Login}/{id?}' is valid for the request path '/Account/Login'
dbug: Microsoft.AspNetCore.Routing.Matching.DfaMatcher[1005]
      Endpoint 'ParcelManagement2.Controllers.AccountController.Login (ParcelProject)' with route pattern '{controller=Account}/{action=Login}/{id?}' is valid for the request path '/Account/Login'
dbug: Microsoft.AspNetCore.Routing.EndpointRoutingMiddleware[1]
      Request matched endpoint 'ParcelManagement2.Controllers.AccountController.Login (ParcelProject)'
dbug: Microsoft.AspNetCore.Authentication.Cookies.CookieAuthenticationHandler[9]
      AuthenticationScheme: Cookies was not authenticated.
info: Microsoft.AspNetCore.Routing.EndpointMiddleware[0]
      Executing endpoint 'ParcelManagement2.Controllers.AccountController.Login (ParcelProject)'
info: Microsoft.AspNetCore.Mvc.Infrastructure.ControllerActionInvoker[102]
      Route matched with {action = "Login", controller = "Account"}. Executing controller action with signature System.Threading.Tasks.Task`1[Microsoft.AspNetCore.Mvc.JsonResult] Login(LoginDto) on controller ParcelManagement2.Controllers.AccountController (ParcelProject).
dbug: Microsoft.AspNetCore.Mvc.Infrastructure.ControllerActionInvoker[1]
      Execution plan of authorization filters (in the following order): None
dbug: Microsoft.AspNetCore.Mvc.Infrastructure.ControllerActionInvoker[1]
      Execution plan of resource filters (in the following order): Microsoft.AspNetCore.Mvc.ViewFeatures.Filters.SaveTempDataFilter
dbug: Microsoft.AspNetCore.Mvc.Infrastructure.ControllerActionInvoker[1]
      Execution plan of action filters (in the following order): Microsoft.AspNetCore.Mvc.Filters.ControllerActionFilter (Order: -2147483648), Microsoft.AspNetCore.Mvc.ModelBinding.UnsupportedContentTypeFilter (Order: -3000)
dbug: Microsoft.AspNetCore.Mvc.Infrastructure.ControllerActionInvoker[1]
      Execution plan of exception filters (in the following order): None
dbug: Microsoft.AspNetCore.Mvc.Infrastructure.ControllerActionInvoker[1]
      Execution plan of result filters (in the following order): Microsoft.AspNetCore.Mvc.ViewFeatures.Filters.SaveTempDataFilter
dbug: Microsoft.AspNetCore.Mvc.Infrastructure.ControllerActionInvoker[1]
      Executing controller factory for controller ParcelManagement2.Controllers.AccountController (ParcelProject)
dbug: Microsoft.AspNetCore.Mvc.Infrastructure.ControllerActionInvoker[2]
      Executed controller factory for controller ParcelManagement2.Controllers.AccountController (ParcelProject)
dbug: Microsoft.AspNetCore.Mvc.ModelBinding.ParameterBinder[22]
      Attempting to bind parameter 'dto' of type 'ParcelManagement2.Models.Request.AccountRequest+LoginDto' ...
dbug: Microsoft.AspNetCore.Mvc.ModelBinding.Binders.BodyModelBinder[44]
      Attempting to bind parameter 'dto' of type 'ParcelManagement2.Models.Request.AccountRequest+LoginDto' using the name '' in request data ...
dbug: Microsoft.AspNetCore.Mvc.ModelBinding.Binders.BodyModelBinder[1]
      Selected input formatter 'Microsoft.AspNetCore.Mvc.Formatters.SystemTextJsonInputFormatter' for content type 'application/json'.
dbug: Microsoft.AspNetCore.Mvc.Formatters.SystemTextJsonInputFormatter[2]
      JSON input formatter succeeded, deserializing to type 'ParcelManagement2.Models.Request.AccountRequest+LoginDto'
dbug: Microsoft.AspNetCore.Mvc.ModelBinding.Binders.BodyModelBinder[45]
      Done attempting to bind parameter 'dto' of type 'ParcelManagement2.Models.Request.AccountRequest+LoginDto'.
dbug: Microsoft.AspNetCore.Mvc.ModelBinding.ParameterBinder[23]
      Done attempting to bind parameter 'dto' of type 'ParcelManagement2.Models.Request.AccountRequest+LoginDto'.
dbug: Microsoft.AspNetCore.Mvc.ModelBinding.ParameterBinder[26]
      Attempting to validate the bound parameter 'dto' of type 'ParcelManagement2.Models.Request.AccountRequest+LoginDto' ...
dbug: Microsoft.AspNetCore.Mvc.ModelBinding.ParameterBinder[27]
      Done attempting to validate the bound parameter 'dto' of type 'ParcelManagement2.Models.Request.AccountRequest+LoginDto'.
info: ParcelManagement2.Controllers.AccountController[0]
      登入嘗試開始
info: ParcelManagement2.Controllers.AccountController[0]
      ModelState valid=True
info: ParcelManagement2.Controllers.AccountController[0]
      接收到的資料 - Username: userA10102, Password: True
info: ParcelManagement2.Controllers.AccountController[0]
      登入成功 - Username: userA10102, Role: Resident
info: Microsoft.AspNetCore.Authentication.Cookies.CookieAuthenticationHandler[10]
      AuthenticationScheme: Cookies signed in.
dbug: Microsoft.AspNetCore.Routing.DefaultLinkGenerator[100]
      Found the endpoints Route: {controller=Account}/{action=Login}/{id?} for address (action=[Home],controller=[Resident])
dbug: Microsoft.AspNetCore.Routing.DefaultLinkGenerator[102]
      Successfully processed template {controller=Account}/{action=Login}/{id?} for Route: {controller=Account}/{action=Login}/{id?} resulting in /Resident/Home and 
dbug: Microsoft.AspNetCore.Routing.DefaultLinkGenerator[105]
      Link generation succeeded for endpoints Route: {controller=Account}/{action=Login}/{id?} with result /Resident/Home
info: ParcelManagement2.Controllers.AccountController[0]
      登入完成，導向: /Resident/Home
info: Microsoft.AspNetCore.Mvc.Infrastructure.SystemTextJsonResultExecutor[1]
      Executing JsonResult, writing value of type '<>f__AnonymousType2`4[[System.Boolean, System.Private.CoreLib, Version=8.0.0.0, Culture=neutral, PublicKeyToken=7cec85d7bea7798e],[System.String, System.Private.CoreLib, Version=8.0.0.0, Culture=neutral, PublicKeyToken=7cec85d7bea7798e],[System.String, System.Private.CoreLib, Version=8.0.0.0, Culture=neutral, PublicKeyToken=7cec85d7bea7798e],[<>f__AnonymousType3`2[[System.String, System.Private.CoreLib, Version=8.0.0.0, Culture=neutral, PublicKeyToken=7cec85d7bea7798e],[System.String, System.Private.CoreLib, Version=8.0.0.0, Culture=neutral, PublicKeyToken=7cec85d7bea7798e]], ParcelProject, Version=1.0.0.0, Culture=neutral, PublicKeyToken=null]]'.
info: Microsoft.AspNetCore.Mvc.Infrastructure.ControllerActionInvoker[105]
      Executed action ParcelManagement2.Controllers.AccountController.Login (ParcelProject) in 105.0013ms
info: Microsoft.AspNetCore.Routing.EndpointMiddleware[1]
      Executed endpoint 'ParcelManagement2.Controllers.AccountController.Login (ParcelProject)'
info: Microsoft.AspNetCore.Hosting.Diagnostics[2]
      Request finished HTTP/2 POST https://localhost:44353/Account/Login - 200 - application/json;+charset=utf-8 151.4503ms
dbug: Microsoft.AspNetCore.Server.IIS.Core.IISHttpServer[1]
      Connection ID "18302628937978609736" disconnecting.
info: Microsoft.AspNetCore.Hosting.Diagnostics[1]
      Request starting HTTP/2 GET https://localhost:44353/Resident/Home - - -
dbug: Microsoft.AspNetCore.StaticFiles.StaticFileMiddleware[4]
      The request path /Resident/Home does not match a supported file type
dbug: Microsoft.AspNetCore.Routing.Matching.DfaMatcher[1001]
      1 candidate(s) found for the request path '/Resident/Home'
dbug: Microsoft.AspNetCore.Routing.Matching.DfaMatcher[1005]
      Endpoint 'ParcelManagement2.Controllers.ResidentController.Home (ParcelProject)' with route pattern '{controller=Account}/{action=Login}/{id?}' is valid for the request path '/Resident/Home'
dbug: Microsoft.AspNetCore.Routing.EndpointRoutingMiddleware[1]
      Request matched endpoint 'ParcelManagement2.Controllers.ResidentController.Home (ParcelProject)'
dbug: Microsoft.AspNetCore.Authentication.Cookies.CookieAuthenticationHandler[8]
      AuthenticationScheme: Cookies was successfully authenticated.
dbug: Microsoft.AspNetCore.Authorization.DefaultAuthorizationService[1]
      Authorization was successful.
info: Microsoft.AspNetCore.Routing.EndpointMiddleware[0]
      Executing endpoint 'ParcelManagement2.Controllers.ResidentController.Home (ParcelProject)'
info: Microsoft.AspNetCore.Mvc.Infrastructure.ControllerActionInvoker[102]
      Route matched with {action = "Home", controller = "Resident"}. Executing controller action with signature Microsoft.AspNetCore.Mvc.IActionResult Home() on controller ParcelManagement2.Controllers.ResidentController (ParcelProject).
dbug: Microsoft.AspNetCore.Mvc.Infrastructure.ControllerActionInvoker[1]
      Execution plan of authorization filters (in the following order): None
dbug: Microsoft.AspNetCore.Mvc.Infrastructure.ControllerActionInvoker[1]
      Execution plan of resource filters (in the following order): Microsoft.AspNetCore.Mvc.ViewFeatures.Filters.SaveTempDataFilter
dbug: Microsoft.AspNetCore.Mvc.Infrastructure.ControllerActionInvoker[1]
      Execution plan of action filters (in the following order): Microsoft.AspNetCore.Mvc.Filters.ControllerActionFilter (Order: -2147483648), Microsoft.AspNetCore.Mvc.ModelBinding.UnsupportedContentTypeFilter (Order: -3000)
dbug: Microsoft.AspNetCore.Mvc.Infrastructure.ControllerActionInvoker[1]
      Execution plan of exception filters (in the following order): None
dbug: Microsoft.AspNetCore.Mvc.Infrastructure.ControllerActionInvoker[1]
      Execution plan of result filters (in the following order): Microsoft.AspNetCore.Mvc.ViewFeatures.Filters.SaveTempDataFilter
dbug: Microsoft.AspNetCore.Mvc.Infrastructure.ControllerActionInvoker[1]
      Executing controller factory for controller ParcelManagement2.Controllers.ResidentController (ParcelProject)
dbug: ParcelManagement2.Models.DBConn[0]
      資料庫連線字串已設定
dbug: Microsoft.AspNetCore.Mvc.Infrastructure.ControllerActionInvoker[2]
      Executed controller factory for controller ParcelManagement2.Controllers.ResidentController (ParcelProject)
dbug: ParcelManagement2.Models.DBConn[0]
      查詢成功，返回 2 行數據
dbug: Microsoft.AspNetCore.Session.DistributedSession[4]
      Session loaded; Key:f3a42b75-d459-1344-3c37-ff3073c71b14, Id:be5fffd8-37ca-330c-7652-55aaec6333fb, Count:1
dbug: Microsoft.AspNetCore.Mvc.Razor.RazorViewEngine[2]
      View lookup cache hit for view 'Home' in controller 'Resident'.
info: Microsoft.AspNetCore.Mvc.ViewFeatures.ViewResultExecutor[1]
      Executing ViewResult, running view Home.
dbug: Microsoft.AspNetCore.Mvc.ViewFeatures.ViewResultExecutor[2]
      The view path '/Views/Resident/Home.cshtml' was found in 5.6332ms.
dbug: Microsoft.AspNetCore.Antiforgery.DefaultAntiforgery[6]
      An antiforgery cookie token was reused.
dbug: Microsoft.WebTools.BrowserLink.Net.BrowserLinkMiddleware[1]
      Response markup is scheduled to include Browser Link script injection.
dbug: Microsoft.AspNetCore.Watch.BrowserRefresh.BrowserRefreshMiddleware[1]
      Response markup is scheduled to include browser refresh script injection.
info: Microsoft.AspNetCore.Mvc.ViewFeatures.ViewResultExecutor[4]
      Executed ViewResult - view Home executed in 19.4298ms.
info: Microsoft.AspNetCore.Mvc.Infrastructure.ControllerActionInvoker[105]
      Executed action ParcelManagement2.Controllers.ResidentController.Home (ParcelProject) in 80.5354ms
info: Microsoft.AspNetCore.Routing.EndpointMiddleware[1]
      Executed endpoint 'ParcelManagement2.Controllers.ResidentController.Home (ParcelProject)'
dbug: Microsoft.AspNetCore.Session.DistributedSession[5]
      Session stored; Key:f3a42b75-d459-1344-3c37-ff3073c71b14, Id:be5fffd8-37ca-330c-7652-55aaec6333fb, Count:1
dbug: Microsoft.WebTools.BrowserLink.Net.BrowserLinkMiddleware[2]
      Response markup was updated to include Browser Link script injection.
dbug: Microsoft.AspNetCore.Watch.BrowserRefresh.BrowserRefreshMiddleware[2]
      Response markup was updated to include browser refresh script injection.
dbug: Microsoft.AspNetCore.Server.IIS.Core.IISHttpServer[1]
      Connection ID "17798225771123179553" disconnecting.
info: Microsoft.AspNetCore.Hosting.Diagnostics[2]
      Request finished HTTP/2 GET https://localhost:44353/Resident/Home - 200 - text/html;+charset=utf-8 161.9688ms
info: Microsoft.AspNetCore.Hosting.Diagnostics[1]
      Request starting HTTP/2 POST https://localhost:44353/Resident/GetUncollectedMails - - 0
info: Microsoft.AspNetCore.Hosting.Diagnostics[1]
      Request starting HTTP/2 POST https://localhost:44353/Resident/GetUncollectedPackages - - 0
info: Microsoft.AspNetCore.Hosting.Diagnostics[1]
      Request starting HTTP/2 GET https://localhost:44353/_vs/browserLink - - -
dbug: Microsoft.AspNetCore.StaticFiles.StaticFileMiddleware[1]
      POST requests are not supported
dbug: Microsoft.AspNetCore.Routing.Matching.DfaMatcher[1001]
      1 candidate(s) found for the request path '/Resident/GetUncollectedMails'
info: Microsoft.AspNetCore.Hosting.Diagnostics[1]
      Request starting HTTP/2 GET https://localhost:44353/_framework/aspnetcore-browser-refresh.js - - -
dbug: Microsoft.AspNetCore.StaticFiles.StaticFileMiddleware[1]
      POST requests are not supported
dbug: Microsoft.AspNetCore.Routing.Matching.DfaMatcher[1005]
      Endpoint 'ParcelManagement2.Controllers.ResidentController.GetUncollectedMails (ParcelProject)' with route pattern '{controller=Account}/{action=Login}/{id?}' is valid for the request path '/Resident/GetUncollectedMails'
dbug: Microsoft.AspNetCore.Routing.EndpointRoutingMiddleware[1]
      Request matched endpoint 'ParcelManagement2.Controllers.ResidentController.GetUncollectedMails (ParcelProject)'
dbug: Microsoft.AspNetCore.Authentication.Cookies.CookieAuthenticationHandler[8]
      AuthenticationScheme: Cookies was successfully authenticated.
dbug: Microsoft.AspNetCore.Watch.BrowserRefresh.BrowserScriptMiddleware[0]
      Script injected: /_framework/aspnetcore-browser-refresh.js
dbug: Microsoft.AspNetCore.Routing.Matching.DfaMatcher[1001]
      1 candidate(s) found for the request path '/Resident/GetUncollectedPackages'
dbug: Microsoft.AspNetCore.Authorization.DefaultAuthorizationService[1]
      Authorization was successful.
info: Microsoft.AspNetCore.Routing.EndpointMiddleware[0]
      Executing endpoint 'ParcelManagement2.Controllers.ResidentController.GetUncollectedMails (ParcelProject)'
info: Microsoft.AspNetCore.Hosting.Diagnostics[2]
      Request finished HTTP/2 GET https://localhost:44353/_framework/aspnetcore-browser-refresh.js - 200 16511 application/javascript;+charset=utf-8 55.2699ms
dbug: Microsoft.AspNetCore.Server.IIS.Core.IISHttpServer[1]
      Connection ID "18014398561826898088" disconnecting.
info: Microsoft.AspNetCore.Mvc.Infrastructure.ControllerActionInvoker[102]
      Route matched with {action = "GetUncollectedMails", controller = "Resident"}. Executing controller action with signature Microsoft.AspNetCore.Mvc.IActionResult GetUncollectedMails() on controller ParcelManagement2.Controllers.ResidentController (ParcelProject).
dbug: Microsoft.AspNetCore.Mvc.Infrastructure.ControllerActionInvoker[1]
      Execution plan of authorization filters (in the following order): None
dbug: Microsoft.AspNetCore.Mvc.Infrastructure.ControllerActionInvoker[1]
      Execution plan of resource filters (in the following order): Microsoft.AspNetCore.Mvc.ViewFeatures.Filters.SaveTempDataFilter
dbug: Microsoft.AspNetCore.Mvc.Infrastructure.ControllerActionInvoker[1]
      Execution plan of action filters (in the following order): Microsoft.AspNetCore.Mvc.Filters.ControllerActionFilter (Order: -2147483648), Microsoft.AspNetCore.Mvc.ModelBinding.UnsupportedContentTypeFilter (Order: -3000)
dbug: Microsoft.AspNetCore.Mvc.Infrastructure.ControllerActionInvoker[1]
      Execution plan of exception filters (in the following order): None
info: Microsoft.AspNetCore.Hosting.Diagnostics[2]
      Request finished HTTP/2 GET https://localhost:44353/_vs/browserLink - 200 - text/javascript;+charset=UTF-8 135.1818ms
dbug: Microsoft.AspNetCore.Server.IIS.Core.IISHttpServer[1]
      Connection ID "18374686532016537751" disconnecting.
dbug: Microsoft.AspNetCore.Mvc.Infrastructure.ControllerActionInvoker[1]
      Execution plan of result filters (in the following order): Microsoft.AspNetCore.Mvc.ViewFeatures.Filters.SaveTempDataFilter
dbug: Microsoft.AspNetCore.Mvc.Infrastructure.ControllerActionInvoker[1]
      Executing controller factory for controller ParcelManagement2.Controllers.ResidentController (ParcelProject)
dbug: ParcelManagement2.Models.DBConn[0]
      資料庫連線字串已設定
dbug: Microsoft.AspNetCore.Mvc.Infrastructure.ControllerActionInvoker[2]
      Executed controller factory for controller ParcelManagement2.Controllers.ResidentController (ParcelProject)
dbug: Microsoft.AspNetCore.Routing.Matching.DfaMatcher[1005]
      Endpoint 'ParcelManagement2.Controllers.ResidentController.GetUncollectedPackages (ParcelProject)' with route pattern '{controller=Account}/{action=Login}/{id?}' is valid for the request path '/Resident/GetUncollectedPackages'
dbug: Microsoft.AspNetCore.Routing.EndpointRoutingMiddleware[1]
      Request matched endpoint 'ParcelManagement2.Controllers.ResidentController.GetUncollectedPackages (ParcelProject)'
dbug: Microsoft.AspNetCore.Session.DistributedSession[4]
      Session loaded; Key:f3a42b75-d459-1344-3c37-ff3073c71b14, Id:be5fffd8-37ca-330c-7652-55aaec6333fb, Count:1
dbug: Microsoft.AspNetCore.Authentication.Cookies.CookieAuthenticationHandler[8]
      AuthenticationScheme: Cookies was successfully authenticated.
dbug: Microsoft.AspNetCore.Authorization.DefaultAuthorizationService[1]
      Authorization was successful.
info: Microsoft.AspNetCore.Routing.EndpointMiddleware[0]
      Executing endpoint 'ParcelManagement2.Controllers.ResidentController.GetUncollectedPackages (ParcelProject)'
info: Microsoft.AspNetCore.Mvc.Infrastructure.ControllerActionInvoker[102]
      Route matched with {action = "GetUncollectedPackages", controller = "Resident"}. Executing controller action with signature Microsoft.AspNetCore.Mvc.IActionResult GetUncollectedPackages() on controller ParcelManagement2.Controllers.ResidentController (ParcelProject).
dbug: Microsoft.AspNetCore.Mvc.Infrastructure.ControllerActionInvoker[1]
      Execution plan of authorization filters (in the following order): None
dbug: Microsoft.AspNetCore.Mvc.Infrastructure.ControllerActionInvoker[1]
      Execution plan of resource filters (in the following order): Microsoft.AspNetCore.Mvc.ViewFeatures.Filters.SaveTempDataFilter
dbug: ParcelManagement2.Models.DBConn[0]
      查詢成功，返回 0 行數據
dbug: Microsoft.AspNetCore.Mvc.Infrastructure.ControllerActionInvoker[1]
      Execution plan of action filters (in the following order): Microsoft.AspNetCore.Mvc.Filters.ControllerActionFilter (Order: -2147483648), Microsoft.AspNetCore.Mvc.ModelBinding.UnsupportedContentTypeFilter (Order: -3000)
info: Microsoft.AspNetCore.Mvc.Infrastructure.ContentResultExecutor[1]
      Executing ContentResult with HTTP Response ContentType of application/json
dbug: Microsoft.AspNetCore.Mvc.Infrastructure.ControllerActionInvoker[1]
      Execution plan of exception filters (in the following order): None
info: Microsoft.AspNetCore.Mvc.Infrastructure.ControllerActionInvoker[105]
      Executed action ParcelManagement2.Controllers.ResidentController.GetUncollectedMails (ParcelProject) in 71.0656ms
dbug: Microsoft.AspNetCore.Mvc.Infrastructure.ControllerActionInvoker[1]
      Execution plan of result filters (in the following order): Microsoft.AspNetCore.Mvc.ViewFeatures.Filters.SaveTempDataFilter
info: Microsoft.AspNetCore.Routing.EndpointMiddleware[1]
      Executed endpoint 'ParcelManagement2.Controllers.ResidentController.GetUncollectedMails (ParcelProject)'
dbug: Microsoft.AspNetCore.Server.IIS.Core.IISHttpServer[1]
      Connection ID "18230571343940681950" disconnecting.
info: Microsoft.AspNetCore.Hosting.Diagnostics[2]
      Request finished HTTP/2 POST https://localhost:44353/Resident/GetUncollectedMails - 200 2 application/json 241.1251ms
dbug: Microsoft.AspNetCore.Mvc.Infrastructure.ControllerActionInvoker[1]
      Executing controller factory for controller ParcelManagement2.Controllers.ResidentController (ParcelProject)
dbug: ParcelManagement2.Models.DBConn[0]
      資料庫連線字串已設定
dbug: Microsoft.AspNetCore.Mvc.Infrastructure.ControllerActionInvoker[2]
      Executed controller factory for controller ParcelManagement2.Controllers.ResidentController (ParcelProject)
dbug: Microsoft.AspNetCore.Session.DistributedSession[4]
      Session loaded; Key:f3a42b75-d459-1344-3c37-ff3073c71b14, Id:be5fffd8-37ca-330c-7652-55aaec6333fb, Count:1
dbug: ParcelManagement2.Models.DBConn[0]
      查詢成功，返回 4 行數據
info: Microsoft.AspNetCore.Mvc.Infrastructure.ContentResultExecutor[1]
      Executing ContentResult with HTTP Response ContentType of application/json
info: Microsoft.AspNetCore.Mvc.Infrastructure.ControllerActionInvoker[105]
      Executed action ParcelManagement2.Controllers.ResidentController.GetUncollectedPackages (ParcelProject) in 63.2772ms
info: Microsoft.AspNetCore.Routing.EndpointMiddleware[1]
      Executed endpoint 'ParcelManagement2.Controllers.ResidentController.GetUncollectedPackages (ParcelProject)'
info: Microsoft.AspNetCore.Hosting.Diagnostics[2]
      Request finished HTTP/2 POST https://localhost:44353/Resident/GetUncollectedPackages - 200 501 application/json 301.7290ms
dbug: Microsoft.AspNetCore.Server.IIS.Core.IISHttpServer[1]
      Connection ID "18302628937978609738" disconnecting.
dbug: Microsoft.Extensions.Http.DefaultHttpClientFactory[100]
      Starting HttpMessageHandler cleanup cycle with 2 items
dbug: Microsoft.Extensions.Http.DefaultHttpClientFactory[101]
      Ending HttpMessageHandler cleanup cycle after 0.0018ms - processed: 0 items - remaining: 2 items
info: Microsoft.AspNetCore.Hosting.Diagnostics[1]
      Request starting HTTP/2 POST https://localhost:44353/Resident/SelectMember - application/x-www-form-urlencoded 19
dbug: Microsoft.AspNetCore.StaticFiles.StaticFileMiddleware[1]
      POST requests are not supported
dbug: Microsoft.AspNetCore.Routing.Matching.DfaMatcher[1001]
      1 candidate(s) found for the request path '/Resident/SelectMember'
dbug: Microsoft.AspNetCore.Routing.Matching.DfaMatcher[1005]
      Endpoint 'ParcelManagement2.Controllers.ResidentController.SelectMember (ParcelProject)' with route pattern '{controller=Account}/{action=Login}/{id?}' is valid for the request path '/Resident/SelectMember'
dbug: Microsoft.AspNetCore.Routing.EndpointRoutingMiddleware[1]
      Request matched endpoint 'ParcelManagement2.Controllers.ResidentController.SelectMember (ParcelProject)'
dbug: Microsoft.AspNetCore.Authentication.Cookies.CookieAuthenticationHandler[8]
      AuthenticationScheme: Cookies was successfully authenticated.
dbug: Microsoft.AspNetCore.Authorization.DefaultAuthorizationService[1]
      Authorization was successful.
info: Microsoft.AspNetCore.Routing.EndpointMiddleware[0]
      Executing endpoint 'ParcelManagement2.Controllers.ResidentController.SelectMember (ParcelProject)'
info: Microsoft.AspNetCore.Mvc.Infrastructure.ControllerActionInvoker[102]
      Route matched with {action = "SelectMember", controller = "Resident"}. Executing controller action with signature Microsoft.AspNetCore.Mvc.IActionResult SelectMember(System.String) on controller ParcelManagement2.Controllers.ResidentController (ParcelProject).
dbug: Microsoft.AspNetCore.Mvc.Infrastructure.ControllerActionInvoker[1]
      Execution plan of authorization filters (in the following order): None
dbug: Microsoft.AspNetCore.Mvc.Infrastructure.ControllerActionInvoker[1]
      Execution plan of resource filters (in the following order): Microsoft.AspNetCore.Mvc.ViewFeatures.Filters.SaveTempDataFilter
dbug: Microsoft.AspNetCore.Mvc.Infrastructure.ControllerActionInvoker[1]
      Execution plan of action filters (in the following order): Microsoft.AspNetCore.Mvc.Filters.ControllerActionFilter (Order: -2147483648), Microsoft.AspNetCore.Mvc.ModelBinding.UnsupportedContentTypeFilter (Order: -3000)
dbug: Microsoft.AspNetCore.Mvc.Infrastructure.ControllerActionInvoker[1]
      Execution plan of exception filters (in the following order): None
dbug: Microsoft.AspNetCore.Mvc.Infrastructure.ControllerActionInvoker[1]
      Execution plan of result filters (in the following order): Microsoft.AspNetCore.Mvc.ViewFeatures.Filters.SaveTempDataFilter
dbug: Microsoft.AspNetCore.Mvc.Infrastructure.ControllerActionInvoker[1]
      Executing controller factory for controller ParcelManagement2.Controllers.ResidentController (ParcelProject)
dbug: ParcelManagement2.Models.DBConn[0]
      資料庫連線字串已設定
dbug: Microsoft.AspNetCore.Mvc.Infrastructure.ControllerActionInvoker[2]
      Executed controller factory for controller ParcelManagement2.Controllers.ResidentController (ParcelProject)
dbug: Microsoft.AspNetCore.Mvc.ModelBinding.ParameterBinder[22]
      Attempting to bind parameter 'residentId' of type 'System.String' ...
dbug: Microsoft.AspNetCore.Mvc.ModelBinding.Binders.SimpleTypeModelBinder[44]
      Attempting to bind parameter 'residentId' of type 'System.String' using the name 'residentId' in request data ...
dbug: Microsoft.AspNetCore.Mvc.ModelBinding.Binders.SimpleTypeModelBinder[45]
      Done attempting to bind parameter 'residentId' of type 'System.String'.
dbug: Microsoft.AspNetCore.Mvc.ModelBinding.ParameterBinder[23]
      Done attempting to bind parameter 'residentId' of type 'System.String'.
dbug: Microsoft.AspNetCore.Mvc.ModelBinding.ParameterBinder[26]
      Attempting to validate the bound parameter 'residentId' of type 'System.String' ...
dbug: Microsoft.AspNetCore.Mvc.ModelBinding.ParameterBinder[27]
      Done attempting to validate the bound parameter 'residentId' of type 'System.String'.
dbug: ParcelManagement2.Models.DBConn[0]
      查詢成功，返回 1 行數據
dbug: Microsoft.AspNetCore.Session.DistributedSession[4]
      Session loaded; Key:f3a42b75-d459-1344-3c37-ff3073c71b14, Id:be5fffd8-37ca-330c-7652-55aaec6333fb, Count:1
info: Microsoft.AspNetCore.Mvc.Infrastructure.SystemTextJsonResultExecutor[1]
      Executing JsonResult, writing value of type '<>f__AnonymousType15`3[[System.Boolean, System.Private.CoreLib, Version=8.0.0.0, Culture=neutral, PublicKeyToken=7cec85d7bea7798e],[System.String, System.Private.CoreLib, Version=8.0.0.0, Culture=neutral, PublicKeyToken=7cec85d7bea7798e],[System.String, System.Private.CoreLib, Version=8.0.0.0, Culture=neutral, PublicKeyToken=7cec85d7bea7798e]]'.
info: Microsoft.AspNetCore.Mvc.Infrastructure.ControllerActionInvoker[105]
      Executed action ParcelManagement2.Controllers.ResidentController.SelectMember (ParcelProject) in 85.7749ms
info: Microsoft.AspNetCore.Routing.EndpointMiddleware[1]
      Executed endpoint 'ParcelManagement2.Controllers.ResidentController.SelectMember (ParcelProject)'
dbug: Microsoft.AspNetCore.Session.DistributedSession[5]
      Session stored; Key:f3a42b75-d459-1344-3c37-ff3073c71b14, Id:be5fffd8-37ca-330c-7652-55aaec6333fb, Count:1
dbug: Microsoft.AspNetCore.Server.IIS.Core.IISHttpServer[1]
      Connection ID "18302628903618871524" disconnecting.
info: Microsoft.AspNetCore.Hosting.Diagnostics[2]
      Request finished HTTP/2 POST https://localhost:44353/Resident/SelectMember - 200 - application/json;+charset=utf-8 142.8207ms
info: Microsoft.AspNetCore.Hosting.Diagnostics[1]
      Request starting HTTP/2 POST https://localhost:44353/Resident/GetUncollectedMails - - 0
info: Microsoft.AspNetCore.Hosting.Diagnostics[1]
      Request starting HTTP/2 POST https://localhost:44353/Resident/GetUncollectedPackages - - 0
dbug: Microsoft.AspNetCore.StaticFiles.StaticFileMiddleware[1]
      POST requests are not supported
dbug: Microsoft.AspNetCore.StaticFiles.StaticFileMiddleware[1]
      POST requests are not supported
dbug: Microsoft.AspNetCore.Routing.Matching.DfaMatcher[1001]
      1 candidate(s) found for the request path '/Resident/GetUncollectedMails'
dbug: Microsoft.AspNetCore.Routing.Matching.DfaMatcher[1001]
      1 candidate(s) found for the request path '/Resident/GetUncollectedPackages'
dbug: Microsoft.AspNetCore.Routing.Matching.DfaMatcher[1005]
      Endpoint 'ParcelManagement2.Controllers.ResidentController.GetUncollectedPackages (ParcelProject)' with route pattern '{controller=Account}/{action=Login}/{id?}' is valid for the request path '/Resident/GetUncollectedPackages'
dbug: Microsoft.AspNetCore.Routing.Matching.DfaMatcher[1005]
      Endpoint 'ParcelManagement2.Controllers.ResidentController.GetUncollectedMails (ParcelProject)' with route pattern '{controller=Account}/{action=Login}/{id?}' is valid for the request path '/Resident/GetUncollectedMails'
dbug: Microsoft.AspNetCore.Routing.EndpointRoutingMiddleware[1]
      Request matched endpoint 'ParcelManagement2.Controllers.ResidentController.GetUncollectedPackages (ParcelProject)'
dbug: Microsoft.AspNetCore.Routing.EndpointRoutingMiddleware[1]
      Request matched endpoint 'ParcelManagement2.Controllers.ResidentController.GetUncollectedMails (ParcelProject)'
dbug: Microsoft.AspNetCore.Authentication.Cookies.CookieAuthenticationHandler[8]
      AuthenticationScheme: Cookies was successfully authenticated.
dbug: Microsoft.AspNetCore.Authentication.Cookies.CookieAuthenticationHandler[8]
      AuthenticationScheme: Cookies was successfully authenticated.
dbug: Microsoft.AspNetCore.Authorization.DefaultAuthorizationService[1]
      Authorization was successful.
dbug: Microsoft.AspNetCore.Authorization.DefaultAuthorizationService[1]
      Authorization was successful.
info: Microsoft.AspNetCore.Routing.EndpointMiddleware[0]
      Executing endpoint 'ParcelManagement2.Controllers.ResidentController.GetUncollectedMails (ParcelProject)'
info: Microsoft.AspNetCore.Routing.EndpointMiddleware[0]
      Executing endpoint 'ParcelManagement2.Controllers.ResidentController.GetUncollectedPackages (ParcelProject)'
info: Microsoft.AspNetCore.Mvc.Infrastructure.ControllerActionInvoker[102]
      Route matched with {action = "GetUncollectedMails", controller = "Resident"}. Executing controller action with signature Microsoft.AspNetCore.Mvc.IActionResult GetUncollectedMails() on controller ParcelManagement2.Controllers.ResidentController (ParcelProject).
info: Microsoft.AspNetCore.Mvc.Infrastructure.ControllerActionInvoker[102]
      Route matched with {action = "GetUncollectedPackages", controller = "Resident"}. Executing controller action with signature Microsoft.AspNetCore.Mvc.IActionResult GetUncollectedPackages() on controller ParcelManagement2.Controllers.ResidentController (ParcelProject).
dbug: Microsoft.AspNetCore.Mvc.Infrastructure.ControllerActionInvoker[1]
      Execution plan of authorization filters (in the following order): None
dbug: Microsoft.AspNetCore.Mvc.Infrastructure.ControllerActionInvoker[1]
      Execution plan of authorization filters (in the following order): None
dbug: Microsoft.AspNetCore.Mvc.Infrastructure.ControllerActionInvoker[1]
      Execution plan of resource filters (in the following order): Microsoft.AspNetCore.Mvc.ViewFeatures.Filters.SaveTempDataFilter
dbug: Microsoft.AspNetCore.Mvc.Infrastructure.ControllerActionInvoker[1]
      Execution plan of resource filters (in the following order): Microsoft.AspNetCore.Mvc.ViewFeatures.Filters.SaveTempDataFilter
dbug: Microsoft.AspNetCore.Mvc.Infrastructure.ControllerActionInvoker[1]
      Execution plan of action filters (in the following order): Microsoft.AspNetCore.Mvc.Filters.ControllerActionFilter (Order: -2147483648), Microsoft.AspNetCore.Mvc.ModelBinding.UnsupportedContentTypeFilter (Order: -3000)
dbug: Microsoft.AspNetCore.Mvc.Infrastructure.ControllerActionInvoker[1]
      Execution plan of action filters (in the following order): Microsoft.AspNetCore.Mvc.Filters.ControllerActionFilter (Order: -2147483648), Microsoft.AspNetCore.Mvc.ModelBinding.UnsupportedContentTypeFilter (Order: -3000)
dbug: Microsoft.AspNetCore.Mvc.Infrastructure.ControllerActionInvoker[1]
      Execution plan of exception filters (in the following order): None
dbug: Microsoft.AspNetCore.Mvc.Infrastructure.ControllerActionInvoker[1]
      Execution plan of exception filters (in the following order): None
dbug: Microsoft.AspNetCore.Mvc.Infrastructure.ControllerActionInvoker[1]
      Execution plan of result filters (in the following order): Microsoft.AspNetCore.Mvc.ViewFeatures.Filters.SaveTempDataFilter
dbug: Microsoft.AspNetCore.Mvc.Infrastructure.ControllerActionInvoker[1]
      Executing controller factory for controller ParcelManagement2.Controllers.ResidentController (ParcelProject)
dbug: Microsoft.AspNetCore.Mvc.Infrastructure.ControllerActionInvoker[1]
      Execution plan of result filters (in the following order): Microsoft.AspNetCore.Mvc.ViewFeatures.Filters.SaveTempDataFilter
dbug: Microsoft.AspNetCore.Mvc.Infrastructure.ControllerActionInvoker[1]
      Executing controller factory for controller ParcelManagement2.Controllers.ResidentController (ParcelProject)
dbug: ParcelManagement2.Models.DBConn[0]
      資料庫連線字串已設定
dbug: ParcelManagement2.Models.DBConn[0]
      資料庫連線字串已設定
dbug: Microsoft.AspNetCore.Mvc.Infrastructure.ControllerActionInvoker[2]
      Executed controller factory for controller ParcelManagement2.Controllers.ResidentController (ParcelProject)
dbug: Microsoft.AspNetCore.Mvc.Infrastructure.ControllerActionInvoker[2]
      Executed controller factory for controller ParcelManagement2.Controllers.ResidentController (ParcelProject)
dbug: Microsoft.AspNetCore.Session.DistributedSession[4]
      Session loaded; Key:f3a42b75-d459-1344-3c37-ff3073c71b14, Id:be5fffd8-37ca-330c-7652-55aaec6333fb, Count:1
dbug: Microsoft.AspNetCore.Session.DistributedSession[4]
      Session loaded; Key:f3a42b75-d459-1344-3c37-ff3073c71b14, Id:be5fffd8-37ca-330c-7652-55aaec6333fb, Count:1
dbug: ParcelManagement2.Models.DBConn[0]
      查詢成功，返回 1 行數據
info: Microsoft.AspNetCore.Mvc.Infrastructure.ContentResultExecutor[1]
      Executing ContentResult with HTTP Response ContentType of application/json
dbug: ParcelManagement2.Models.DBConn[0]
      查詢成功，返回 9 行數據
info: Microsoft.AspNetCore.Mvc.Infrastructure.ContentResultExecutor[1]
      Executing ContentResult with HTTP Response ContentType of application/json
info: Microsoft.AspNetCore.Mvc.Infrastructure.ControllerActionInvoker[105]
      Executed action ParcelManagement2.Controllers.ResidentController.GetUncollectedMails (ParcelProject) in 70.5288ms
info: Microsoft.AspNetCore.Routing.EndpointMiddleware[1]
      Executed endpoint 'ParcelManagement2.Controllers.ResidentController.GetUncollectedMails (ParcelProject)'
info: Microsoft.AspNetCore.Mvc.Infrastructure.ControllerActionInvoker[105]
      Executed action ParcelManagement2.Controllers.ResidentController.GetUncollectedPackages (ParcelProject) in 74.7509ms
info: Microsoft.AspNetCore.Hosting.Diagnostics[2]
      Request finished HTTP/2 POST https://localhost:44353/Resident/GetUncollectedMails - 200 161 application/json 150.1485ms
dbug: Microsoft.AspNetCore.Server.IIS.Core.IISHttpServer[1]
      Connection ID "17798225753943310337" disconnecting.
info: Microsoft.AspNetCore.Routing.EndpointMiddleware[1]
      Executed endpoint 'ParcelManagement2.Controllers.ResidentController.GetUncollectedPackages (ParcelProject)'
info: Microsoft.AspNetCore.Hosting.Diagnostics[2]
      Request finished HTTP/2 POST https://localhost:44353/Resident/GetUncollectedPackages - 200 1126 application/json 156.8279ms
dbug: Microsoft.AspNetCore.Server.IIS.Core.IISHttpServer[1]
      Connection ID "18086456130095022251" disconnecting.
dbug: Microsoft.Extensions.Http.DefaultHttpClientFactory[100]
      Starting HttpMessageHandler cleanup cycle with 2 items
dbug: Microsoft.Extensions.Http.DefaultHttpClientFactory[101]
      Ending HttpMessageHandler cleanup cycle after 0.0042ms - processed: 0 items - remaining: 2 items
dbug: Microsoft.Extensions.Http.DefaultHttpClientFactory[100]
      Starting HttpMessageHandler cleanup cycle with 2 items
dbug: Microsoft.Extensions.Http.DefaultHttpClientFactory[101]
      Ending HttpMessageHandler cleanup cycle after 0.0063ms - processed: 0 items - remaining: 2 items
dbug: Microsoft.Extensions.Http.DefaultHttpClientFactory[100]
      Starting HttpMessageHandler cleanup cycle with 2 items
dbug: Microsoft.Extensions.Http.DefaultHttpClientFactory[101]
      Ending HttpMessageHandler cleanup cycle after 0.0065ms - processed: 0 items - remaining: 2 items
dbug: Microsoft.Extensions.Http.DefaultHttpClientFactory[100]
      Starting HttpMessageHandler cleanup cycle with 2 items
dbug: Microsoft.Extensions.Http.DefaultHttpClientFactory[101]
      Ending HttpMessageHandler cleanup cycle after 0.0039ms - processed: 0 items - remaining: 2 items
dbug: Microsoft.Extensions.Http.DefaultHttpClientFactory[100]
      Starting HttpMessageHandler cleanup cycle with 2 items
dbug: Microsoft.Extensions.Http.DefaultHttpClientFactory[101]
      Ending HttpMessageHandler cleanup cycle after 0.0055ms - processed: 0 items - remaining: 2 items
dbug: Microsoft.Extensions.Http.DefaultHttpClientFactory[100]
      Starting HttpMessageHandler cleanup cycle with 2 items
dbug: Microsoft.Extensions.Http.DefaultHttpClientFactory[101]
      Ending HttpMessageHandler cleanup cycle after 0.0044ms - processed: 0 items - remaining: 2 items
dbug: Microsoft.Extensions.Http.DefaultHttpClientFactory[100]
      Starting HttpMessageHandler cleanup cycle with 2 items
dbug: Microsoft.Extensions.Http.DefaultHttpClientFactory[101]
      Ending HttpMessageHandler cleanup cycle after 0.0035ms - processed: 0 items - remaining: 2 items
info: Microsoft.AspNetCore.Hosting.Diagnostics[1]
      Request starting HTTP/2 POST https://localhost:44353/Resident/SelectMember - application/x-www-form-urlencoded 19
dbug: Microsoft.AspNetCore.StaticFiles.StaticFileMiddleware[1]
      POST requests are not supported
dbug: Microsoft.AspNetCore.Routing.Matching.DfaMatcher[1001]
      1 candidate(s) found for the request path '/Resident/SelectMember'
dbug: Microsoft.AspNetCore.Routing.Matching.DfaMatcher[1005]
      Endpoint 'ParcelManagement2.Controllers.ResidentController.SelectMember (ParcelProject)' with route pattern '{controller=Account}/{action=Login}/{id?}' is valid for the request path '/Resident/SelectMember'
dbug: Microsoft.AspNetCore.Routing.EndpointRoutingMiddleware[1]
      Request matched endpoint 'ParcelManagement2.Controllers.ResidentController.SelectMember (ParcelProject)'
dbug: Microsoft.AspNetCore.Authentication.Cookies.CookieAuthenticationHandler[8]
      AuthenticationScheme: Cookies was successfully authenticated.
dbug: Microsoft.AspNetCore.Authorization.DefaultAuthorizationService[1]
      Authorization was successful.
info: Microsoft.AspNetCore.Routing.EndpointMiddleware[0]
      Executing endpoint 'ParcelManagement2.Controllers.ResidentController.SelectMember (ParcelProject)'
info: Microsoft.AspNetCore.Mvc.Infrastructure.ControllerActionInvoker[102]
      Route matched with {action = "SelectMember", controller = "Resident"}. Executing controller action with signature Microsoft.AspNetCore.Mvc.IActionResult SelectMember(System.String) on controller ParcelManagement2.Controllers.ResidentController (ParcelProject).
dbug: Microsoft.AspNetCore.Mvc.Infrastructure.ControllerActionInvoker[1]
      Execution plan of authorization filters (in the following order): None
dbug: Microsoft.AspNetCore.Mvc.Infrastructure.ControllerActionInvoker[1]
      Execution plan of resource filters (in the following order): Microsoft.AspNetCore.Mvc.ViewFeatures.Filters.SaveTempDataFilter
dbug: Microsoft.AspNetCore.Mvc.Infrastructure.ControllerActionInvoker[1]
      Execution plan of action filters (in the following order): Microsoft.AspNetCore.Mvc.Filters.ControllerActionFilter (Order: -2147483648), Microsoft.AspNetCore.Mvc.ModelBinding.UnsupportedContentTypeFilter (Order: -3000)
dbug: Microsoft.AspNetCore.Mvc.Infrastructure.ControllerActionInvoker[1]
      Execution plan of exception filters (in the following order): None
dbug: Microsoft.AspNetCore.Mvc.Infrastructure.ControllerActionInvoker[1]
      Execution plan of result filters (in the following order): Microsoft.AspNetCore.Mvc.ViewFeatures.Filters.SaveTempDataFilter
dbug: Microsoft.AspNetCore.Mvc.Infrastructure.ControllerActionInvoker[1]
      Executing controller factory for controller ParcelManagement2.Controllers.ResidentController (ParcelProject)
dbug: ParcelManagement2.Models.DBConn[0]
      資料庫連線字串已設定
dbug: Microsoft.AspNetCore.Mvc.Infrastructure.ControllerActionInvoker[2]
      Executed controller factory for controller ParcelManagement2.Controllers.ResidentController (ParcelProject)
dbug: Microsoft.AspNetCore.Mvc.ModelBinding.ParameterBinder[22]
      Attempting to bind parameter 'residentId' of type 'System.String' ...
dbug: Microsoft.AspNetCore.Mvc.ModelBinding.Binders.SimpleTypeModelBinder[44]
      Attempting to bind parameter 'residentId' of type 'System.String' using the name 'residentId' in request data ...
dbug: Microsoft.AspNetCore.Mvc.ModelBinding.Binders.SimpleTypeModelBinder[45]
      Done attempting to bind parameter 'residentId' of type 'System.String'.
dbug: Microsoft.AspNetCore.Mvc.ModelBinding.ParameterBinder[23]
      Done attempting to bind parameter 'residentId' of type 'System.String'.
dbug: Microsoft.AspNetCore.Mvc.ModelBinding.ParameterBinder[26]
      Attempting to validate the bound parameter 'residentId' of type 'System.String' ...
dbug: Microsoft.AspNetCore.Mvc.ModelBinding.ParameterBinder[27]
      Done attempting to validate the bound parameter 'residentId' of type 'System.String'.
dbug: ParcelManagement2.Models.DBConn[0]
      查詢成功，返回 1 行數據
dbug: Microsoft.AspNetCore.Session.DistributedSession[4]
      Session loaded; Key:f3a42b75-d459-1344-3c37-ff3073c71b14, Id:be5fffd8-37ca-330c-7652-55aaec6333fb, Count:1
info: Microsoft.AspNetCore.Mvc.Infrastructure.SystemTextJsonResultExecutor[1]
      Executing JsonResult, writing value of type '<>f__AnonymousType15`3[[System.Boolean, System.Private.CoreLib, Version=8.0.0.0, Culture=neutral, PublicKeyToken=7cec85d7bea7798e],[System.String, System.Private.CoreLib, Version=8.0.0.0, Culture=neutral, PublicKeyToken=7cec85d7bea7798e],[System.String, System.Private.CoreLib, Version=8.0.0.0, Culture=neutral, PublicKeyToken=7cec85d7bea7798e]]'.
info: Microsoft.AspNetCore.Mvc.Infrastructure.ControllerActionInvoker[105]
      Executed action ParcelManagement2.Controllers.ResidentController.SelectMember (ParcelProject) in 65.4604ms
info: Microsoft.AspNetCore.Routing.EndpointMiddleware[1]
      Executed endpoint 'ParcelManagement2.Controllers.ResidentController.SelectMember (ParcelProject)'
dbug: Microsoft.AspNetCore.Session.DistributedSession[5]
      Session stored; Key:f3a42b75-d459-1344-3c37-ff3073c71b14, Id:be5fffd8-37ca-330c-7652-55aaec6333fb, Count:1
info: Microsoft.AspNetCore.Hosting.Diagnostics[2]
      Request finished HTTP/2 POST https://localhost:44353/Resident/SelectMember - 200 - application/json;+charset=utf-8 119.7704ms
dbug: Microsoft.AspNetCore.Server.IIS.Core.IISHttpServer[1]
      Connection ID "18086456117210120202" disconnecting.
info: Microsoft.AspNetCore.Hosting.Diagnostics[1]
      Request starting HTTP/2 POST https://localhost:44353/Resident/GetUncollectedPackages - - 0
info: Microsoft.AspNetCore.Hosting.Diagnostics[1]
      Request starting HTTP/2 POST https://localhost:44353/Resident/GetUncollectedMails - - 0
dbug: Microsoft.AspNetCore.StaticFiles.StaticFileMiddleware[1]
      POST requests are not supported
dbug: Microsoft.AspNetCore.StaticFiles.StaticFileMiddleware[1]
      POST requests are not supported
dbug: Microsoft.AspNetCore.Routing.Matching.DfaMatcher[1001]
      1 candidate(s) found for the request path '/Resident/GetUncollectedPackages'
dbug: Microsoft.AspNetCore.Routing.Matching.DfaMatcher[1001]
      1 candidate(s) found for the request path '/Resident/GetUncollectedMails'
dbug: Microsoft.AspNetCore.Routing.Matching.DfaMatcher[1005]
      Endpoint 'ParcelManagement2.Controllers.ResidentController.GetUncollectedMails (ParcelProject)' with route pattern '{controller=Account}/{action=Login}/{id?}' is valid for the request path '/Resident/GetUncollectedMails'
dbug: Microsoft.AspNetCore.Routing.Matching.DfaMatcher[1005]
      Endpoint 'ParcelManagement2.Controllers.ResidentController.GetUncollectedPackages (ParcelProject)' with route pattern '{controller=Account}/{action=Login}/{id?}' is valid for the request path '/Resident/GetUncollectedPackages'
dbug: Microsoft.AspNetCore.Routing.EndpointRoutingMiddleware[1]
      Request matched endpoint 'ParcelManagement2.Controllers.ResidentController.GetUncollectedMails (ParcelProject)'
dbug: Microsoft.AspNetCore.Routing.EndpointRoutingMiddleware[1]
      Request matched endpoint 'ParcelManagement2.Controllers.ResidentController.GetUncollectedPackages (ParcelProject)'
dbug: Microsoft.AspNetCore.Authentication.Cookies.CookieAuthenticationHandler[8]
      AuthenticationScheme: Cookies was successfully authenticated.
dbug: Microsoft.AspNetCore.Authentication.Cookies.CookieAuthenticationHandler[8]
      AuthenticationScheme: Cookies was successfully authenticated.
dbug: Microsoft.AspNetCore.Authorization.DefaultAuthorizationService[1]
      Authorization was successful.
dbug: Microsoft.AspNetCore.Authorization.DefaultAuthorizationService[1]
      Authorization was successful.
info: Microsoft.AspNetCore.Routing.EndpointMiddleware[0]
      Executing endpoint 'ParcelManagement2.Controllers.ResidentController.GetUncollectedPackages (ParcelProject)'
info: Microsoft.AspNetCore.Routing.EndpointMiddleware[0]
      Executing endpoint 'ParcelManagement2.Controllers.ResidentController.GetUncollectedMails (ParcelProject)'
info: Microsoft.AspNetCore.Mvc.Infrastructure.ControllerActionInvoker[102]
      Route matched with {action = "GetUncollectedPackages", controller = "Resident"}. Executing controller action with signature Microsoft.AspNetCore.Mvc.IActionResult GetUncollectedPackages() on controller ParcelManagement2.Controllers.ResidentController (ParcelProject).
info: Microsoft.AspNetCore.Mvc.Infrastructure.ControllerActionInvoker[102]
      Route matched with {action = "GetUncollectedMails", controller = "Resident"}. Executing controller action with signature Microsoft.AspNetCore.Mvc.IActionResult GetUncollectedMails() on controller ParcelManagement2.Controllers.ResidentController (ParcelProject).
dbug: Microsoft.AspNetCore.Mvc.Infrastructure.ControllerActionInvoker[1]
      Execution plan of authorization filters (in the following order): None
dbug: Microsoft.AspNetCore.Mvc.Infrastructure.ControllerActionInvoker[1]
      Execution plan of resource filters (in the following order): Microsoft.AspNetCore.Mvc.ViewFeatures.Filters.SaveTempDataFilter
dbug: Microsoft.AspNetCore.Mvc.Infrastructure.ControllerActionInvoker[1]
      Execution plan of authorization filters (in the following order): None
dbug: Microsoft.AspNetCore.Mvc.Infrastructure.ControllerActionInvoker[1]
      Execution plan of resource filters (in the following order): Microsoft.AspNetCore.Mvc.ViewFeatures.Filters.SaveTempDataFilter
dbug: Microsoft.AspNetCore.Mvc.Infrastructure.ControllerActionInvoker[1]
      Execution plan of action filters (in the following order): Microsoft.AspNetCore.Mvc.Filters.ControllerActionFilter (Order: -2147483648), Microsoft.AspNetCore.Mvc.ModelBinding.UnsupportedContentTypeFilter (Order: -3000)
dbug: Microsoft.AspNetCore.Mvc.Infrastructure.ControllerActionInvoker[1]
      Execution plan of action filters (in the following order): Microsoft.AspNetCore.Mvc.Filters.ControllerActionFilter (Order: -2147483648), Microsoft.AspNetCore.Mvc.ModelBinding.UnsupportedContentTypeFilter (Order: -3000)
dbug: Microsoft.AspNetCore.Mvc.Infrastructure.ControllerActionInvoker[1]
      Execution plan of exception filters (in the following order): None
dbug: Microsoft.AspNetCore.Mvc.Infrastructure.ControllerActionInvoker[1]
      Execution plan of exception filters (in the following order): None
dbug: Microsoft.AspNetCore.Mvc.Infrastructure.ControllerActionInvoker[1]
      Execution plan of result filters (in the following order): Microsoft.AspNetCore.Mvc.ViewFeatures.Filters.SaveTempDataFilter
dbug: Microsoft.AspNetCore.Mvc.Infrastructure.ControllerActionInvoker[1]
      Execution plan of result filters (in the following order): Microsoft.AspNetCore.Mvc.ViewFeatures.Filters.SaveTempDataFilter
dbug: Microsoft.AspNetCore.Mvc.Infrastructure.ControllerActionInvoker[1]
      Executing controller factory for controller ParcelManagement2.Controllers.ResidentController (ParcelProject)
dbug: Microsoft.AspNetCore.Mvc.Infrastructure.ControllerActionInvoker[1]
      Executing controller factory for controller ParcelManagement2.Controllers.ResidentController (ParcelProject)
dbug: ParcelManagement2.Models.DBConn[0]
      資料庫連線字串已設定
dbug: ParcelManagement2.Models.DBConn[0]
      資料庫連線字串已設定
dbug: Microsoft.AspNetCore.Mvc.Infrastructure.ControllerActionInvoker[2]
      Executed controller factory for controller ParcelManagement2.Controllers.ResidentController (ParcelProject)
dbug: Microsoft.AspNetCore.Mvc.Infrastructure.ControllerActionInvoker[2]
      Executed controller factory for controller ParcelManagement2.Controllers.ResidentController (ParcelProject)
dbug: Microsoft.AspNetCore.Session.DistributedSession[4]
      Session loaded; Key:f3a42b75-d459-1344-3c37-ff3073c71b14, Id:be5fffd8-37ca-330c-7652-55aaec6333fb, Count:1
dbug: Microsoft.AspNetCore.Session.DistributedSession[4]
      Session loaded; Key:f3a42b75-d459-1344-3c37-ff3073c71b14, Id:be5fffd8-37ca-330c-7652-55aaec6333fb, Count:1
dbug: ParcelManagement2.Models.DBConn[0]
      查詢成功，返回 0 行數據
info: Microsoft.AspNetCore.Mvc.Infrastructure.ContentResultExecutor[1]
      Executing ContentResult with HTTP Response ContentType of application/json
info: Microsoft.AspNetCore.Mvc.Infrastructure.ControllerActionInvoker[105]
      Executed action ParcelManagement2.Controllers.ResidentController.GetUncollectedMails (ParcelProject) in 49.6234ms
info: Microsoft.AspNetCore.Routing.EndpointMiddleware[1]
      Executed endpoint 'ParcelManagement2.Controllers.ResidentController.GetUncollectedMails (ParcelProject)'
dbug: ParcelManagement2.Models.DBConn[0]
      查詢成功，返回 4 行數據
info: Microsoft.AspNetCore.Hosting.Diagnostics[2]
      Request finished HTTP/2 POST https://localhost:44353/Resident/GetUncollectedMails - 200 2 application/json 100.9080ms
dbug: Microsoft.AspNetCore.Server.IIS.Core.IISHttpServer[1]
      Connection ID "17942340950609100911" disconnecting.
info: Microsoft.AspNetCore.Mvc.Infrastructure.ContentResultExecutor[1]
      Executing ContentResult with HTTP Response ContentType of application/json
info: Microsoft.AspNetCore.Mvc.Infrastructure.ControllerActionInvoker[105]
      Executed action ParcelManagement2.Controllers.ResidentController.GetUncollectedPackages (ParcelProject) in 58.7132ms
info: Microsoft.AspNetCore.Routing.EndpointMiddleware[1]
      Executed endpoint 'ParcelManagement2.Controllers.ResidentController.GetUncollectedPackages (ParcelProject)'
info: Microsoft.AspNetCore.Hosting.Diagnostics[2]
      Request finished HTTP/2 POST https://localhost:44353/Resident/GetUncollectedPackages - 200 501 application/json 111.2023ms
dbug: Microsoft.AspNetCore.Server.IIS.Core.IISHttpServer[1]
      Connection ID "17726168168495317004" disconnecting.
dbug: Microsoft.Extensions.Http.DefaultHttpClientFactory[100]
      Starting HttpMessageHandler cleanup cycle with 2 items
dbug: Microsoft.Extensions.Http.DefaultHttpClientFactory[101]
      Ending HttpMessageHandler cleanup cycle after 0.0038ms - processed: 0 items - remaining: 2 items
dbug: Microsoft.Extensions.Http.DefaultHttpClientFactory[100]
      Starting HttpMessageHandler cleanup cycle with 2 items
dbug: Microsoft.Extensions.Http.DefaultHttpClientFactory[101]
      Ending HttpMessageHandler cleanup cycle after 0.0018ms - processed: 0 items - remaining: 2 items
dbug: Microsoft.Extensions.Http.DefaultHttpClientFactory[100]
      Starting HttpMessageHandler cleanup cycle with 2 items
dbug: Microsoft.Extensions.Http.DefaultHttpClientFactory[101]
      Ending HttpMessageHandler cleanup cycle after 0.0013ms - processed: 0 items - remaining: 2 items
info: Microsoft.AspNetCore.Hosting.Diagnostics[1]
      Request starting HTTP/2 GET https://localhost:44353/Resident/Edit - - -
dbug: Microsoft.AspNetCore.StaticFiles.StaticFileMiddleware[4]
      The request path /Resident/Edit does not match a supported file type
dbug: Microsoft.AspNetCore.Routing.Matching.DfaMatcher[1001]
      1 candidate(s) found for the request path '/Resident/Edit'
dbug: Microsoft.AspNetCore.Routing.Matching.DfaMatcher[1005]
      Endpoint 'ParcelManagement2.Controllers.ResidentController.Edit (ParcelProject)' with route pattern '{controller=Account}/{action=Login}/{id?}' is valid for the request path '/Resident/Edit'
dbug: Microsoft.AspNetCore.Routing.EndpointRoutingMiddleware[1]
      Request matched endpoint 'ParcelManagement2.Controllers.ResidentController.Edit (ParcelProject)'
dbug: Microsoft.AspNetCore.Authentication.Cookies.CookieAuthenticationHandler[8]
      AuthenticationScheme: Cookies was successfully authenticated.
dbug: Microsoft.AspNetCore.Authorization.DefaultAuthorizationService[1]
      Authorization was successful.
info: Microsoft.AspNetCore.Routing.EndpointMiddleware[0]
      Executing endpoint 'ParcelManagement2.Controllers.ResidentController.Edit (ParcelProject)'
info: Microsoft.AspNetCore.Mvc.Infrastructure.ControllerActionInvoker[102]
      Route matched with {action = "Edit", controller = "Resident"}. Executing controller action with signature Microsoft.AspNetCore.Mvc.IActionResult Edit() on controller ParcelManagement2.Controllers.ResidentController (ParcelProject).
dbug: Microsoft.AspNetCore.Mvc.Infrastructure.ControllerActionInvoker[1]
      Execution plan of authorization filters (in the following order): None
dbug: Microsoft.AspNetCore.Mvc.Infrastructure.ControllerActionInvoker[1]
      Execution plan of resource filters (in the following order): Microsoft.AspNetCore.Mvc.ViewFeatures.Filters.SaveTempDataFilter
dbug: Microsoft.AspNetCore.Mvc.Infrastructure.ControllerActionInvoker[1]
      Execution plan of action filters (in the following order): Microsoft.AspNetCore.Mvc.Filters.ControllerActionFilter (Order: -2147483648), Microsoft.AspNetCore.Mvc.ModelBinding.UnsupportedContentTypeFilter (Order: -3000)
dbug: Microsoft.AspNetCore.Mvc.Infrastructure.ControllerActionInvoker[1]
      Execution plan of exception filters (in the following order): None
dbug: Microsoft.AspNetCore.Mvc.Infrastructure.ControllerActionInvoker[1]
      Execution plan of result filters (in the following order): Microsoft.AspNetCore.Mvc.ViewFeatures.Filters.SaveTempDataFilter
dbug: Microsoft.AspNetCore.Mvc.Infrastructure.ControllerActionInvoker[1]
      Executing controller factory for controller ParcelManagement2.Controllers.ResidentController (ParcelProject)
dbug: ParcelManagement2.Models.DBConn[0]
      資料庫連線字串已設定
dbug: Microsoft.AspNetCore.Mvc.Infrastructure.ControllerActionInvoker[2]
      Executed controller factory for controller ParcelManagement2.Controllers.ResidentController (ParcelProject)
dbug: Microsoft.AspNetCore.Session.DistributedSession[4]
      Session loaded; Key:f3a42b75-d459-1344-3c37-ff3073c71b14, Id:be5fffd8-37ca-330c-7652-55aaec6333fb, Count:1
dbug: ParcelManagement2.Models.DBConn[0]
      查詢成功，返回 1 行數據
dbug: ParcelManagement2.Models.DBConn[0]
      查詢成功，返回 1 行數據
dbug: Microsoft.AspNetCore.Mvc.Razor.RazorViewEngine[1]
      View lookup cache miss for view 'Edit' in controller 'Resident'.
info: Microsoft.AspNetCore.Mvc.ViewFeatures.ViewResultExecutor[1]
      Executing ViewResult, running view Edit.
dbug: Microsoft.AspNetCore.Mvc.ViewFeatures.ViewResultExecutor[2]
      The view path '/Views/Resident/Edit.cshtml' was found in 3.3432ms.
dbug: Microsoft.AspNetCore.Antiforgery.DefaultAntiforgery[6]
      An antiforgery cookie token was reused.
dbug: Microsoft.AspNetCore.Antiforgery.DefaultAntiforgery[6]
      An antiforgery cookie token was reused.
dbug: Microsoft.WebTools.BrowserLink.Net.BrowserLinkMiddleware[1]
      Response markup is scheduled to include Browser Link script injection.
dbug: Microsoft.AspNetCore.Watch.BrowserRefresh.BrowserRefreshMiddleware[1]
      Response markup is scheduled to include browser refresh script injection.
info: Microsoft.AspNetCore.Mvc.ViewFeatures.ViewResultExecutor[4]
      Executed ViewResult - view Edit executed in 13.866ms.
info: Microsoft.AspNetCore.Mvc.Infrastructure.ControllerActionInvoker[105]
      Executed action ParcelManagement2.Controllers.ResidentController.Edit (ParcelProject) in 80.2714ms
info: Microsoft.AspNetCore.Routing.EndpointMiddleware[1]
      Executed endpoint 'ParcelManagement2.Controllers.ResidentController.Edit (ParcelProject)'
dbug: Microsoft.WebTools.BrowserLink.Net.BrowserLinkMiddleware[2]
      Response markup was updated to include Browser Link script injection.
dbug: Microsoft.AspNetCore.Watch.BrowserRefresh.BrowserRefreshMiddleware[2]
      Response markup was updated to include browser refresh script injection.
dbug: Microsoft.AspNetCore.Server.IIS.Core.IISHttpServer[1]
      Connection ID "18302628937978609740" disconnecting.
info: Microsoft.AspNetCore.Hosting.Diagnostics[2]
      Request finished HTTP/2 GET https://localhost:44353/Resident/Edit - 200 - text/html;+charset=utf-8 142.0744ms
info: Microsoft.AspNetCore.Hosting.Diagnostics[1]
      Request starting HTTP/2 GET https://localhost:44353/_framework/aspnetcore-browser-refresh.js - - -
info: Microsoft.AspNetCore.Hosting.Diagnostics[1]
      Request starting HTTP/2 GET https://localhost:44353/_vs/browserLink - - -
dbug: Microsoft.AspNetCore.Watch.BrowserRefresh.BrowserScriptMiddleware[0]
      Script injected: /_framework/aspnetcore-browser-refresh.js
info: Microsoft.AspNetCore.Hosting.Diagnostics[2]
      Request finished HTTP/2 GET https://localhost:44353/_framework/aspnetcore-browser-refresh.js - 200 16511 application/javascript;+charset=utf-8 31.1181ms
dbug: Microsoft.AspNetCore.Server.IIS.Core.IISHttpServer[1]
      Connection ID "18158513732722884957" disconnecting.
dbug: Microsoft.AspNetCore.Server.IIS.Core.IISHttpServer[1]
      Connection ID "17942340950609100913" disconnecting.
info: Microsoft.AspNetCore.Hosting.Diagnostics[2]
      Request finished HTTP/2 GET https://localhost:44353/_vs/browserLink - 200 - text/javascript;+charset=UTF-8 47.8572ms
dbug: Microsoft.Extensions.Http.DefaultHttpClientFactory[100]
      Starting HttpMessageHandler cleanup cycle with 2 items
dbug: Microsoft.Extensions.Http.DefaultHttpClientFactory[101]
      Ending HttpMessageHandler cleanup cycle after 0.0027ms - processed: 0 items - remaining: 2 items
dbug: Microsoft.Extensions.Http.DefaultHttpClientFactory[100]
      Starting HttpMessageHandler cleanup cycle with 2 items
dbug: Microsoft.Extensions.Http.DefaultHttpClientFactory[101]
      Ending HttpMessageHandler cleanup cycle after 0.0044ms - processed: 0 items - remaining: 2 items
dbug: Microsoft.Extensions.Http.DefaultHttpClientFactory[100]
      Starting HttpMessageHandler cleanup cycle with 2 items
dbug: Microsoft.Extensions.Http.DefaultHttpClientFactory[101]
      Ending HttpMessageHandler cleanup cycle after 0.0055ms - processed: 0 items - remaining: 2 items
dbug: Microsoft.Extensions.Http.DefaultHttpClientFactory[100]
      Starting HttpMessageHandler cleanup cycle with 2 items
dbug: Microsoft.Extensions.Http.DefaultHttpClientFactory[101]
      Ending HttpMessageHandler cleanup cycle after 0.0022ms - processed: 0 items - remaining: 2 items
dbug: Microsoft.Extensions.Http.DefaultHttpClientFactory[100]
      Starting HttpMessageHandler cleanup cycle with 2 items
dbug: Microsoft.Extensions.Http.DefaultHttpClientFactory[101]
      Ending HttpMessageHandler cleanup cycle after 0.0066ms - processed: 0 items - remaining: 2 items
dbug: Microsoft.Extensions.Http.DefaultHttpClientFactory[100]
      Starting HttpMessageHandler cleanup cycle with 2 items
dbug: Microsoft.Extensions.Http.DefaultHttpClientFactory[101]
      Ending HttpMessageHandler cleanup cycle after 0.0036ms - processed: 0 items - remaining: 2 items
dbug: Microsoft.Extensions.Http.DefaultHttpClientFactory[100]
      Starting HttpMessageHandler cleanup cycle with 2 items
dbug: Microsoft.Extensions.Http.DefaultHttpClientFactory[101]
      Ending HttpMessageHandler cleanup cycle after 0.0025ms - processed: 0 items - remaining: 2 items
dbug: Microsoft.Extensions.Http.DefaultHttpClientFactory[100]
      Starting HttpMessageHandler cleanup cycle with 2 items
dbug: Microsoft.Extensions.Http.DefaultHttpClientFactory[101]
      Ending HttpMessageHandler cleanup cycle after 0.0016ms - processed: 0 items - remaining: 2 items
dbug: Microsoft.Extensions.Http.DefaultHttpClientFactory[100]
      Starting HttpMessageHandler cleanup cycle with 2 items
dbug: Microsoft.Extensions.Http.DefaultHttpClientFactory[101]
      Ending HttpMessageHandler cleanup cycle after 0.0013ms - processed: 0 items - remaining: 2 items
dbug: Microsoft.Extensions.Http.DefaultHttpClientFactory[100]
      Starting HttpMessageHandler cleanup cycle with 2 items
dbug: Microsoft.Extensions.Http.DefaultHttpClientFactory[101]
      Ending HttpMessageHandler cleanup cycle after 0.001ms - processed: 0 items - remaining: 2 items
dbug: Microsoft.Extensions.Http.DefaultHttpClientFactory[100]
      Starting HttpMessageHandler cleanup cycle with 2 items
dbug: Microsoft.Extensions.Http.DefaultHttpClientFactory[101]
      Ending HttpMessageHandler cleanup cycle after 0.0018ms - processed: 0 items - remaining: 2 items
dbug: Microsoft.Extensions.Http.DefaultHttpClientFactory[100]
      Starting HttpMessageHandler cleanup cycle with 2 items
dbug: Microsoft.Extensions.Http.DefaultHttpClientFactory[101]
      Ending HttpMessageHandler cleanup cycle after 0.0015ms - processed: 0 items - remaining: 2 items
dbug: Microsoft.Extensions.Http.DefaultHttpClientFactory[100]
      Starting HttpMessageHandler cleanup cycle with 2 items
dbug: Microsoft.Extensions.Http.DefaultHttpClientFactory[101]
      Ending HttpMessageHandler cleanup cycle after 0.0015ms - processed: 0 items - remaining: 2 items
info: Microsoft.AspNetCore.Hosting.Diagnostics[1]
      Request starting HTTP/2 GET https://localhost:44353/Resident/Edit - - -
dbug: Microsoft.AspNetCore.StaticFiles.StaticFileMiddleware[4]
      The request path /Resident/Edit does not match a supported file type
dbug: Microsoft.AspNetCore.Routing.Matching.DfaMatcher[1001]
      1 candidate(s) found for the request path '/Resident/Edit'
dbug: Microsoft.AspNetCore.Routing.Matching.DfaMatcher[1005]
      Endpoint 'ParcelManagement2.Controllers.ResidentController.Edit (ParcelProject)' with route pattern '{controller=Account}/{action=Login}/{id?}' is valid for the request path '/Resident/Edit'
dbug: Microsoft.AspNetCore.Routing.EndpointRoutingMiddleware[1]
      Request matched endpoint 'ParcelManagement2.Controllers.ResidentController.Edit (ParcelProject)'
dbug: Microsoft.AspNetCore.Authentication.Cookies.CookieAuthenticationHandler[8]
      AuthenticationScheme: Cookies was successfully authenticated.
dbug: Microsoft.AspNetCore.Authorization.DefaultAuthorizationService[1]
      Authorization was successful.
info: Microsoft.AspNetCore.Routing.EndpointMiddleware[0]
      Executing endpoint 'ParcelManagement2.Controllers.ResidentController.Edit (ParcelProject)'
info: Microsoft.AspNetCore.Mvc.Infrastructure.ControllerActionInvoker[102]
      Route matched with {action = "Edit", controller = "Resident"}. Executing controller action with signature Microsoft.AspNetCore.Mvc.IActionResult Edit() on controller ParcelManagement2.Controllers.ResidentController (ParcelProject).
dbug: Microsoft.AspNetCore.Mvc.Infrastructure.ControllerActionInvoker[1]
      Execution plan of authorization filters (in the following order): None
dbug: Microsoft.AspNetCore.Mvc.Infrastructure.ControllerActionInvoker[1]
      Execution plan of resource filters (in the following order): Microsoft.AspNetCore.Mvc.ViewFeatures.Filters.SaveTempDataFilter
dbug: Microsoft.AspNetCore.Mvc.Infrastructure.ControllerActionInvoker[1]
      Execution plan of action filters (in the following order): Microsoft.AspNetCore.Mvc.Filters.ControllerActionFilter (Order: -2147483648), Microsoft.AspNetCore.Mvc.ModelBinding.UnsupportedContentTypeFilter (Order: -3000)
dbug: Microsoft.AspNetCore.Mvc.Infrastructure.ControllerActionInvoker[1]
      Execution plan of exception filters (in the following order): None
dbug: Microsoft.AspNetCore.Mvc.Infrastructure.ControllerActionInvoker[1]
      Execution plan of result filters (in the following order): Microsoft.AspNetCore.Mvc.ViewFeatures.Filters.SaveTempDataFilter
dbug: Microsoft.AspNetCore.Mvc.Infrastructure.ControllerActionInvoker[1]
      Executing controller factory for controller ParcelManagement2.Controllers.ResidentController (ParcelProject)
dbug: ParcelManagement2.Models.DBConn[0]
      資料庫連線字串已設定
dbug: Microsoft.AspNetCore.Mvc.Infrastructure.ControllerActionInvoker[2]
      Executed controller factory for controller ParcelManagement2.Controllers.ResidentController (ParcelProject)
dbug: Microsoft.AspNetCore.Session.DistributedSession[4]
      Session loaded; Key:f3a42b75-d459-1344-3c37-ff3073c71b14, Id:be5fffd8-37ca-330c-7652-55aaec6333fb, Count:1
dbug: ParcelManagement2.Models.DBConn[0]
      查詢成功，返回 1 行數據
dbug: ParcelManagement2.Models.DBConn[0]
      查詢成功，返回 1 行數據
dbug: Microsoft.AspNetCore.Mvc.Razor.RazorViewEngine[1]
      View lookup cache miss for view 'Edit' in controller 'Resident'.
dbug: Microsoft.AspNetCore.Mvc.Razor.Compilation.DefaultViewCompiler[3]
      Initializing Razor view compiler with compiled view: '/Views/Account/AccessDenied.cshtml'.
dbug: Microsoft.AspNetCore.Mvc.Razor.Compilation.DefaultViewCompiler[3]
      Initializing Razor view compiler with compiled view: '/Views/Account/Login.cshtml'.
dbug: Microsoft.AspNetCore.Mvc.Razor.Compilation.DefaultViewCompiler[3]
      Initializing Razor view compiler with compiled view: '/Views/Home/Index.cshtml'.
dbug: Microsoft.AspNetCore.Mvc.Razor.Compilation.DefaultViewCompiler[3]
      Initializing Razor view compiler with compiled view: '/Views/Home/Index_back.cshtml'.
dbug: Microsoft.AspNetCore.Mvc.Razor.Compilation.DefaultViewCompiler[3]
      Initializing Razor view compiler with compiled view: '/Views/Home/Packages.cshtml'.
dbug: Microsoft.AspNetCore.Mvc.Razor.Compilation.DefaultViewCompiler[3]
      Initializing Razor view compiler with compiled view: '/Views/Home/Privacy.cshtml'.
dbug: Microsoft.AspNetCore.Mvc.Razor.Compilation.DefaultViewCompiler[3]
      Initializing Razor view compiler with compiled view: '/Views/Resident/Edit.cshtml'.
dbug: Microsoft.AspNetCore.Mvc.Razor.Compilation.DefaultViewCompiler[3]
      Initializing Razor view compiler with compiled view: '/Views/Resident/Home.cshtml'.
dbug: Microsoft.AspNetCore.Mvc.Razor.Compilation.DefaultViewCompiler[3]
      Initializing Razor view compiler with compiled view: '/Views/Resident/MyPackages.cshtml'.
dbug: Microsoft.AspNetCore.Mvc.Razor.Compilation.DefaultViewCompiler[3]
      Initializing Razor view compiler with compiled view: '/Views/Resident/PackagePhoto.cshtml'.
dbug: Microsoft.AspNetCore.Mvc.Razor.Compilation.DefaultViewCompiler[3]
      Initializing Razor view compiler with compiled view: '/Views/Shared/Error.cshtml'.
dbug: Microsoft.AspNetCore.Mvc.Razor.Compilation.DefaultViewCompiler[3]
      Initializing Razor view compiler with compiled view: '/Views/Shared/_AdminLayout.cshtml'.
dbug: Microsoft.AspNetCore.Mvc.Razor.Compilation.DefaultViewCompiler[3]
      Initializing Razor view compiler with compiled view: '/Views/Shared/_Layout.cshtml'.
dbug: Microsoft.AspNetCore.Mvc.Razor.Compilation.DefaultViewCompiler[3]
      Initializing Razor view compiler with compiled view: '/Views/Shared/_ResidentLayout.cshtml'.
dbug: Microsoft.AspNetCore.Mvc.Razor.Compilation.DefaultViewCompiler[3]
      Initializing Razor view compiler with compiled view: '/Views/Shared/_ValidationScriptsPartial.cshtml'.
dbug: Microsoft.AspNetCore.Mvc.Razor.Compilation.DefaultViewCompiler[3]
      Initializing Razor view compiler with compiled view: '/Views/_ViewImports.cshtml'.
dbug: Microsoft.AspNetCore.Mvc.Razor.Compilation.DefaultViewCompiler[3]
      Initializing Razor view compiler with compiled view: '/Views/_ViewStart.cshtml'.
dbug: Microsoft.AspNetCore.Mvc.Razor.Compilation.DefaultViewCompiler[3]
      Initializing Razor view compiler with compiled view: '/Views/Shared/_Layout_back.cshtml'.
info: Microsoft.AspNetCore.Mvc.ViewFeatures.ViewResultExecutor[1]
      Executing ViewResult, running view Edit.
dbug: Microsoft.AspNetCore.Mvc.ViewFeatures.ViewResultExecutor[2]
      The view path '/Views/Resident/Edit.cshtml' was found in 22.5273ms.
dbug: Microsoft.AspNetCore.Antiforgery.DefaultAntiforgery[6]
      An antiforgery cookie token was reused.
dbug: Microsoft.AspNetCore.Antiforgery.DefaultAntiforgery[6]
      An antiforgery cookie token was reused.
dbug: Microsoft.WebTools.BrowserLink.Net.BrowserLinkMiddleware[1]
      Response markup is scheduled to include Browser Link script injection.
dbug: Microsoft.AspNetCore.Watch.BrowserRefresh.BrowserRefreshMiddleware[1]
      Response markup is scheduled to include browser refresh script injection.
info: Microsoft.AspNetCore.Mvc.ViewFeatures.ViewResultExecutor[4]
      Executed ViewResult - view Edit executed in 30.292ms.
info: Microsoft.AspNetCore.Mvc.Infrastructure.ControllerActionInvoker[105]
      Executed action ParcelManagement2.Controllers.ResidentController.Edit (ParcelProject) in 94.1179ms
info: Microsoft.AspNetCore.Routing.EndpointMiddleware[1]
      Executed endpoint 'ParcelManagement2.Controllers.ResidentController.Edit (ParcelProject)'
dbug: Microsoft.WebTools.BrowserLink.Net.BrowserLinkMiddleware[2]
      Response markup was updated to include Browser Link script injection.
dbug: Microsoft.AspNetCore.Watch.BrowserRefresh.BrowserRefreshMiddleware[2]
      Response markup was updated to include browser refresh script injection.
dbug: Microsoft.AspNetCore.Server.IIS.Core.IISHttpServer[1]
      Connection ID "18158513732722884961" disconnecting.
info: Microsoft.AspNetCore.Hosting.Diagnostics[2]
      Request finished HTTP/2 GET https://localhost:44353/Resident/Edit - 200 - text/html;+charset=utf-8 124.4776ms
info: Microsoft.AspNetCore.Hosting.Diagnostics[1]
      Request starting HTTP/2 GET https://localhost:44353/_vs/browserLink - - -
info: Microsoft.AspNetCore.Hosting.Diagnostics[1]
      Request starting HTTP/2 GET https://localhost:44353/_framework/aspnetcore-browser-refresh.js - - -
dbug: Microsoft.AspNetCore.Watch.BrowserRefresh.BrowserScriptMiddleware[0]
      Script injected: /_framework/aspnetcore-browser-refresh.js
dbug: Microsoft.AspNetCore.Server.IIS.Core.IISHttpServer[1]
      Connection ID "18302628903618871526" disconnecting.
info: Microsoft.AspNetCore.Hosting.Diagnostics[2]
      Request finished HTTP/2 GET https://localhost:44353/_framework/aspnetcore-browser-refresh.js - 200 16511 application/javascript;+charset=utf-8 5.9123ms
dbug: Microsoft.AspNetCore.Server.IIS.Core.IISHttpServer[1]
      Connection ID "17942340959199035524" disconnecting.
info: Microsoft.AspNetCore.Hosting.Diagnostics[2]
      Request finished HTTP/2 GET https://localhost:44353/_vs/browserLink - 200 - text/javascript;+charset=UTF-8 11.2870ms
info: Microsoft.AspNetCore.Hosting.Diagnostics[1]
      Request starting HTTP/2 GET https://localhost:44353/Resident/Home - - -
dbug: Microsoft.AspNetCore.StaticFiles.StaticFileMiddleware[4]
      The request path /Resident/Home does not match a supported file type
dbug: Microsoft.AspNetCore.Routing.Matching.DfaMatcher[1001]
      1 candidate(s) found for the request path '/Resident/Home'
dbug: Microsoft.AspNetCore.Routing.Matching.DfaMatcher[1005]
      Endpoint 'ParcelManagement2.Controllers.ResidentController.Home (ParcelProject)' with route pattern '{controller=Account}/{action=Login}/{id?}' is valid for the request path '/Resident/Home'
dbug: Microsoft.AspNetCore.Routing.EndpointRoutingMiddleware[1]
      Request matched endpoint 'ParcelManagement2.Controllers.ResidentController.Home (ParcelProject)'
dbug: Microsoft.AspNetCore.Authentication.Cookies.CookieAuthenticationHandler[8]
      AuthenticationScheme: Cookies was successfully authenticated.
dbug: Microsoft.AspNetCore.Authorization.DefaultAuthorizationService[1]
      Authorization was successful.
info: Microsoft.AspNetCore.Routing.EndpointMiddleware[0]
      Executing endpoint 'ParcelManagement2.Controllers.ResidentController.Home (ParcelProject)'
info: Microsoft.AspNetCore.Mvc.Infrastructure.ControllerActionInvoker[102]
      Route matched with {action = "Home", controller = "Resident"}. Executing controller action with signature Microsoft.AspNetCore.Mvc.IActionResult Home() on controller ParcelManagement2.Controllers.ResidentController (ParcelProject).
dbug: Microsoft.AspNetCore.Mvc.Infrastructure.ControllerActionInvoker[1]
      Execution plan of authorization filters (in the following order): None
dbug: Microsoft.AspNetCore.Mvc.Infrastructure.ControllerActionInvoker[1]
      Execution plan of resource filters (in the following order): Microsoft.AspNetCore.Mvc.ViewFeatures.Filters.SaveTempDataFilter
dbug: Microsoft.AspNetCore.Mvc.Infrastructure.ControllerActionInvoker[1]
      Execution plan of action filters (in the following order): Microsoft.AspNetCore.Mvc.Filters.ControllerActionFilter (Order: -2147483648), Microsoft.AspNetCore.Mvc.ModelBinding.UnsupportedContentTypeFilter (Order: -3000)
dbug: Microsoft.AspNetCore.Mvc.Infrastructure.ControllerActionInvoker[1]
      Execution plan of exception filters (in the following order): None
dbug: Microsoft.AspNetCore.Mvc.Infrastructure.ControllerActionInvoker[1]
      Execution plan of result filters (in the following order): Microsoft.AspNetCore.Mvc.ViewFeatures.Filters.SaveTempDataFilter
dbug: Microsoft.AspNetCore.Mvc.Infrastructure.ControllerActionInvoker[1]
      Executing controller factory for controller ParcelManagement2.Controllers.ResidentController (ParcelProject)
dbug: ParcelManagement2.Models.DBConn[0]
      資料庫連線字串已設定
dbug: Microsoft.AspNetCore.Mvc.Infrastructure.ControllerActionInvoker[2]
      Executed controller factory for controller ParcelManagement2.Controllers.ResidentController (ParcelProject)
dbug: ParcelManagement2.Models.DBConn[0]
      查詢成功，返回 2 行數據
dbug: Microsoft.AspNetCore.Session.DistributedSession[4]
      Session loaded; Key:f3a42b75-d459-1344-3c37-ff3073c71b14, Id:be5fffd8-37ca-330c-7652-55aaec6333fb, Count:1
dbug: Microsoft.AspNetCore.Mvc.Razor.RazorViewEngine[1]
      View lookup cache miss for view 'Home' in controller 'Resident'.
info: Microsoft.AspNetCore.Mvc.ViewFeatures.ViewResultExecutor[1]
      Executing ViewResult, running view Home.
dbug: Microsoft.AspNetCore.Mvc.ViewFeatures.ViewResultExecutor[2]
      The view path '/Views/Resident/Home.cshtml' was found in 3.408ms.
dbug: Microsoft.AspNetCore.Antiforgery.DefaultAntiforgery[6]
      An antiforgery cookie token was reused.
dbug: Microsoft.WebTools.BrowserLink.Net.BrowserLinkMiddleware[1]
      Response markup is scheduled to include Browser Link script injection.
dbug: Microsoft.AspNetCore.Watch.BrowserRefresh.BrowserRefreshMiddleware[1]
      Response markup is scheduled to include browser refresh script injection.
info: Microsoft.AspNetCore.Mvc.ViewFeatures.ViewResultExecutor[4]
      Executed ViewResult - view Home executed in 20.6571ms.
info: Microsoft.AspNetCore.Mvc.Infrastructure.ControllerActionInvoker[105]
      Executed action ParcelManagement2.Controllers.ResidentController.Home (ParcelProject) in 65.0533ms
info: Microsoft.AspNetCore.Routing.EndpointMiddleware[1]
      Executed endpoint 'ParcelManagement2.Controllers.ResidentController.Home (ParcelProject)'
dbug: Microsoft.WebTools.BrowserLink.Net.BrowserLinkMiddleware[2]
      Response markup was updated to include Browser Link script injection.
dbug: Microsoft.AspNetCore.Watch.BrowserRefresh.BrowserRefreshMiddleware[2]
      Response markup was updated to include browser refresh script injection.
dbug: Microsoft.AspNetCore.Server.IIS.Core.IISHttpServer[1]
      Connection ID "18230571326760812986" disconnecting.
info: Microsoft.AspNetCore.Hosting.Diagnostics[2]
      Request finished HTTP/2 GET https://localhost:44353/Resident/Home - 200 - text/html;+charset=utf-8 143.3076ms
info: Microsoft.AspNetCore.Hosting.Diagnostics[1]
      Request starting HTTP/2 POST https://localhost:44353/Resident/GetUncollectedPackages - - 0
info: Microsoft.AspNetCore.Hosting.Diagnostics[1]
      Request starting HTTP/2 POST https://localhost:44353/Resident/GetUncollectedMails - - 0
info: Microsoft.AspNetCore.Hosting.Diagnostics[1]
      Request starting HTTP/2 GET https://localhost:44353/_framework/aspnetcore-browser-refresh.js - - -
info: Microsoft.AspNetCore.Hosting.Diagnostics[1]
      Request starting HTTP/2 GET https://localhost:44353/_vs/browserLink - - -
dbug: Microsoft.AspNetCore.StaticFiles.StaticFileMiddleware[1]
      POST requests are not supported
dbug: Microsoft.AspNetCore.StaticFiles.StaticFileMiddleware[1]
      POST requests are not supported
dbug: Microsoft.AspNetCore.Watch.BrowserRefresh.BrowserScriptMiddleware[0]
      Script injected: /_framework/aspnetcore-browser-refresh.js
dbug: Microsoft.AspNetCore.Routing.Matching.DfaMatcher[1001]
      1 candidate(s) found for the request path '/Resident/GetUncollectedPackages'
dbug: Microsoft.AspNetCore.Routing.Matching.DfaMatcher[1005]
      Endpoint 'ParcelManagement2.Controllers.ResidentController.GetUncollectedPackages (ParcelProject)' with route pattern '{controller=Account}/{action=Login}/{id?}' is valid for the request path '/Resident/GetUncollectedPackages'
info: Microsoft.AspNetCore.Hosting.Diagnostics[2]
      Request finished HTTP/2 GET https://localhost:44353/_framework/aspnetcore-browser-refresh.js - 200 16511 application/javascript;+charset=utf-8 42.5903ms
dbug: Microsoft.AspNetCore.Server.IIS.Core.IISHttpServer[1]
      Connection ID "18014398561826898090" disconnecting.
dbug: Microsoft.AspNetCore.Routing.Matching.DfaMatcher[1001]
      1 candidate(s) found for the request path '/Resident/GetUncollectedMails'
dbug: Microsoft.AspNetCore.Routing.Matching.DfaMatcher[1005]
      Endpoint 'ParcelManagement2.Controllers.ResidentController.GetUncollectedMails (ParcelProject)' with route pattern '{controller=Account}/{action=Login}/{id?}' is valid for the request path '/Resident/GetUncollectedMails'
dbug: Microsoft.AspNetCore.Routing.EndpointRoutingMiddleware[1]
      Request matched endpoint 'ParcelManagement2.Controllers.ResidentController.GetUncollectedPackages (ParcelProject)'
dbug: Microsoft.AspNetCore.Routing.EndpointRoutingMiddleware[1]
      Request matched endpoint 'ParcelManagement2.Controllers.ResidentController.GetUncollectedMails (ParcelProject)'
dbug: Microsoft.AspNetCore.Server.IIS.Core.IISHttpServer[1]
      Connection ID "18158513749902753807" disconnecting.
dbug: Microsoft.AspNetCore.Authentication.Cookies.CookieAuthenticationHandler[8]
      AuthenticationScheme: Cookies was successfully authenticated.
info: Microsoft.AspNetCore.Hosting.Diagnostics[2]
      Request finished HTTP/2 GET https://localhost:44353/_vs/browserLink - 200 - text/javascript;+charset=UTF-8 93.4054ms
dbug: Microsoft.AspNetCore.Authentication.Cookies.CookieAuthenticationHandler[8]
      AuthenticationScheme: Cookies was successfully authenticated.
dbug: Microsoft.AspNetCore.Authorization.DefaultAuthorizationService[1]
      Authorization was successful.
dbug: Microsoft.AspNetCore.Authorization.DefaultAuthorizationService[1]
      Authorization was successful.
info: Microsoft.AspNetCore.Routing.EndpointMiddleware[0]
      Executing endpoint 'ParcelManagement2.Controllers.ResidentController.GetUncollectedMails (ParcelProject)'
info: Microsoft.AspNetCore.Mvc.Infrastructure.ControllerActionInvoker[102]
      Route matched with {action = "GetUncollectedMails", controller = "Resident"}. Executing controller action with signature Microsoft.AspNetCore.Mvc.IActionResult GetUncollectedMails() on controller ParcelManagement2.Controllers.ResidentController (ParcelProject).
info: Microsoft.AspNetCore.Routing.EndpointMiddleware[0]
      Executing endpoint 'ParcelManagement2.Controllers.ResidentController.GetUncollectedPackages (ParcelProject)'
dbug: Microsoft.AspNetCore.Mvc.Infrastructure.ControllerActionInvoker[1]
      Execution plan of authorization filters (in the following order): None
dbug: Microsoft.AspNetCore.Mvc.Infrastructure.ControllerActionInvoker[1]
      Execution plan of resource filters (in the following order): Microsoft.AspNetCore.Mvc.ViewFeatures.Filters.SaveTempDataFilter
dbug: Microsoft.AspNetCore.Mvc.Infrastructure.ControllerActionInvoker[1]
      Execution plan of action filters (in the following order): Microsoft.AspNetCore.Mvc.Filters.ControllerActionFilter (Order: -2147483648), Microsoft.AspNetCore.Mvc.ModelBinding.UnsupportedContentTypeFilter (Order: -3000)
dbug: Microsoft.AspNetCore.Mvc.Infrastructure.ControllerActionInvoker[1]
      Execution plan of exception filters (in the following order): None
dbug: Microsoft.AspNetCore.Mvc.Infrastructure.ControllerActionInvoker[1]
      Execution plan of result filters (in the following order): Microsoft.AspNetCore.Mvc.ViewFeatures.Filters.SaveTempDataFilter
info: Microsoft.AspNetCore.Mvc.Infrastructure.ControllerActionInvoker[102]
      Route matched with {action = "GetUncollectedPackages", controller = "Resident"}. Executing controller action with signature Microsoft.AspNetCore.Mvc.IActionResult GetUncollectedPackages() on controller ParcelManagement2.Controllers.ResidentController (ParcelProject).
dbug: Microsoft.AspNetCore.Mvc.Infrastructure.ControllerActionInvoker[1]
      Executing controller factory for controller ParcelManagement2.Controllers.ResidentController (ParcelProject)
dbug: Microsoft.AspNetCore.Mvc.Infrastructure.ControllerActionInvoker[1]
      Execution plan of authorization filters (in the following order): None
dbug: Microsoft.AspNetCore.Mvc.Infrastructure.ControllerActionInvoker[1]
      Execution plan of resource filters (in the following order): Microsoft.AspNetCore.Mvc.ViewFeatures.Filters.SaveTempDataFilter
dbug: ParcelManagement2.Models.DBConn[0]
      資料庫連線字串已設定
dbug: Microsoft.AspNetCore.Mvc.Infrastructure.ControllerActionInvoker[1]
      Execution plan of action filters (in the following order): Microsoft.AspNetCore.Mvc.Filters.ControllerActionFilter (Order: -2147483648), Microsoft.AspNetCore.Mvc.ModelBinding.UnsupportedContentTypeFilter (Order: -3000)
dbug: Microsoft.AspNetCore.Mvc.Infrastructure.ControllerActionInvoker[2]
      Executed controller factory for controller ParcelManagement2.Controllers.ResidentController (ParcelProject)
dbug: Microsoft.AspNetCore.Mvc.Infrastructure.ControllerActionInvoker[1]
      Execution plan of exception filters (in the following order): None
dbug: Microsoft.AspNetCore.Mvc.Infrastructure.ControllerActionInvoker[1]
      Execution plan of result filters (in the following order): Microsoft.AspNetCore.Mvc.ViewFeatures.Filters.SaveTempDataFilter
dbug: Microsoft.AspNetCore.Mvc.Infrastructure.ControllerActionInvoker[1]
      Executing controller factory for controller ParcelManagement2.Controllers.ResidentController (ParcelProject)
dbug: ParcelManagement2.Models.DBConn[0]
      資料庫連線字串已設定
dbug: Microsoft.AspNetCore.Mvc.Infrastructure.ControllerActionInvoker[2]
      Executed controller factory for controller ParcelManagement2.Controllers.ResidentController (ParcelProject)
dbug: Microsoft.AspNetCore.Session.DistributedSession[4]
      Session loaded; Key:f3a42b75-d459-1344-3c37-ff3073c71b14, Id:be5fffd8-37ca-330c-7652-55aaec6333fb, Count:1
dbug: ParcelManagement2.Models.DBConn[0]
      查詢成功，返回 0 行數據
info: Microsoft.AspNetCore.Mvc.Infrastructure.ContentResultExecutor[1]
      Executing ContentResult with HTTP Response ContentType of application/json
info: Microsoft.AspNetCore.Mvc.Infrastructure.ControllerActionInvoker[105]
      Executed action ParcelManagement2.Controllers.ResidentController.GetUncollectedMails (ParcelProject) in 51.025ms
info: Microsoft.AspNetCore.Routing.EndpointMiddleware[1]
      Executed endpoint 'ParcelManagement2.Controllers.ResidentController.GetUncollectedMails (ParcelProject)'
info: Microsoft.AspNetCore.Hosting.Diagnostics[2]
      Request finished HTTP/2 POST https://localhost:44353/Resident/GetUncollectedMails - 200 2 application/json 180.9880ms
dbug: Microsoft.AspNetCore.Server.IIS.Core.IISHttpServer[1]
      Connection ID "18374686532016537753" disconnecting.
dbug: Microsoft.AspNetCore.Session.DistributedSession[4]
      Session loaded; Key:f3a42b75-d459-1344-3c37-ff3073c71b14, Id:be5fffd8-37ca-330c-7652-55aaec6333fb, Count:1
dbug: ParcelManagement2.Models.DBConn[0]
      查詢成功，返回 4 行數據
info: Microsoft.AspNetCore.Mvc.Infrastructure.ContentResultExecutor[1]
      Executing ContentResult with HTTP Response ContentType of application/json
info: Microsoft.AspNetCore.Mvc.Infrastructure.ControllerActionInvoker[105]
      Executed action ParcelManagement2.Controllers.ResidentController.GetUncollectedPackages (ParcelProject) in 67.3031ms
info: Microsoft.AspNetCore.Routing.EndpointMiddleware[1]
      Executed endpoint 'ParcelManagement2.Controllers.ResidentController.GetUncollectedPackages (ParcelProject)'
info: Microsoft.AspNetCore.Hosting.Diagnostics[2]
      Request finished HTTP/2 POST https://localhost:44353/Resident/GetUncollectedPackages - 200 501 application/json 244.9866ms
dbug: Microsoft.AspNetCore.Server.IIS.Core.IISHttpServer[1]
      Connection ID "18230571343940681952" disconnecting.
info: Microsoft.AspNetCore.Hosting.Diagnostics[1]
      Request starting HTTP/2 GET https://localhost:44353/Resident/Home - - -
dbug: Microsoft.AspNetCore.StaticFiles.StaticFileMiddleware[4]
      The request path /Resident/Home does not match a supported file type
dbug: Microsoft.AspNetCore.Routing.Matching.DfaMatcher[1001]
      1 candidate(s) found for the request path '/Resident/Home'
dbug: Microsoft.AspNetCore.Routing.Matching.DfaMatcher[1005]
      Endpoint 'ParcelManagement2.Controllers.ResidentController.Home (ParcelProject)' with route pattern '{controller=Account}/{action=Login}/{id?}' is valid for the request path '/Resident/Home'
dbug: Microsoft.AspNetCore.Routing.EndpointRoutingMiddleware[1]
      Request matched endpoint 'ParcelManagement2.Controllers.ResidentController.Home (ParcelProject)'
dbug: Microsoft.AspNetCore.Authentication.Cookies.CookieAuthenticationHandler[8]
      AuthenticationScheme: Cookies was successfully authenticated.
dbug: Microsoft.AspNetCore.Authorization.DefaultAuthorizationService[1]
      Authorization was successful.
info: Microsoft.AspNetCore.Routing.EndpointMiddleware[0]
      Executing endpoint 'ParcelManagement2.Controllers.ResidentController.Home (ParcelProject)'
info: Microsoft.AspNetCore.Mvc.Infrastructure.ControllerActionInvoker[102]
      Route matched with {action = "Home", controller = "Resident"}. Executing controller action with signature Microsoft.AspNetCore.Mvc.IActionResult Home() on controller ParcelManagement2.Controllers.ResidentController (ParcelProject).
dbug: Microsoft.AspNetCore.Mvc.Infrastructure.ControllerActionInvoker[1]
      Execution plan of authorization filters (in the following order): None
dbug: Microsoft.AspNetCore.Mvc.Infrastructure.ControllerActionInvoker[1]
      Execution plan of resource filters (in the following order): Microsoft.AspNetCore.Mvc.ViewFeatures.Filters.SaveTempDataFilter
dbug: Microsoft.AspNetCore.Mvc.Infrastructure.ControllerActionInvoker[1]
      Execution plan of action filters (in the following order): Microsoft.AspNetCore.Mvc.Filters.ControllerActionFilter (Order: -2147483648), Microsoft.AspNetCore.Mvc.ModelBinding.UnsupportedContentTypeFilter (Order: -3000)
dbug: Microsoft.AspNetCore.Mvc.Infrastructure.ControllerActionInvoker[1]
      Execution plan of exception filters (in the following order): None
dbug: Microsoft.AspNetCore.Mvc.Infrastructure.ControllerActionInvoker[1]
      Execution plan of result filters (in the following order): Microsoft.AspNetCore.Mvc.ViewFeatures.Filters.SaveTempDataFilter
dbug: Microsoft.AspNetCore.Mvc.Infrastructure.ControllerActionInvoker[1]
      Executing controller factory for controller ParcelManagement2.Controllers.ResidentController (ParcelProject)
dbug: ParcelManagement2.Models.DBConn[0]
      資料庫連線字串已設定
dbug: Microsoft.AspNetCore.Mvc.Infrastructure.ControllerActionInvoker[2]
      Executed controller factory for controller ParcelManagement2.Controllers.ResidentController (ParcelProject)
dbug: ParcelManagement2.Models.DBConn[0]
      查詢成功，返回 2 行數據
dbug: Microsoft.AspNetCore.Session.DistributedSession[4]
      Session loaded; Key:f3a42b75-d459-1344-3c37-ff3073c71b14, Id:be5fffd8-37ca-330c-7652-55aaec6333fb, Count:1
dbug: Microsoft.AspNetCore.Mvc.Razor.RazorViewEngine[2]
      View lookup cache hit for view 'Home' in controller 'Resident'.
info: Microsoft.AspNetCore.Mvc.ViewFeatures.ViewResultExecutor[1]
      Executing ViewResult, running view Home.
dbug: Microsoft.AspNetCore.Mvc.ViewFeatures.ViewResultExecutor[2]
      The view path '/Views/Resident/Home.cshtml' was found in 5.8297ms.
dbug: Microsoft.AspNetCore.Antiforgery.DefaultAntiforgery[6]
      An antiforgery cookie token was reused.
dbug: Microsoft.WebTools.BrowserLink.Net.BrowserLinkMiddleware[1]
      Response markup is scheduled to include Browser Link script injection.
dbug: Microsoft.AspNetCore.Watch.BrowserRefresh.BrowserRefreshMiddleware[1]
      Response markup is scheduled to include browser refresh script injection.
info: Microsoft.AspNetCore.Mvc.ViewFeatures.ViewResultExecutor[4]
      Executed ViewResult - view Home executed in 16.3908ms.
info: Microsoft.AspNetCore.Mvc.Infrastructure.ControllerActionInvoker[105]
      Executed action ParcelManagement2.Controllers.ResidentController.Home (ParcelProject) in 67.6381ms
info: Microsoft.AspNetCore.Routing.EndpointMiddleware[1]
      Executed endpoint 'ParcelManagement2.Controllers.ResidentController.Home (ParcelProject)'
dbug: Microsoft.WebTools.BrowserLink.Net.BrowserLinkMiddleware[2]
      Response markup was updated to include Browser Link script injection.
dbug: Microsoft.AspNetCore.Watch.BrowserRefresh.BrowserRefreshMiddleware[2]
      Response markup was updated to include browser refresh script injection.
dbug: Microsoft.AspNetCore.Server.IIS.Core.IISHttpServer[1]
      Connection ID "18302628903618871528" disconnecting.
info: Microsoft.AspNetCore.Hosting.Diagnostics[2]
      Request finished HTTP/2 GET https://localhost:44353/Resident/Home - 200 - text/html;+charset=utf-8 108.5345ms
info: Microsoft.AspNetCore.Hosting.Diagnostics[1]
      Request starting HTTP/2 POST https://localhost:44353/Resident/GetUncollectedPackages - - 0
info: Microsoft.AspNetCore.Hosting.Diagnostics[1]
      Request starting HTTP/2 POST https://localhost:44353/Resident/GetUncollectedMails - - 0
info: Microsoft.AspNetCore.Hosting.Diagnostics[1]
      Request starting HTTP/2 GET https://localhost:44353/_framework/aspnetcore-browser-refresh.js - - -
info: Microsoft.AspNetCore.Hosting.Diagnostics[1]
      Request starting HTTP/2 GET https://localhost:44353/_vs/browserLink - - -
dbug: Microsoft.AspNetCore.StaticFiles.StaticFileMiddleware[1]
      POST requests are not supported
dbug: Microsoft.AspNetCore.StaticFiles.StaticFileMiddleware[1]
      POST requests are not supported
dbug: Microsoft.AspNetCore.Routing.Matching.DfaMatcher[1001]
      1 candidate(s) found for the request path '/Resident/GetUncollectedPackages'
dbug: Microsoft.AspNetCore.Routing.Matching.DfaMatcher[1001]
      1 candidate(s) found for the request path '/Resident/GetUncollectedMails'
dbug: Microsoft.AspNetCore.Routing.Matching.DfaMatcher[1005]
      Endpoint 'ParcelManagement2.Controllers.ResidentController.GetUncollectedPackages (ParcelProject)' with route pattern '{controller=Account}/{action=Login}/{id?}' is valid for the request path '/Resident/GetUncollectedPackages'
dbug: Microsoft.AspNetCore.Routing.EndpointRoutingMiddleware[1]
      Request matched endpoint 'ParcelManagement2.Controllers.ResidentController.GetUncollectedPackages (ParcelProject)'
dbug: Microsoft.AspNetCore.Authentication.Cookies.CookieAuthenticationHandler[8]
      AuthenticationScheme: Cookies was successfully authenticated.
dbug: Microsoft.AspNetCore.Routing.Matching.DfaMatcher[1005]
      Endpoint 'ParcelManagement2.Controllers.ResidentController.GetUncollectedMails (ParcelProject)' with route pattern '{controller=Account}/{action=Login}/{id?}' is valid for the request path '/Resident/GetUncollectedMails'
dbug: Microsoft.AspNetCore.Authorization.DefaultAuthorizationService[1]
      Authorization was successful.
dbug: Microsoft.AspNetCore.Routing.EndpointRoutingMiddleware[1]
      Request matched endpoint 'ParcelManagement2.Controllers.ResidentController.GetUncollectedMails (ParcelProject)'
info: Microsoft.AspNetCore.Routing.EndpointMiddleware[0]
      Executing endpoint 'ParcelManagement2.Controllers.ResidentController.GetUncollectedPackages (ParcelProject)'
info: Microsoft.AspNetCore.Mvc.Infrastructure.ControllerActionInvoker[102]
      Route matched with {action = "GetUncollectedPackages", controller = "Resident"}. Executing controller action with signature Microsoft.AspNetCore.Mvc.IActionResult GetUncollectedPackages() on controller ParcelManagement2.Controllers.ResidentController (ParcelProject).
dbug: Microsoft.AspNetCore.Authentication.Cookies.CookieAuthenticationHandler[8]
      AuthenticationScheme: Cookies was successfully authenticated.
dbug: Microsoft.AspNetCore.Mvc.Infrastructure.ControllerActionInvoker[1]
      Execution plan of authorization filters (in the following order): None
dbug: Microsoft.AspNetCore.Authorization.DefaultAuthorizationService[1]
      Authorization was successful.
dbug: Microsoft.AspNetCore.Mvc.Infrastructure.ControllerActionInvoker[1]
      Execution plan of resource filters (in the following order): Microsoft.AspNetCore.Mvc.ViewFeatures.Filters.SaveTempDataFilter
info: Microsoft.AspNetCore.Routing.EndpointMiddleware[0]
      Executing endpoint 'ParcelManagement2.Controllers.ResidentController.GetUncollectedMails (ParcelProject)'
dbug: Microsoft.AspNetCore.Mvc.Infrastructure.ControllerActionInvoker[1]
      Execution plan of action filters (in the following order): Microsoft.AspNetCore.Mvc.Filters.ControllerActionFilter (Order: -2147483648), Microsoft.AspNetCore.Mvc.ModelBinding.UnsupportedContentTypeFilter (Order: -3000)
info: Microsoft.AspNetCore.Mvc.Infrastructure.ControllerActionInvoker[102]
      Route matched with {action = "GetUncollectedMails", controller = "Resident"}. Executing controller action with signature Microsoft.AspNetCore.Mvc.IActionResult GetUncollectedMails() on controller ParcelManagement2.Controllers.ResidentController (ParcelProject).
dbug: Microsoft.AspNetCore.Mvc.Infrastructure.ControllerActionInvoker[1]
      Execution plan of exception filters (in the following order): None
dbug: Microsoft.AspNetCore.Mvc.Infrastructure.ControllerActionInvoker[1]
      Execution plan of result filters (in the following order): Microsoft.AspNetCore.Mvc.ViewFeatures.Filters.SaveTempDataFilter
dbug: Microsoft.AspNetCore.Mvc.Infrastructure.ControllerActionInvoker[1]
      Execution plan of authorization filters (in the following order): None
dbug: Microsoft.AspNetCore.Mvc.Infrastructure.ControllerActionInvoker[1]
      Executing controller factory for controller ParcelManagement2.Controllers.ResidentController (ParcelProject)
dbug: Microsoft.AspNetCore.Mvc.Infrastructure.ControllerActionInvoker[1]
      Execution plan of resource filters (in the following order): Microsoft.AspNetCore.Mvc.ViewFeatures.Filters.SaveTempDataFilter
dbug: ParcelManagement2.Models.DBConn[0]
      資料庫連線字串已設定
dbug: Microsoft.AspNetCore.Mvc.Infrastructure.ControllerActionInvoker[1]
      Execution plan of action filters (in the following order): Microsoft.AspNetCore.Mvc.Filters.ControllerActionFilter (Order: -2147483648), Microsoft.AspNetCore.Mvc.ModelBinding.UnsupportedContentTypeFilter (Order: -3000)
dbug: Microsoft.AspNetCore.Mvc.Infrastructure.ControllerActionInvoker[1]
      Execution plan of exception filters (in the following order): None
dbug: Microsoft.AspNetCore.Mvc.Infrastructure.ControllerActionInvoker[2]
      Executed controller factory for controller ParcelManagement2.Controllers.ResidentController (ParcelProject)
dbug: Microsoft.AspNetCore.Mvc.Infrastructure.ControllerActionInvoker[1]
      Execution plan of result filters (in the following order): Microsoft.AspNetCore.Mvc.ViewFeatures.Filters.SaveTempDataFilter
dbug: Microsoft.AspNetCore.Mvc.Infrastructure.ControllerActionInvoker[1]
      Executing controller factory for controller ParcelManagement2.Controllers.ResidentController (ParcelProject)
dbug: ParcelManagement2.Models.DBConn[0]
      資料庫連線字串已設定
dbug: Microsoft.AspNetCore.Watch.BrowserRefresh.BrowserScriptMiddleware[0]
      Script injected: /_framework/aspnetcore-browser-refresh.js
dbug: Microsoft.AspNetCore.Mvc.Infrastructure.ControllerActionInvoker[2]
      Executed controller factory for controller ParcelManagement2.Controllers.ResidentController (ParcelProject)
info: Microsoft.AspNetCore.Hosting.Diagnostics[2]
      Request finished HTTP/2 GET https://localhost:44353/_framework/aspnetcore-browser-refresh.js - 200 16511 application/javascript;+charset=utf-8 99.3465ms
dbug: Microsoft.AspNetCore.Server.IIS.Core.IISHttpServer[1]
      Connection ID "18302628903618871530" disconnecting.
dbug: Microsoft.AspNetCore.Session.DistributedSession[4]
      Session loaded; Key:f3a42b75-d459-1344-3c37-ff3073c71b14, Id:be5fffd8-37ca-330c-7652-55aaec6333fb, Count:1
dbug: Microsoft.AspNetCore.Session.DistributedSession[4]
      Session loaded; Key:f3a42b75-d459-1344-3c37-ff3073c71b14, Id:be5fffd8-37ca-330c-7652-55aaec6333fb, Count:1
dbug: ParcelManagement2.Models.DBConn[0]
      查詢成功，返回 4 行數據
info: Microsoft.AspNetCore.Hosting.Diagnostics[2]
      Request finished HTTP/2 GET https://localhost:44353/_vs/browserLink - 200 - text/javascript;+charset=UTF-8 129.2875ms
dbug: Microsoft.AspNetCore.Server.IIS.Core.IISHttpServer[1]
      Connection ID "18230571300991009002" disconnecting.
info: Microsoft.AspNetCore.Mvc.Infrastructure.ContentResultExecutor[1]
      Executing ContentResult with HTTP Response ContentType of application/json
info: Microsoft.AspNetCore.Mvc.Infrastructure.ControllerActionInvoker[105]
      Executed action ParcelManagement2.Controllers.ResidentController.GetUncollectedPackages (ParcelProject) in 77.3077ms
dbug: ParcelManagement2.Models.DBConn[0]
      查詢成功，返回 0 行數據
info: Microsoft.AspNetCore.Routing.EndpointMiddleware[1]
      Executed endpoint 'ParcelManagement2.Controllers.ResidentController.GetUncollectedPackages (ParcelProject)'
info: Microsoft.AspNetCore.Mvc.Infrastructure.ContentResultExecutor[1]
      Executing ContentResult with HTTP Response ContentType of application/json
info: Microsoft.AspNetCore.Hosting.Diagnostics[2]
      Request finished HTTP/2 POST https://localhost:44353/Resident/GetUncollectedPackages - 200 501 application/json 161.3509ms
dbug: Microsoft.AspNetCore.Server.IIS.Core.IISHttpServer[1]
      Connection ID "18230571326760812990" disconnecting.
info: Microsoft.AspNetCore.Mvc.Infrastructure.ControllerActionInvoker[105]
      Executed action ParcelManagement2.Controllers.ResidentController.GetUncollectedMails (ParcelProject) in 74.9325ms
info: Microsoft.AspNetCore.Routing.EndpointMiddleware[1]
      Executed endpoint 'ParcelManagement2.Controllers.ResidentController.GetUncollectedMails (ParcelProject)'
info: Microsoft.AspNetCore.Hosting.Diagnostics[2]
      Request finished HTTP/2 POST https://localhost:44353/Resident/GetUncollectedMails - 200 2 application/json 166.3520ms
dbug: Microsoft.AspNetCore.Server.IIS.Core.IISHttpServer[1]
      Connection ID "17942340950609100917" disconnecting.
dbug: Microsoft.Extensions.Http.DefaultHttpClientFactory[100]
      Starting HttpMessageHandler cleanup cycle with 2 items
dbug: Microsoft.Extensions.Http.DefaultHttpClientFactory[101]
      Ending HttpMessageHandler cleanup cycle after 0.0025ms - processed: 0 items - remaining: 2 items
info: Microsoft.AspNetCore.Hosting.Diagnostics[1]
      Request starting HTTP/2 GET https://localhost:44353/Resident/Home - - -
dbug: Microsoft.AspNetCore.StaticFiles.StaticFileMiddleware[4]
      The request path /Resident/Home does not match a supported file type
dbug: Microsoft.AspNetCore.Routing.Matching.DfaMatcher[1001]
      1 candidate(s) found for the request path '/Resident/Home'
dbug: Microsoft.AspNetCore.Routing.Matching.DfaMatcher[1005]
      Endpoint 'ParcelManagement2.Controllers.ResidentController.Home (ParcelProject)' with route pattern '{controller=Account}/{action=Login}/{id?}' is valid for the request path '/Resident/Home'
dbug: Microsoft.AspNetCore.Routing.EndpointRoutingMiddleware[1]
      Request matched endpoint 'ParcelManagement2.Controllers.ResidentController.Home (ParcelProject)'
dbug: Microsoft.AspNetCore.Authentication.Cookies.CookieAuthenticationHandler[8]
      AuthenticationScheme: Cookies was successfully authenticated.
dbug: Microsoft.AspNetCore.Authorization.DefaultAuthorizationService[1]
      Authorization was successful.
info: Microsoft.AspNetCore.Routing.EndpointMiddleware[0]
      Executing endpoint 'ParcelManagement2.Controllers.ResidentController.Home (ParcelProject)'
info: Microsoft.AspNetCore.Mvc.Infrastructure.ControllerActionInvoker[102]
      Route matched with {action = "Home", controller = "Resident"}. Executing controller action with signature Microsoft.AspNetCore.Mvc.IActionResult Home() on controller ParcelManagement2.Controllers.ResidentController (ParcelProject).
dbug: Microsoft.AspNetCore.Mvc.Infrastructure.ControllerActionInvoker[1]
      Execution plan of authorization filters (in the following order): None
dbug: Microsoft.AspNetCore.Mvc.Infrastructure.ControllerActionInvoker[1]
      Execution plan of resource filters (in the following order): Microsoft.AspNetCore.Mvc.ViewFeatures.Filters.SaveTempDataFilter
dbug: Microsoft.AspNetCore.Mvc.Infrastructure.ControllerActionInvoker[1]
      Execution plan of action filters (in the following order): Microsoft.AspNetCore.Mvc.Filters.ControllerActionFilter (Order: -2147483648), Microsoft.AspNetCore.Mvc.ModelBinding.UnsupportedContentTypeFilter (Order: -3000)
dbug: Microsoft.AspNetCore.Mvc.Infrastructure.ControllerActionInvoker[1]
      Execution plan of exception filters (in the following order): None
dbug: Microsoft.AspNetCore.Mvc.Infrastructure.ControllerActionInvoker[1]
      Execution plan of result filters (in the following order): Microsoft.AspNetCore.Mvc.ViewFeatures.Filters.SaveTempDataFilter
dbug: Microsoft.AspNetCore.Mvc.Infrastructure.ControllerActionInvoker[1]
      Executing controller factory for controller ParcelManagement2.Controllers.ResidentController (ParcelProject)
dbug: ParcelManagement2.Models.DBConn[0]
      資料庫連線字串已設定
dbug: Microsoft.AspNetCore.Mvc.Infrastructure.ControllerActionInvoker[2]
      Executed controller factory for controller ParcelManagement2.Controllers.ResidentController (ParcelProject)
dbug: ParcelManagement2.Models.DBConn[0]
      查詢成功，返回 2 行數據
dbug: Microsoft.AspNetCore.Session.DistributedSession[4]
      Session loaded; Key:f3a42b75-d459-1344-3c37-ff3073c71b14, Id:be5fffd8-37ca-330c-7652-55aaec6333fb, Count:1
dbug: Microsoft.AspNetCore.Mvc.Razor.RazorViewEngine[1]
      View lookup cache miss for view 'Home' in controller 'Resident'.
dbug: Microsoft.AspNetCore.Mvc.Razor.Compilation.DefaultViewCompiler[3]
      Initializing Razor view compiler with compiled view: '/Views/Account/AccessDenied.cshtml'.
dbug: Microsoft.AspNetCore.Mvc.Razor.Compilation.DefaultViewCompiler[3]
      Initializing Razor view compiler with compiled view: '/Views/Account/Login.cshtml'.
dbug: Microsoft.AspNetCore.Mvc.Razor.Compilation.DefaultViewCompiler[3]
      Initializing Razor view compiler with compiled view: '/Views/Home/Index.cshtml'.
dbug: Microsoft.AspNetCore.Mvc.Razor.Compilation.DefaultViewCompiler[3]
      Initializing Razor view compiler with compiled view: '/Views/Home/Index_back.cshtml'.
dbug: Microsoft.AspNetCore.Mvc.Razor.Compilation.DefaultViewCompiler[3]
      Initializing Razor view compiler with compiled view: '/Views/Home/Packages.cshtml'.
dbug: Microsoft.AspNetCore.Mvc.Razor.Compilation.DefaultViewCompiler[3]
      Initializing Razor view compiler with compiled view: '/Views/Home/Privacy.cshtml'.
dbug: Microsoft.AspNetCore.Mvc.Razor.Compilation.DefaultViewCompiler[3]
      Initializing Razor view compiler with compiled view: '/Views/Resident/Edit.cshtml'.
dbug: Microsoft.AspNetCore.Mvc.Razor.Compilation.DefaultViewCompiler[3]
      Initializing Razor view compiler with compiled view: '/Views/Resident/Home.cshtml'.
dbug: Microsoft.AspNetCore.Mvc.Razor.Compilation.DefaultViewCompiler[3]
      Initializing Razor view compiler with compiled view: '/Views/Resident/MyPackages.cshtml'.
dbug: Microsoft.AspNetCore.Mvc.Razor.Compilation.DefaultViewCompiler[3]
      Initializing Razor view compiler with compiled view: '/Views/Resident/PackagePhoto.cshtml'.
dbug: Microsoft.AspNetCore.Mvc.Razor.Compilation.DefaultViewCompiler[3]
      Initializing Razor view compiler with compiled view: '/Views/Shared/Error.cshtml'.
dbug: Microsoft.AspNetCore.Mvc.Razor.Compilation.DefaultViewCompiler[3]
      Initializing Razor view compiler with compiled view: '/Views/Shared/_AdminLayout.cshtml'.
dbug: Microsoft.AspNetCore.Mvc.Razor.Compilation.DefaultViewCompiler[3]
      Initializing Razor view compiler with compiled view: '/Views/Shared/_Layout.cshtml'.
dbug: Microsoft.AspNetCore.Mvc.Razor.Compilation.DefaultViewCompiler[3]
      Initializing Razor view compiler with compiled view: '/Views/Shared/_ResidentLayout.cshtml'.
dbug: Microsoft.AspNetCore.Mvc.Razor.Compilation.DefaultViewCompiler[3]
      Initializing Razor view compiler with compiled view: '/Views/Shared/_ValidationScriptsPartial.cshtml'.
dbug: Microsoft.AspNetCore.Mvc.Razor.Compilation.DefaultViewCompiler[3]
      Initializing Razor view compiler with compiled view: '/Views/_ViewImports.cshtml'.
dbug: Microsoft.AspNetCore.Mvc.Razor.Compilation.DefaultViewCompiler[3]
      Initializing Razor view compiler with compiled view: '/Views/_ViewStart.cshtml'.
dbug: Microsoft.AspNetCore.Mvc.Razor.Compilation.DefaultViewCompiler[3]
      Initializing Razor view compiler with compiled view: '/Views/Shared/_Layout_back.cshtml'.
info: Microsoft.AspNetCore.Mvc.ViewFeatures.ViewResultExecutor[1]
      Executing ViewResult, running view Home.
dbug: Microsoft.AspNetCore.Mvc.ViewFeatures.ViewResultExecutor[2]
      The view path '/Views/Resident/Home.cshtml' was found in 23.4305ms.
dbug: Microsoft.AspNetCore.Antiforgery.DefaultAntiforgery[6]
      An antiforgery cookie token was reused.
dbug: Microsoft.WebTools.BrowserLink.Net.BrowserLinkMiddleware[1]
      Response markup is scheduled to include Browser Link script injection.
dbug: Microsoft.AspNetCore.Watch.BrowserRefresh.BrowserRefreshMiddleware[1]
      Response markup is scheduled to include browser refresh script injection.
info: Microsoft.AspNetCore.Mvc.ViewFeatures.ViewResultExecutor[4]
      Executed ViewResult - view Home executed in 34.405ms.
info: Microsoft.AspNetCore.Mvc.Infrastructure.ControllerActionInvoker[105]
      Executed action ParcelManagement2.Controllers.ResidentController.Home (ParcelProject) in 76.3093ms
info: Microsoft.AspNetCore.Routing.EndpointMiddleware[1]
      Executed endpoint 'ParcelManagement2.Controllers.ResidentController.Home (ParcelProject)'
dbug: Microsoft.WebTools.BrowserLink.Net.BrowserLinkMiddleware[2]
      Response markup was updated to include Browser Link script injection.
dbug: Microsoft.AspNetCore.Watch.BrowserRefresh.BrowserRefreshMiddleware[2]
      Response markup was updated to include browser refresh script injection.
dbug: Microsoft.AspNetCore.Server.IIS.Core.IISHttpServer[1]
      Connection ID "18158513715543015490" disconnecting.
info: Microsoft.AspNetCore.Hosting.Diagnostics[2]
      Request finished HTTP/2 GET https://localhost:44353/Resident/Home - 200 - text/html;+charset=utf-8 101.6499ms
info: Microsoft.AspNetCore.Hosting.Diagnostics[1]
      Request starting HTTP/2 POST https://localhost:44353/Resident/GetUncollectedPackages - - 0
info: Microsoft.AspNetCore.Hosting.Diagnostics[1]
      Request starting HTTP/2 POST https://localhost:44353/Resident/GetUncollectedMails - - 0
dbug: Microsoft.AspNetCore.StaticFiles.StaticFileMiddleware[1]
      POST requests are not supported
dbug: Microsoft.AspNetCore.StaticFiles.StaticFileMiddleware[1]
      POST requests are not supported
info: Microsoft.AspNetCore.Hosting.Diagnostics[1]
      Request starting HTTP/2 GET https://localhost:44353/_vs/browserLink - - -
info: Microsoft.AspNetCore.Hosting.Diagnostics[1]
      Request starting HTTP/2 GET https://localhost:44353/_framework/aspnetcore-browser-refresh.js - - -
dbug: Microsoft.AspNetCore.Watch.BrowserRefresh.BrowserScriptMiddleware[0]
      Script injected: /_framework/aspnetcore-browser-refresh.js
dbug: Microsoft.AspNetCore.Routing.Matching.DfaMatcher[1001]
      1 candidate(s) found for the request path '/Resident/GetUncollectedPackages'
dbug: Microsoft.AspNetCore.Routing.Matching.DfaMatcher[1001]
      1 candidate(s) found for the request path '/Resident/GetUncollectedMails'
info: Microsoft.AspNetCore.Hosting.Diagnostics[2]
      Request finished HTTP/2 GET https://localhost:44353/_framework/aspnetcore-browser-refresh.js - 200 16511 application/javascript;+charset=utf-8 6.2365ms
dbug: Microsoft.AspNetCore.Server.IIS.Core.IISHttpServer[1]
      Connection ID "18374686553491374157" disconnecting.
dbug: Microsoft.AspNetCore.Routing.Matching.DfaMatcher[1005]
      Endpoint 'ParcelManagement2.Controllers.ResidentController.GetUncollectedMails (ParcelProject)' with route pattern '{controller=Account}/{action=Login}/{id?}' is valid for the request path '/Resident/GetUncollectedMails'
dbug: Microsoft.AspNetCore.Routing.EndpointRoutingMiddleware[1]
      Request matched endpoint 'ParcelManagement2.Controllers.ResidentController.GetUncollectedMails (ParcelProject)'
dbug: Microsoft.AspNetCore.Authentication.Cookies.CookieAuthenticationHandler[8]
      AuthenticationScheme: Cookies was successfully authenticated.
dbug: Microsoft.AspNetCore.Routing.Matching.DfaMatcher[1005]
      Endpoint 'ParcelManagement2.Controllers.ResidentController.GetUncollectedPackages (ParcelProject)' with route pattern '{controller=Account}/{action=Login}/{id?}' is valid for the request path '/Resident/GetUncollectedPackages'
dbug: Microsoft.AspNetCore.Authorization.DefaultAuthorizationService[1]
      Authorization was successful.
dbug: Microsoft.AspNetCore.Routing.EndpointRoutingMiddleware[1]
      Request matched endpoint 'ParcelManagement2.Controllers.ResidentController.GetUncollectedPackages (ParcelProject)'
info: Microsoft.AspNetCore.Routing.EndpointMiddleware[0]
      Executing endpoint 'ParcelManagement2.Controllers.ResidentController.GetUncollectedMails (ParcelProject)'
dbug: Microsoft.AspNetCore.Authentication.Cookies.CookieAuthenticationHandler[8]
      AuthenticationScheme: Cookies was successfully authenticated.
dbug: Microsoft.AspNetCore.Authorization.DefaultAuthorizationService[1]
      Authorization was successful.
info: Microsoft.AspNetCore.Mvc.Infrastructure.ControllerActionInvoker[102]
      Route matched with {action = "GetUncollectedMails", controller = "Resident"}. Executing controller action with signature Microsoft.AspNetCore.Mvc.IActionResult GetUncollectedMails() on controller ParcelManagement2.Controllers.ResidentController (ParcelProject).
info: Microsoft.AspNetCore.Routing.EndpointMiddleware[0]
      Executing endpoint 'ParcelManagement2.Controllers.ResidentController.GetUncollectedPackages (ParcelProject)'
dbug: Microsoft.AspNetCore.Mvc.Infrastructure.ControllerActionInvoker[1]
      Execution plan of authorization filters (in the following order): None
dbug: Microsoft.AspNetCore.Mvc.Infrastructure.ControllerActionInvoker[1]
      Execution plan of resource filters (in the following order): Microsoft.AspNetCore.Mvc.ViewFeatures.Filters.SaveTempDataFilter
dbug: Microsoft.AspNetCore.Server.IIS.Core.IISHttpServer[1]
      Connection ID "18302628959453446176" disconnecting.
info: Microsoft.AspNetCore.Hosting.Diagnostics[2]
      Request finished HTTP/2 GET https://localhost:44353/_vs/browserLink - 200 - text/javascript;+charset=UTF-8 33.3085ms
info: Microsoft.AspNetCore.Mvc.Infrastructure.ControllerActionInvoker[102]
      Route matched with {action = "GetUncollectedPackages", controller = "Resident"}. Executing controller action with signature Microsoft.AspNetCore.Mvc.IActionResult GetUncollectedPackages() on controller ParcelManagement2.Controllers.ResidentController (ParcelProject).
dbug: Microsoft.AspNetCore.Mvc.Infrastructure.ControllerActionInvoker[1]
      Execution plan of action filters (in the following order): Microsoft.AspNetCore.Mvc.Filters.ControllerActionFilter (Order: -2147483648), Microsoft.AspNetCore.Mvc.ModelBinding.UnsupportedContentTypeFilter (Order: -3000)
dbug: Microsoft.AspNetCore.Mvc.Infrastructure.ControllerActionInvoker[1]
      Execution plan of exception filters (in the following order): None
dbug: Microsoft.AspNetCore.Mvc.Infrastructure.ControllerActionInvoker[1]
      Execution plan of authorization filters (in the following order): None
dbug: Microsoft.AspNetCore.Mvc.Infrastructure.ControllerActionInvoker[1]
      Execution plan of result filters (in the following order): Microsoft.AspNetCore.Mvc.ViewFeatures.Filters.SaveTempDataFilter
dbug: Microsoft.AspNetCore.Mvc.Infrastructure.ControllerActionInvoker[1]
      Execution plan of resource filters (in the following order): Microsoft.AspNetCore.Mvc.ViewFeatures.Filters.SaveTempDataFilter
dbug: Microsoft.AspNetCore.Mvc.Infrastructure.ControllerActionInvoker[1]
      Executing controller factory for controller ParcelManagement2.Controllers.ResidentController (ParcelProject)
dbug: Microsoft.AspNetCore.Mvc.Infrastructure.ControllerActionInvoker[1]
      Execution plan of action filters (in the following order): Microsoft.AspNetCore.Mvc.Filters.ControllerActionFilter (Order: -2147483648), Microsoft.AspNetCore.Mvc.ModelBinding.UnsupportedContentTypeFilter (Order: -3000)
dbug: ParcelManagement2.Models.DBConn[0]
      資料庫連線字串已設定
dbug: Microsoft.AspNetCore.Mvc.Infrastructure.ControllerActionInvoker[1]
      Execution plan of exception filters (in the following order): None
dbug: Microsoft.AspNetCore.Mvc.Infrastructure.ControllerActionInvoker[2]
      Executed controller factory for controller ParcelManagement2.Controllers.ResidentController (ParcelProject)
dbug: Microsoft.AspNetCore.Mvc.Infrastructure.ControllerActionInvoker[1]
      Execution plan of result filters (in the following order): Microsoft.AspNetCore.Mvc.ViewFeatures.Filters.SaveTempDataFilter
dbug: Microsoft.AspNetCore.Mvc.Infrastructure.ControllerActionInvoker[1]
      Executing controller factory for controller ParcelManagement2.Controllers.ResidentController (ParcelProject)
dbug: ParcelManagement2.Models.DBConn[0]
      資料庫連線字串已設定
dbug: Microsoft.AspNetCore.Mvc.Infrastructure.ControllerActionInvoker[2]
      Executed controller factory for controller ParcelManagement2.Controllers.ResidentController (ParcelProject)
dbug: Microsoft.AspNetCore.Session.DistributedSession[4]
      Session loaded; Key:f3a42b75-d459-1344-3c37-ff3073c71b14, Id:be5fffd8-37ca-330c-7652-55aaec6333fb, Count:1
dbug: Microsoft.AspNetCore.Session.DistributedSession[4]
      Session loaded; Key:f3a42b75-d459-1344-3c37-ff3073c71b14, Id:be5fffd8-37ca-330c-7652-55aaec6333fb, Count:1
dbug: ParcelManagement2.Models.DBConn[0]
      查詢成功，返回 0 行數據
info: Microsoft.AspNetCore.Mvc.Infrastructure.ContentResultExecutor[1]
      Executing ContentResult with HTTP Response ContentType of application/json
info: Microsoft.AspNetCore.Mvc.Infrastructure.ControllerActionInvoker[105]
      Executed action ParcelManagement2.Controllers.ResidentController.GetUncollectedMails (ParcelProject) in 40.2027ms
info: Microsoft.AspNetCore.Routing.EndpointMiddleware[1]
      Executed endpoint 'ParcelManagement2.Controllers.ResidentController.GetUncollectedMails (ParcelProject)'
info: Microsoft.AspNetCore.Hosting.Diagnostics[2]
      Request finished HTTP/2 POST https://localhost:44353/Resident/GetUncollectedMails - 200 2 application/json 88.8560ms
dbug: Microsoft.AspNetCore.Server.IIS.Core.IISHttpServer[1]
      Connection ID "18230571300991009004" disconnecting.
dbug: ParcelManagement2.Models.DBConn[0]
      查詢成功，返回 4 行數據
info: Microsoft.AspNetCore.Mvc.Infrastructure.ContentResultExecutor[1]
      Executing ContentResult with HTTP Response ContentType of application/json
info: Microsoft.AspNetCore.Mvc.Infrastructure.ControllerActionInvoker[105]
      Executed action ParcelManagement2.Controllers.ResidentController.GetUncollectedPackages (ParcelProject) in 49.5256ms
info: Microsoft.AspNetCore.Routing.EndpointMiddleware[1]
      Executed endpoint 'ParcelManagement2.Controllers.ResidentController.GetUncollectedPackages (ParcelProject)'
info: Microsoft.AspNetCore.Hosting.Diagnostics[2]
      Request finished HTTP/2 POST https://localhost:44353/Resident/GetUncollectedPackages - 200 501 application/json 107.5808ms
dbug: Microsoft.AspNetCore.Server.IIS.Core.IISHttpServer[1]
      Connection ID "18230571343940681954" disconnecting.
dbug: Microsoft.Extensions.Http.DefaultHttpClientFactory[100]
      Starting HttpMessageHandler cleanup cycle with 2 items
dbug: Microsoft.Extensions.Http.DefaultHttpClientFactory[101]
      Ending HttpMessageHandler cleanup cycle after 0.0018ms - processed: 0 items - remaining: 2 items
dbug: Microsoft.Extensions.Http.DefaultHttpClientFactory[100]
      Starting HttpMessageHandler cleanup cycle with 2 items
dbug: Microsoft.Extensions.Http.DefaultHttpClientFactory[101]
      Ending HttpMessageHandler cleanup cycle after 0.0041ms - processed: 0 items - remaining: 2 items
dbug: Microsoft.Extensions.Http.DefaultHttpClientFactory[100]
      Starting HttpMessageHandler cleanup cycle with 2 items
dbug: Microsoft.Extensions.Http.DefaultHttpClientFactory[101]
      Ending HttpMessageHandler cleanup cycle after 0.0019ms - processed: 0 items - remaining: 2 items
dbug: Microsoft.Extensions.Http.DefaultHttpClientFactory[100]
      Starting HttpMessageHandler cleanup cycle with 2 items
dbug: Microsoft.Extensions.Http.DefaultHttpClientFactory[101]
      Ending HttpMessageHandler cleanup cycle after 0.0029ms - processed: 0 items - remaining: 2 items
dbug: Microsoft.Extensions.Http.DefaultHttpClientFactory[100]
      Starting HttpMessageHandler cleanup cycle with 2 items
dbug: Microsoft.Extensions.Http.DefaultHttpClientFactory[101]
      Ending HttpMessageHandler cleanup cycle after 0.0032ms - processed: 0 items - remaining: 2 items
dbug: Microsoft.Extensions.Http.DefaultHttpClientFactory[100]
      Starting HttpMessageHandler cleanup cycle with 2 items
dbug: Microsoft.Extensions.Http.DefaultHttpClientFactory[101]
      Ending HttpMessageHandler cleanup cycle after 0.0043ms - processed: 0 items - remaining: 2 items
dbug: Microsoft.Extensions.Http.DefaultHttpClientFactory[100]
      Starting HttpMessageHandler cleanup cycle with 2 items
dbug: Microsoft.Extensions.Http.DefaultHttpClientFactory[101]
      Ending HttpMessageHandler cleanup cycle after 0.002ms - processed: 0 items - remaining: 2 items
dbug: Microsoft.Extensions.Http.DefaultHttpClientFactory[100]
      Starting HttpMessageHandler cleanup cycle with 2 items
dbug: Microsoft.Extensions.Http.DefaultHttpClientFactory[101]
      Ending HttpMessageHandler cleanup cycle after 0.0036ms - processed: 0 items - remaining: 2 items
dbug: Microsoft.Extensions.Http.DefaultHttpClientFactory[100]
      Starting HttpMessageHandler cleanup cycle with 2 items
dbug: Microsoft.Extensions.Http.DefaultHttpClientFactory[101]
      Ending HttpMessageHandler cleanup cycle after 0.0021ms - processed: 0 items - remaining: 2 items
dbug: Microsoft.Extensions.Http.DefaultHttpClientFactory[100]
      Starting HttpMessageHandler cleanup cycle with 2 items
dbug: Microsoft.Extensions.Http.DefaultHttpClientFactory[101]
      Ending HttpMessageHandler cleanup cycle after 0.0015ms - processed: 0 items - remaining: 2 items
dbug: Microsoft.Extensions.Http.DefaultHttpClientFactory[100]
      Starting HttpMessageHandler cleanup cycle with 2 items
dbug: Microsoft.Extensions.Http.DefaultHttpClientFactory[101]
      Ending HttpMessageHandler cleanup cycle after 0.0015ms - processed: 0 items - remaining: 2 items
dbug: Microsoft.Extensions.Http.DefaultHttpClientFactory[100]
      Starting HttpMessageHandler cleanup cycle with 2 items
dbug: Microsoft.Extensions.Http.DefaultHttpClientFactory[101]
      Ending HttpMessageHandler cleanup cycle after 0.0018ms - processed: 0 items - remaining: 2 items
dbug: Microsoft.Extensions.Http.DefaultHttpClientFactory[100]
      Starting HttpMessageHandler cleanup cycle with 2 items
dbug: Microsoft.Extensions.Http.DefaultHttpClientFactory[101]
      Ending HttpMessageHandler cleanup cycle after 0.0013ms - processed: 0 items - remaining: 2 items
dbug: Microsoft.Extensions.Http.DefaultHttpClientFactory[100]
      Starting HttpMessageHandler cleanup cycle with 2 items
dbug: Microsoft.Extensions.Http.DefaultHttpClientFactory[101]
      Ending HttpMessageHandler cleanup cycle after 0.0013ms - processed: 0 items - remaining: 2 items
dbug: Microsoft.Extensions.Http.DefaultHttpClientFactory[100]
      Starting HttpMessageHandler cleanup cycle with 2 items
dbug: Microsoft.Extensions.Http.DefaultHttpClientFactory[101]
      Ending HttpMessageHandler cleanup cycle after 0.002ms - processed: 0 items - remaining: 2 items
info: Microsoft.AspNetCore.Hosting.Diagnostics[1]
      Request starting HTTP/2 GET https://localhost:44353/Resident/Home - - -
dbug: Microsoft.AspNetCore.StaticFiles.StaticFileMiddleware[4]
      The request path /Resident/Home does not match a supported file type
dbug: Microsoft.AspNetCore.Routing.Matching.DfaMatcher[1001]
      1 candidate(s) found for the request path '/Resident/Home'
dbug: Microsoft.AspNetCore.Routing.Matching.DfaMatcher[1005]
      Endpoint 'ParcelManagement2.Controllers.ResidentController.Home (ParcelProject)' with route pattern '{controller=Account}/{action=Login}/{id?}' is valid for the request path '/Resident/Home'
dbug: Microsoft.AspNetCore.Routing.EndpointRoutingMiddleware[1]
      Request matched endpoint 'ParcelManagement2.Controllers.ResidentController.Home (ParcelProject)'
dbug: Microsoft.AspNetCore.Authentication.Cookies.CookieAuthenticationHandler[8]
      AuthenticationScheme: Cookies was successfully authenticated.
dbug: Microsoft.AspNetCore.Authorization.DefaultAuthorizationService[1]
      Authorization was successful.
info: Microsoft.AspNetCore.Routing.EndpointMiddleware[0]
      Executing endpoint 'ParcelManagement2.Controllers.ResidentController.Home (ParcelProject)'
info: Microsoft.AspNetCore.Mvc.Infrastructure.ControllerActionInvoker[102]
      Route matched with {action = "Home", controller = "Resident"}. Executing controller action with signature Microsoft.AspNetCore.Mvc.IActionResult Home() on controller ParcelManagement2.Controllers.ResidentController (ParcelProject).
dbug: Microsoft.AspNetCore.Mvc.Infrastructure.ControllerActionInvoker[1]
      Execution plan of authorization filters (in the following order): None
dbug: Microsoft.AspNetCore.Mvc.Infrastructure.ControllerActionInvoker[1]
      Execution plan of resource filters (in the following order): Microsoft.AspNetCore.Mvc.ViewFeatures.Filters.SaveTempDataFilter
dbug: Microsoft.AspNetCore.Mvc.Infrastructure.ControllerActionInvoker[1]
      Execution plan of action filters (in the following order): Microsoft.AspNetCore.Mvc.Filters.ControllerActionFilter (Order: -2147483648), Microsoft.AspNetCore.Mvc.ModelBinding.UnsupportedContentTypeFilter (Order: -3000)
dbug: Microsoft.AspNetCore.Mvc.Infrastructure.ControllerActionInvoker[1]
      Execution plan of exception filters (in the following order): None
dbug: Microsoft.AspNetCore.Mvc.Infrastructure.ControllerActionInvoker[1]
      Execution plan of result filters (in the following order): Microsoft.AspNetCore.Mvc.ViewFeatures.Filters.SaveTempDataFilter
dbug: Microsoft.AspNetCore.Mvc.Infrastructure.ControllerActionInvoker[1]
      Executing controller factory for controller ParcelManagement2.Controllers.ResidentController (ParcelProject)
dbug: ParcelManagement2.Models.DBConn[0]
      資料庫連線字串已設定
dbug: Microsoft.AspNetCore.Mvc.Infrastructure.ControllerActionInvoker[2]
      Executed controller factory for controller ParcelManagement2.Controllers.ResidentController (ParcelProject)
dbug: ParcelManagement2.Models.DBConn[0]
      查詢成功，返回 2 行數據
dbug: Microsoft.AspNetCore.Session.DistributedSession[4]
      Session loaded; Key:f3a42b75-d459-1344-3c37-ff3073c71b14, Id:be5fffd8-37ca-330c-7652-55aaec6333fb, Count:1
dbug: Microsoft.AspNetCore.Mvc.Razor.RazorViewEngine[1]
      View lookup cache miss for view 'Home' in controller 'Resident'.
dbug: Microsoft.AspNetCore.Mvc.Razor.Compilation.DefaultViewCompiler[3]
      Initializing Razor view compiler with compiled view: '/Views/Account/AccessDenied.cshtml'.
dbug: Microsoft.AspNetCore.Mvc.Razor.Compilation.DefaultViewCompiler[3]
      Initializing Razor view compiler with compiled view: '/Views/Account/Login.cshtml'.
dbug: Microsoft.AspNetCore.Mvc.Razor.Compilation.DefaultViewCompiler[3]
      Initializing Razor view compiler with compiled view: '/Views/Home/Index.cshtml'.
dbug: Microsoft.AspNetCore.Mvc.Razor.Compilation.DefaultViewCompiler[3]
      Initializing Razor view compiler with compiled view: '/Views/Home/Index_back.cshtml'.
dbug: Microsoft.AspNetCore.Mvc.Razor.Compilation.DefaultViewCompiler[3]
      Initializing Razor view compiler with compiled view: '/Views/Home/Packages.cshtml'.
dbug: Microsoft.AspNetCore.Mvc.Razor.Compilation.DefaultViewCompiler[3]
      Initializing Razor view compiler with compiled view: '/Views/Home/Privacy.cshtml'.
dbug: Microsoft.AspNetCore.Mvc.Razor.Compilation.DefaultViewCompiler[3]
      Initializing Razor view compiler with compiled view: '/Views/Resident/Edit.cshtml'.
dbug: Microsoft.AspNetCore.Mvc.Razor.Compilation.DefaultViewCompiler[3]
      Initializing Razor view compiler with compiled view: '/Views/Resident/Home.cshtml'.
dbug: Microsoft.AspNetCore.Mvc.Razor.Compilation.DefaultViewCompiler[3]
      Initializing Razor view compiler with compiled view: '/Views/Resident/MyPackages.cshtml'.
dbug: Microsoft.AspNetCore.Mvc.Razor.Compilation.DefaultViewCompiler[3]
      Initializing Razor view compiler with compiled view: '/Views/Resident/PackagePhoto.cshtml'.
dbug: Microsoft.AspNetCore.Mvc.Razor.Compilation.DefaultViewCompiler[3]
      Initializing Razor view compiler with compiled view: '/Views/Shared/Error.cshtml'.
dbug: Microsoft.AspNetCore.Mvc.Razor.Compilation.DefaultViewCompiler[3]
      Initializing Razor view compiler with compiled view: '/Views/Shared/_AdminLayout.cshtml'.
dbug: Microsoft.AspNetCore.Mvc.Razor.Compilation.DefaultViewCompiler[3]
      Initializing Razor view compiler with compiled view: '/Views/Shared/_Layout.cshtml'.
dbug: Microsoft.AspNetCore.Mvc.Razor.Compilation.DefaultViewCompiler[3]
      Initializing Razor view compiler with compiled view: '/Views/Shared/_ResidentLayout.cshtml'.
dbug: Microsoft.AspNetCore.Mvc.Razor.Compilation.DefaultViewCompiler[3]
      Initializing Razor view compiler with compiled view: '/Views/Shared/_ValidationScriptsPartial.cshtml'.
dbug: Microsoft.AspNetCore.Mvc.Razor.Compilation.DefaultViewCompiler[3]
      Initializing Razor view compiler with compiled view: '/Views/_ViewImports.cshtml'.
dbug: Microsoft.AspNetCore.Mvc.Razor.Compilation.DefaultViewCompiler[3]
      Initializing Razor view compiler with compiled view: '/Views/_ViewStart.cshtml'.
dbug: Microsoft.AspNetCore.Mvc.Razor.Compilation.DefaultViewCompiler[3]
      Initializing Razor view compiler with compiled view: '/Views/Shared/_Layout_back.cshtml'.
info: Microsoft.AspNetCore.Mvc.ViewFeatures.ViewResultExecutor[1]
      Executing ViewResult, running view Home.
dbug: Microsoft.AspNetCore.Mvc.ViewFeatures.ViewResultExecutor[2]
      The view path '/Views/Resident/Home.cshtml' was found in 22.9247ms.
dbug: Microsoft.AspNetCore.Antiforgery.DefaultAntiforgery[6]
      An antiforgery cookie token was reused.
dbug: Microsoft.WebTools.BrowserLink.Net.BrowserLinkMiddleware[1]
      Response markup is scheduled to include Browser Link script injection.
dbug: Microsoft.AspNetCore.Watch.BrowserRefresh.BrowserRefreshMiddleware[1]
      Response markup is scheduled to include browser refresh script injection.
info: Microsoft.AspNetCore.Mvc.ViewFeatures.ViewResultExecutor[4]
      Executed ViewResult - view Home executed in 34.325ms.
info: Microsoft.AspNetCore.Mvc.Infrastructure.ControllerActionInvoker[105]
      Executed action ParcelManagement2.Controllers.ResidentController.Home (ParcelProject) in 81.656ms
info: Microsoft.AspNetCore.Routing.EndpointMiddleware[1]
      Executed endpoint 'ParcelManagement2.Controllers.ResidentController.Home (ParcelProject)'
dbug: Microsoft.WebTools.BrowserLink.Net.BrowserLinkMiddleware[2]
      Response markup was updated to include Browser Link script injection.
dbug: Microsoft.AspNetCore.Watch.BrowserRefresh.BrowserRefreshMiddleware[2]
      Response markup was updated to include browser refresh script injection.
dbug: Microsoft.AspNetCore.Server.IIS.Core.IISHttpServer[1]
      Connection ID "18086456142979924086" disconnecting.
info: Microsoft.AspNetCore.Hosting.Diagnostics[2]
      Request finished HTTP/2 GET https://localhost:44353/Resident/Home - 200 - text/html;+charset=utf-8 109.7689ms
info: Microsoft.AspNetCore.Hosting.Diagnostics[1]
      Request starting HTTP/2 GET https://localhost:44353/_vs/browserLink - - -
info: Microsoft.AspNetCore.Hosting.Diagnostics[1]
      Request starting HTTP/2 GET https://localhost:44353/_framework/aspnetcore-browser-refresh.js - - -
dbug: Microsoft.AspNetCore.Watch.BrowserRefresh.BrowserScriptMiddleware[0]
      Script injected: /_framework/aspnetcore-browser-refresh.js
dbug: Microsoft.AspNetCore.Server.IIS.Core.IISHttpServer[1]
      Connection ID "17942340959199035530" disconnecting.
info: Microsoft.AspNetCore.Hosting.Diagnostics[2]
      Request finished HTTP/2 GET https://localhost:44353/_framework/aspnetcore-browser-refresh.js - 200 16511 application/javascript;+charset=utf-8 3.4873ms
dbug: Microsoft.AspNetCore.Server.IIS.Core.IISHttpServer[1]
      Connection ID "18302628895028936857" disconnecting.
info: Microsoft.AspNetCore.Hosting.Diagnostics[2]
      Request finished HTTP/2 GET https://localhost:44353/_vs/browserLink - 200 - text/javascript;+charset=UTF-8 11.3109ms
info: Microsoft.AspNetCore.Hosting.Diagnostics[1]
      Request starting HTTP/2 POST https://localhost:44353/Resident/GetUncollectedPackages - - 0
info: Microsoft.AspNetCore.Hosting.Diagnostics[1]
      Request starting HTTP/2 POST https://localhost:44353/Resident/GetUncollectedMails - - 0
dbug: Microsoft.AspNetCore.StaticFiles.StaticFileMiddleware[1]
      POST requests are not supported
dbug: Microsoft.AspNetCore.StaticFiles.StaticFileMiddleware[1]
      POST requests are not supported
dbug: Microsoft.AspNetCore.Routing.Matching.DfaMatcher[1001]
      1 candidate(s) found for the request path '/Resident/GetUncollectedPackages'
dbug: Microsoft.AspNetCore.Routing.Matching.DfaMatcher[1001]
      1 candidate(s) found for the request path '/Resident/GetUncollectedMails'
dbug: Microsoft.AspNetCore.Routing.Matching.DfaMatcher[1005]
      Endpoint 'ParcelManagement2.Controllers.ResidentController.GetUncollectedMails (ParcelProject)' with route pattern '{controller=Account}/{action=Login}/{id?}' is valid for the request path '/Resident/GetUncollectedMails'
dbug: Microsoft.AspNetCore.Routing.Matching.DfaMatcher[1005]
      Endpoint 'ParcelManagement2.Controllers.ResidentController.GetUncollectedPackages (ParcelProject)' with route pattern '{controller=Account}/{action=Login}/{id?}' is valid for the request path '/Resident/GetUncollectedPackages'
dbug: Microsoft.AspNetCore.Routing.EndpointRoutingMiddleware[1]
      Request matched endpoint 'ParcelManagement2.Controllers.ResidentController.GetUncollectedMails (ParcelProject)'
dbug: Microsoft.AspNetCore.Routing.EndpointRoutingMiddleware[1]
      Request matched endpoint 'ParcelManagement2.Controllers.ResidentController.GetUncollectedPackages (ParcelProject)'
dbug: Microsoft.AspNetCore.Authentication.Cookies.CookieAuthenticationHandler[8]
      AuthenticationScheme: Cookies was successfully authenticated.
dbug: Microsoft.AspNetCore.Authentication.Cookies.CookieAuthenticationHandler[8]
      AuthenticationScheme: Cookies was successfully authenticated.
dbug: Microsoft.AspNetCore.Authorization.DefaultAuthorizationService[1]
      Authorization was successful.
dbug: Microsoft.AspNetCore.Authorization.DefaultAuthorizationService[1]
      Authorization was successful.
info: Microsoft.AspNetCore.Routing.EndpointMiddleware[0]
      Executing endpoint 'ParcelManagement2.Controllers.ResidentController.GetUncollectedMails (ParcelProject)'
info: Microsoft.AspNetCore.Routing.EndpointMiddleware[0]
      Executing endpoint 'ParcelManagement2.Controllers.ResidentController.GetUncollectedPackages (ParcelProject)'
info: Microsoft.AspNetCore.Mvc.Infrastructure.ControllerActionInvoker[102]
      Route matched with {action = "GetUncollectedMails", controller = "Resident"}. Executing controller action with signature Microsoft.AspNetCore.Mvc.IActionResult GetUncollectedMails() on controller ParcelManagement2.Controllers.ResidentController (ParcelProject).
info: Microsoft.AspNetCore.Mvc.Infrastructure.ControllerActionInvoker[102]
      Route matched with {action = "GetUncollectedPackages", controller = "Resident"}. Executing controller action with signature Microsoft.AspNetCore.Mvc.IActionResult GetUncollectedPackages() on controller ParcelManagement2.Controllers.ResidentController (ParcelProject).
dbug: Microsoft.AspNetCore.Mvc.Infrastructure.ControllerActionInvoker[1]
      Execution plan of authorization filters (in the following order): None
dbug: Microsoft.AspNetCore.Mvc.Infrastructure.ControllerActionInvoker[1]
      Execution plan of authorization filters (in the following order): None
dbug: Microsoft.AspNetCore.Mvc.Infrastructure.ControllerActionInvoker[1]
      Execution plan of resource filters (in the following order): Microsoft.AspNetCore.Mvc.ViewFeatures.Filters.SaveTempDataFilter
dbug: Microsoft.AspNetCore.Mvc.Infrastructure.ControllerActionInvoker[1]
      Execution plan of resource filters (in the following order): Microsoft.AspNetCore.Mvc.ViewFeatures.Filters.SaveTempDataFilter
dbug: Microsoft.AspNetCore.Mvc.Infrastructure.ControllerActionInvoker[1]
      Execution plan of action filters (in the following order): Microsoft.AspNetCore.Mvc.Filters.ControllerActionFilter (Order: -2147483648), Microsoft.AspNetCore.Mvc.ModelBinding.UnsupportedContentTypeFilter (Order: -3000)
dbug: Microsoft.AspNetCore.Mvc.Infrastructure.ControllerActionInvoker[1]
      Execution plan of action filters (in the following order): Microsoft.AspNetCore.Mvc.Filters.ControllerActionFilter (Order: -2147483648), Microsoft.AspNetCore.Mvc.ModelBinding.UnsupportedContentTypeFilter (Order: -3000)
dbug: Microsoft.AspNetCore.Mvc.Infrastructure.ControllerActionInvoker[1]
      Execution plan of exception filters (in the following order): None
dbug: Microsoft.AspNetCore.Mvc.Infrastructure.ControllerActionInvoker[1]
      Execution plan of exception filters (in the following order): None
dbug: Microsoft.AspNetCore.Mvc.Infrastructure.ControllerActionInvoker[1]
      Execution plan of result filters (in the following order): Microsoft.AspNetCore.Mvc.ViewFeatures.Filters.SaveTempDataFilter
dbug: Microsoft.AspNetCore.Mvc.Infrastructure.ControllerActionInvoker[1]
      Execution plan of result filters (in the following order): Microsoft.AspNetCore.Mvc.ViewFeatures.Filters.SaveTempDataFilter
dbug: Microsoft.AspNetCore.Mvc.Infrastructure.ControllerActionInvoker[1]
      Executing controller factory for controller ParcelManagement2.Controllers.ResidentController (ParcelProject)
dbug: Microsoft.AspNetCore.Mvc.Infrastructure.ControllerActionInvoker[1]
      Executing controller factory for controller ParcelManagement2.Controllers.ResidentController (ParcelProject)
dbug: ParcelManagement2.Models.DBConn[0]
      資料庫連線字串已設定
dbug: ParcelManagement2.Models.DBConn[0]
      資料庫連線字串已設定
dbug: Microsoft.AspNetCore.Mvc.Infrastructure.ControllerActionInvoker[2]
      Executed controller factory for controller ParcelManagement2.Controllers.ResidentController (ParcelProject)
dbug: Microsoft.AspNetCore.Mvc.Infrastructure.ControllerActionInvoker[2]
      Executed controller factory for controller ParcelManagement2.Controllers.ResidentController (ParcelProject)
dbug: Microsoft.AspNetCore.Session.DistributedSession[4]
      Session loaded; Key:f3a42b75-d459-1344-3c37-ff3073c71b14, Id:be5fffd8-37ca-330c-7652-55aaec6333fb, Count:1
dbug: Microsoft.AspNetCore.Session.DistributedSession[4]
      Session loaded; Key:f3a42b75-d459-1344-3c37-ff3073c71b14, Id:be5fffd8-37ca-330c-7652-55aaec6333fb, Count:1
dbug: ParcelManagement2.Models.DBConn[0]
      查詢成功，返回 0 行數據
info: Microsoft.AspNetCore.Mvc.Infrastructure.ContentResultExecutor[1]
      Executing ContentResult with HTTP Response ContentType of application/json
info: Microsoft.AspNetCore.Mvc.Infrastructure.ControllerActionInvoker[105]
      Executed action ParcelManagement2.Controllers.ResidentController.GetUncollectedMails (ParcelProject) in 38.9213ms
info: Microsoft.AspNetCore.Routing.EndpointMiddleware[1]
      Executed endpoint 'ParcelManagement2.Controllers.ResidentController.GetUncollectedMails (ParcelProject)'
info: Microsoft.AspNetCore.Hosting.Diagnostics[2]
      Request finished HTTP/2 POST https://localhost:44353/Resident/GetUncollectedMails - 200 2 application/json 75.5818ms
dbug: Microsoft.AspNetCore.Server.IIS.Core.IISHttpServer[1]
      Connection ID "18302628903618871534" disconnecting.
dbug: ParcelManagement2.Models.DBConn[0]
      查詢成功，返回 4 行數據
info: Microsoft.AspNetCore.Mvc.Infrastructure.ContentResultExecutor[1]
      Executing ContentResult with HTTP Response ContentType of application/json
info: Microsoft.AspNetCore.Mvc.Infrastructure.ControllerActionInvoker[105]
      Executed action ParcelManagement2.Controllers.ResidentController.GetUncollectedPackages (ParcelProject) in 45.4444ms
info: Microsoft.AspNetCore.Routing.EndpointMiddleware[1]
      Executed endpoint 'ParcelManagement2.Controllers.ResidentController.GetUncollectedPackages (ParcelProject)'
info: Microsoft.AspNetCore.Hosting.Diagnostics[2]
      Request finished HTTP/2 POST https://localhost:44353/Resident/GetUncollectedPackages - 200 501 application/json 84.6428ms
dbug: Microsoft.AspNetCore.Server.IIS.Core.IISHttpServer[1]
      Connection ID "18302628946568544372" disconnecting.
info: Microsoft.AspNetCore.Hosting.Diagnostics[1]
      Request starting HTTP/2 POST https://localhost:44353/Resident/GetPackagePhotos - application/json 36
dbug: Microsoft.AspNetCore.StaticFiles.StaticFileMiddleware[1]
      POST requests are not supported
dbug: Microsoft.AspNetCore.Routing.Matching.DfaMatcher[1001]
      1 candidate(s) found for the request path '/Resident/GetPackagePhotos'
dbug: Microsoft.AspNetCore.Routing.Matching.DfaMatcher[1005]
      Endpoint 'ParcelManagement2.Controllers.ResidentController.GetPackagePhotos (ParcelProject)' with route pattern '{controller=Account}/{action=Login}/{id?}' is valid for the request path '/Resident/GetPackagePhotos'
dbug: Microsoft.AspNetCore.Routing.EndpointRoutingMiddleware[1]
      Request matched endpoint 'ParcelManagement2.Controllers.ResidentController.GetPackagePhotos (ParcelProject)'
dbug: Microsoft.AspNetCore.Authentication.Cookies.CookieAuthenticationHandler[8]
      AuthenticationScheme: Cookies was successfully authenticated.
dbug: Microsoft.AspNetCore.Authorization.DefaultAuthorizationService[1]
      Authorization was successful.
info: Microsoft.AspNetCore.Routing.EndpointMiddleware[0]
      Executing endpoint 'ParcelManagement2.Controllers.ResidentController.GetPackagePhotos (ParcelProject)'
info: Microsoft.AspNetCore.Mvc.Infrastructure.ControllerActionInvoker[102]
      Route matched with {action = "GetPackagePhotos", controller = "Resident"}. Executing controller action with signature System.Threading.Tasks.Task`1[Microsoft.AspNetCore.Mvc.IActionResult] GetPackagePhotos(System.Text.Json.JsonElement) on controller ParcelManagement2.Controllers.ResidentController (ParcelProject).
dbug: Microsoft.AspNetCore.Mvc.Infrastructure.ControllerActionInvoker[1]
      Execution plan of authorization filters (in the following order): None
dbug: Microsoft.AspNetCore.Mvc.Infrastructure.ControllerActionInvoker[1]
      Execution plan of resource filters (in the following order): Microsoft.AspNetCore.Mvc.ViewFeatures.Filters.SaveTempDataFilter
dbug: Microsoft.AspNetCore.Mvc.Infrastructure.ControllerActionInvoker[1]
      Execution plan of action filters (in the following order): Microsoft.AspNetCore.Mvc.Filters.ControllerActionFilter (Order: -2147483648), Microsoft.AspNetCore.Mvc.ModelBinding.UnsupportedContentTypeFilter (Order: -3000)
dbug: Microsoft.AspNetCore.Mvc.Infrastructure.ControllerActionInvoker[1]
      Execution plan of exception filters (in the following order): None
dbug: Microsoft.AspNetCore.Mvc.Infrastructure.ControllerActionInvoker[1]
      Execution plan of result filters (in the following order): Microsoft.AspNetCore.Mvc.ViewFeatures.Filters.SaveTempDataFilter
dbug: Microsoft.AspNetCore.Mvc.Infrastructure.ControllerActionInvoker[1]
      Executing controller factory for controller ParcelManagement2.Controllers.ResidentController (ParcelProject)
dbug: ParcelManagement2.Models.DBConn[0]
      資料庫連線字串已設定
dbug: Microsoft.AspNetCore.Mvc.Infrastructure.ControllerActionInvoker[2]
      Executed controller factory for controller ParcelManagement2.Controllers.ResidentController (ParcelProject)
dbug: Microsoft.AspNetCore.Mvc.ModelBinding.ParameterBinder[22]
      Attempting to bind parameter 'requestData' of type 'System.Text.Json.JsonElement' ...
dbug: Microsoft.AspNetCore.Mvc.ModelBinding.Binders.BodyModelBinder[44]
      Attempting to bind parameter 'requestData' of type 'System.Text.Json.JsonElement' using the name '' in request data ...
dbug: Microsoft.AspNetCore.Mvc.ModelBinding.Binders.BodyModelBinder[1]
      Selected input formatter 'Microsoft.AspNetCore.Mvc.Formatters.SystemTextJsonInputFormatter' for content type 'application/json'.
dbug: Microsoft.AspNetCore.Mvc.Formatters.SystemTextJsonInputFormatter[2]
      JSON input formatter succeeded, deserializing to type 'System.Text.Json.JsonElement'
dbug: Microsoft.AspNetCore.Mvc.ModelBinding.Binders.BodyModelBinder[45]
      Done attempting to bind parameter 'requestData' of type 'System.Text.Json.JsonElement'.
dbug: Microsoft.AspNetCore.Mvc.ModelBinding.ParameterBinder[23]
      Done attempting to bind parameter 'requestData' of type 'System.Text.Json.JsonElement'.
dbug: Microsoft.AspNetCore.Mvc.ModelBinding.ParameterBinder[26]
      Attempting to validate the bound parameter 'requestData' of type 'System.Text.Json.JsonElement' ...
dbug: Microsoft.AspNetCore.Mvc.ModelBinding.ParameterBinder[27]
      Done attempting to validate the bound parameter 'requestData' of type 'System.Text.Json.JsonElement'.
dbug: ParcelManagement2.Models.DBConn[0]
      查詢成功，返回 1 行數據
info: Microsoft.AspNetCore.Mvc.Infrastructure.SystemTextJsonResultExecutor[1]
      Executing JsonResult, writing value of type '<>f__AnonymousType18`8[[System.Boolean, System.Private.CoreLib, Version=8.0.0.0, Culture=neutral, PublicKeyToken=7cec85d7bea7798e],[System.String, System.Private.CoreLib, Version=8.0.0.0, Culture=neutral, PublicKeyToken=7cec85d7bea7798e],[System.String, System.Private.CoreLib, Version=8.0.0.0, Culture=neutral, PublicKeyToken=7cec85d7bea7798e],[System.String, System.Private.CoreLib, Version=8.0.0.0, Culture=neutral, PublicKeyToken=7cec85d7bea7798e],[System.String, System.Private.CoreLib, Version=8.0.0.0, Culture=neutral, PublicKeyToken=7cec85d7bea7798e],[System.String, System.Private.CoreLib, Version=8.0.0.0, Culture=neutral, PublicKeyToken=7cec85d7bea7798e],[System.Collections.Generic.List`1[[System.String, System.Private.CoreLib, Version=8.0.0.0, Culture=neutral, PublicKeyToken=7cec85d7bea7798e]], System.Private.CoreLib, Version=8.0.0.0, Culture=neutral, PublicKeyToken=7cec85d7bea7798e],[System.Int32, System.Private.CoreLib, Version=8.0.0.0, Culture=neutral, PublicKeyToken=7cec85d7bea7798e]]'.
info: Microsoft.AspNetCore.Mvc.Infrastructure.ControllerActionInvoker[105]
      Executed action ParcelManagement2.Controllers.ResidentController.GetPackagePhotos (ParcelProject) in 65.6232ms
info: Microsoft.AspNetCore.Routing.EndpointMiddleware[1]
      Executed endpoint 'ParcelManagement2.Controllers.ResidentController.GetPackagePhotos (ParcelProject)'
info: Microsoft.AspNetCore.Hosting.Diagnostics[2]
      Request finished HTTP/2 POST https://localhost:44353/Resident/GetPackagePhotos - 200 - application/json;+charset=utf-8 109.6461ms
dbug: Microsoft.AspNetCore.Server.IIS.Core.IISHttpServer[1]
      Connection ID "17870283347981238283" disconnecting.
info: Microsoft.AspNetCore.Hosting.Diagnostics[1]
      Request starting HTTP/2 GET https://localhost:44353/uploads/packages/251025P0002_20251025191102.jpg - - -
info: Microsoft.AspNetCore.StaticFiles.StaticFileMiddleware[6]
      The file /uploads/packages/251025P0002_20251025191102.jpg was not modified
dbug: Microsoft.AspNetCore.StaticFiles.StaticFileMiddleware[8]
      Handled. Status code: 304 File: /uploads/packages/251025P0002_20251025191102.jpg
info: Microsoft.AspNetCore.Hosting.Diagnostics[2]
      Request finished HTTP/2 GET https://localhost:44353/uploads/packages/251025P0002_20251025191102.jpg - 304 - image/jpeg 19.5992ms
dbug: Microsoft.AspNetCore.Server.IIS.Core.IISHttpServer[1]
      Connection ID "17870283347981238285" disconnecting.
dbug: Microsoft.Extensions.Http.DefaultHttpClientFactory[100]
      Starting HttpMessageHandler cleanup cycle with 2 items
dbug: Microsoft.Extensions.Http.DefaultHttpClientFactory[101]
      Ending HttpMessageHandler cleanup cycle after 0.0023ms - processed: 0 items - remaining: 2 items
info: Microsoft.AspNetCore.Hosting.Diagnostics[1]
      Request starting HTTP/2 POST https://localhost:44353/Resident/GetPackagePhotos - application/json 36
dbug: Microsoft.AspNetCore.StaticFiles.StaticFileMiddleware[1]
      POST requests are not supported
dbug: Microsoft.AspNetCore.Routing.Matching.DfaMatcher[1001]
      1 candidate(s) found for the request path '/Resident/GetPackagePhotos'
dbug: Microsoft.AspNetCore.Routing.Matching.DfaMatcher[1005]
      Endpoint 'ParcelManagement2.Controllers.ResidentController.GetPackagePhotos (ParcelProject)' with route pattern '{controller=Account}/{action=Login}/{id?}' is valid for the request path '/Resident/GetPackagePhotos'
dbug: Microsoft.AspNetCore.Routing.EndpointRoutingMiddleware[1]
      Request matched endpoint 'ParcelManagement2.Controllers.ResidentController.GetPackagePhotos (ParcelProject)'
dbug: Microsoft.AspNetCore.Authentication.Cookies.CookieAuthenticationHandler[8]
      AuthenticationScheme: Cookies was successfully authenticated.
dbug: Microsoft.AspNetCore.Authorization.DefaultAuthorizationService[1]
      Authorization was successful.
info: Microsoft.AspNetCore.Routing.EndpointMiddleware[0]
      Executing endpoint 'ParcelManagement2.Controllers.ResidentController.GetPackagePhotos (ParcelProject)'
info: Microsoft.AspNetCore.Mvc.Infrastructure.ControllerActionInvoker[102]
      Route matched with {action = "GetPackagePhotos", controller = "Resident"}. Executing controller action with signature System.Threading.Tasks.Task`1[Microsoft.AspNetCore.Mvc.IActionResult] GetPackagePhotos(System.Text.Json.JsonElement) on controller ParcelManagement2.Controllers.ResidentController (ParcelProject).
dbug: Microsoft.AspNetCore.Mvc.Infrastructure.ControllerActionInvoker[1]
      Execution plan of authorization filters (in the following order): None
dbug: Microsoft.AspNetCore.Mvc.Infrastructure.ControllerActionInvoker[1]
      Execution plan of resource filters (in the following order): Microsoft.AspNetCore.Mvc.ViewFeatures.Filters.SaveTempDataFilter
dbug: Microsoft.AspNetCore.Mvc.Infrastructure.ControllerActionInvoker[1]
      Execution plan of action filters (in the following order): Microsoft.AspNetCore.Mvc.Filters.ControllerActionFilter (Order: -2147483648), Microsoft.AspNetCore.Mvc.ModelBinding.UnsupportedContentTypeFilter (Order: -3000)
dbug: Microsoft.AspNetCore.Mvc.Infrastructure.ControllerActionInvoker[1]
      Execution plan of exception filters (in the following order): None
dbug: Microsoft.AspNetCore.Mvc.Infrastructure.ControllerActionInvoker[1]
      Execution plan of result filters (in the following order): Microsoft.AspNetCore.Mvc.ViewFeatures.Filters.SaveTempDataFilter
dbug: Microsoft.AspNetCore.Mvc.Infrastructure.ControllerActionInvoker[1]
      Executing controller factory for controller ParcelManagement2.Controllers.ResidentController (ParcelProject)
dbug: ParcelManagement2.Models.DBConn[0]
      資料庫連線字串已設定
dbug: Microsoft.AspNetCore.Mvc.Infrastructure.ControllerActionInvoker[2]
      Executed controller factory for controller ParcelManagement2.Controllers.ResidentController (ParcelProject)
dbug: Microsoft.AspNetCore.Mvc.ModelBinding.ParameterBinder[22]
      Attempting to bind parameter 'requestData' of type 'System.Text.Json.JsonElement' ...
dbug: Microsoft.AspNetCore.Mvc.ModelBinding.Binders.BodyModelBinder[44]
      Attempting to bind parameter 'requestData' of type 'System.Text.Json.JsonElement' using the name '' in request data ...
dbug: Microsoft.AspNetCore.Mvc.ModelBinding.Binders.BodyModelBinder[1]
      Selected input formatter 'Microsoft.AspNetCore.Mvc.Formatters.SystemTextJsonInputFormatter' for content type 'application/json'.
dbug: Microsoft.AspNetCore.Mvc.Formatters.SystemTextJsonInputFormatter[2]
      JSON input formatter succeeded, deserializing to type 'System.Text.Json.JsonElement'
dbug: Microsoft.AspNetCore.Mvc.ModelBinding.Binders.BodyModelBinder[45]
      Done attempting to bind parameter 'requestData' of type 'System.Text.Json.JsonElement'.
dbug: Microsoft.AspNetCore.Mvc.ModelBinding.ParameterBinder[23]
      Done attempting to bind parameter 'requestData' of type 'System.Text.Json.JsonElement'.
dbug: Microsoft.AspNetCore.Mvc.ModelBinding.ParameterBinder[26]
      Attempting to validate the bound parameter 'requestData' of type 'System.Text.Json.JsonElement' ...
dbug: Microsoft.AspNetCore.Mvc.ModelBinding.ParameterBinder[27]
      Done attempting to validate the bound parameter 'requestData' of type 'System.Text.Json.JsonElement'.
dbug: ParcelManagement2.Models.DBConn[0]
      查詢成功，返回 1 行數據
info: Microsoft.AspNetCore.Mvc.Infrastructure.SystemTextJsonResultExecutor[1]
      Executing JsonResult, writing value of type '<>f__AnonymousType18`8[[System.Boolean, System.Private.CoreLib, Version=8.0.0.0, Culture=neutral, PublicKeyToken=7cec85d7bea7798e],[System.String, System.Private.CoreLib, Version=8.0.0.0, Culture=neutral, PublicKeyToken=7cec85d7bea7798e],[System.String, System.Private.CoreLib, Version=8.0.0.0, Culture=neutral, PublicKeyToken=7cec85d7bea7798e],[System.String, System.Private.CoreLib, Version=8.0.0.0, Culture=neutral, PublicKeyToken=7cec85d7bea7798e],[System.String, System.Private.CoreLib, Version=8.0.0.0, Culture=neutral, PublicKeyToken=7cec85d7bea7798e],[System.String, System.Private.CoreLib, Version=8.0.0.0, Culture=neutral, PublicKeyToken=7cec85d7bea7798e],[System.Collections.Generic.List`1[[System.String, System.Private.CoreLib, Version=8.0.0.0, Culture=neutral, PublicKeyToken=7cec85d7bea7798e]], System.Private.CoreLib, Version=8.0.0.0, Culture=neutral, PublicKeyToken=7cec85d7bea7798e],[System.Int32, System.Private.CoreLib, Version=8.0.0.0, Culture=neutral, PublicKeyToken=7cec85d7bea7798e]]'.
info: Microsoft.AspNetCore.Mvc.Infrastructure.ControllerActionInvoker[105]
      Executed action ParcelManagement2.Controllers.ResidentController.GetPackagePhotos (ParcelProject) in 57.6202ms
info: Microsoft.AspNetCore.Routing.EndpointMiddleware[1]
      Executed endpoint 'ParcelManagement2.Controllers.ResidentController.GetPackagePhotos (ParcelProject)'
info: Microsoft.AspNetCore.Hosting.Diagnostics[2]
      Request finished HTTP/2 POST https://localhost:44353/Resident/GetPackagePhotos - 200 - application/json;+charset=utf-8 92.4238ms
dbug: Microsoft.AspNetCore.Server.IIS.Core.IISHttpServer[1]
      Connection ID "17870283347981238287" disconnecting.
info: Microsoft.AspNetCore.Hosting.Diagnostics[1]
      Request starting HTTP/2 GET https://localhost:44353/uploads/packages/251025P0001_20251025182618.png - - -
info: Microsoft.AspNetCore.StaticFiles.StaticFileMiddleware[6]
      The file /uploads/packages/251025P0001_20251025182618.png was not modified
dbug: Microsoft.AspNetCore.StaticFiles.StaticFileMiddleware[8]
      Handled. Status code: 304 File: /uploads/packages/251025P0001_20251025182618.png
info: Microsoft.AspNetCore.Hosting.Diagnostics[2]
      Request finished HTTP/2 GET https://localhost:44353/uploads/packages/251025P0001_20251025182618.png - 304 - image/png 5.2368ms
dbug: Microsoft.AspNetCore.Server.IIS.Core.IISHttpServer[1]
      Connection ID "18302628903618871536" disconnecting.
info: Microsoft.AspNetCore.Hosting.Diagnostics[1]
      Request starting HTTP/2 POST https://localhost:44353/Resident/GetPackagePhotos - application/json 36
dbug: Microsoft.AspNetCore.StaticFiles.StaticFileMiddleware[1]
      POST requests are not supported
dbug: Microsoft.AspNetCore.Routing.Matching.DfaMatcher[1001]
      1 candidate(s) found for the request path '/Resident/GetPackagePhotos'
dbug: Microsoft.AspNetCore.Routing.Matching.DfaMatcher[1005]
      Endpoint 'ParcelManagement2.Controllers.ResidentController.GetPackagePhotos (ParcelProject)' with route pattern '{controller=Account}/{action=Login}/{id?}' is valid for the request path '/Resident/GetPackagePhotos'
dbug: Microsoft.AspNetCore.Routing.EndpointRoutingMiddleware[1]
      Request matched endpoint 'ParcelManagement2.Controllers.ResidentController.GetPackagePhotos (ParcelProject)'
dbug: Microsoft.AspNetCore.Authentication.Cookies.CookieAuthenticationHandler[8]
      AuthenticationScheme: Cookies was successfully authenticated.
dbug: Microsoft.AspNetCore.Authorization.DefaultAuthorizationService[1]
      Authorization was successful.
info: Microsoft.AspNetCore.Routing.EndpointMiddleware[0]
      Executing endpoint 'ParcelManagement2.Controllers.ResidentController.GetPackagePhotos (ParcelProject)'
info: Microsoft.AspNetCore.Mvc.Infrastructure.ControllerActionInvoker[102]
      Route matched with {action = "GetPackagePhotos", controller = "Resident"}. Executing controller action with signature System.Threading.Tasks.Task`1[Microsoft.AspNetCore.Mvc.IActionResult] GetPackagePhotos(System.Text.Json.JsonElement) on controller ParcelManagement2.Controllers.ResidentController (ParcelProject).
dbug: Microsoft.AspNetCore.Mvc.Infrastructure.ControllerActionInvoker[1]
      Execution plan of authorization filters (in the following order): None
dbug: Microsoft.AspNetCore.Mvc.Infrastructure.ControllerActionInvoker[1]
      Execution plan of resource filters (in the following order): Microsoft.AspNetCore.Mvc.ViewFeatures.Filters.SaveTempDataFilter
dbug: Microsoft.AspNetCore.Mvc.Infrastructure.ControllerActionInvoker[1]
      Execution plan of action filters (in the following order): Microsoft.AspNetCore.Mvc.Filters.ControllerActionFilter (Order: -2147483648), Microsoft.AspNetCore.Mvc.ModelBinding.UnsupportedContentTypeFilter (Order: -3000)
dbug: Microsoft.AspNetCore.Mvc.Infrastructure.ControllerActionInvoker[1]
      Execution plan of exception filters (in the following order): None
dbug: Microsoft.AspNetCore.Mvc.Infrastructure.ControllerActionInvoker[1]
      Execution plan of result filters (in the following order): Microsoft.AspNetCore.Mvc.ViewFeatures.Filters.SaveTempDataFilter
dbug: Microsoft.AspNetCore.Mvc.Infrastructure.ControllerActionInvoker[1]
      Executing controller factory for controller ParcelManagement2.Controllers.ResidentController (ParcelProject)
dbug: ParcelManagement2.Models.DBConn[0]
      資料庫連線字串已設定
dbug: Microsoft.AspNetCore.Mvc.Infrastructure.ControllerActionInvoker[2]
      Executed controller factory for controller ParcelManagement2.Controllers.ResidentController (ParcelProject)
dbug: Microsoft.AspNetCore.Mvc.ModelBinding.ParameterBinder[22]
      Attempting to bind parameter 'requestData' of type 'System.Text.Json.JsonElement' ...
dbug: Microsoft.AspNetCore.Mvc.ModelBinding.Binders.BodyModelBinder[44]
      Attempting to bind parameter 'requestData' of type 'System.Text.Json.JsonElement' using the name '' in request data ...
dbug: Microsoft.AspNetCore.Mvc.ModelBinding.Binders.BodyModelBinder[1]
      Selected input formatter 'Microsoft.AspNetCore.Mvc.Formatters.SystemTextJsonInputFormatter' for content type 'application/json'.
dbug: Microsoft.AspNetCore.Mvc.Formatters.SystemTextJsonInputFormatter[2]
      JSON input formatter succeeded, deserializing to type 'System.Text.Json.JsonElement'
dbug: Microsoft.AspNetCore.Mvc.ModelBinding.Binders.BodyModelBinder[45]
      Done attempting to bind parameter 'requestData' of type 'System.Text.Json.JsonElement'.
dbug: Microsoft.AspNetCore.Mvc.ModelBinding.ParameterBinder[23]
      Done attempting to bind parameter 'requestData' of type 'System.Text.Json.JsonElement'.
dbug: Microsoft.AspNetCore.Mvc.ModelBinding.ParameterBinder[26]
      Attempting to validate the bound parameter 'requestData' of type 'System.Text.Json.JsonElement' ...
dbug: Microsoft.AspNetCore.Mvc.ModelBinding.ParameterBinder[27]
      Done attempting to validate the bound parameter 'requestData' of type 'System.Text.Json.JsonElement'.
dbug: ParcelManagement2.Models.DBConn[0]
      查詢成功，返回 1 行數據
info: Microsoft.AspNetCore.Mvc.Infrastructure.SystemTextJsonResultExecutor[1]
      Executing JsonResult, writing value of type '<>f__AnonymousType18`8[[System.Boolean, System.Private.CoreLib, Version=8.0.0.0, Culture=neutral, PublicKeyToken=7cec85d7bea7798e],[System.String, System.Private.CoreLib, Version=8.0.0.0, Culture=neutral, PublicKeyToken=7cec85d7bea7798e],[System.String, System.Private.CoreLib, Version=8.0.0.0, Culture=neutral, PublicKeyToken=7cec85d7bea7798e],[System.String, System.Private.CoreLib, Version=8.0.0.0, Culture=neutral, PublicKeyToken=7cec85d7bea7798e],[System.String, System.Private.CoreLib, Version=8.0.0.0, Culture=neutral, PublicKeyToken=7cec85d7bea7798e],[System.String, System.Private.CoreLib, Version=8.0.0.0, Culture=neutral, PublicKeyToken=7cec85d7bea7798e],[System.Collections.Generic.List`1[[System.String, System.Private.CoreLib, Version=8.0.0.0, Culture=neutral, PublicKeyToken=7cec85d7bea7798e]], System.Private.CoreLib, Version=8.0.0.0, Culture=neutral, PublicKeyToken=7cec85d7bea7798e],[System.Int32, System.Private.CoreLib, Version=8.0.0.0, Culture=neutral, PublicKeyToken=7cec85d7bea7798e]]'.
info: Microsoft.AspNetCore.Mvc.Infrastructure.ControllerActionInvoker[105]
      Executed action ParcelManagement2.Controllers.ResidentController.GetPackagePhotos (ParcelProject) in 41.2718ms
info: Microsoft.AspNetCore.Routing.EndpointMiddleware[1]
      Executed endpoint 'ParcelManagement2.Controllers.ResidentController.GetPackagePhotos (ParcelProject)'
info: Microsoft.AspNetCore.Hosting.Diagnostics[2]
      Request finished HTTP/2 POST https://localhost:44353/Resident/GetPackagePhotos - 200 - application/json;+charset=utf-8 74.5713ms
dbug: Microsoft.AspNetCore.Server.IIS.Core.IISHttpServer[1]
      Connection ID "17870283347981238289" disconnecting.
info: Microsoft.AspNetCore.Hosting.Diagnostics[1]
      Request starting HTTP/2 GET https://localhost:44353/Uploads/250910P0002.png - - -
dbug: Microsoft.AspNetCore.StaticFiles.StaticFileMiddleware[5]
      The request path /Uploads/250910P0002.png does not match an existing file
dbug: Microsoft.AspNetCore.Routing.Matching.DfaMatcher[1000]
      No candidates found for the request path '/Uploads/250910P0002.png'
dbug: Microsoft.AspNetCore.Routing.EndpointRoutingMiddleware[2]
      Request did not match any endpoints
dbug: Microsoft.AspNetCore.Authentication.Cookies.CookieAuthenticationHandler[8]
      AuthenticationScheme: Cookies was successfully authenticated.
info: Microsoft.AspNetCore.Hosting.Diagnostics[2]
      Request finished HTTP/2 GET https://localhost:44353/Uploads/250910P0002.png - 404 - - 8.4750ms
dbug: Microsoft.AspNetCore.Server.IIS.Core.IISHttpServer[1]
      Connection ID "18302628895028936859" disconnecting.
info: Microsoft.AspNetCore.Hosting.Diagnostics[16]
      Request reached the end of the middleware pipeline without being handled by application code. Request path: GET https://localhost:44353/Uploads/250910P0002.png, Response status code: 404
info: Microsoft.AspNetCore.Hosting.Diagnostics[1]
      Request starting HTTP/2 POST https://localhost:44353/Resident/GetPackagePhotos - application/json 36
dbug: Microsoft.AspNetCore.StaticFiles.StaticFileMiddleware[1]
      POST requests are not supported
dbug: Microsoft.AspNetCore.Routing.Matching.DfaMatcher[1001]
      1 candidate(s) found for the request path '/Resident/GetPackagePhotos'
dbug: Microsoft.AspNetCore.Routing.Matching.DfaMatcher[1005]
      Endpoint 'ParcelManagement2.Controllers.ResidentController.GetPackagePhotos (ParcelProject)' with route pattern '{controller=Account}/{action=Login}/{id?}' is valid for the request path '/Resident/GetPackagePhotos'
dbug: Microsoft.AspNetCore.Routing.EndpointRoutingMiddleware[1]
      Request matched endpoint 'ParcelManagement2.Controllers.ResidentController.GetPackagePhotos (ParcelProject)'
dbug: Microsoft.AspNetCore.Authentication.Cookies.CookieAuthenticationHandler[8]
      AuthenticationScheme: Cookies was successfully authenticated.
dbug: Microsoft.AspNetCore.Authorization.DefaultAuthorizationService[1]
      Authorization was successful.
info: Microsoft.AspNetCore.Routing.EndpointMiddleware[0]
      Executing endpoint 'ParcelManagement2.Controllers.ResidentController.GetPackagePhotos (ParcelProject)'
info: Microsoft.AspNetCore.Mvc.Infrastructure.ControllerActionInvoker[102]
      Route matched with {action = "GetPackagePhotos", controller = "Resident"}. Executing controller action with signature System.Threading.Tasks.Task`1[Microsoft.AspNetCore.Mvc.IActionResult] GetPackagePhotos(System.Text.Json.JsonElement) on controller ParcelManagement2.Controllers.ResidentController (ParcelProject).
dbug: Microsoft.AspNetCore.Mvc.Infrastructure.ControllerActionInvoker[1]
      Execution plan of authorization filters (in the following order): None
dbug: Microsoft.AspNetCore.Mvc.Infrastructure.ControllerActionInvoker[1]
      Execution plan of resource filters (in the following order): Microsoft.AspNetCore.Mvc.ViewFeatures.Filters.SaveTempDataFilter
dbug: Microsoft.AspNetCore.Mvc.Infrastructure.ControllerActionInvoker[1]
      Execution plan of action filters (in the following order): Microsoft.AspNetCore.Mvc.Filters.ControllerActionFilter (Order: -2147483648), Microsoft.AspNetCore.Mvc.ModelBinding.UnsupportedContentTypeFilter (Order: -3000)
dbug: Microsoft.AspNetCore.Mvc.Infrastructure.ControllerActionInvoker[1]
      Execution plan of exception filters (in the following order): None
dbug: Microsoft.AspNetCore.Mvc.Infrastructure.ControllerActionInvoker[1]
      Execution plan of result filters (in the following order): Microsoft.AspNetCore.Mvc.ViewFeatures.Filters.SaveTempDataFilter
dbug: Microsoft.AspNetCore.Mvc.Infrastructure.ControllerActionInvoker[1]
      Executing controller factory for controller ParcelManagement2.Controllers.ResidentController (ParcelProject)
dbug: ParcelManagement2.Models.DBConn[0]
      資料庫連線字串已設定
dbug: Microsoft.AspNetCore.Mvc.Infrastructure.ControllerActionInvoker[2]
      Executed controller factory for controller ParcelManagement2.Controllers.ResidentController (ParcelProject)
dbug: Microsoft.AspNetCore.Mvc.ModelBinding.ParameterBinder[22]
      Attempting to bind parameter 'requestData' of type 'System.Text.Json.JsonElement' ...
dbug: Microsoft.AspNetCore.Mvc.ModelBinding.Binders.BodyModelBinder[44]
      Attempting to bind parameter 'requestData' of type 'System.Text.Json.JsonElement' using the name '' in request data ...
dbug: Microsoft.AspNetCore.Mvc.ModelBinding.Binders.BodyModelBinder[1]
      Selected input formatter 'Microsoft.AspNetCore.Mvc.Formatters.SystemTextJsonInputFormatter' for content type 'application/json'.
dbug: Microsoft.AspNetCore.Mvc.Formatters.SystemTextJsonInputFormatter[2]
      JSON input formatter succeeded, deserializing to type 'System.Text.Json.JsonElement'
dbug: Microsoft.AspNetCore.Mvc.ModelBinding.Binders.BodyModelBinder[45]
      Done attempting to bind parameter 'requestData' of type 'System.Text.Json.JsonElement'.
dbug: Microsoft.AspNetCore.Mvc.ModelBinding.ParameterBinder[23]
      Done attempting to bind parameter 'requestData' of type 'System.Text.Json.JsonElement'.
dbug: Microsoft.AspNetCore.Mvc.ModelBinding.ParameterBinder[26]
      Attempting to validate the bound parameter 'requestData' of type 'System.Text.Json.JsonElement' ...
dbug: Microsoft.AspNetCore.Mvc.ModelBinding.ParameterBinder[27]
      Done attempting to validate the bound parameter 'requestData' of type 'System.Text.Json.JsonElement'.
dbug: ParcelManagement2.Models.DBConn[0]
      查詢成功，返回 1 行數據
info: Microsoft.AspNetCore.Mvc.Infrastructure.SystemTextJsonResultExecutor[1]
      Executing JsonResult, writing value of type '<>f__AnonymousType18`8[[System.Boolean, System.Private.CoreLib, Version=8.0.0.0, Culture=neutral, PublicKeyToken=7cec85d7bea7798e],[System.String, System.Private.CoreLib, Version=8.0.0.0, Culture=neutral, PublicKeyToken=7cec85d7bea7798e],[System.String, System.Private.CoreLib, Version=8.0.0.0, Culture=neutral, PublicKeyToken=7cec85d7bea7798e],[System.String, System.Private.CoreLib, Version=8.0.0.0, Culture=neutral, PublicKeyToken=7cec85d7bea7798e],[System.String, System.Private.CoreLib, Version=8.0.0.0, Culture=neutral, PublicKeyToken=7cec85d7bea7798e],[System.String, System.Private.CoreLib, Version=8.0.0.0, Culture=neutral, PublicKeyToken=7cec85d7bea7798e],[System.Collections.Generic.List`1[[System.String, System.Private.CoreLib, Version=8.0.0.0, Culture=neutral, PublicKeyToken=7cec85d7bea7798e]], System.Private.CoreLib, Version=8.0.0.0, Culture=neutral, PublicKeyToken=7cec85d7bea7798e],[System.Int32, System.Private.CoreLib, Version=8.0.0.0, Culture=neutral, PublicKeyToken=7cec85d7bea7798e]]'.
info: Microsoft.AspNetCore.Mvc.Infrastructure.ControllerActionInvoker[105]
      Executed action ParcelManagement2.Controllers.ResidentController.GetPackagePhotos (ParcelProject) in 138.594ms
info: Microsoft.AspNetCore.Routing.EndpointMiddleware[1]
      Executed endpoint 'ParcelManagement2.Controllers.ResidentController.GetPackagePhotos (ParcelProject)'
info: Microsoft.AspNetCore.Hosting.Diagnostics[2]
      Request finished HTTP/2 POST https://localhost:44353/Resident/GetPackagePhotos - 200 - application/json;+charset=utf-8 167.9192ms
dbug: Microsoft.AspNetCore.Server.IIS.Core.IISHttpServer[1]
      Connection ID "18302628903618871538" disconnecting.
info: Microsoft.AspNetCore.Hosting.Diagnostics[1]
      Request starting HTTP/2 POST https://localhost:44353/Resident/GetPackagePhotos - application/json 36
dbug: Microsoft.AspNetCore.StaticFiles.StaticFileMiddleware[1]
      POST requests are not supported
dbug: Microsoft.AspNetCore.Routing.Matching.DfaMatcher[1001]
      1 candidate(s) found for the request path '/Resident/GetPackagePhotos'
dbug: Microsoft.AspNetCore.Routing.Matching.DfaMatcher[1005]
      Endpoint 'ParcelManagement2.Controllers.ResidentController.GetPackagePhotos (ParcelProject)' with route pattern '{controller=Account}/{action=Login}/{id?}' is valid for the request path '/Resident/GetPackagePhotos'
dbug: Microsoft.AspNetCore.Routing.EndpointRoutingMiddleware[1]
      Request matched endpoint 'ParcelManagement2.Controllers.ResidentController.GetPackagePhotos (ParcelProject)'
dbug: Microsoft.AspNetCore.Authentication.Cookies.CookieAuthenticationHandler[8]
      AuthenticationScheme: Cookies was successfully authenticated.
dbug: Microsoft.AspNetCore.Authorization.DefaultAuthorizationService[1]
      Authorization was successful.
info: Microsoft.AspNetCore.Routing.EndpointMiddleware[0]
      Executing endpoint 'ParcelManagement2.Controllers.ResidentController.GetPackagePhotos (ParcelProject)'
info: Microsoft.AspNetCore.Mvc.Infrastructure.ControllerActionInvoker[102]
      Route matched with {action = "GetPackagePhotos", controller = "Resident"}. Executing controller action with signature System.Threading.Tasks.Task`1[Microsoft.AspNetCore.Mvc.IActionResult] GetPackagePhotos(System.Text.Json.JsonElement) on controller ParcelManagement2.Controllers.ResidentController (ParcelProject).
dbug: Microsoft.AspNetCore.Mvc.Infrastructure.ControllerActionInvoker[1]
      Execution plan of authorization filters (in the following order): None
dbug: Microsoft.AspNetCore.Mvc.Infrastructure.ControllerActionInvoker[1]
      Execution plan of resource filters (in the following order): Microsoft.AspNetCore.Mvc.ViewFeatures.Filters.SaveTempDataFilter
dbug: Microsoft.AspNetCore.Mvc.Infrastructure.ControllerActionInvoker[1]
      Execution plan of action filters (in the following order): Microsoft.AspNetCore.Mvc.Filters.ControllerActionFilter (Order: -2147483648), Microsoft.AspNetCore.Mvc.ModelBinding.UnsupportedContentTypeFilter (Order: -3000)
dbug: Microsoft.AspNetCore.Mvc.Infrastructure.ControllerActionInvoker[1]
      Execution plan of exception filters (in the following order): None
dbug: Microsoft.AspNetCore.Mvc.Infrastructure.ControllerActionInvoker[1]
      Execution plan of result filters (in the following order): Microsoft.AspNetCore.Mvc.ViewFeatures.Filters.SaveTempDataFilter
dbug: Microsoft.AspNetCore.Mvc.Infrastructure.ControllerActionInvoker[1]
      Executing controller factory for controller ParcelManagement2.Controllers.ResidentController (ParcelProject)
dbug: ParcelManagement2.Models.DBConn[0]
      資料庫連線字串已設定
dbug: Microsoft.AspNetCore.Mvc.Infrastructure.ControllerActionInvoker[2]
      Executed controller factory for controller ParcelManagement2.Controllers.ResidentController (ParcelProject)
dbug: Microsoft.AspNetCore.Mvc.ModelBinding.ParameterBinder[22]
      Attempting to bind parameter 'requestData' of type 'System.Text.Json.JsonElement' ...
dbug: Microsoft.AspNetCore.Mvc.ModelBinding.Binders.BodyModelBinder[44]
      Attempting to bind parameter 'requestData' of type 'System.Text.Json.JsonElement' using the name '' in request data ...
dbug: Microsoft.AspNetCore.Mvc.ModelBinding.Binders.BodyModelBinder[1]
      Selected input formatter 'Microsoft.AspNetCore.Mvc.Formatters.SystemTextJsonInputFormatter' for content type 'application/json'.
dbug: Microsoft.AspNetCore.Mvc.Formatters.SystemTextJsonInputFormatter[2]
      JSON input formatter succeeded, deserializing to type 'System.Text.Json.JsonElement'
dbug: Microsoft.AspNetCore.Mvc.ModelBinding.Binders.BodyModelBinder[45]
      Done attempting to bind parameter 'requestData' of type 'System.Text.Json.JsonElement'.
dbug: Microsoft.AspNetCore.Mvc.ModelBinding.ParameterBinder[23]
      Done attempting to bind parameter 'requestData' of type 'System.Text.Json.JsonElement'.
dbug: Microsoft.AspNetCore.Mvc.ModelBinding.ParameterBinder[26]
      Attempting to validate the bound parameter 'requestData' of type 'System.Text.Json.JsonElement' ...
dbug: Microsoft.AspNetCore.Mvc.ModelBinding.ParameterBinder[27]
      Done attempting to validate the bound parameter 'requestData' of type 'System.Text.Json.JsonElement'.
dbug: ParcelManagement2.Models.DBConn[0]
      查詢成功，返回 1 行數據
info: Microsoft.AspNetCore.Mvc.Infrastructure.SystemTextJsonResultExecutor[1]
      Executing JsonResult, writing value of type '<>f__AnonymousType18`8[[System.Boolean, System.Private.CoreLib, Version=8.0.0.0, Culture=neutral, PublicKeyToken=7cec85d7bea7798e],[System.String, System.Private.CoreLib, Version=8.0.0.0, Culture=neutral, PublicKeyToken=7cec85d7bea7798e],[System.String, System.Private.CoreLib, Version=8.0.0.0, Culture=neutral, PublicKeyToken=7cec85d7bea7798e],[System.String, System.Private.CoreLib, Version=8.0.0.0, Culture=neutral, PublicKeyToken=7cec85d7bea7798e],[System.String, System.Private.CoreLib, Version=8.0.0.0, Culture=neutral, PublicKeyToken=7cec85d7bea7798e],[System.String, System.Private.CoreLib, Version=8.0.0.0, Culture=neutral, PublicKeyToken=7cec85d7bea7798e],[System.Collections.Generic.List`1[[System.String, System.Private.CoreLib, Version=8.0.0.0, Culture=neutral, PublicKeyToken=7cec85d7bea7798e]], System.Private.CoreLib, Version=8.0.0.0, Culture=neutral, PublicKeyToken=7cec85d7bea7798e],[System.Int32, System.Private.CoreLib, Version=8.0.0.0, Culture=neutral, PublicKeyToken=7cec85d7bea7798e]]'.
info: Microsoft.AspNetCore.Mvc.Infrastructure.ControllerActionInvoker[105]
      Executed action ParcelManagement2.Controllers.ResidentController.GetPackagePhotos (ParcelProject) in 70.8372ms
info: Microsoft.AspNetCore.Routing.EndpointMiddleware[1]
      Executed endpoint 'ParcelManagement2.Controllers.ResidentController.GetPackagePhotos (ParcelProject)'
info: Microsoft.AspNetCore.Hosting.Diagnostics[2]
      Request finished HTTP/2 POST https://localhost:44353/Resident/GetPackagePhotos - 200 - application/json;+charset=utf-8 108.4301ms
dbug: Microsoft.AspNetCore.Server.IIS.Core.IISHttpServer[1]
      Connection ID "17726168168495317012" disconnecting.
info: Microsoft.AspNetCore.Hosting.Diagnostics[1]
      Request starting HTTP/2 GET https://localhost:44353/Uploads/250910P0002.png - - -
dbug: Microsoft.AspNetCore.StaticFiles.StaticFileMiddleware[5]
      The request path /Uploads/250910P0002.png does not match an existing file
dbug: Microsoft.AspNetCore.Routing.Matching.DfaMatcher[1000]
      No candidates found for the request path '/Uploads/250910P0002.png'
dbug: Microsoft.AspNetCore.Routing.EndpointRoutingMiddleware[2]
      Request did not match any endpoints
dbug: Microsoft.AspNetCore.Authentication.Cookies.CookieAuthenticationHandler[8]
      AuthenticationScheme: Cookies was successfully authenticated.
info: Microsoft.AspNetCore.Hosting.Diagnostics[2]
      Request finished HTTP/2 GET https://localhost:44353/Uploads/250910P0002.png - 404 - - 9.4547ms
dbug: Microsoft.AspNetCore.Server.IIS.Core.IISHttpServer[1]
      Connection ID "18302628895028936861" disconnecting.
info: Microsoft.AspNetCore.Hosting.Diagnostics[16]
      Request reached the end of the middleware pipeline without being handled by application code. Request path: GET https://localhost:44353/Uploads/250910P0002.png, Response status code: 404
info: Microsoft.AspNetCore.Hosting.Diagnostics[1]
      Request starting HTTP/2 POST https://localhost:44353/Resident/GetPackagePhotos - application/json 36
dbug: Microsoft.AspNetCore.StaticFiles.StaticFileMiddleware[1]
      POST requests are not supported
dbug: Microsoft.AspNetCore.Routing.Matching.DfaMatcher[1001]
      1 candidate(s) found for the request path '/Resident/GetPackagePhotos'
dbug: Microsoft.AspNetCore.Routing.Matching.DfaMatcher[1005]
      Endpoint 'ParcelManagement2.Controllers.ResidentController.GetPackagePhotos (ParcelProject)' with route pattern '{controller=Account}/{action=Login}/{id?}' is valid for the request path '/Resident/GetPackagePhotos'
dbug: Microsoft.AspNetCore.Routing.EndpointRoutingMiddleware[1]
      Request matched endpoint 'ParcelManagement2.Controllers.ResidentController.GetPackagePhotos (ParcelProject)'
dbug: Microsoft.AspNetCore.Authentication.Cookies.CookieAuthenticationHandler[8]
      AuthenticationScheme: Cookies was successfully authenticated.
dbug: Microsoft.AspNetCore.Authorization.DefaultAuthorizationService[1]
      Authorization was successful.
info: Microsoft.AspNetCore.Routing.EndpointMiddleware[0]
      Executing endpoint 'ParcelManagement2.Controllers.ResidentController.GetPackagePhotos (ParcelProject)'
info: Microsoft.AspNetCore.Mvc.Infrastructure.ControllerActionInvoker[102]
      Route matched with {action = "GetPackagePhotos", controller = "Resident"}. Executing controller action with signature System.Threading.Tasks.Task`1[Microsoft.AspNetCore.Mvc.IActionResult] GetPackagePhotos(System.Text.Json.JsonElement) on controller ParcelManagement2.Controllers.ResidentController (ParcelProject).
dbug: Microsoft.AspNetCore.Mvc.Infrastructure.ControllerActionInvoker[1]
      Execution plan of authorization filters (in the following order): None
dbug: Microsoft.AspNetCore.Mvc.Infrastructure.ControllerActionInvoker[1]
      Execution plan of resource filters (in the following order): Microsoft.AspNetCore.Mvc.ViewFeatures.Filters.SaveTempDataFilter
dbug: Microsoft.AspNetCore.Mvc.Infrastructure.ControllerActionInvoker[1]
      Execution plan of action filters (in the following order): Microsoft.AspNetCore.Mvc.Filters.ControllerActionFilter (Order: -2147483648), Microsoft.AspNetCore.Mvc.ModelBinding.UnsupportedContentTypeFilter (Order: -3000)
dbug: Microsoft.AspNetCore.Mvc.Infrastructure.ControllerActionInvoker[1]
      Execution plan of exception filters (in the following order): None
dbug: Microsoft.AspNetCore.Mvc.Infrastructure.ControllerActionInvoker[1]
      Execution plan of result filters (in the following order): Microsoft.AspNetCore.Mvc.ViewFeatures.Filters.SaveTempDataFilter
dbug: Microsoft.AspNetCore.Mvc.Infrastructure.ControllerActionInvoker[1]
      Executing controller factory for controller ParcelManagement2.Controllers.ResidentController (ParcelProject)
dbug: ParcelManagement2.Models.DBConn[0]
      資料庫連線字串已設定
dbug: Microsoft.AspNetCore.Mvc.Infrastructure.ControllerActionInvoker[2]
      Executed controller factory for controller ParcelManagement2.Controllers.ResidentController (ParcelProject)
dbug: Microsoft.AspNetCore.Mvc.ModelBinding.ParameterBinder[22]
      Attempting to bind parameter 'requestData' of type 'System.Text.Json.JsonElement' ...
dbug: Microsoft.AspNetCore.Mvc.ModelBinding.Binders.BodyModelBinder[44]
      Attempting to bind parameter 'requestData' of type 'System.Text.Json.JsonElement' using the name '' in request data ...
dbug: Microsoft.AspNetCore.Mvc.ModelBinding.Binders.BodyModelBinder[1]
      Selected input formatter 'Microsoft.AspNetCore.Mvc.Formatters.SystemTextJsonInputFormatter' for content type 'application/json'.
dbug: Microsoft.AspNetCore.Mvc.Formatters.SystemTextJsonInputFormatter[2]
      JSON input formatter succeeded, deserializing to type 'System.Text.Json.JsonElement'
dbug: Microsoft.AspNetCore.Mvc.ModelBinding.Binders.BodyModelBinder[45]
      Done attempting to bind parameter 'requestData' of type 'System.Text.Json.JsonElement'.
dbug: Microsoft.AspNetCore.Mvc.ModelBinding.ParameterBinder[23]
      Done attempting to bind parameter 'requestData' of type 'System.Text.Json.JsonElement'.
dbug: Microsoft.AspNetCore.Mvc.ModelBinding.ParameterBinder[26]
      Attempting to validate the bound parameter 'requestData' of type 'System.Text.Json.JsonElement' ...
dbug: Microsoft.AspNetCore.Mvc.ModelBinding.ParameterBinder[27]
      Done attempting to validate the bound parameter 'requestData' of type 'System.Text.Json.JsonElement'.
dbug: ParcelManagement2.Models.DBConn[0]
      查詢成功，返回 1 行數據
info: Microsoft.AspNetCore.Mvc.Infrastructure.SystemTextJsonResultExecutor[1]
      Executing JsonResult, writing value of type '<>f__AnonymousType18`8[[System.Boolean, System.Private.CoreLib, Version=8.0.0.0, Culture=neutral, PublicKeyToken=7cec85d7bea7798e],[System.String, System.Private.CoreLib, Version=8.0.0.0, Culture=neutral, PublicKeyToken=7cec85d7bea7798e],[System.String, System.Private.CoreLib, Version=8.0.0.0, Culture=neutral, PublicKeyToken=7cec85d7bea7798e],[System.String, System.Private.CoreLib, Version=8.0.0.0, Culture=neutral, PublicKeyToken=7cec85d7bea7798e],[System.String, System.Private.CoreLib, Version=8.0.0.0, Culture=neutral, PublicKeyToken=7cec85d7bea7798e],[System.String, System.Private.CoreLib, Version=8.0.0.0, Culture=neutral, PublicKeyToken=7cec85d7bea7798e],[System.Collections.Generic.List`1[[System.String, System.Private.CoreLib, Version=8.0.0.0, Culture=neutral, PublicKeyToken=7cec85d7bea7798e]], System.Private.CoreLib, Version=8.0.0.0, Culture=neutral, PublicKeyToken=7cec85d7bea7798e],[System.Int32, System.Private.CoreLib, Version=8.0.0.0, Culture=neutral, PublicKeyToken=7cec85d7bea7798e]]'.
info: Microsoft.AspNetCore.Mvc.Infrastructure.ControllerActionInvoker[105]
      Executed action ParcelManagement2.Controllers.ResidentController.GetPackagePhotos (ParcelProject) in 134.6885ms
info: Microsoft.AspNetCore.Routing.EndpointMiddleware[1]
      Executed endpoint 'ParcelManagement2.Controllers.ResidentController.GetPackagePhotos (ParcelProject)'
dbug: Microsoft.AspNetCore.Server.IIS.Core.IISHttpServer[1]
      Connection ID "17942340916249362489" disconnecting.
info: Microsoft.AspNetCore.Hosting.Diagnostics[2]
      Request finished HTTP/2 POST https://localhost:44353/Resident/GetPackagePhotos - 200 - application/json;+charset=utf-8 182.0290ms
dbug: Microsoft.Extensions.Http.DefaultHttpClientFactory[100]
      Starting HttpMessageHandler cleanup cycle with 2 items
dbug: Microsoft.Extensions.Http.DefaultHttpClientFactory[101]
      Ending HttpMessageHandler cleanup cycle after 0.0018ms - processed: 0 items - remaining: 2 items
dbug: Microsoft.Extensions.Http.DefaultHttpClientFactory[100]
      Starting HttpMessageHandler cleanup cycle with 2 items
dbug: Microsoft.Extensions.Http.DefaultHttpClientFactory[101]
      Ending HttpMessageHandler cleanup cycle after 0.0025ms - processed: 0 items - remaining: 2 items
info: Microsoft.AspNetCore.Hosting.Diagnostics[1]
      Request starting HTTP/2 GET https://localhost:44353/Resident/MyPackages - - -
dbug: Microsoft.AspNetCore.StaticFiles.StaticFileMiddleware[4]
      The request path /Resident/MyPackages does not match a supported file type
dbug: Microsoft.AspNetCore.Routing.Matching.DfaMatcher[1001]
      1 candidate(s) found for the request path '/Resident/MyPackages'
dbug: Microsoft.AspNetCore.Routing.Matching.DfaMatcher[1005]
      Endpoint 'ParcelManagement2.Controllers.ResidentController.MyPackages (ParcelProject)' with route pattern '{controller=Account}/{action=Login}/{id?}' is valid for the request path '/Resident/MyPackages'
dbug: Microsoft.AspNetCore.Routing.EndpointRoutingMiddleware[1]
      Request matched endpoint 'ParcelManagement2.Controllers.ResidentController.MyPackages (ParcelProject)'
dbug: Microsoft.AspNetCore.Authentication.Cookies.CookieAuthenticationHandler[8]
      AuthenticationScheme: Cookies was successfully authenticated.
dbug: Microsoft.AspNetCore.Authorization.DefaultAuthorizationService[1]
      Authorization was successful.
info: Microsoft.AspNetCore.Routing.EndpointMiddleware[0]
      Executing endpoint 'ParcelManagement2.Controllers.ResidentController.MyPackages (ParcelProject)'
info: Microsoft.AspNetCore.Mvc.Infrastructure.ControllerActionInvoker[102]
      Route matched with {action = "MyPackages", controller = "Resident"}. Executing controller action with signature Microsoft.AspNetCore.Mvc.IActionResult MyPackages() on controller ParcelManagement2.Controllers.ResidentController (ParcelProject).
dbug: Microsoft.AspNetCore.Mvc.Infrastructure.ControllerActionInvoker[1]
      Execution plan of authorization filters (in the following order): None
dbug: Microsoft.AspNetCore.Mvc.Infrastructure.ControllerActionInvoker[1]
      Execution plan of resource filters (in the following order): Microsoft.AspNetCore.Mvc.ViewFeatures.Filters.SaveTempDataFilter
dbug: Microsoft.AspNetCore.Mvc.Infrastructure.ControllerActionInvoker[1]
      Execution plan of action filters (in the following order): Microsoft.AspNetCore.Mvc.Filters.ControllerActionFilter (Order: -2147483648), Microsoft.AspNetCore.Mvc.ModelBinding.UnsupportedContentTypeFilter (Order: -3000)
dbug: Microsoft.AspNetCore.Mvc.Infrastructure.ControllerActionInvoker[1]
      Execution plan of exception filters (in the following order): None
dbug: Microsoft.AspNetCore.Mvc.Infrastructure.ControllerActionInvoker[1]
      Execution plan of result filters (in the following order): Microsoft.AspNetCore.Mvc.ViewFeatures.Filters.SaveTempDataFilter
dbug: Microsoft.AspNetCore.Mvc.Infrastructure.ControllerActionInvoker[1]
      Executing controller factory for controller ParcelManagement2.Controllers.ResidentController (ParcelProject)
dbug: ParcelManagement2.Models.DBConn[0]
      資料庫連線字串已設定
dbug: Microsoft.AspNetCore.Mvc.Infrastructure.ControllerActionInvoker[2]
      Executed controller factory for controller ParcelManagement2.Controllers.ResidentController (ParcelProject)
dbug: ParcelManagement2.Models.DBConn[0]
      查詢成功，返回 2 行數據
dbug: Microsoft.AspNetCore.Session.DistributedSession[4]
      Session loaded; Key:f3a42b75-d459-1344-3c37-ff3073c71b14, Id:be5fffd8-37ca-330c-7652-55aaec6333fb, Count:1
dbug: Microsoft.AspNetCore.Mvc.Razor.RazorViewEngine[1]
      View lookup cache miss for view 'MyPackages' in controller 'Resident'.
info: Microsoft.AspNetCore.Mvc.ViewFeatures.ViewResultExecutor[1]
      Executing ViewResult, running view MyPackages.
dbug: Microsoft.AspNetCore.Mvc.ViewFeatures.ViewResultExecutor[2]
      The view path '/Views/Resident/MyPackages.cshtml' was found in 6.9087ms.
dbug: Microsoft.AspNetCore.Antiforgery.DefaultAntiforgery[6]
      An antiforgery cookie token was reused.
dbug: Microsoft.WebTools.BrowserLink.Net.BrowserLinkMiddleware[1]
      Response markup is scheduled to include Browser Link script injection.
dbug: Microsoft.AspNetCore.Watch.BrowserRefresh.BrowserRefreshMiddleware[1]
      Response markup is scheduled to include browser refresh script injection.
info: Microsoft.AspNetCore.Mvc.ViewFeatures.ViewResultExecutor[4]
      Executed ViewResult - view MyPackages executed in 15.3314ms.
info: Microsoft.AspNetCore.Mvc.Infrastructure.ControllerActionInvoker[105]
      Executed action ParcelManagement2.Controllers.ResidentController.MyPackages (ParcelProject) in 106.8378ms
info: Microsoft.AspNetCore.Routing.EndpointMiddleware[1]
      Executed endpoint 'ParcelManagement2.Controllers.ResidentController.MyPackages (ParcelProject)'
dbug: Microsoft.WebTools.BrowserLink.Net.BrowserLinkMiddleware[2]
      Response markup was updated to include Browser Link script injection.
dbug: Microsoft.AspNetCore.Watch.BrowserRefresh.BrowserRefreshMiddleware[2]
      Response markup was updated to include browser refresh script injection.
dbug: Microsoft.AspNetCore.Server.IIS.Core.IISHttpServer[1]
      Connection ID "17942340916249362491" disconnecting.
info: Microsoft.AspNetCore.Hosting.Diagnostics[2]
      Request finished HTTP/2 GET https://localhost:44353/Resident/MyPackages - 200 - text/html;+charset=utf-8 149.0310ms
info: Microsoft.AspNetCore.Hosting.Diagnostics[1]
      Request starting HTTP/2 GET https://localhost:44353/_vs/browserLink - - -
info: Microsoft.AspNetCore.Hosting.Diagnostics[1]
      Request starting HTTP/2 GET https://localhost:44353/_framework/aspnetcore-browser-refresh.js - - -
dbug: Microsoft.AspNetCore.Watch.BrowserRefresh.BrowserScriptMiddleware[0]
      Script injected: /_framework/aspnetcore-browser-refresh.js
info: Microsoft.AspNetCore.Hosting.Diagnostics[2]
      Request finished HTTP/2 GET https://localhost:44353/_framework/aspnetcore-browser-refresh.js - 200 16511 application/javascript;+charset=utf-8 39.0925ms
dbug: Microsoft.AspNetCore.Server.IIS.Core.IISHttpServer[1]
      Connection ID "17870283347981238291" disconnecting.
info: Microsoft.AspNetCore.Hosting.Diagnostics[1]
      Request starting HTTP/2 POST https://localhost:44353/Resident/GetAllPackages - - 0
info: Microsoft.AspNetCore.Hosting.Diagnostics[1]
      Request starting HTTP/2 POST https://localhost:44353/Resident/GetCollectedHistory - - 0
dbug: Microsoft.AspNetCore.Server.IIS.Core.IISHttpServer[1]
      Connection ID "18158513724132950166" disconnecting.
dbug: Microsoft.AspNetCore.StaticFiles.StaticFileMiddleware[1]
      POST requests are not supported
info: Microsoft.AspNetCore.Hosting.Diagnostics[2]
      Request finished HTTP/2 GET https://localhost:44353/_vs/browserLink - 200 - text/javascript;+charset=UTF-8 110.7622ms
dbug: Microsoft.AspNetCore.Routing.Matching.DfaMatcher[1001]
      1 candidate(s) found for the request path '/Resident/GetAllPackages'
dbug: Microsoft.AspNetCore.Routing.Matching.DfaMatcher[1005]
      Endpoint 'ParcelManagement2.Controllers.ResidentController.GetAllPackages (ParcelProject)' with route pattern '{controller=Account}/{action=Login}/{id?}' is valid for the request path '/Resident/GetAllPackages'
dbug: Microsoft.AspNetCore.StaticFiles.StaticFileMiddleware[1]
      POST requests are not supported
dbug: Microsoft.AspNetCore.Routing.EndpointRoutingMiddleware[1]
      Request matched endpoint 'ParcelManagement2.Controllers.ResidentController.GetAllPackages (ParcelProject)'
dbug: Microsoft.AspNetCore.Routing.Matching.DfaMatcher[1001]
      1 candidate(s) found for the request path '/Resident/GetCollectedHistory'
dbug: Microsoft.AspNetCore.Authentication.Cookies.CookieAuthenticationHandler[8]
      AuthenticationScheme: Cookies was successfully authenticated.
dbug: Microsoft.AspNetCore.Routing.Matching.DfaMatcher[1005]
      Endpoint 'ParcelManagement2.Controllers.ResidentController.GetCollectedHistory (ParcelProject)' with route pattern '{controller=Account}/{action=Login}/{id?}' is valid for the request path '/Resident/GetCollectedHistory'
dbug: Microsoft.AspNetCore.Authorization.DefaultAuthorizationService[1]
      Authorization was successful.
dbug: Microsoft.AspNetCore.Routing.EndpointRoutingMiddleware[1]
      Request matched endpoint 'ParcelManagement2.Controllers.ResidentController.GetCollectedHistory (ParcelProject)'
info: Microsoft.AspNetCore.Routing.EndpointMiddleware[0]
      Executing endpoint 'ParcelManagement2.Controllers.ResidentController.GetAllPackages (ParcelProject)'
dbug: Microsoft.AspNetCore.Authentication.Cookies.CookieAuthenticationHandler[8]
      AuthenticationScheme: Cookies was successfully authenticated.
info: Microsoft.AspNetCore.Mvc.Infrastructure.ControllerActionInvoker[102]
      Route matched with {action = "GetAllPackages", controller = "Resident"}. Executing controller action with signature Microsoft.AspNetCore.Mvc.IActionResult GetAllPackages() on controller ParcelManagement2.Controllers.ResidentController (ParcelProject).
dbug: Microsoft.AspNetCore.Authorization.DefaultAuthorizationService[1]
      Authorization was successful.
dbug: Microsoft.AspNetCore.Mvc.Infrastructure.ControllerActionInvoker[1]
      Execution plan of authorization filters (in the following order): None
info: Microsoft.AspNetCore.Routing.EndpointMiddleware[0]
      Executing endpoint 'ParcelManagement2.Controllers.ResidentController.GetCollectedHistory (ParcelProject)'
dbug: Microsoft.AspNetCore.Mvc.Infrastructure.ControllerActionInvoker[1]
      Execution plan of resource filters (in the following order): Microsoft.AspNetCore.Mvc.ViewFeatures.Filters.SaveTempDataFilter
dbug: Microsoft.AspNetCore.Mvc.Infrastructure.ControllerActionInvoker[1]
      Execution plan of action filters (in the following order): Microsoft.AspNetCore.Mvc.Filters.ControllerActionFilter (Order: -2147483648), Microsoft.AspNetCore.Mvc.ModelBinding.UnsupportedContentTypeFilter (Order: -3000)
info: Microsoft.AspNetCore.Mvc.Infrastructure.ControllerActionInvoker[102]
      Route matched with {action = "GetCollectedHistory", controller = "Resident"}. Executing controller action with signature Microsoft.AspNetCore.Mvc.IActionResult GetCollectedHistory() on controller ParcelManagement2.Controllers.ResidentController (ParcelProject).
dbug: Microsoft.AspNetCore.Mvc.Infrastructure.ControllerActionInvoker[1]
      Execution plan of exception filters (in the following order): None
dbug: Microsoft.AspNetCore.Mvc.Infrastructure.ControllerActionInvoker[1]
      Execution plan of authorization filters (in the following order): None
dbug: Microsoft.AspNetCore.Mvc.Infrastructure.ControllerActionInvoker[1]
      Execution plan of result filters (in the following order): Microsoft.AspNetCore.Mvc.ViewFeatures.Filters.SaveTempDataFilter
dbug: Microsoft.AspNetCore.Mvc.Infrastructure.ControllerActionInvoker[1]
      Executing controller factory for controller ParcelManagement2.Controllers.ResidentController (ParcelProject)
dbug: Microsoft.AspNetCore.Mvc.Infrastructure.ControllerActionInvoker[1]
      Execution plan of resource filters (in the following order): Microsoft.AspNetCore.Mvc.ViewFeatures.Filters.SaveTempDataFilter
dbug: ParcelManagement2.Models.DBConn[0]
      資料庫連線字串已設定
dbug: Microsoft.AspNetCore.Mvc.Infrastructure.ControllerActionInvoker[1]
      Execution plan of action filters (in the following order): Microsoft.AspNetCore.Mvc.Filters.ControllerActionFilter (Order: -2147483648), Microsoft.AspNetCore.Mvc.ModelBinding.UnsupportedContentTypeFilter (Order: -3000)
dbug: Microsoft.AspNetCore.Mvc.Infrastructure.ControllerActionInvoker[2]
      Executed controller factory for controller ParcelManagement2.Controllers.ResidentController (ParcelProject)
dbug: Microsoft.AspNetCore.Mvc.Infrastructure.ControllerActionInvoker[1]
      Execution plan of exception filters (in the following order): None
dbug: Microsoft.AspNetCore.Mvc.Infrastructure.ControllerActionInvoker[1]
      Execution plan of result filters (in the following order): Microsoft.AspNetCore.Mvc.ViewFeatures.Filters.SaveTempDataFilter
dbug: Microsoft.AspNetCore.Mvc.Infrastructure.ControllerActionInvoker[1]
      Executing controller factory for controller ParcelManagement2.Controllers.ResidentController (ParcelProject)
dbug: ParcelManagement2.Models.DBConn[0]
      資料庫連線字串已設定
dbug: Microsoft.AspNetCore.Mvc.Infrastructure.ControllerActionInvoker[2]
      Executed controller factory for controller ParcelManagement2.Controllers.ResidentController (ParcelProject)
dbug: Microsoft.AspNetCore.Session.DistributedSession[4]
      Session loaded; Key:f3a42b75-d459-1344-3c37-ff3073c71b14, Id:be5fffd8-37ca-330c-7652-55aaec6333fb, Count:1
dbug: Microsoft.AspNetCore.Session.DistributedSession[4]
      Session loaded; Key:f3a42b75-d459-1344-3c37-ff3073c71b14, Id:be5fffd8-37ca-330c-7652-55aaec6333fb, Count:1
dbug: ParcelManagement2.Models.DBConn[0]
      查詢成功，返回 6 行數據
info: Microsoft.AspNetCore.Mvc.Infrastructure.ContentResultExecutor[1]
      Executing ContentResult with HTTP Response ContentType of application/json
info: Microsoft.AspNetCore.Mvc.Infrastructure.ControllerActionInvoker[105]
      Executed action ParcelManagement2.Controllers.ResidentController.GetAllPackages (ParcelProject) in 47.4117ms
info: Microsoft.AspNetCore.Routing.EndpointMiddleware[1]
      Executed endpoint 'ParcelManagement2.Controllers.ResidentController.GetAllPackages (ParcelProject)'
info: Microsoft.AspNetCore.Hosting.Diagnostics[2]
      Request finished HTTP/2 POST https://localhost:44353/Resident/GetAllPackages - 200 1499 application/json 207.2604ms
dbug: Microsoft.AspNetCore.Server.IIS.Core.IISHttpServer[1]
      Connection ID "17942340916249362493" disconnecting.
dbug: ParcelManagement2.Models.DBConn[0]
      查詢成功，返回 2 行數據
info: Microsoft.AspNetCore.Mvc.Infrastructure.ContentResultExecutor[1]
      Executing ContentResult with HTTP Response ContentType of application/json
info: Microsoft.AspNetCore.Mvc.Infrastructure.ControllerActionInvoker[105]
      Executed action ParcelManagement2.Controllers.ResidentController.GetCollectedHistory (ParcelProject) in 45.6247ms
info: Microsoft.AspNetCore.Routing.EndpointMiddleware[1]
      Executed endpoint 'ParcelManagement2.Controllers.ResidentController.GetCollectedHistory (ParcelProject)'
info: Microsoft.AspNetCore.Hosting.Diagnostics[2]
      Request finished HTTP/2 POST https://localhost:44353/Resident/GetCollectedHistory - 200 475 application/json 218.2919ms
dbug: Microsoft.AspNetCore.Server.IIS.Core.IISHttpServer[1]
      Connection ID "18158513698363146456" disconnecting.
dbug: Microsoft.Extensions.Http.DefaultHttpClientFactory[100]
      Starting HttpMessageHandler cleanup cycle with 2 items
dbug: Microsoft.Extensions.Http.DefaultHttpClientFactory[101]
      Ending HttpMessageHandler cleanup cycle after 0.0058ms - processed: 0 items - remaining: 2 items
dbug: Microsoft.Extensions.Http.DefaultHttpClientFactory[100]
      Starting HttpMessageHandler cleanup cycle with 2 items
dbug: Microsoft.Extensions.Http.DefaultHttpClientFactory[101]
      Ending HttpMessageHandler cleanup cycle after 0.002ms - processed: 0 items - remaining: 2 items
dbug: Microsoft.Extensions.Http.DefaultHttpClientFactory[100]
      Starting HttpMessageHandler cleanup cycle with 2 items
dbug: Microsoft.Extensions.Http.DefaultHttpClientFactory[101]
      Ending HttpMessageHandler cleanup cycle after 0.0022ms - processed: 0 items - remaining: 2 items
dbug: Microsoft.Extensions.Http.DefaultHttpClientFactory[100]
      Starting HttpMessageHandler cleanup cycle with 2 items
dbug: Microsoft.Extensions.Http.DefaultHttpClientFactory[101]
      Ending HttpMessageHandler cleanup cycle after 0.0017ms - processed: 0 items - remaining: 2 items
dbug: Microsoft.Extensions.Http.DefaultHttpClientFactory[100]
      Starting HttpMessageHandler cleanup cycle with 2 items
dbug: Microsoft.Extensions.Http.DefaultHttpClientFactory[101]
      Ending HttpMessageHandler cleanup cycle after 0.0013ms - processed: 0 items - remaining: 2 items
dbug: Microsoft.Extensions.Http.DefaultHttpClientFactory[100]
      Starting HttpMessageHandler cleanup cycle with 2 items
dbug: Microsoft.Extensions.Http.DefaultHttpClientFactory[101]
      Ending HttpMessageHandler cleanup cycle after 0.0019ms - processed: 0 items - remaining: 2 items
dbug: Microsoft.Extensions.Http.DefaultHttpClientFactory[100]
      Starting HttpMessageHandler cleanup cycle with 2 items
dbug: Microsoft.Extensions.Http.DefaultHttpClientFactory[101]
      Ending HttpMessageHandler cleanup cycle after 0.0012ms - processed: 0 items - remaining: 2 items
dbug: Microsoft.Extensions.Http.DefaultHttpClientFactory[100]
      Starting HttpMessageHandler cleanup cycle with 2 items
dbug: Microsoft.Extensions.Http.DefaultHttpClientFactory[101]
      Ending HttpMessageHandler cleanup cycle after 0.0013ms - processed: 0 items - remaining: 2 items
dbug: Microsoft.Extensions.Http.DefaultHttpClientFactory[100]
      Starting HttpMessageHandler cleanup cycle with 2 items
dbug: Microsoft.Extensions.Http.DefaultHttpClientFactory[101]
      Ending HttpMessageHandler cleanup cycle after 0.0034ms - processed: 0 items - remaining: 2 items
dbug: Microsoft.Extensions.Http.DefaultHttpClientFactory[100]
      Starting HttpMessageHandler cleanup cycle with 2 items
dbug: Microsoft.Extensions.Http.DefaultHttpClientFactory[101]
      Ending HttpMessageHandler cleanup cycle after 0.0014ms - processed: 0 items - remaining: 2 items
info: Microsoft.AspNetCore.Hosting.Diagnostics[1]
      Request starting HTTP/2 GET https://localhost:44353/Resident/MyPackages - - -
dbug: Microsoft.AspNetCore.StaticFiles.StaticFileMiddleware[4]
      The request path /Resident/MyPackages does not match a supported file type
dbug: Microsoft.AspNetCore.Routing.Matching.DfaMatcher[1001]
      1 candidate(s) found for the request path '/Resident/MyPackages'
dbug: Microsoft.AspNetCore.Routing.Matching.DfaMatcher[1005]
      Endpoint 'ParcelManagement2.Controllers.ResidentController.MyPackages (ParcelProject)' with route pattern '{controller=Account}/{action=Login}/{id?}' is valid for the request path '/Resident/MyPackages'
dbug: Microsoft.AspNetCore.Routing.EndpointRoutingMiddleware[1]
      Request matched endpoint 'ParcelManagement2.Controllers.ResidentController.MyPackages (ParcelProject)'
dbug: Microsoft.AspNetCore.Authentication.Cookies.CookieAuthenticationHandler[8]
      AuthenticationScheme: Cookies was successfully authenticated.
dbug: Microsoft.AspNetCore.Authorization.DefaultAuthorizationService[1]
      Authorization was successful.
info: Microsoft.AspNetCore.Routing.EndpointMiddleware[0]
      Executing endpoint 'ParcelManagement2.Controllers.ResidentController.MyPackages (ParcelProject)'
info: Microsoft.AspNetCore.Mvc.Infrastructure.ControllerActionInvoker[102]
      Route matched with {action = "MyPackages", controller = "Resident"}. Executing controller action with signature Microsoft.AspNetCore.Mvc.IActionResult MyPackages() on controller ParcelManagement2.Controllers.ResidentController (ParcelProject).
dbug: Microsoft.AspNetCore.Mvc.Infrastructure.ControllerActionInvoker[1]
      Execution plan of authorization filters (in the following order): None
dbug: Microsoft.AspNetCore.Mvc.Infrastructure.ControllerActionInvoker[1]
      Execution plan of resource filters (in the following order): Microsoft.AspNetCore.Mvc.ViewFeatures.Filters.SaveTempDataFilter
dbug: Microsoft.AspNetCore.Mvc.Infrastructure.ControllerActionInvoker[1]
      Execution plan of action filters (in the following order): Microsoft.AspNetCore.Mvc.Filters.ControllerActionFilter (Order: -2147483648), Microsoft.AspNetCore.Mvc.ModelBinding.UnsupportedContentTypeFilter (Order: -3000)
dbug: Microsoft.AspNetCore.Mvc.Infrastructure.ControllerActionInvoker[1]
      Execution plan of exception filters (in the following order): None
dbug: Microsoft.AspNetCore.Mvc.Infrastructure.ControllerActionInvoker[1]
      Execution plan of result filters (in the following order): Microsoft.AspNetCore.Mvc.ViewFeatures.Filters.SaveTempDataFilter
dbug: Microsoft.AspNetCore.Mvc.Infrastructure.ControllerActionInvoker[1]
      Executing controller factory for controller ParcelManagement2.Controllers.ResidentController (ParcelProject)
dbug: ParcelManagement2.Models.DBConn[0]
      資料庫連線字串已設定
dbug: Microsoft.AspNetCore.Mvc.Infrastructure.ControllerActionInvoker[2]
      Executed controller factory for controller ParcelManagement2.Controllers.ResidentController (ParcelProject)
dbug: ParcelManagement2.Models.DBConn[0]
      查詢成功，返回 2 行數據
dbug: Microsoft.AspNetCore.Session.DistributedSession[4]
      Session loaded; Key:f3a42b75-d459-1344-3c37-ff3073c71b14, Id:be5fffd8-37ca-330c-7652-55aaec6333fb, Count:1
dbug: Microsoft.AspNetCore.Mvc.Razor.RazorViewEngine[1]
      View lookup cache miss for view 'MyPackages' in controller 'Resident'.
dbug: Microsoft.AspNetCore.Mvc.Razor.Compilation.DefaultViewCompiler[3]
      Initializing Razor view compiler with compiled view: '/Views/Account/AccessDenied.cshtml'.
dbug: Microsoft.AspNetCore.Mvc.Razor.Compilation.DefaultViewCompiler[3]
      Initializing Razor view compiler with compiled view: '/Views/Account/Login.cshtml'.
dbug: Microsoft.AspNetCore.Mvc.Razor.Compilation.DefaultViewCompiler[3]
      Initializing Razor view compiler with compiled view: '/Views/Home/Index.cshtml'.
dbug: Microsoft.AspNetCore.Mvc.Razor.Compilation.DefaultViewCompiler[3]
      Initializing Razor view compiler with compiled view: '/Views/Home/Index_back.cshtml'.
dbug: Microsoft.AspNetCore.Mvc.Razor.Compilation.DefaultViewCompiler[3]
      Initializing Razor view compiler with compiled view: '/Views/Home/Packages.cshtml'.
dbug: Microsoft.AspNetCore.Mvc.Razor.Compilation.DefaultViewCompiler[3]
      Initializing Razor view compiler with compiled view: '/Views/Home/Privacy.cshtml'.
dbug: Microsoft.AspNetCore.Mvc.Razor.Compilation.DefaultViewCompiler[3]
      Initializing Razor view compiler with compiled view: '/Views/Resident/Edit.cshtml'.
dbug: Microsoft.AspNetCore.Mvc.Razor.Compilation.DefaultViewCompiler[3]
      Initializing Razor view compiler with compiled view: '/Views/Resident/Home.cshtml'.
dbug: Microsoft.AspNetCore.Mvc.Razor.Compilation.DefaultViewCompiler[3]
      Initializing Razor view compiler with compiled view: '/Views/Resident/MyPackages.cshtml'.
dbug: Microsoft.AspNetCore.Mvc.Razor.Compilation.DefaultViewCompiler[3]
      Initializing Razor view compiler with compiled view: '/Views/Resident/PackagePhoto.cshtml'.
dbug: Microsoft.AspNetCore.Mvc.Razor.Compilation.DefaultViewCompiler[3]
      Initializing Razor view compiler with compiled view: '/Views/Shared/Error.cshtml'.
dbug: Microsoft.AspNetCore.Mvc.Razor.Compilation.DefaultViewCompiler[3]
      Initializing Razor view compiler with compiled view: '/Views/Shared/_AdminLayout.cshtml'.
dbug: Microsoft.AspNetCore.Mvc.Razor.Compilation.DefaultViewCompiler[3]
      Initializing Razor view compiler with compiled view: '/Views/Shared/_Layout.cshtml'.
dbug: Microsoft.AspNetCore.Mvc.Razor.Compilation.DefaultViewCompiler[3]
      Initializing Razor view compiler with compiled view: '/Views/Shared/_ResidentLayout.cshtml'.
dbug: Microsoft.AspNetCore.Mvc.Razor.Compilation.DefaultViewCompiler[3]
      Initializing Razor view compiler with compiled view: '/Views/Shared/_ValidationScriptsPartial.cshtml'.
dbug: Microsoft.AspNetCore.Mvc.Razor.Compilation.DefaultViewCompiler[3]
      Initializing Razor view compiler with compiled view: '/Views/_ViewImports.cshtml'.
dbug: Microsoft.AspNetCore.Mvc.Razor.Compilation.DefaultViewCompiler[3]
      Initializing Razor view compiler with compiled view: '/Views/_ViewStart.cshtml'.
dbug: Microsoft.AspNetCore.Mvc.Razor.Compilation.DefaultViewCompiler[3]
      Initializing Razor view compiler with compiled view: '/Views/Shared/_Layout_back.cshtml'.
info: Microsoft.AspNetCore.Mvc.ViewFeatures.ViewResultExecutor[1]
      Executing ViewResult, running view MyPackages.
dbug: Microsoft.AspNetCore.Mvc.ViewFeatures.ViewResultExecutor[2]
      The view path '/Views/Resident/MyPackages.cshtml' was found in 23.1123ms.
dbug: Microsoft.AspNetCore.Antiforgery.DefaultAntiforgery[6]
      An antiforgery cookie token was reused.
dbug: Microsoft.WebTools.BrowserLink.Net.BrowserLinkMiddleware[1]
      Response markup is scheduled to include Browser Link script injection.
dbug: Microsoft.AspNetCore.Watch.BrowserRefresh.BrowserRefreshMiddleware[1]
      Response markup is scheduled to include browser refresh script injection.
info: Microsoft.AspNetCore.Mvc.ViewFeatures.ViewResultExecutor[4]
      Executed ViewResult - view MyPackages executed in 35.2764ms.
info: Microsoft.AspNetCore.Mvc.Infrastructure.ControllerActionInvoker[105]
      Executed action ParcelManagement2.Controllers.ResidentController.MyPackages (ParcelProject) in 81.9933ms
info: Microsoft.AspNetCore.Routing.EndpointMiddleware[1]
      Executed endpoint 'ParcelManagement2.Controllers.ResidentController.MyPackages (ParcelProject)'
dbug: Microsoft.WebTools.BrowserLink.Net.BrowserLinkMiddleware[2]
      Response markup was updated to include Browser Link script injection.
dbug: Microsoft.AspNetCore.Watch.BrowserRefresh.BrowserRefreshMiddleware[2]
      Response markup was updated to include browser refresh script injection.
dbug: Microsoft.AspNetCore.Server.IIS.Core.IISHttpServer[1]
      Connection ID "18302628946568544374" disconnecting.
info: Microsoft.AspNetCore.Hosting.Diagnostics[2]
      Request finished HTTP/2 GET https://localhost:44353/Resident/MyPackages - 200 - text/html;+charset=utf-8 110.4147ms
info: Microsoft.AspNetCore.Hosting.Diagnostics[1]
      Request starting HTTP/2 GET https://localhost:44353/_framework/aspnetcore-browser-refresh.js - - -
info: Microsoft.AspNetCore.Hosting.Diagnostics[1]
      Request starting HTTP/2 GET https://localhost:44353/_vs/browserLink - - -
dbug: Microsoft.AspNetCore.Watch.BrowserRefresh.BrowserScriptMiddleware[0]
      Script injected: /_framework/aspnetcore-browser-refresh.js
info: Microsoft.AspNetCore.Hosting.Diagnostics[2]
      Request finished HTTP/2 GET https://localhost:44353/_framework/aspnetcore-browser-refresh.js - 200 16511 application/javascript;+charset=utf-8 4.5018ms
dbug: Microsoft.AspNetCore.Server.IIS.Core.IISHttpServer[1]
      Connection ID "18302628903618871542" disconnecting.
dbug: Microsoft.AspNetCore.Server.IIS.Core.IISHttpServer[1]
      Connection ID "17942340959199035532" disconnecting.
info: Microsoft.AspNetCore.Hosting.Diagnostics[2]
      Request finished HTTP/2 GET https://localhost:44353/_vs/browserLink - 200 - text/javascript;+charset=UTF-8 14.3232ms
info: Microsoft.AspNetCore.Hosting.Diagnostics[1]
      Request starting HTTP/2 POST https://localhost:44353/Resident/GetCollectedHistory - - 0
info: Microsoft.AspNetCore.Hosting.Diagnostics[1]
      Request starting HTTP/2 POST https://localhost:44353/Resident/GetAllPackages - - 0
dbug: Microsoft.AspNetCore.StaticFiles.StaticFileMiddleware[1]
      POST requests are not supported
dbug: Microsoft.AspNetCore.StaticFiles.StaticFileMiddleware[1]
      POST requests are not supported
dbug: Microsoft.AspNetCore.Routing.Matching.DfaMatcher[1001]
      1 candidate(s) found for the request path '/Resident/GetCollectedHistory'
dbug: Microsoft.AspNetCore.Routing.Matching.DfaMatcher[1001]
      1 candidate(s) found for the request path '/Resident/GetAllPackages'
dbug: Microsoft.AspNetCore.Routing.Matching.DfaMatcher[1005]
      Endpoint 'ParcelManagement2.Controllers.ResidentController.GetAllPackages (ParcelProject)' with route pattern '{controller=Account}/{action=Login}/{id?}' is valid for the request path '/Resident/GetAllPackages'
dbug: Microsoft.AspNetCore.Routing.Matching.DfaMatcher[1005]
      Endpoint 'ParcelManagement2.Controllers.ResidentController.GetCollectedHistory (ParcelProject)' with route pattern '{controller=Account}/{action=Login}/{id?}' is valid for the request path '/Resident/GetCollectedHistory'
dbug: Microsoft.AspNetCore.Routing.EndpointRoutingMiddleware[1]
      Request matched endpoint 'ParcelManagement2.Controllers.ResidentController.GetAllPackages (ParcelProject)'
dbug: Microsoft.AspNetCore.Routing.EndpointRoutingMiddleware[1]
      Request matched endpoint 'ParcelManagement2.Controllers.ResidentController.GetCollectedHistory (ParcelProject)'
dbug: Microsoft.AspNetCore.Authentication.Cookies.CookieAuthenticationHandler[8]
      AuthenticationScheme: Cookies was successfully authenticated.
dbug: Microsoft.AspNetCore.Authentication.Cookies.CookieAuthenticationHandler[8]
      AuthenticationScheme: Cookies was successfully authenticated.
dbug: Microsoft.AspNetCore.Authorization.DefaultAuthorizationService[1]
      Authorization was successful.
dbug: Microsoft.AspNetCore.Authorization.DefaultAuthorizationService[1]
      Authorization was successful.
info: Microsoft.AspNetCore.Routing.EndpointMiddleware[0]
      Executing endpoint 'ParcelManagement2.Controllers.ResidentController.GetAllPackages (ParcelProject)'
info: Microsoft.AspNetCore.Routing.EndpointMiddleware[0]
      Executing endpoint 'ParcelManagement2.Controllers.ResidentController.GetCollectedHistory (ParcelProject)'
info: Microsoft.AspNetCore.Mvc.Infrastructure.ControllerActionInvoker[102]
      Route matched with {action = "GetCollectedHistory", controller = "Resident"}. Executing controller action with signature Microsoft.AspNetCore.Mvc.IActionResult GetCollectedHistory() on controller ParcelManagement2.Controllers.ResidentController (ParcelProject).
info: Microsoft.AspNetCore.Mvc.Infrastructure.ControllerActionInvoker[102]
      Route matched with {action = "GetAllPackages", controller = "Resident"}. Executing controller action with signature Microsoft.AspNetCore.Mvc.IActionResult GetAllPackages() on controller ParcelManagement2.Controllers.ResidentController (ParcelProject).
dbug: Microsoft.AspNetCore.Mvc.Infrastructure.ControllerActionInvoker[1]
      Execution plan of authorization filters (in the following order): None
dbug: Microsoft.AspNetCore.Mvc.Infrastructure.ControllerActionInvoker[1]
      Execution plan of authorization filters (in the following order): None
dbug: Microsoft.AspNetCore.Mvc.Infrastructure.ControllerActionInvoker[1]
      Execution plan of resource filters (in the following order): Microsoft.AspNetCore.Mvc.ViewFeatures.Filters.SaveTempDataFilter
dbug: Microsoft.AspNetCore.Mvc.Infrastructure.ControllerActionInvoker[1]
      Execution plan of resource filters (in the following order): Microsoft.AspNetCore.Mvc.ViewFeatures.Filters.SaveTempDataFilter
dbug: Microsoft.AspNetCore.Mvc.Infrastructure.ControllerActionInvoker[1]
      Execution plan of action filters (in the following order): Microsoft.AspNetCore.Mvc.Filters.ControllerActionFilter (Order: -2147483648), Microsoft.AspNetCore.Mvc.ModelBinding.UnsupportedContentTypeFilter (Order: -3000)
dbug: Microsoft.AspNetCore.Mvc.Infrastructure.ControllerActionInvoker[1]
      Execution plan of action filters (in the following order): Microsoft.AspNetCore.Mvc.Filters.ControllerActionFilter (Order: -2147483648), Microsoft.AspNetCore.Mvc.ModelBinding.UnsupportedContentTypeFilter (Order: -3000)
dbug: Microsoft.AspNetCore.Mvc.Infrastructure.ControllerActionInvoker[1]
      Execution plan of exception filters (in the following order): None
dbug: Microsoft.AspNetCore.Mvc.Infrastructure.ControllerActionInvoker[1]
      Execution plan of exception filters (in the following order): None
dbug: Microsoft.AspNetCore.Mvc.Infrastructure.ControllerActionInvoker[1]
      Execution plan of result filters (in the following order): Microsoft.AspNetCore.Mvc.ViewFeatures.Filters.SaveTempDataFilter
dbug: Microsoft.AspNetCore.Mvc.Infrastructure.ControllerActionInvoker[1]
      Execution plan of result filters (in the following order): Microsoft.AspNetCore.Mvc.ViewFeatures.Filters.SaveTempDataFilter
dbug: Microsoft.AspNetCore.Mvc.Infrastructure.ControllerActionInvoker[1]
      Executing controller factory for controller ParcelManagement2.Controllers.ResidentController (ParcelProject)
dbug: Microsoft.AspNetCore.Mvc.Infrastructure.ControllerActionInvoker[1]
      Executing controller factory for controller ParcelManagement2.Controllers.ResidentController (ParcelProject)
dbug: ParcelManagement2.Models.DBConn[0]
      資料庫連線字串已設定
dbug: ParcelManagement2.Models.DBConn[0]
      資料庫連線字串已設定
dbug: Microsoft.AspNetCore.Mvc.Infrastructure.ControllerActionInvoker[2]
      Executed controller factory for controller ParcelManagement2.Controllers.ResidentController (ParcelProject)
dbug: Microsoft.AspNetCore.Mvc.Infrastructure.ControllerActionInvoker[2]
      Executed controller factory for controller ParcelManagement2.Controllers.ResidentController (ParcelProject)
dbug: Microsoft.AspNetCore.Session.DistributedSession[4]
      Session loaded; Key:f3a42b75-d459-1344-3c37-ff3073c71b14, Id:be5fffd8-37ca-330c-7652-55aaec6333fb, Count:1
dbug: Microsoft.AspNetCore.Session.DistributedSession[4]
      Session loaded; Key:f3a42b75-d459-1344-3c37-ff3073c71b14, Id:be5fffd8-37ca-330c-7652-55aaec6333fb, Count:1
dbug: ParcelManagement2.Models.DBConn[0]
      查詢成功，返回 2 行數據
info: Microsoft.AspNetCore.Mvc.Infrastructure.ContentResultExecutor[1]
      Executing ContentResult with HTTP Response ContentType of application/json
info: Microsoft.AspNetCore.Mvc.Infrastructure.ControllerActionInvoker[105]
      Executed action ParcelManagement2.Controllers.ResidentController.GetCollectedHistory (ParcelProject) in 46.5052ms
info: Microsoft.AspNetCore.Routing.EndpointMiddleware[1]
      Executed endpoint 'ParcelManagement2.Controllers.ResidentController.GetCollectedHistory (ParcelProject)'
info: Microsoft.AspNetCore.Hosting.Diagnostics[2]
      Request finished HTTP/2 POST https://localhost:44353/Resident/GetCollectedHistory - 200 475 application/json 92.0224ms
dbug: Microsoft.AspNetCore.Server.IIS.Core.IISHttpServer[1]
      Connection ID "17942340916249362495" disconnecting.
dbug: ParcelManagement2.Models.DBConn[0]
      查詢成功，返回 6 行數據
info: Microsoft.AspNetCore.Mvc.Infrastructure.ContentResultExecutor[1]
      Executing ContentResult with HTTP Response ContentType of application/json
info: Microsoft.AspNetCore.Mvc.Infrastructure.ControllerActionInvoker[105]
      Executed action ParcelManagement2.Controllers.ResidentController.GetAllPackages (ParcelProject) in 53.781ms
info: Microsoft.AspNetCore.Routing.EndpointMiddleware[1]
      Executed endpoint 'ParcelManagement2.Controllers.ResidentController.GetAllPackages (ParcelProject)'
info: Microsoft.AspNetCore.Hosting.Diagnostics[2]
      Request finished HTTP/2 POST https://localhost:44353/Resident/GetAllPackages - 200 1499 application/json 100.6694ms
dbug: Microsoft.AspNetCore.Server.IIS.Core.IISHttpServer[1]
      Connection ID "18158513698363146458" disconnecting.
dbug: Microsoft.Extensions.Http.DefaultHttpClientFactory[100]
      Starting HttpMessageHandler cleanup cycle with 2 items
dbug: Microsoft.Extensions.Http.DefaultHttpClientFactory[101]
      Ending HttpMessageHandler cleanup cycle after 0.0018ms - processed: 0 items - remaining: 2 items
info: Microsoft.AspNetCore.Hosting.Diagnostics[1]
      Request starting HTTP/2 POST https://localhost:44353/Resident/SelectMember - application/x-www-form-urlencoded 19
dbug: Microsoft.AspNetCore.StaticFiles.StaticFileMiddleware[1]
      POST requests are not supported
dbug: Microsoft.AspNetCore.Routing.Matching.DfaMatcher[1001]
      1 candidate(s) found for the request path '/Resident/SelectMember'
dbug: Microsoft.AspNetCore.Routing.Matching.DfaMatcher[1005]
      Endpoint 'ParcelManagement2.Controllers.ResidentController.SelectMember (ParcelProject)' with route pattern '{controller=Account}/{action=Login}/{id?}' is valid for the request path '/Resident/SelectMember'
dbug: Microsoft.AspNetCore.Routing.EndpointRoutingMiddleware[1]
      Request matched endpoint 'ParcelManagement2.Controllers.ResidentController.SelectMember (ParcelProject)'
dbug: Microsoft.AspNetCore.Authentication.Cookies.CookieAuthenticationHandler[8]
      AuthenticationScheme: Cookies was successfully authenticated.
dbug: Microsoft.AspNetCore.Authorization.DefaultAuthorizationService[1]
      Authorization was successful.
info: Microsoft.AspNetCore.Routing.EndpointMiddleware[0]
      Executing endpoint 'ParcelManagement2.Controllers.ResidentController.SelectMember (ParcelProject)'
info: Microsoft.AspNetCore.Mvc.Infrastructure.ControllerActionInvoker[102]
      Route matched with {action = "SelectMember", controller = "Resident"}. Executing controller action with signature Microsoft.AspNetCore.Mvc.IActionResult SelectMember(System.String) on controller ParcelManagement2.Controllers.ResidentController (ParcelProject).
dbug: Microsoft.AspNetCore.Mvc.Infrastructure.ControllerActionInvoker[1]
      Execution plan of authorization filters (in the following order): None
dbug: Microsoft.AspNetCore.Mvc.Infrastructure.ControllerActionInvoker[1]
      Execution plan of resource filters (in the following order): Microsoft.AspNetCore.Mvc.ViewFeatures.Filters.SaveTempDataFilter
dbug: Microsoft.AspNetCore.Mvc.Infrastructure.ControllerActionInvoker[1]
      Execution plan of action filters (in the following order): Microsoft.AspNetCore.Mvc.Filters.ControllerActionFilter (Order: -2147483648), Microsoft.AspNetCore.Mvc.ModelBinding.UnsupportedContentTypeFilter (Order: -3000)
dbug: Microsoft.AspNetCore.Mvc.Infrastructure.ControllerActionInvoker[1]
      Execution plan of exception filters (in the following order): None
dbug: Microsoft.AspNetCore.Mvc.Infrastructure.ControllerActionInvoker[1]
      Execution plan of result filters (in the following order): Microsoft.AspNetCore.Mvc.ViewFeatures.Filters.SaveTempDataFilter
dbug: Microsoft.AspNetCore.Mvc.Infrastructure.ControllerActionInvoker[1]
      Executing controller factory for controller ParcelManagement2.Controllers.ResidentController (ParcelProject)
dbug: ParcelManagement2.Models.DBConn[0]
      資料庫連線字串已設定
dbug: Microsoft.AspNetCore.Mvc.Infrastructure.ControllerActionInvoker[2]
      Executed controller factory for controller ParcelManagement2.Controllers.ResidentController (ParcelProject)
dbug: Microsoft.AspNetCore.Mvc.ModelBinding.ParameterBinder[22]
      Attempting to bind parameter 'residentId' of type 'System.String' ...
dbug: Microsoft.AspNetCore.Mvc.ModelBinding.Binders.SimpleTypeModelBinder[44]
      Attempting to bind parameter 'residentId' of type 'System.String' using the name 'residentId' in request data ...
dbug: Microsoft.AspNetCore.Mvc.ModelBinding.Binders.SimpleTypeModelBinder[45]
      Done attempting to bind parameter 'residentId' of type 'System.String'.
dbug: Microsoft.AspNetCore.Mvc.ModelBinding.ParameterBinder[23]
      Done attempting to bind parameter 'residentId' of type 'System.String'.
dbug: Microsoft.AspNetCore.Mvc.ModelBinding.ParameterBinder[26]
      Attempting to validate the bound parameter 'residentId' of type 'System.String' ...
dbug: Microsoft.AspNetCore.Mvc.ModelBinding.ParameterBinder[27]
      Done attempting to validate the bound parameter 'residentId' of type 'System.String'.
dbug: ParcelManagement2.Models.DBConn[0]
      查詢成功，返回 1 行數據
dbug: Microsoft.AspNetCore.Session.DistributedSession[4]
      Session loaded; Key:f3a42b75-d459-1344-3c37-ff3073c71b14, Id:be5fffd8-37ca-330c-7652-55aaec6333fb, Count:1
info: Microsoft.AspNetCore.Mvc.Infrastructure.SystemTextJsonResultExecutor[1]
      Executing JsonResult, writing value of type '<>f__AnonymousType15`3[[System.Boolean, System.Private.CoreLib, Version=8.0.0.0, Culture=neutral, PublicKeyToken=7cec85d7bea7798e],[System.String, System.Private.CoreLib, Version=8.0.0.0, Culture=neutral, PublicKeyToken=7cec85d7bea7798e],[System.String, System.Private.CoreLib, Version=8.0.0.0, Culture=neutral, PublicKeyToken=7cec85d7bea7798e]]'.
info: Microsoft.AspNetCore.Mvc.Infrastructure.ControllerActionInvoker[105]
      Executed action ParcelManagement2.Controllers.ResidentController.SelectMember (ParcelProject) in 53.4091ms
info: Microsoft.AspNetCore.Routing.EndpointMiddleware[1]
      Executed endpoint 'ParcelManagement2.Controllers.ResidentController.SelectMember (ParcelProject)'
dbug: Microsoft.AspNetCore.Session.DistributedSession[5]
      Session stored; Key:f3a42b75-d459-1344-3c37-ff3073c71b14, Id:be5fffd8-37ca-330c-7652-55aaec6333fb, Count:1
info: Microsoft.AspNetCore.Hosting.Diagnostics[2]
      Request finished HTTP/2 POST https://localhost:44353/Resident/SelectMember - 200 - application/json;+charset=utf-8 78.9328ms
dbug: Microsoft.AspNetCore.Server.IIS.Core.IISHttpServer[1]
      Connection ID "18158513724132950168" disconnecting.
info: Microsoft.AspNetCore.Hosting.Diagnostics[1]
      Request starting HTTP/2 POST https://localhost:44353/Resident/GetCollectedHistory - - 0
info: Microsoft.AspNetCore.Hosting.Diagnostics[1]
      Request starting HTTP/2 POST https://localhost:44353/Resident/GetAllPackages - - 0
dbug: Microsoft.AspNetCore.StaticFiles.StaticFileMiddleware[1]
      POST requests are not supported
dbug: Microsoft.AspNetCore.StaticFiles.StaticFileMiddleware[1]
      POST requests are not supported
dbug: Microsoft.AspNetCore.Routing.Matching.DfaMatcher[1001]
      1 candidate(s) found for the request path '/Resident/GetAllPackages'
dbug: Microsoft.AspNetCore.Routing.Matching.DfaMatcher[1001]
      1 candidate(s) found for the request path '/Resident/GetCollectedHistory'
dbug: Microsoft.AspNetCore.Routing.Matching.DfaMatcher[1005]
      Endpoint 'ParcelManagement2.Controllers.ResidentController.GetCollectedHistory (ParcelProject)' with route pattern '{controller=Account}/{action=Login}/{id?}' is valid for the request path '/Resident/GetCollectedHistory'
dbug: Microsoft.AspNetCore.Routing.Matching.DfaMatcher[1005]
      Endpoint 'ParcelManagement2.Controllers.ResidentController.GetAllPackages (ParcelProject)' with route pattern '{controller=Account}/{action=Login}/{id?}' is valid for the request path '/Resident/GetAllPackages'
dbug: Microsoft.AspNetCore.Routing.EndpointRoutingMiddleware[1]
      Request matched endpoint 'ParcelManagement2.Controllers.ResidentController.GetCollectedHistory (ParcelProject)'
dbug: Microsoft.AspNetCore.Authentication.Cookies.CookieAuthenticationHandler[8]
      AuthenticationScheme: Cookies was successfully authenticated.
dbug: Microsoft.AspNetCore.Routing.EndpointRoutingMiddleware[1]
      Request matched endpoint 'ParcelManagement2.Controllers.ResidentController.GetAllPackages (ParcelProject)'
dbug: Microsoft.AspNetCore.Authorization.DefaultAuthorizationService[1]
      Authorization was successful.
dbug: Microsoft.AspNetCore.Authentication.Cookies.CookieAuthenticationHandler[8]
      AuthenticationScheme: Cookies was successfully authenticated.
info: Microsoft.AspNetCore.Routing.EndpointMiddleware[0]
      Executing endpoint 'ParcelManagement2.Controllers.ResidentController.GetCollectedHistory (ParcelProject)'
dbug: Microsoft.AspNetCore.Authorization.DefaultAuthorizationService[1]
      Authorization was successful.
info: Microsoft.AspNetCore.Mvc.Infrastructure.ControllerActionInvoker[102]
      Route matched with {action = "GetCollectedHistory", controller = "Resident"}. Executing controller action with signature Microsoft.AspNetCore.Mvc.IActionResult GetCollectedHistory() on controller ParcelManagement2.Controllers.ResidentController (ParcelProject).
info: Microsoft.AspNetCore.Routing.EndpointMiddleware[0]
      Executing endpoint 'ParcelManagement2.Controllers.ResidentController.GetAllPackages (ParcelProject)'
dbug: Microsoft.AspNetCore.Mvc.Infrastructure.ControllerActionInvoker[1]
      Execution plan of authorization filters (in the following order): None
info: Microsoft.AspNetCore.Mvc.Infrastructure.ControllerActionInvoker[102]
      Route matched with {action = "GetAllPackages", controller = "Resident"}. Executing controller action with signature Microsoft.AspNetCore.Mvc.IActionResult GetAllPackages() on controller ParcelManagement2.Controllers.ResidentController (ParcelProject).
dbug: Microsoft.AspNetCore.Mvc.Infrastructure.ControllerActionInvoker[1]
      Execution plan of resource filters (in the following order): Microsoft.AspNetCore.Mvc.ViewFeatures.Filters.SaveTempDataFilter
dbug: Microsoft.AspNetCore.Mvc.Infrastructure.ControllerActionInvoker[1]
      Execution plan of authorization filters (in the following order): None
dbug: Microsoft.AspNetCore.Mvc.Infrastructure.ControllerActionInvoker[1]
      Execution plan of action filters (in the following order): Microsoft.AspNetCore.Mvc.Filters.ControllerActionFilter (Order: -2147483648), Microsoft.AspNetCore.Mvc.ModelBinding.UnsupportedContentTypeFilter (Order: -3000)
dbug: Microsoft.AspNetCore.Mvc.Infrastructure.ControllerActionInvoker[1]
      Execution plan of resource filters (in the following order): Microsoft.AspNetCore.Mvc.ViewFeatures.Filters.SaveTempDataFilter
dbug: Microsoft.AspNetCore.Mvc.Infrastructure.ControllerActionInvoker[1]
      Execution plan of action filters (in the following order): Microsoft.AspNetCore.Mvc.Filters.ControllerActionFilter (Order: -2147483648), Microsoft.AspNetCore.Mvc.ModelBinding.UnsupportedContentTypeFilter (Order: -3000)
dbug: Microsoft.AspNetCore.Mvc.Infrastructure.ControllerActionInvoker[1]
      Execution plan of exception filters (in the following order): None
dbug: Microsoft.AspNetCore.Mvc.Infrastructure.ControllerActionInvoker[1]
      Execution plan of result filters (in the following order): Microsoft.AspNetCore.Mvc.ViewFeatures.Filters.SaveTempDataFilter
dbug: Microsoft.AspNetCore.Mvc.Infrastructure.ControllerActionInvoker[1]
      Executing controller factory for controller ParcelManagement2.Controllers.ResidentController (ParcelProject)
dbug: Microsoft.AspNetCore.Mvc.Infrastructure.ControllerActionInvoker[1]
      Execution plan of exception filters (in the following order): None
dbug: Microsoft.AspNetCore.Mvc.Infrastructure.ControllerActionInvoker[1]
      Execution plan of result filters (in the following order): Microsoft.AspNetCore.Mvc.ViewFeatures.Filters.SaveTempDataFilter
dbug: ParcelManagement2.Models.DBConn[0]
      資料庫連線字串已設定
dbug: Microsoft.AspNetCore.Mvc.Infrastructure.ControllerActionInvoker[1]
      Executing controller factory for controller ParcelManagement2.Controllers.ResidentController (ParcelProject)
dbug: Microsoft.AspNetCore.Mvc.Infrastructure.ControllerActionInvoker[2]
      Executed controller factory for controller ParcelManagement2.Controllers.ResidentController (ParcelProject)
dbug: ParcelManagement2.Models.DBConn[0]
      資料庫連線字串已設定
dbug: Microsoft.AspNetCore.Mvc.Infrastructure.ControllerActionInvoker[2]
      Executed controller factory for controller ParcelManagement2.Controllers.ResidentController (ParcelProject)
dbug: Microsoft.AspNetCore.Session.DistributedSession[4]
      Session loaded; Key:f3a42b75-d459-1344-3c37-ff3073c71b14, Id:be5fffd8-37ca-330c-7652-55aaec6333fb, Count:1
dbug: Microsoft.AspNetCore.Session.DistributedSession[4]
      Session loaded; Key:f3a42b75-d459-1344-3c37-ff3073c71b14, Id:be5fffd8-37ca-330c-7652-55aaec6333fb, Count:1
dbug: ParcelManagement2.Models.DBConn[0]
      查詢成功，返回 1 行數據
info: Microsoft.AspNetCore.Mvc.Infrastructure.ContentResultExecutor[1]
      Executing ContentResult with HTTP Response ContentType of application/json
dbug: ParcelManagement2.Models.DBConn[0]
      查詢成功，返回 11 行數據
info: Microsoft.AspNetCore.Mvc.Infrastructure.ControllerActionInvoker[105]
      Executed action ParcelManagement2.Controllers.ResidentController.GetCollectedHistory (ParcelProject) in 59.4843ms
info: Microsoft.AspNetCore.Mvc.Infrastructure.ContentResultExecutor[1]
      Executing ContentResult with HTTP Response ContentType of application/json
info: Microsoft.AspNetCore.Routing.EndpointMiddleware[1]
      Executed endpoint 'ParcelManagement2.Controllers.ResidentController.GetCollectedHistory (ParcelProject)'
info: Microsoft.AspNetCore.Mvc.Infrastructure.ControllerActionInvoker[105]
      Executed action ParcelManagement2.Controllers.ResidentController.GetAllPackages (ParcelProject) in 77.9741ms
info: Microsoft.AspNetCore.Hosting.Diagnostics[2]
      Request finished HTTP/2 POST https://localhost:44353/Resident/GetCollectedHistory - 200 238 application/json 133.2909ms
dbug: Microsoft.AspNetCore.Server.IIS.Core.IISHttpServer[1]
      Connection ID "18374686532016537755" disconnecting.
info: Microsoft.AspNetCore.Routing.EndpointMiddleware[1]
      Executed endpoint 'ParcelManagement2.Controllers.ResidentController.GetAllPackages (ParcelProject)'
dbug: Microsoft.AspNetCore.Server.IIS.Core.IISHttpServer[1]
      Connection ID "18302628937978609749" disconnecting.
info: Microsoft.AspNetCore.Hosting.Diagnostics[2]
      Request finished HTTP/2 POST https://localhost:44353/Resident/GetAllPackages - 200 2697 application/json 138.3520ms
dbug: Microsoft.Extensions.Http.DefaultHttpClientFactory[100]
      Starting HttpMessageHandler cleanup cycle with 2 items
dbug: Microsoft.Extensions.Http.DefaultHttpClientFactory[101]
      Ending HttpMessageHandler cleanup cycle after 0.0023ms - processed: 0 items - remaining: 2 items
dbug: Microsoft.Extensions.Http.DefaultHttpClientFactory[100]
      Starting HttpMessageHandler cleanup cycle with 2 items
dbug: Microsoft.Extensions.Http.DefaultHttpClientFactory[101]
      Ending HttpMessageHandler cleanup cycle after 0.0009ms - processed: 0 items - remaining: 2 items
dbug: Microsoft.Extensions.Http.DefaultHttpClientFactory[100]
      Starting HttpMessageHandler cleanup cycle with 2 items
dbug: Microsoft.Extensions.Http.DefaultHttpClientFactory[101]
      Ending HttpMessageHandler cleanup cycle after 0.0016ms - processed: 0 items - remaining: 2 items
dbug: Microsoft.Extensions.Http.DefaultHttpClientFactory[100]
      Starting HttpMessageHandler cleanup cycle with 2 items
dbug: Microsoft.Extensions.Http.DefaultHttpClientFactory[101]
      Ending HttpMessageHandler cleanup cycle after 0.0011ms - processed: 0 items - remaining: 2 items
dbug: Microsoft.Extensions.Http.DefaultHttpClientFactory[100]
      Starting HttpMessageHandler cleanup cycle with 2 items
dbug: Microsoft.Extensions.Http.DefaultHttpClientFactory[101]
      Ending HttpMessageHandler cleanup cycle after 0.0021ms - processed: 0 items - remaining: 2 items
dbug: Microsoft.Extensions.Http.DefaultHttpClientFactory[100]
      Starting HttpMessageHandler cleanup cycle with 2 items
dbug: Microsoft.Extensions.Http.DefaultHttpClientFactory[101]
      Ending HttpMessageHandler cleanup cycle after 0.0023ms - processed: 0 items - remaining: 2 items
dbug: Microsoft.Extensions.Http.DefaultHttpClientFactory[100]
      Starting HttpMessageHandler cleanup cycle with 2 items
dbug: Microsoft.Extensions.Http.DefaultHttpClientFactory[101]
      Ending HttpMessageHandler cleanup cycle after 0.0021ms - processed: 0 items - remaining: 2 items
dbug: Microsoft.Extensions.Http.DefaultHttpClientFactory[100]
      Starting HttpMessageHandler cleanup cycle with 2 items
dbug: Microsoft.Extensions.Http.DefaultHttpClientFactory[101]
      Ending HttpMessageHandler cleanup cycle after 0.001ms - processed: 0 items - remaining: 2 items
dbug: Microsoft.Extensions.Http.DefaultHttpClientFactory[100]
      Starting HttpMessageHandler cleanup cycle with 2 items
dbug: Microsoft.Extensions.Http.DefaultHttpClientFactory[101]
      Ending HttpMessageHandler cleanup cycle after 0.0012ms - processed: 0 items - remaining: 2 items
dbug: Microsoft.Extensions.Http.DefaultHttpClientFactory[100]
      Starting HttpMessageHandler cleanup cycle with 2 items
dbug: Microsoft.Extensions.Http.DefaultHttpClientFactory[101]
      Ending HttpMessageHandler cleanup cycle after 0.003ms - processed: 0 items - remaining: 2 items
dbug: Microsoft.Extensions.Http.DefaultHttpClientFactory[100]
      Starting HttpMessageHandler cleanup cycle with 2 items
dbug: Microsoft.Extensions.Http.DefaultHttpClientFactory[101]
      Ending HttpMessageHandler cleanup cycle after 0.004ms - processed: 0 items - remaining: 2 items
dbug: Microsoft.Extensions.Http.DefaultHttpClientFactory[100]
      Starting HttpMessageHandler cleanup cycle with 2 items
dbug: Microsoft.Extensions.Http.DefaultHttpClientFactory[101]
      Ending HttpMessageHandler cleanup cycle after 0.0034ms - processed: 0 items - remaining: 2 items
dbug: Microsoft.Extensions.Http.DefaultHttpClientFactory[100]
      Starting HttpMessageHandler cleanup cycle with 2 items
dbug: Microsoft.Extensions.Http.DefaultHttpClientFactory[101]
      Ending HttpMessageHandler cleanup cycle after 0.0009ms - processed: 0 items - remaining: 2 items
dbug: Microsoft.Extensions.Http.DefaultHttpClientFactory[100]
      Starting HttpMessageHandler cleanup cycle with 2 items
dbug: Microsoft.Extensions.Http.DefaultHttpClientFactory[101]
      Ending HttpMessageHandler cleanup cycle after 0.0017ms - processed: 0 items - remaining: 2 items
dbug: Microsoft.Extensions.Http.DefaultHttpClientFactory[100]
      Starting HttpMessageHandler cleanup cycle with 2 items
dbug: Microsoft.Extensions.Http.DefaultHttpClientFactory[101]
      Ending HttpMessageHandler cleanup cycle after 0.0021ms - processed: 0 items - remaining: 2 items
dbug: Microsoft.Extensions.Http.DefaultHttpClientFactory[100]
      Starting HttpMessageHandler cleanup cycle with 2 items
dbug: Microsoft.Extensions.Http.DefaultHttpClientFactory[101]
      Ending HttpMessageHandler cleanup cycle after 0.0022ms - processed: 0 items - remaining: 2 items
info: Microsoft.AspNetCore.Hosting.Diagnostics[1]
      Request starting HTTP/2 POST https://localhost:44353/Resident/SelectMember - application/x-www-form-urlencoded 19
dbug: Microsoft.AspNetCore.StaticFiles.StaticFileMiddleware[1]
      POST requests are not supported
dbug: Microsoft.AspNetCore.Routing.Matching.DfaMatcher[1001]
      1 candidate(s) found for the request path '/Resident/SelectMember'
dbug: Microsoft.AspNetCore.Routing.Matching.DfaMatcher[1005]
      Endpoint 'ParcelManagement2.Controllers.ResidentController.SelectMember (ParcelProject)' with route pattern '{controller=Account}/{action=Login}/{id?}' is valid for the request path '/Resident/SelectMember'
dbug: Microsoft.AspNetCore.Routing.EndpointRoutingMiddleware[1]
      Request matched endpoint 'ParcelManagement2.Controllers.ResidentController.SelectMember (ParcelProject)'
dbug: Microsoft.AspNetCore.Authentication.Cookies.CookieAuthenticationHandler[8]
      AuthenticationScheme: Cookies was successfully authenticated.
dbug: Microsoft.AspNetCore.Authorization.DefaultAuthorizationService[1]
      Authorization was successful.
info: Microsoft.AspNetCore.Routing.EndpointMiddleware[0]
      Executing endpoint 'ParcelManagement2.Controllers.ResidentController.SelectMember (ParcelProject)'
info: Microsoft.AspNetCore.Mvc.Infrastructure.ControllerActionInvoker[102]
      Route matched with {action = "SelectMember", controller = "Resident"}. Executing controller action with signature Microsoft.AspNetCore.Mvc.IActionResult SelectMember(System.String) on controller ParcelManagement2.Controllers.ResidentController (ParcelProject).
dbug: Microsoft.AspNetCore.Mvc.Infrastructure.ControllerActionInvoker[1]
      Execution plan of authorization filters (in the following order): None
dbug: Microsoft.AspNetCore.Mvc.Infrastructure.ControllerActionInvoker[1]
      Execution plan of resource filters (in the following order): Microsoft.AspNetCore.Mvc.ViewFeatures.Filters.SaveTempDataFilter
dbug: Microsoft.AspNetCore.Mvc.Infrastructure.ControllerActionInvoker[1]
      Execution plan of action filters (in the following order): Microsoft.AspNetCore.Mvc.Filters.ControllerActionFilter (Order: -2147483648), Microsoft.AspNetCore.Mvc.ModelBinding.UnsupportedContentTypeFilter (Order: -3000)
dbug: Microsoft.AspNetCore.Mvc.Infrastructure.ControllerActionInvoker[1]
      Execution plan of exception filters (in the following order): None
dbug: Microsoft.AspNetCore.Mvc.Infrastructure.ControllerActionInvoker[1]
      Execution plan of result filters (in the following order): Microsoft.AspNetCore.Mvc.ViewFeatures.Filters.SaveTempDataFilter
dbug: Microsoft.AspNetCore.Mvc.Infrastructure.ControllerActionInvoker[1]
      Executing controller factory for controller ParcelManagement2.Controllers.ResidentController (ParcelProject)
dbug: ParcelManagement2.Models.DBConn[0]
      資料庫連線字串已設定
dbug: Microsoft.AspNetCore.Mvc.Infrastructure.ControllerActionInvoker[2]
      Executed controller factory for controller ParcelManagement2.Controllers.ResidentController (ParcelProject)
dbug: Microsoft.AspNetCore.Mvc.ModelBinding.ParameterBinder[22]
      Attempting to bind parameter 'residentId' of type 'System.String' ...
dbug: Microsoft.AspNetCore.Mvc.ModelBinding.Binders.SimpleTypeModelBinder[44]
      Attempting to bind parameter 'residentId' of type 'System.String' using the name 'residentId' in request data ...
dbug: Microsoft.AspNetCore.Mvc.ModelBinding.Binders.SimpleTypeModelBinder[45]
      Done attempting to bind parameter 'residentId' of type 'System.String'.
dbug: Microsoft.AspNetCore.Mvc.ModelBinding.ParameterBinder[23]
      Done attempting to bind parameter 'residentId' of type 'System.String'.
dbug: Microsoft.AspNetCore.Mvc.ModelBinding.ParameterBinder[26]
      Attempting to validate the bound parameter 'residentId' of type 'System.String' ...
dbug: Microsoft.AspNetCore.Mvc.ModelBinding.ParameterBinder[27]
      Done attempting to validate the bound parameter 'residentId' of type 'System.String'.
dbug: ParcelManagement2.Models.DBConn[0]
      查詢成功，返回 1 行數據
dbug: Microsoft.AspNetCore.Session.DistributedSession[4]
      Session loaded; Key:f3a42b75-d459-1344-3c37-ff3073c71b14, Id:be5fffd8-37ca-330c-7652-55aaec6333fb, Count:1
info: Microsoft.AspNetCore.Mvc.Infrastructure.SystemTextJsonResultExecutor[1]
      Executing JsonResult, writing value of type '<>f__AnonymousType15`3[[System.Boolean, System.Private.CoreLib, Version=8.0.0.0, Culture=neutral, PublicKeyToken=7cec85d7bea7798e],[System.String, System.Private.CoreLib, Version=8.0.0.0, Culture=neutral, PublicKeyToken=7cec85d7bea7798e],[System.String, System.Private.CoreLib, Version=8.0.0.0, Culture=neutral, PublicKeyToken=7cec85d7bea7798e]]'.
info: Microsoft.AspNetCore.Mvc.Infrastructure.ControllerActionInvoker[105]
      Executed action ParcelManagement2.Controllers.ResidentController.SelectMember (ParcelProject) in 180.9292ms
info: Microsoft.AspNetCore.Routing.EndpointMiddleware[1]
      Executed endpoint 'ParcelManagement2.Controllers.ResidentController.SelectMember (ParcelProject)'
dbug: Microsoft.AspNetCore.Session.DistributedSession[5]
      Session stored; Key:f3a42b75-d459-1344-3c37-ff3073c71b14, Id:be5fffd8-37ca-330c-7652-55aaec6333fb, Count:1
info: Microsoft.AspNetCore.Hosting.Diagnostics[2]
      Request finished HTTP/2 POST https://localhost:44353/Resident/SelectMember - 200 - application/json;+charset=utf-8 204.7723ms
dbug: Microsoft.AspNetCore.Server.IIS.Core.IISHttpServer[1]
      Connection ID "17726168168495317016" disconnecting.
info: Microsoft.AspNetCore.Hosting.Diagnostics[1]
      Request starting HTTP/2 POST https://localhost:44353/Resident/GetAllPackages - - 0
info: Microsoft.AspNetCore.Hosting.Diagnostics[1]
      Request starting HTTP/2 POST https://localhost:44353/Resident/GetCollectedHistory - - 0
dbug: Microsoft.AspNetCore.StaticFiles.StaticFileMiddleware[1]
      POST requests are not supported
dbug: Microsoft.AspNetCore.StaticFiles.StaticFileMiddleware[1]
      POST requests are not supported
dbug: Microsoft.AspNetCore.Routing.Matching.DfaMatcher[1001]
      1 candidate(s) found for the request path '/Resident/GetCollectedHistory'
dbug: Microsoft.AspNetCore.Routing.Matching.DfaMatcher[1001]
      1 candidate(s) found for the request path '/Resident/GetAllPackages'
dbug: Microsoft.AspNetCore.Routing.Matching.DfaMatcher[1005]
      Endpoint 'ParcelManagement2.Controllers.ResidentController.GetCollectedHistory (ParcelProject)' with route pattern '{controller=Account}/{action=Login}/{id?}' is valid for the request path '/Resident/GetCollectedHistory'
dbug: Microsoft.AspNetCore.Routing.Matching.DfaMatcher[1005]
      Endpoint 'ParcelManagement2.Controllers.ResidentController.GetAllPackages (ParcelProject)' with route pattern '{controller=Account}/{action=Login}/{id?}' is valid for the request path '/Resident/GetAllPackages'
dbug: Microsoft.AspNetCore.Routing.EndpointRoutingMiddleware[1]
      Request matched endpoint 'ParcelManagement2.Controllers.ResidentController.GetCollectedHistory (ParcelProject)'
dbug: Microsoft.AspNetCore.Routing.EndpointRoutingMiddleware[1]
      Request matched endpoint 'ParcelManagement2.Controllers.ResidentController.GetAllPackages (ParcelProject)'
dbug: Microsoft.AspNetCore.Authentication.Cookies.CookieAuthenticationHandler[8]
      AuthenticationScheme: Cookies was successfully authenticated.
dbug: Microsoft.AspNetCore.Authentication.Cookies.CookieAuthenticationHandler[8]
      AuthenticationScheme: Cookies was successfully authenticated.
dbug: Microsoft.AspNetCore.Authorization.DefaultAuthorizationService[1]
      Authorization was successful.
dbug: Microsoft.AspNetCore.Authorization.DefaultAuthorizationService[1]
      Authorization was successful.
info: Microsoft.AspNetCore.Routing.EndpointMiddleware[0]
      Executing endpoint 'ParcelManagement2.Controllers.ResidentController.GetCollectedHistory (ParcelProject)'
info: Microsoft.AspNetCore.Routing.EndpointMiddleware[0]
      Executing endpoint 'ParcelManagement2.Controllers.ResidentController.GetAllPackages (ParcelProject)'
info: Microsoft.AspNetCore.Mvc.Infrastructure.ControllerActionInvoker[102]
      Route matched with {action = "GetCollectedHistory", controller = "Resident"}. Executing controller action with signature Microsoft.AspNetCore.Mvc.IActionResult GetCollectedHistory() on controller ParcelManagement2.Controllers.ResidentController (ParcelProject).
info: Microsoft.AspNetCore.Mvc.Infrastructure.ControllerActionInvoker[102]
      Route matched with {action = "GetAllPackages", controller = "Resident"}. Executing controller action with signature Microsoft.AspNetCore.Mvc.IActionResult GetAllPackages() on controller ParcelManagement2.Controllers.ResidentController (ParcelProject).
dbug: Microsoft.AspNetCore.Mvc.Infrastructure.ControllerActionInvoker[1]
      Execution plan of authorization filters (in the following order): None
dbug: Microsoft.AspNetCore.Mvc.Infrastructure.ControllerActionInvoker[1]
      Execution plan of authorization filters (in the following order): None
dbug: Microsoft.AspNetCore.Mvc.Infrastructure.ControllerActionInvoker[1]
      Execution plan of resource filters (in the following order): Microsoft.AspNetCore.Mvc.ViewFeatures.Filters.SaveTempDataFilter
dbug: Microsoft.AspNetCore.Mvc.Infrastructure.ControllerActionInvoker[1]
      Execution plan of resource filters (in the following order): Microsoft.AspNetCore.Mvc.ViewFeatures.Filters.SaveTempDataFilter
dbug: Microsoft.AspNetCore.Mvc.Infrastructure.ControllerActionInvoker[1]
      Execution plan of action filters (in the following order): Microsoft.AspNetCore.Mvc.Filters.ControllerActionFilter (Order: -2147483648), Microsoft.AspNetCore.Mvc.ModelBinding.UnsupportedContentTypeFilter (Order: -3000)
dbug: Microsoft.AspNetCore.Mvc.Infrastructure.ControllerActionInvoker[1]
      Execution plan of action filters (in the following order): Microsoft.AspNetCore.Mvc.Filters.ControllerActionFilter (Order: -2147483648), Microsoft.AspNetCore.Mvc.ModelBinding.UnsupportedContentTypeFilter (Order: -3000)
dbug: Microsoft.AspNetCore.Mvc.Infrastructure.ControllerActionInvoker[1]
      Execution plan of exception filters (in the following order): None
dbug: Microsoft.AspNetCore.Mvc.Infrastructure.ControllerActionInvoker[1]
      Execution plan of exception filters (in the following order): None
dbug: Microsoft.AspNetCore.Mvc.Infrastructure.ControllerActionInvoker[1]
      Execution plan of result filters (in the following order): Microsoft.AspNetCore.Mvc.ViewFeatures.Filters.SaveTempDataFilter
dbug: Microsoft.AspNetCore.Mvc.Infrastructure.ControllerActionInvoker[1]
      Execution plan of result filters (in the following order): Microsoft.AspNetCore.Mvc.ViewFeatures.Filters.SaveTempDataFilter
dbug: Microsoft.AspNetCore.Mvc.Infrastructure.ControllerActionInvoker[1]
      Executing controller factory for controller ParcelManagement2.Controllers.ResidentController (ParcelProject)
dbug: Microsoft.AspNetCore.Mvc.Infrastructure.ControllerActionInvoker[1]
      Executing controller factory for controller ParcelManagement2.Controllers.ResidentController (ParcelProject)
dbug: ParcelManagement2.Models.DBConn[0]
      資料庫連線字串已設定
dbug: ParcelManagement2.Models.DBConn[0]
      資料庫連線字串已設定
dbug: Microsoft.AspNetCore.Mvc.Infrastructure.ControllerActionInvoker[2]
      Executed controller factory for controller ParcelManagement2.Controllers.ResidentController (ParcelProject)
dbug: Microsoft.AspNetCore.Mvc.Infrastructure.ControllerActionInvoker[2]
      Executed controller factory for controller ParcelManagement2.Controllers.ResidentController (ParcelProject)
dbug: Microsoft.AspNetCore.Session.DistributedSession[4]
      Session loaded; Key:f3a42b75-d459-1344-3c37-ff3073c71b14, Id:be5fffd8-37ca-330c-7652-55aaec6333fb, Count:1
dbug: Microsoft.AspNetCore.Session.DistributedSession[4]
      Session loaded; Key:f3a42b75-d459-1344-3c37-ff3073c71b14, Id:be5fffd8-37ca-330c-7652-55aaec6333fb, Count:1
dbug: ParcelManagement2.Models.DBConn[0]
      查詢成功，返回 6 行數據
info: Microsoft.AspNetCore.Mvc.Infrastructure.ContentResultExecutor[1]
      Executing ContentResult with HTTP Response ContentType of application/json
info: Microsoft.AspNetCore.Mvc.Infrastructure.ControllerActionInvoker[105]
      Executed action ParcelManagement2.Controllers.ResidentController.GetAllPackages (ParcelProject) in 50.3748ms
dbug: ParcelManagement2.Models.DBConn[0]
      查詢成功，返回 2 行數據
info: Microsoft.AspNetCore.Routing.EndpointMiddleware[1]
      Executed endpoint 'ParcelManagement2.Controllers.ResidentController.GetAllPackages (ParcelProject)'
info: Microsoft.AspNetCore.Mvc.Infrastructure.ContentResultExecutor[1]
      Executing ContentResult with HTTP Response ContentType of application/json
info: Microsoft.AspNetCore.Hosting.Diagnostics[2]
      Request finished HTTP/2 POST https://localhost:44353/Resident/GetAllPackages - 200 1499 application/json 88.2170ms
dbug: Microsoft.AspNetCore.Server.IIS.Core.IISHttpServer[1]
      Connection ID "18230571343940681958" disconnecting.
info: Microsoft.AspNetCore.Mvc.Infrastructure.ControllerActionInvoker[105]
      Executed action ParcelManagement2.Controllers.ResidentController.GetCollectedHistory (ParcelProject) in 58.601ms
info: Microsoft.AspNetCore.Routing.EndpointMiddleware[1]
      Executed endpoint 'ParcelManagement2.Controllers.ResidentController.GetCollectedHistory (ParcelProject)'
info: Microsoft.AspNetCore.Hosting.Diagnostics[2]
      Request finished HTTP/2 POST https://localhost:44353/Resident/GetCollectedHistory - 200 475 application/json 94.0791ms
dbug: Microsoft.AspNetCore.Server.IIS.Core.IISHttpServer[1]
      Connection ID "18302628937978609751" disconnecting.
info: Microsoft.AspNetCore.Hosting.Diagnostics[1]
      Request starting HTTP/2 GET https://localhost:44353/Resident/Home - - -
dbug: Microsoft.AspNetCore.StaticFiles.StaticFileMiddleware[4]
      The request path /Resident/Home does not match a supported file type
dbug: Microsoft.AspNetCore.Routing.Matching.DfaMatcher[1001]
      1 candidate(s) found for the request path '/Resident/Home'
dbug: Microsoft.AspNetCore.Routing.Matching.DfaMatcher[1005]
      Endpoint 'ParcelManagement2.Controllers.ResidentController.Home (ParcelProject)' with route pattern '{controller=Account}/{action=Login}/{id?}' is valid for the request path '/Resident/Home'
dbug: Microsoft.AspNetCore.Routing.EndpointRoutingMiddleware[1]
      Request matched endpoint 'ParcelManagement2.Controllers.ResidentController.Home (ParcelProject)'
dbug: Microsoft.AspNetCore.Authentication.Cookies.CookieAuthenticationHandler[8]
      AuthenticationScheme: Cookies was successfully authenticated.
dbug: Microsoft.AspNetCore.Authorization.DefaultAuthorizationService[1]
      Authorization was successful.
info: Microsoft.AspNetCore.Routing.EndpointMiddleware[0]
      Executing endpoint 'ParcelManagement2.Controllers.ResidentController.Home (ParcelProject)'
info: Microsoft.AspNetCore.Mvc.Infrastructure.ControllerActionInvoker[102]
      Route matched with {action = "Home", controller = "Resident"}. Executing controller action with signature Microsoft.AspNetCore.Mvc.IActionResult Home() on controller ParcelManagement2.Controllers.ResidentController (ParcelProject).
dbug: Microsoft.AspNetCore.Mvc.Infrastructure.ControllerActionInvoker[1]
      Execution plan of authorization filters (in the following order): None
dbug: Microsoft.AspNetCore.Mvc.Infrastructure.ControllerActionInvoker[1]
      Execution plan of resource filters (in the following order): Microsoft.AspNetCore.Mvc.ViewFeatures.Filters.SaveTempDataFilter
dbug: Microsoft.AspNetCore.Mvc.Infrastructure.ControllerActionInvoker[1]
      Execution plan of action filters (in the following order): Microsoft.AspNetCore.Mvc.Filters.ControllerActionFilter (Order: -2147483648), Microsoft.AspNetCore.Mvc.ModelBinding.UnsupportedContentTypeFilter (Order: -3000)
dbug: Microsoft.AspNetCore.Mvc.Infrastructure.ControllerActionInvoker[1]
      Execution plan of exception filters (in the following order): None
dbug: Microsoft.AspNetCore.Mvc.Infrastructure.ControllerActionInvoker[1]
      Execution plan of result filters (in the following order): Microsoft.AspNetCore.Mvc.ViewFeatures.Filters.SaveTempDataFilter
dbug: Microsoft.AspNetCore.Mvc.Infrastructure.ControllerActionInvoker[1]
      Executing controller factory for controller ParcelManagement2.Controllers.ResidentController (ParcelProject)
dbug: ParcelManagement2.Models.DBConn[0]
      資料庫連線字串已設定
dbug: Microsoft.AspNetCore.Mvc.Infrastructure.ControllerActionInvoker[2]
      Executed controller factory for controller ParcelManagement2.Controllers.ResidentController (ParcelProject)
dbug: ParcelManagement2.Models.DBConn[0]
      查詢成功，返回 2 行數據
dbug: Microsoft.AspNetCore.Session.DistributedSession[4]
      Session loaded; Key:f3a42b75-d459-1344-3c37-ff3073c71b14, Id:be5fffd8-37ca-330c-7652-55aaec6333fb, Count:1
dbug: Microsoft.AspNetCore.Mvc.Razor.RazorViewEngine[1]
      View lookup cache miss for view 'Home' in controller 'Resident'.
info: Microsoft.AspNetCore.Mvc.ViewFeatures.ViewResultExecutor[1]
      Executing ViewResult, running view Home.
dbug: Microsoft.AspNetCore.Mvc.ViewFeatures.ViewResultExecutor[2]
      The view path '/Views/Resident/Home.cshtml' was found in 2.4937ms.
dbug: Microsoft.AspNetCore.Antiforgery.DefaultAntiforgery[6]
      An antiforgery cookie token was reused.
dbug: Microsoft.WebTools.BrowserLink.Net.BrowserLinkMiddleware[1]
      Response markup is scheduled to include Browser Link script injection.
dbug: Microsoft.AspNetCore.Watch.BrowserRefresh.BrowserRefreshMiddleware[1]
      Response markup is scheduled to include browser refresh script injection.
info: Microsoft.AspNetCore.Mvc.ViewFeatures.ViewResultExecutor[4]
      Executed ViewResult - view Home executed in 8.0144ms.
info: Microsoft.AspNetCore.Mvc.Infrastructure.ControllerActionInvoker[105]
      Executed action ParcelManagement2.Controllers.ResidentController.Home (ParcelProject) in 62.0028ms
info: Microsoft.AspNetCore.Routing.EndpointMiddleware[1]
      Executed endpoint 'ParcelManagement2.Controllers.ResidentController.Home (ParcelProject)'
dbug: Microsoft.WebTools.BrowserLink.Net.BrowserLinkMiddleware[2]
      Response markup was updated to include Browser Link script injection.
dbug: Microsoft.AspNetCore.Watch.BrowserRefresh.BrowserRefreshMiddleware[2]
      Response markup was updated to include browser refresh script injection.
dbug: Microsoft.AspNetCore.Server.IIS.Core.IISHttpServer[1]
      Connection ID "18302628903618871544" disconnecting.
info: Microsoft.AspNetCore.Hosting.Diagnostics[2]
      Request finished HTTP/2 GET https://localhost:44353/Resident/Home - 200 - text/html;+charset=utf-8 98.4684ms
info: Microsoft.AspNetCore.Hosting.Diagnostics[1]
      Request starting HTTP/2 GET https://localhost:44353/_vs/browserLink - - -
info: Microsoft.AspNetCore.Hosting.Diagnostics[1]
      Request starting HTTP/2 GET https://localhost:44353/_framework/aspnetcore-browser-refresh.js - - -
dbug: Microsoft.AspNetCore.Watch.BrowserRefresh.BrowserScriptMiddleware[0]
      Script injected: /_framework/aspnetcore-browser-refresh.js
info: Microsoft.AspNetCore.Hosting.Diagnostics[2]
      Request finished HTTP/2 GET https://localhost:44353/_framework/aspnetcore-browser-refresh.js - 200 16511 application/javascript;+charset=utf-8 8.0138ms
dbug: Microsoft.AspNetCore.Server.IIS.Core.IISHttpServer[1]
      Connection ID "18230571300991009006" disconnecting.
dbug: Microsoft.AspNetCore.Server.IIS.Core.IISHttpServer[1]
      Connection ID "18374686489066864795" disconnecting.
info: Microsoft.AspNetCore.Hosting.Diagnostics[2]
      Request finished HTTP/2 GET https://localhost:44353/_vs/browserLink - 200 - text/javascript;+charset=UTF-8 19.9469ms
info: Microsoft.AspNetCore.Hosting.Diagnostics[1]
      Request starting HTTP/2 POST https://localhost:44353/Resident/GetUncollectedMails - - 0
info: Microsoft.AspNetCore.Hosting.Diagnostics[1]
      Request starting HTTP/2 POST https://localhost:44353/Resident/GetUncollectedPackages - - 0
dbug: Microsoft.AspNetCore.StaticFiles.StaticFileMiddleware[1]
      POST requests are not supported
dbug: Microsoft.AspNetCore.StaticFiles.StaticFileMiddleware[1]
      POST requests are not supported
dbug: Microsoft.AspNetCore.Routing.Matching.DfaMatcher[1001]
      1 candidate(s) found for the request path '/Resident/GetUncollectedMails'
dbug: Microsoft.AspNetCore.Routing.Matching.DfaMatcher[1001]
      1 candidate(s) found for the request path '/Resident/GetUncollectedPackages'
dbug: Microsoft.AspNetCore.Routing.Matching.DfaMatcher[1005]
      Endpoint 'ParcelManagement2.Controllers.ResidentController.GetUncollectedMails (ParcelProject)' with route pattern '{controller=Account}/{action=Login}/{id?}' is valid for the request path '/Resident/GetUncollectedMails'
dbug: Microsoft.AspNetCore.Routing.Matching.DfaMatcher[1005]
      Endpoint 'ParcelManagement2.Controllers.ResidentController.GetUncollectedPackages (ParcelProject)' with route pattern '{controller=Account}/{action=Login}/{id?}' is valid for the request path '/Resident/GetUncollectedPackages'
dbug: Microsoft.AspNetCore.Routing.EndpointRoutingMiddleware[1]
      Request matched endpoint 'ParcelManagement2.Controllers.ResidentController.GetUncollectedMails (ParcelProject)'
dbug: Microsoft.AspNetCore.Routing.EndpointRoutingMiddleware[1]
      Request matched endpoint 'ParcelManagement2.Controllers.ResidentController.GetUncollectedPackages (ParcelProject)'
dbug: Microsoft.AspNetCore.Authentication.Cookies.CookieAuthenticationHandler[8]
      AuthenticationScheme: Cookies was successfully authenticated.
dbug: Microsoft.AspNetCore.Authentication.Cookies.CookieAuthenticationHandler[8]
      AuthenticationScheme: Cookies was successfully authenticated.
dbug: Microsoft.AspNetCore.Authorization.DefaultAuthorizationService[1]
      Authorization was successful.
dbug: Microsoft.AspNetCore.Authorization.DefaultAuthorizationService[1]
      Authorization was successful.
info: Microsoft.AspNetCore.Routing.EndpointMiddleware[0]
      Executing endpoint 'ParcelManagement2.Controllers.ResidentController.GetUncollectedPackages (ParcelProject)'
info: Microsoft.AspNetCore.Routing.EndpointMiddleware[0]
      Executing endpoint 'ParcelManagement2.Controllers.ResidentController.GetUncollectedMails (ParcelProject)'
info: Microsoft.AspNetCore.Mvc.Infrastructure.ControllerActionInvoker[102]
      Route matched with {action = "GetUncollectedPackages", controller = "Resident"}. Executing controller action with signature Microsoft.AspNetCore.Mvc.IActionResult GetUncollectedPackages() on controller ParcelManagement2.Controllers.ResidentController (ParcelProject).
info: Microsoft.AspNetCore.Mvc.Infrastructure.ControllerActionInvoker[102]
      Route matched with {action = "GetUncollectedMails", controller = "Resident"}. Executing controller action with signature Microsoft.AspNetCore.Mvc.IActionResult GetUncollectedMails() on controller ParcelManagement2.Controllers.ResidentController (ParcelProject).
dbug: Microsoft.AspNetCore.Mvc.Infrastructure.ControllerActionInvoker[1]
      Execution plan of authorization filters (in the following order): None
dbug: Microsoft.AspNetCore.Mvc.Infrastructure.ControllerActionInvoker[1]
      Execution plan of authorization filters (in the following order): None
dbug: Microsoft.AspNetCore.Mvc.Infrastructure.ControllerActionInvoker[1]
      Execution plan of resource filters (in the following order): Microsoft.AspNetCore.Mvc.ViewFeatures.Filters.SaveTempDataFilter
dbug: Microsoft.AspNetCore.Mvc.Infrastructure.ControllerActionInvoker[1]
      Execution plan of resource filters (in the following order): Microsoft.AspNetCore.Mvc.ViewFeatures.Filters.SaveTempDataFilter
dbug: Microsoft.AspNetCore.Mvc.Infrastructure.ControllerActionInvoker[1]
      Execution plan of action filters (in the following order): Microsoft.AspNetCore.Mvc.Filters.ControllerActionFilter (Order: -2147483648), Microsoft.AspNetCore.Mvc.ModelBinding.UnsupportedContentTypeFilter (Order: -3000)
dbug: Microsoft.AspNetCore.Mvc.Infrastructure.ControllerActionInvoker[1]
      Execution plan of action filters (in the following order): Microsoft.AspNetCore.Mvc.Filters.ControllerActionFilter (Order: -2147483648), Microsoft.AspNetCore.Mvc.ModelBinding.UnsupportedContentTypeFilter (Order: -3000)
dbug: Microsoft.AspNetCore.Mvc.Infrastructure.ControllerActionInvoker[1]
      Execution plan of exception filters (in the following order): None
dbug: Microsoft.AspNetCore.Mvc.Infrastructure.ControllerActionInvoker[1]
      Execution plan of exception filters (in the following order): None
dbug: Microsoft.AspNetCore.Mvc.Infrastructure.ControllerActionInvoker[1]
      Execution plan of result filters (in the following order): Microsoft.AspNetCore.Mvc.ViewFeatures.Filters.SaveTempDataFilter
dbug: Microsoft.AspNetCore.Mvc.Infrastructure.ControllerActionInvoker[1]
      Execution plan of result filters (in the following order): Microsoft.AspNetCore.Mvc.ViewFeatures.Filters.SaveTempDataFilter
dbug: Microsoft.AspNetCore.Mvc.Infrastructure.ControllerActionInvoker[1]
      Executing controller factory for controller ParcelManagement2.Controllers.ResidentController (ParcelProject)
dbug: Microsoft.AspNetCore.Mvc.Infrastructure.ControllerActionInvoker[1]
      Executing controller factory for controller ParcelManagement2.Controllers.ResidentController (ParcelProject)
dbug: ParcelManagement2.Models.DBConn[0]
      資料庫連線字串已設定
dbug: ParcelManagement2.Models.DBConn[0]
      資料庫連線字串已設定
dbug: Microsoft.AspNetCore.Mvc.Infrastructure.ControllerActionInvoker[2]
      Executed controller factory for controller ParcelManagement2.Controllers.ResidentController (ParcelProject)
dbug: Microsoft.AspNetCore.Mvc.Infrastructure.ControllerActionInvoker[2]
      Executed controller factory for controller ParcelManagement2.Controllers.ResidentController (ParcelProject)
dbug: Microsoft.AspNetCore.Session.DistributedSession[4]
      Session loaded; Key:f3a42b75-d459-1344-3c37-ff3073c71b14, Id:be5fffd8-37ca-330c-7652-55aaec6333fb, Count:1
dbug: Microsoft.AspNetCore.Session.DistributedSession[4]
      Session loaded; Key:f3a42b75-d459-1344-3c37-ff3073c71b14, Id:be5fffd8-37ca-330c-7652-55aaec6333fb, Count:1
dbug: ParcelManagement2.Models.DBConn[0]
      查詢成功，返回 4 行數據
info: Microsoft.AspNetCore.Mvc.Infrastructure.ContentResultExecutor[1]
      Executing ContentResult with HTTP Response ContentType of application/json
info: Microsoft.AspNetCore.Mvc.Infrastructure.ControllerActionInvoker[105]
      Executed action ParcelManagement2.Controllers.ResidentController.GetUncollectedPackages (ParcelProject) in 51.3066ms
info: Microsoft.AspNetCore.Routing.EndpointMiddleware[1]
      Executed endpoint 'ParcelManagement2.Controllers.ResidentController.GetUncollectedPackages (ParcelProject)'
dbug: ParcelManagement2.Models.DBConn[0]
      查詢成功，返回 0 行數據
info: Microsoft.AspNetCore.Hosting.Diagnostics[2]
      Request finished HTTP/2 POST https://localhost:44353/Resident/GetUncollectedPackages - 200 501 application/json 100.6288ms
dbug: Microsoft.AspNetCore.Server.IIS.Core.IISHttpServer[1]
      Connection ID "17726168168495317018" disconnecting.
info: Microsoft.AspNetCore.Mvc.Infrastructure.ContentResultExecutor[1]
      Executing ContentResult with HTTP Response ContentType of application/json
info: Microsoft.AspNetCore.Mvc.Infrastructure.ControllerActionInvoker[105]
      Executed action ParcelManagement2.Controllers.ResidentController.GetUncollectedMails (ParcelProject) in 58.0552ms
info: Microsoft.AspNetCore.Routing.EndpointMiddleware[1]
      Executed endpoint 'ParcelManagement2.Controllers.ResidentController.GetUncollectedMails (ParcelProject)'
info: Microsoft.AspNetCore.Hosting.Diagnostics[2]
      Request finished HTTP/2 POST https://localhost:44353/Resident/GetUncollectedMails - 200 2 application/json 108.6896ms
dbug: Microsoft.AspNetCore.Server.IIS.Core.IISHttpServer[1]
      Connection ID "18158513732722884965" disconnecting.
dbug: Microsoft.Extensions.Http.DefaultHttpClientFactory[100]
      Starting HttpMessageHandler cleanup cycle with 2 items
dbug: Microsoft.Extensions.Http.DefaultHttpClientFactory[101]
      Ending HttpMessageHandler cleanup cycle after 0.0013ms - processed: 0 items - remaining: 2 items
info: Microsoft.AspNetCore.Hosting.Diagnostics[1]
      Request starting HTTP/2 GET https://localhost:44353/Resident/MyPackages - - -
dbug: Microsoft.AspNetCore.StaticFiles.StaticFileMiddleware[4]
      The request path /Resident/MyPackages does not match a supported file type
dbug: Microsoft.AspNetCore.Routing.Matching.DfaMatcher[1001]
      1 candidate(s) found for the request path '/Resident/MyPackages'
dbug: Microsoft.AspNetCore.Routing.Matching.DfaMatcher[1005]
      Endpoint 'ParcelManagement2.Controllers.ResidentController.MyPackages (ParcelProject)' with route pattern '{controller=Account}/{action=Login}/{id?}' is valid for the request path '/Resident/MyPackages'
dbug: Microsoft.AspNetCore.Routing.EndpointRoutingMiddleware[1]
      Request matched endpoint 'ParcelManagement2.Controllers.ResidentController.MyPackages (ParcelProject)'
dbug: Microsoft.AspNetCore.Authentication.Cookies.CookieAuthenticationHandler[8]
      AuthenticationScheme: Cookies was successfully authenticated.
dbug: Microsoft.AspNetCore.Authorization.DefaultAuthorizationService[1]
      Authorization was successful.
info: Microsoft.AspNetCore.Routing.EndpointMiddleware[0]
      Executing endpoint 'ParcelManagement2.Controllers.ResidentController.MyPackages (ParcelProject)'
info: Microsoft.AspNetCore.Mvc.Infrastructure.ControllerActionInvoker[102]
      Route matched with {action = "MyPackages", controller = "Resident"}. Executing controller action with signature Microsoft.AspNetCore.Mvc.IActionResult MyPackages() on controller ParcelManagement2.Controllers.ResidentController (ParcelProject).
dbug: Microsoft.AspNetCore.Mvc.Infrastructure.ControllerActionInvoker[1]
      Execution plan of authorization filters (in the following order): None
dbug: Microsoft.AspNetCore.Mvc.Infrastructure.ControllerActionInvoker[1]
      Execution plan of resource filters (in the following order): Microsoft.AspNetCore.Mvc.ViewFeatures.Filters.SaveTempDataFilter
dbug: Microsoft.AspNetCore.Mvc.Infrastructure.ControllerActionInvoker[1]
      Execution plan of action filters (in the following order): Microsoft.AspNetCore.Mvc.Filters.ControllerActionFilter (Order: -2147483648), Microsoft.AspNetCore.Mvc.ModelBinding.UnsupportedContentTypeFilter (Order: -3000)
dbug: Microsoft.AspNetCore.Mvc.Infrastructure.ControllerActionInvoker[1]
      Execution plan of exception filters (in the following order): None
dbug: Microsoft.AspNetCore.Mvc.Infrastructure.ControllerActionInvoker[1]
      Execution plan of result filters (in the following order): Microsoft.AspNetCore.Mvc.ViewFeatures.Filters.SaveTempDataFilter
dbug: Microsoft.AspNetCore.Mvc.Infrastructure.ControllerActionInvoker[1]
      Executing controller factory for controller ParcelManagement2.Controllers.ResidentController (ParcelProject)
dbug: ParcelManagement2.Models.DBConn[0]
      資料庫連線字串已設定
dbug: Microsoft.AspNetCore.Mvc.Infrastructure.ControllerActionInvoker[2]
      Executed controller factory for controller ParcelManagement2.Controllers.ResidentController (ParcelProject)
dbug: ParcelManagement2.Models.DBConn[0]
      查詢成功，返回 2 行數據
dbug: Microsoft.AspNetCore.Session.DistributedSession[4]
      Session loaded; Key:f3a42b75-d459-1344-3c37-ff3073c71b14, Id:be5fffd8-37ca-330c-7652-55aaec6333fb, Count:1
dbug: Microsoft.AspNetCore.Mvc.Razor.RazorViewEngine[2]
      View lookup cache hit for view 'MyPackages' in controller 'Resident'.
info: Microsoft.AspNetCore.Mvc.ViewFeatures.ViewResultExecutor[1]
      Executing ViewResult, running view MyPackages.
dbug: Microsoft.AspNetCore.Mvc.ViewFeatures.ViewResultExecutor[2]
      The view path '/Views/Resident/MyPackages.cshtml' was found in 3.4412ms.
dbug: Microsoft.AspNetCore.Antiforgery.DefaultAntiforgery[6]
      An antiforgery cookie token was reused.
dbug: Microsoft.WebTools.BrowserLink.Net.BrowserLinkMiddleware[1]
      Response markup is scheduled to include Browser Link script injection.
dbug: Microsoft.AspNetCore.Watch.BrowserRefresh.BrowserRefreshMiddleware[1]
      Response markup is scheduled to include browser refresh script injection.
info: Microsoft.AspNetCore.Mvc.ViewFeatures.ViewResultExecutor[4]
      Executed ViewResult - view MyPackages executed in 9.3473ms.
info: Microsoft.AspNetCore.Mvc.Infrastructure.ControllerActionInvoker[105]
      Executed action ParcelManagement2.Controllers.ResidentController.MyPackages (ParcelProject) in 80.9472ms
info: Microsoft.AspNetCore.Routing.EndpointMiddleware[1]
      Executed endpoint 'ParcelManagement2.Controllers.ResidentController.MyPackages (ParcelProject)'
dbug: Microsoft.WebTools.BrowserLink.Net.BrowserLinkMiddleware[2]
      Response markup was updated to include Browser Link script injection.
dbug: Microsoft.AspNetCore.Watch.BrowserRefresh.BrowserRefreshMiddleware[2]
      Response markup was updated to include browser refresh script injection.
dbug: Microsoft.AspNetCore.Server.IIS.Core.IISHttpServer[1]
      Connection ID "17942340916249362497" disconnecting.
info: Microsoft.AspNetCore.Hosting.Diagnostics[2]
      Request finished HTTP/2 GET https://localhost:44353/Resident/MyPackages - 200 - text/html;+charset=utf-8 109.6044ms
info: Microsoft.AspNetCore.Hosting.Diagnostics[1]
      Request starting HTTP/2 POST https://localhost:44353/Resident/GetAllPackages - - 0
info: Microsoft.AspNetCore.Hosting.Diagnostics[1]
      Request starting HTTP/2 POST https://localhost:44353/Resident/GetCollectedHistory - - 0
dbug: Microsoft.AspNetCore.StaticFiles.StaticFileMiddleware[1]
      POST requests are not supported
info: Microsoft.AspNetCore.Hosting.Diagnostics[1]
      Request starting HTTP/2 GET https://localhost:44353/_vs/browserLink - - -
info: Microsoft.AspNetCore.Hosting.Diagnostics[1]
      Request starting HTTP/2 GET https://localhost:44353/_framework/aspnetcore-browser-refresh.js - - -
dbug: Microsoft.AspNetCore.StaticFiles.StaticFileMiddleware[1]
      POST requests are not supported
dbug: Microsoft.AspNetCore.Routing.Matching.DfaMatcher[1001]
      1 candidate(s) found for the request path '/Resident/GetAllPackages'
dbug: Microsoft.AspNetCore.Watch.BrowserRefresh.BrowserScriptMiddleware[0]
      Script injected: /_framework/aspnetcore-browser-refresh.js
dbug: Microsoft.AspNetCore.Routing.Matching.DfaMatcher[1005]
      Endpoint 'ParcelManagement2.Controllers.ResidentController.GetAllPackages (ParcelProject)' with route pattern '{controller=Account}/{action=Login}/{id?}' is valid for the request path '/Resident/GetAllPackages'
info: Microsoft.AspNetCore.Hosting.Diagnostics[2]
      Request finished HTTP/2 GET https://localhost:44353/_framework/aspnetcore-browser-refresh.js - 200 16511 application/javascript;+charset=utf-8 8.4152ms
dbug: Microsoft.AspNetCore.Server.IIS.Core.IISHttpServer[1]
      Connection ID "18086456142979924090" disconnecting.
dbug: Microsoft.AspNetCore.Routing.EndpointRoutingMiddleware[1]
      Request matched endpoint 'ParcelManagement2.Controllers.ResidentController.GetAllPackages (ParcelProject)'
dbug: Microsoft.AspNetCore.Authentication.Cookies.CookieAuthenticationHandler[8]
      AuthenticationScheme: Cookies was successfully authenticated.
dbug: Microsoft.AspNetCore.Routing.Matching.DfaMatcher[1001]
      1 candidate(s) found for the request path '/Resident/GetCollectedHistory'
dbug: Microsoft.AspNetCore.Authorization.DefaultAuthorizationService[1]
      Authorization was successful.
dbug: Microsoft.AspNetCore.Routing.Matching.DfaMatcher[1005]
      Endpoint 'ParcelManagement2.Controllers.ResidentController.GetCollectedHistory (ParcelProject)' with route pattern '{controller=Account}/{action=Login}/{id?}' is valid for the request path '/Resident/GetCollectedHistory'
info: Microsoft.AspNetCore.Routing.EndpointMiddleware[0]
      Executing endpoint 'ParcelManagement2.Controllers.ResidentController.GetAllPackages (ParcelProject)'
dbug: Microsoft.AspNetCore.Routing.EndpointRoutingMiddleware[1]
      Request matched endpoint 'ParcelManagement2.Controllers.ResidentController.GetCollectedHistory (ParcelProject)'
info: Microsoft.AspNetCore.Mvc.Infrastructure.ControllerActionInvoker[102]
      Route matched with {action = "GetAllPackages", controller = "Resident"}. Executing controller action with signature Microsoft.AspNetCore.Mvc.IActionResult GetAllPackages() on controller ParcelManagement2.Controllers.ResidentController (ParcelProject).
dbug: Microsoft.AspNetCore.Authentication.Cookies.CookieAuthenticationHandler[8]
      AuthenticationScheme: Cookies was successfully authenticated.
dbug: Microsoft.AspNetCore.Mvc.Infrastructure.ControllerActionInvoker[1]
      Execution plan of authorization filters (in the following order): None
dbug: Microsoft.AspNetCore.Authorization.DefaultAuthorizationService[1]
      Authorization was successful.
dbug: Microsoft.AspNetCore.Server.IIS.Core.IISHttpServer[1]
      Connection ID "18014398548941996103" disconnecting.
dbug: Microsoft.AspNetCore.Mvc.Infrastructure.ControllerActionInvoker[1]
      Execution plan of resource filters (in the following order): Microsoft.AspNetCore.Mvc.ViewFeatures.Filters.SaveTempDataFilter
info: Microsoft.AspNetCore.Hosting.Diagnostics[2]
      Request finished HTTP/2 GET https://localhost:44353/_vs/browserLink - 200 - text/javascript;+charset=UTF-8 35.8361ms
dbug: Microsoft.AspNetCore.Mvc.Infrastructure.ControllerActionInvoker[1]
      Execution plan of action filters (in the following order): Microsoft.AspNetCore.Mvc.Filters.ControllerActionFilter (Order: -2147483648), Microsoft.AspNetCore.Mvc.ModelBinding.UnsupportedContentTypeFilter (Order: -3000)
info: Microsoft.AspNetCore.Routing.EndpointMiddleware[0]
      Executing endpoint 'ParcelManagement2.Controllers.ResidentController.GetCollectedHistory (ParcelProject)'
dbug: Microsoft.AspNetCore.Mvc.Infrastructure.ControllerActionInvoker[1]
      Execution plan of exception filters (in the following order): None
info: Microsoft.AspNetCore.Mvc.Infrastructure.ControllerActionInvoker[102]
      Route matched with {action = "GetCollectedHistory", controller = "Resident"}. Executing controller action with signature Microsoft.AspNetCore.Mvc.IActionResult GetCollectedHistory() on controller ParcelManagement2.Controllers.ResidentController (ParcelProject).
dbug: Microsoft.AspNetCore.Mvc.Infrastructure.ControllerActionInvoker[1]
      Execution plan of result filters (in the following order): Microsoft.AspNetCore.Mvc.ViewFeatures.Filters.SaveTempDataFilter
dbug: Microsoft.AspNetCore.Mvc.Infrastructure.ControllerActionInvoker[1]
      Execution plan of authorization filters (in the following order): None
dbug: Microsoft.AspNetCore.Mvc.Infrastructure.ControllerActionInvoker[1]
      Executing controller factory for controller ParcelManagement2.Controllers.ResidentController (ParcelProject)
dbug: Microsoft.AspNetCore.Mvc.Infrastructure.ControllerActionInvoker[1]
      Execution plan of resource filters (in the following order): Microsoft.AspNetCore.Mvc.ViewFeatures.Filters.SaveTempDataFilter
dbug: ParcelManagement2.Models.DBConn[0]
      資料庫連線字串已設定
dbug: Microsoft.AspNetCore.Mvc.Infrastructure.ControllerActionInvoker[1]
      Execution plan of action filters (in the following order): Microsoft.AspNetCore.Mvc.Filters.ControllerActionFilter (Order: -2147483648), Microsoft.AspNetCore.Mvc.ModelBinding.UnsupportedContentTypeFilter (Order: -3000)
dbug: Microsoft.AspNetCore.Mvc.Infrastructure.ControllerActionInvoker[2]
      Executed controller factory for controller ParcelManagement2.Controllers.ResidentController (ParcelProject)
dbug: Microsoft.AspNetCore.Mvc.Infrastructure.ControllerActionInvoker[1]
      Execution plan of exception filters (in the following order): None
dbug: Microsoft.AspNetCore.Mvc.Infrastructure.ControllerActionInvoker[1]
      Execution plan of result filters (in the following order): Microsoft.AspNetCore.Mvc.ViewFeatures.Filters.SaveTempDataFilter
dbug: Microsoft.AspNetCore.Mvc.Infrastructure.ControllerActionInvoker[1]
      Executing controller factory for controller ParcelManagement2.Controllers.ResidentController (ParcelProject)
dbug: ParcelManagement2.Models.DBConn[0]
      資料庫連線字串已設定
dbug: Microsoft.AspNetCore.Mvc.Infrastructure.ControllerActionInvoker[2]
      Executed controller factory for controller ParcelManagement2.Controllers.ResidentController (ParcelProject)
dbug: Microsoft.AspNetCore.Session.DistributedSession[4]
      Session loaded; Key:f3a42b75-d459-1344-3c37-ff3073c71b14, Id:be5fffd8-37ca-330c-7652-55aaec6333fb, Count:1
dbug: Microsoft.AspNetCore.Session.DistributedSession[4]
      Session loaded; Key:f3a42b75-d459-1344-3c37-ff3073c71b14, Id:be5fffd8-37ca-330c-7652-55aaec6333fb, Count:1
dbug: ParcelManagement2.Models.DBConn[0]
      查詢成功，返回 6 行數據
info: Microsoft.AspNetCore.Mvc.Infrastructure.ContentResultExecutor[1]
      Executing ContentResult with HTTP Response ContentType of application/json
info: Microsoft.AspNetCore.Mvc.Infrastructure.ControllerActionInvoker[105]
      Executed action ParcelManagement2.Controllers.ResidentController.GetAllPackages (ParcelProject) in 47.4929ms
info: Microsoft.AspNetCore.Routing.EndpointMiddleware[1]
      Executed endpoint 'ParcelManagement2.Controllers.ResidentController.GetAllPackages (ParcelProject)'
info: Microsoft.AspNetCore.Hosting.Diagnostics[2]
      Request finished HTTP/2 POST https://localhost:44353/Resident/GetAllPackages - 200 1499 application/json 110.4243ms
dbug: Microsoft.AspNetCore.Server.IIS.Core.IISHttpServer[1]
      Connection ID "17942340916249362499" disconnecting.
dbug: ParcelManagement2.Models.DBConn[0]
      查詢成功，返回 2 行數據
info: Microsoft.AspNetCore.Mvc.Infrastructure.ContentResultExecutor[1]
      Executing ContentResult with HTTP Response ContentType of application/json
info: Microsoft.AspNetCore.Mvc.Infrastructure.ControllerActionInvoker[105]
      Executed action ParcelManagement2.Controllers.ResidentController.GetCollectedHistory (ParcelProject) in 44.2762ms
info: Microsoft.AspNetCore.Routing.EndpointMiddleware[1]
      Executed endpoint 'ParcelManagement2.Controllers.ResidentController.GetCollectedHistory (ParcelProject)'
info: Microsoft.AspNetCore.Hosting.Diagnostics[2]
      Request finished HTTP/2 POST https://localhost:44353/Resident/GetCollectedHistory - 200 475 application/json 125.0748ms
dbug: Microsoft.AspNetCore.Server.IIS.Core.IISHttpServer[1]
      Connection ID "18086456104325218420" disconnecting.
info: Microsoft.AspNetCore.Hosting.Diagnostics[1]
      Request starting HTTP/2 POST https://localhost:44353/Resident/GetPackagePhotos - application/json 36
dbug: Microsoft.AspNetCore.StaticFiles.StaticFileMiddleware[1]
      POST requests are not supported
dbug: Microsoft.AspNetCore.Routing.Matching.DfaMatcher[1001]
      1 candidate(s) found for the request path '/Resident/GetPackagePhotos'
dbug: Microsoft.AspNetCore.Routing.Matching.DfaMatcher[1005]
      Endpoint 'ParcelManagement2.Controllers.ResidentController.GetPackagePhotos (ParcelProject)' with route pattern '{controller=Account}/{action=Login}/{id?}' is valid for the request path '/Resident/GetPackagePhotos'
dbug: Microsoft.AspNetCore.Routing.EndpointRoutingMiddleware[1]
      Request matched endpoint 'ParcelManagement2.Controllers.ResidentController.GetPackagePhotos (ParcelProject)'
dbug: Microsoft.AspNetCore.Authentication.Cookies.CookieAuthenticationHandler[8]
      AuthenticationScheme: Cookies was successfully authenticated.
dbug: Microsoft.AspNetCore.Authorization.DefaultAuthorizationService[1]
      Authorization was successful.
info: Microsoft.AspNetCore.Routing.EndpointMiddleware[0]
      Executing endpoint 'ParcelManagement2.Controllers.ResidentController.GetPackagePhotos (ParcelProject)'
info: Microsoft.AspNetCore.Mvc.Infrastructure.ControllerActionInvoker[102]
      Route matched with {action = "GetPackagePhotos", controller = "Resident"}. Executing controller action with signature System.Threading.Tasks.Task`1[Microsoft.AspNetCore.Mvc.IActionResult] GetPackagePhotos(System.Text.Json.JsonElement) on controller ParcelManagement2.Controllers.ResidentController (ParcelProject).
dbug: Microsoft.AspNetCore.Mvc.Infrastructure.ControllerActionInvoker[1]
      Execution plan of authorization filters (in the following order): None
dbug: Microsoft.AspNetCore.Mvc.Infrastructure.ControllerActionInvoker[1]
      Execution plan of resource filters (in the following order): Microsoft.AspNetCore.Mvc.ViewFeatures.Filters.SaveTempDataFilter
dbug: Microsoft.AspNetCore.Mvc.Infrastructure.ControllerActionInvoker[1]
      Execution plan of action filters (in the following order): Microsoft.AspNetCore.Mvc.Filters.ControllerActionFilter (Order: -2147483648), Microsoft.AspNetCore.Mvc.ModelBinding.UnsupportedContentTypeFilter (Order: -3000)
dbug: Microsoft.AspNetCore.Mvc.Infrastructure.ControllerActionInvoker[1]
      Execution plan of exception filters (in the following order): None
dbug: Microsoft.AspNetCore.Mvc.Infrastructure.ControllerActionInvoker[1]
      Execution plan of result filters (in the following order): Microsoft.AspNetCore.Mvc.ViewFeatures.Filters.SaveTempDataFilter
dbug: Microsoft.AspNetCore.Mvc.Infrastructure.ControllerActionInvoker[1]
      Executing controller factory for controller ParcelManagement2.Controllers.ResidentController (ParcelProject)
dbug: ParcelManagement2.Models.DBConn[0]
      資料庫連線字串已設定
dbug: Microsoft.AspNetCore.Mvc.Infrastructure.ControllerActionInvoker[2]
      Executed controller factory for controller ParcelManagement2.Controllers.ResidentController (ParcelProject)
dbug: Microsoft.AspNetCore.Mvc.ModelBinding.ParameterBinder[22]
      Attempting to bind parameter 'requestData' of type 'System.Text.Json.JsonElement' ...
dbug: Microsoft.AspNetCore.Mvc.ModelBinding.Binders.BodyModelBinder[44]
      Attempting to bind parameter 'requestData' of type 'System.Text.Json.JsonElement' using the name '' in request data ...
dbug: Microsoft.AspNetCore.Mvc.ModelBinding.Binders.BodyModelBinder[1]
      Selected input formatter 'Microsoft.AspNetCore.Mvc.Formatters.SystemTextJsonInputFormatter' for content type 'application/json'.
dbug: Microsoft.AspNetCore.Mvc.Formatters.SystemTextJsonInputFormatter[2]
      JSON input formatter succeeded, deserializing to type 'System.Text.Json.JsonElement'
dbug: Microsoft.AspNetCore.Mvc.ModelBinding.Binders.BodyModelBinder[45]
      Done attempting to bind parameter 'requestData' of type 'System.Text.Json.JsonElement'.
dbug: Microsoft.AspNetCore.Mvc.ModelBinding.ParameterBinder[23]
      Done attempting to bind parameter 'requestData' of type 'System.Text.Json.JsonElement'.
dbug: Microsoft.AspNetCore.Mvc.ModelBinding.ParameterBinder[26]
      Attempting to validate the bound parameter 'requestData' of type 'System.Text.Json.JsonElement' ...
dbug: Microsoft.AspNetCore.Mvc.ModelBinding.ParameterBinder[27]
      Done attempting to validate the bound parameter 'requestData' of type 'System.Text.Json.JsonElement'.
fail: ParcelManagement2.Controllers.ResidentController[0]
      獲取包裹照片失敗
      System.Collections.Generic.KeyNotFoundException: The given key was not present in the dictionary.
         at System.Text.Json.JsonElement.GetProperty(String propertyName)
         at ParcelManagement2.Controllers.ResidentController.GetPackagePhotos(JsonElement requestData)
info: Microsoft.AspNetCore.Mvc.Infrastructure.SystemTextJsonResultExecutor[1]
      Executing JsonResult, writing value of type '<>f__AnonymousType14`3[[System.Boolean, System.Private.CoreLib, Version=8.0.0.0, Culture=neutral, PublicKeyToken=7cec85d7bea7798e],[System.String, System.Private.CoreLib, Version=8.0.0.0, Culture=neutral, PublicKeyToken=7cec85d7bea7798e],[System.String, System.Private.CoreLib, Version=8.0.0.0, Culture=neutral, PublicKeyToken=7cec85d7bea7798e]]'.
info: Microsoft.AspNetCore.Mvc.Infrastructure.ControllerActionInvoker[105]
      Executed action ParcelManagement2.Controllers.ResidentController.GetPackagePhotos (ParcelProject) in 88.1953ms
info: Microsoft.AspNetCore.Routing.EndpointMiddleware[1]
      Executed endpoint 'ParcelManagement2.Controllers.ResidentController.GetPackagePhotos (ParcelProject)'
info: Microsoft.AspNetCore.Hosting.Diagnostics[2]
      Request finished HTTP/2 POST https://localhost:44353/Resident/GetPackagePhotos - 200 - application/json;+charset=utf-8 116.0539ms
dbug: Microsoft.AspNetCore.Server.IIS.Core.IISHttpServer[1]
      Connection ID "18302628903618871546" disconnecting.
dbug: Microsoft.Extensions.Http.DefaultHttpClientFactory[100]
      Starting HttpMessageHandler cleanup cycle with 2 items
dbug: Microsoft.Extensions.Http.DefaultHttpClientFactory[101]
      Ending HttpMessageHandler cleanup cycle after 0.0012ms - processed: 0 items - remaining: 2 items
info: Microsoft.AspNetCore.Hosting.Diagnostics[1]
      Request starting HTTP/2 POST https://localhost:44353/Resident/GetPackagePhotos - application/json 36
dbug: Microsoft.AspNetCore.StaticFiles.StaticFileMiddleware[1]
      POST requests are not supported
dbug: Microsoft.AspNetCore.Routing.Matching.DfaMatcher[1001]
      1 candidate(s) found for the request path '/Resident/GetPackagePhotos'
dbug: Microsoft.AspNetCore.Routing.Matching.DfaMatcher[1005]
      Endpoint 'ParcelManagement2.Controllers.ResidentController.GetPackagePhotos (ParcelProject)' with route pattern '{controller=Account}/{action=Login}/{id?}' is valid for the request path '/Resident/GetPackagePhotos'
dbug: Microsoft.AspNetCore.Routing.EndpointRoutingMiddleware[1]
      Request matched endpoint 'ParcelManagement2.Controllers.ResidentController.GetPackagePhotos (ParcelProject)'
dbug: Microsoft.AspNetCore.Authentication.Cookies.CookieAuthenticationHandler[8]
      AuthenticationScheme: Cookies was successfully authenticated.
dbug: Microsoft.AspNetCore.Authorization.DefaultAuthorizationService[1]
      Authorization was successful.
info: Microsoft.AspNetCore.Routing.EndpointMiddleware[0]
      Executing endpoint 'ParcelManagement2.Controllers.ResidentController.GetPackagePhotos (ParcelProject)'
info: Microsoft.AspNetCore.Mvc.Infrastructure.ControllerActionInvoker[102]
      Route matched with {action = "GetPackagePhotos", controller = "Resident"}. Executing controller action with signature System.Threading.Tasks.Task`1[Microsoft.AspNetCore.Mvc.IActionResult] GetPackagePhotos(System.Text.Json.JsonElement) on controller ParcelManagement2.Controllers.ResidentController (ParcelProject).
dbug: Microsoft.AspNetCore.Mvc.Infrastructure.ControllerActionInvoker[1]
      Execution plan of authorization filters (in the following order): None
dbug: Microsoft.AspNetCore.Mvc.Infrastructure.ControllerActionInvoker[1]
      Execution plan of resource filters (in the following order): Microsoft.AspNetCore.Mvc.ViewFeatures.Filters.SaveTempDataFilter
dbug: Microsoft.AspNetCore.Mvc.Infrastructure.ControllerActionInvoker[1]
      Execution plan of action filters (in the following order): Microsoft.AspNetCore.Mvc.Filters.ControllerActionFilter (Order: -2147483648), Microsoft.AspNetCore.Mvc.ModelBinding.UnsupportedContentTypeFilter (Order: -3000)
dbug: Microsoft.AspNetCore.Mvc.Infrastructure.ControllerActionInvoker[1]
      Execution plan of exception filters (in the following order): None
dbug: Microsoft.AspNetCore.Mvc.Infrastructure.ControllerActionInvoker[1]
      Execution plan of result filters (in the following order): Microsoft.AspNetCore.Mvc.ViewFeatures.Filters.SaveTempDataFilter
dbug: Microsoft.AspNetCore.Mvc.Infrastructure.ControllerActionInvoker[1]
      Executing controller factory for controller ParcelManagement2.Controllers.ResidentController (ParcelProject)
dbug: ParcelManagement2.Models.DBConn[0]
      資料庫連線字串已設定
dbug: Microsoft.AspNetCore.Mvc.Infrastructure.ControllerActionInvoker[2]
      Executed controller factory for controller ParcelManagement2.Controllers.ResidentController (ParcelProject)
dbug: Microsoft.AspNetCore.Mvc.ModelBinding.ParameterBinder[22]
      Attempting to bind parameter 'requestData' of type 'System.Text.Json.JsonElement' ...
dbug: Microsoft.AspNetCore.Mvc.ModelBinding.Binders.BodyModelBinder[44]
      Attempting to bind parameter 'requestData' of type 'System.Text.Json.JsonElement' using the name '' in request data ...
dbug: Microsoft.AspNetCore.Mvc.ModelBinding.Binders.BodyModelBinder[1]
      Selected input formatter 'Microsoft.AspNetCore.Mvc.Formatters.SystemTextJsonInputFormatter' for content type 'application/json'.
dbug: Microsoft.AspNetCore.Mvc.Formatters.SystemTextJsonInputFormatter[2]
      JSON input formatter succeeded, deserializing to type 'System.Text.Json.JsonElement'
dbug: Microsoft.AspNetCore.Mvc.ModelBinding.Binders.BodyModelBinder[45]
      Done attempting to bind parameter 'requestData' of type 'System.Text.Json.JsonElement'.
dbug: Microsoft.AspNetCore.Mvc.ModelBinding.ParameterBinder[23]
      Done attempting to bind parameter 'requestData' of type 'System.Text.Json.JsonElement'.
dbug: Microsoft.AspNetCore.Mvc.ModelBinding.ParameterBinder[26]
      Attempting to validate the bound parameter 'requestData' of type 'System.Text.Json.JsonElement' ...
dbug: Microsoft.AspNetCore.Mvc.ModelBinding.ParameterBinder[27]
      Done attempting to validate the bound parameter 'requestData' of type 'System.Text.Json.JsonElement'.
fail: ParcelManagement2.Controllers.ResidentController[0]
      獲取包裹照片失敗
      System.Collections.Generic.KeyNotFoundException: The given key was not present in the dictionary.
         at System.Text.Json.JsonElement.GetProperty(String propertyName)
         at ParcelManagement2.Controllers.ResidentController.GetPackagePhotos(JsonElement requestData)
info: Microsoft.AspNetCore.Mvc.Infrastructure.SystemTextJsonResultExecutor[1]
      Executing JsonResult, writing value of type '<>f__AnonymousType14`3[[System.Boolean, System.Private.CoreLib, Version=8.0.0.0, Culture=neutral, PublicKeyToken=7cec85d7bea7798e],[System.String, System.Private.CoreLib, Version=8.0.0.0, Culture=neutral, PublicKeyToken=7cec85d7bea7798e],[System.String, System.Private.CoreLib, Version=8.0.0.0, Culture=neutral, PublicKeyToken=7cec85d7bea7798e]]'.
info: Microsoft.AspNetCore.Mvc.Infrastructure.ControllerActionInvoker[105]
      Executed action ParcelManagement2.Controllers.ResidentController.GetPackagePhotos (ParcelProject) in 42.098ms
info: Microsoft.AspNetCore.Routing.EndpointMiddleware[1]
      Executed endpoint 'ParcelManagement2.Controllers.ResidentController.GetPackagePhotos (ParcelProject)'
info: Microsoft.AspNetCore.Hosting.Diagnostics[2]
      Request finished HTTP/2 POST https://localhost:44353/Resident/GetPackagePhotos - 200 - application/json;+charset=utf-8 66.4925ms
dbug: Microsoft.AspNetCore.Server.IIS.Core.IISHttpServer[1]
      Connection ID "18014398557531930662" disconnecting.
info: Microsoft.AspNetCore.Hosting.Diagnostics[1]
      Request starting HTTP/2 POST https://localhost:44353/Resident/GetPackagePhotos - application/json 36
dbug: Microsoft.AspNetCore.StaticFiles.StaticFileMiddleware[1]
      POST requests are not supported
dbug: Microsoft.AspNetCore.Routing.Matching.DfaMatcher[1001]
      1 candidate(s) found for the request path '/Resident/GetPackagePhotos'
dbug: Microsoft.AspNetCore.Routing.Matching.DfaMatcher[1005]
      Endpoint 'ParcelManagement2.Controllers.ResidentController.GetPackagePhotos (ParcelProject)' with route pattern '{controller=Account}/{action=Login}/{id?}' is valid for the request path '/Resident/GetPackagePhotos'
dbug: Microsoft.AspNetCore.Routing.EndpointRoutingMiddleware[1]
      Request matched endpoint 'ParcelManagement2.Controllers.ResidentController.GetPackagePhotos (ParcelProject)'
dbug: Microsoft.AspNetCore.Authentication.Cookies.CookieAuthenticationHandler[8]
      AuthenticationScheme: Cookies was successfully authenticated.
dbug: Microsoft.AspNetCore.Authorization.DefaultAuthorizationService[1]
      Authorization was successful.
info: Microsoft.AspNetCore.Routing.EndpointMiddleware[0]
      Executing endpoint 'ParcelManagement2.Controllers.ResidentController.GetPackagePhotos (ParcelProject)'
info: Microsoft.AspNetCore.Mvc.Infrastructure.ControllerActionInvoker[102]
      Route matched with {action = "GetPackagePhotos", controller = "Resident"}. Executing controller action with signature System.Threading.Tasks.Task`1[Microsoft.AspNetCore.Mvc.IActionResult] GetPackagePhotos(System.Text.Json.JsonElement) on controller ParcelManagement2.Controllers.ResidentController (ParcelProject).
dbug: Microsoft.AspNetCore.Mvc.Infrastructure.ControllerActionInvoker[1]
      Execution plan of authorization filters (in the following order): None
dbug: Microsoft.AspNetCore.Mvc.Infrastructure.ControllerActionInvoker[1]
      Execution plan of resource filters (in the following order): Microsoft.AspNetCore.Mvc.ViewFeatures.Filters.SaveTempDataFilter
dbug: Microsoft.AspNetCore.Mvc.Infrastructure.ControllerActionInvoker[1]
      Execution plan of action filters (in the following order): Microsoft.AspNetCore.Mvc.Filters.ControllerActionFilter (Order: -2147483648), Microsoft.AspNetCore.Mvc.ModelBinding.UnsupportedContentTypeFilter (Order: -3000)
dbug: Microsoft.AspNetCore.Mvc.Infrastructure.ControllerActionInvoker[1]
      Execution plan of exception filters (in the following order): None
dbug: Microsoft.AspNetCore.Mvc.Infrastructure.ControllerActionInvoker[1]
      Execution plan of result filters (in the following order): Microsoft.AspNetCore.Mvc.ViewFeatures.Filters.SaveTempDataFilter
dbug: Microsoft.AspNetCore.Mvc.Infrastructure.ControllerActionInvoker[1]
      Executing controller factory for controller ParcelManagement2.Controllers.ResidentController (ParcelProject)
dbug: ParcelManagement2.Models.DBConn[0]
      資料庫連線字串已設定
dbug: Microsoft.AspNetCore.Mvc.Infrastructure.ControllerActionInvoker[2]
      Executed controller factory for controller ParcelManagement2.Controllers.ResidentController (ParcelProject)
dbug: Microsoft.AspNetCore.Mvc.ModelBinding.ParameterBinder[22]
      Attempting to bind parameter 'requestData' of type 'System.Text.Json.JsonElement' ...
dbug: Microsoft.AspNetCore.Mvc.ModelBinding.Binders.BodyModelBinder[44]
      Attempting to bind parameter 'requestData' of type 'System.Text.Json.JsonElement' using the name '' in request data ...
dbug: Microsoft.AspNetCore.Mvc.ModelBinding.Binders.BodyModelBinder[1]
      Selected input formatter 'Microsoft.AspNetCore.Mvc.Formatters.SystemTextJsonInputFormatter' for content type 'application/json'.
dbug: Microsoft.AspNetCore.Mvc.Formatters.SystemTextJsonInputFormatter[2]
      JSON input formatter succeeded, deserializing to type 'System.Text.Json.JsonElement'
dbug: Microsoft.AspNetCore.Mvc.ModelBinding.Binders.BodyModelBinder[45]
      Done attempting to bind parameter 'requestData' of type 'System.Text.Json.JsonElement'.
dbug: Microsoft.AspNetCore.Mvc.ModelBinding.ParameterBinder[23]
      Done attempting to bind parameter 'requestData' of type 'System.Text.Json.JsonElement'.
dbug: Microsoft.AspNetCore.Mvc.ModelBinding.ParameterBinder[26]
      Attempting to validate the bound parameter 'requestData' of type 'System.Text.Json.JsonElement' ...
dbug: Microsoft.AspNetCore.Mvc.ModelBinding.ParameterBinder[27]
      Done attempting to validate the bound parameter 'requestData' of type 'System.Text.Json.JsonElement'.
fail: ParcelManagement2.Controllers.ResidentController[0]
      獲取包裹照片失敗
      System.Collections.Generic.KeyNotFoundException: The given key was not present in the dictionary.
         at System.Text.Json.JsonElement.GetProperty(String propertyName)
         at ParcelManagement2.Controllers.ResidentController.GetPackagePhotos(JsonElement requestData)
info: Microsoft.AspNetCore.Mvc.Infrastructure.SystemTextJsonResultExecutor[1]
      Executing JsonResult, writing value of type '<>f__AnonymousType14`3[[System.Boolean, System.Private.CoreLib, Version=8.0.0.0, Culture=neutral, PublicKeyToken=7cec85d7bea7798e],[System.String, System.Private.CoreLib, Version=8.0.0.0, Culture=neutral, PublicKeyToken=7cec85d7bea7798e],[System.String, System.Private.CoreLib, Version=8.0.0.0, Culture=neutral, PublicKeyToken=7cec85d7bea7798e]]'.
info: Microsoft.AspNetCore.Mvc.Infrastructure.ControllerActionInvoker[105]
      Executed action ParcelManagement2.Controllers.ResidentController.GetPackagePhotos (ParcelProject) in 38.6175ms
info: Microsoft.AspNetCore.Routing.EndpointMiddleware[1]
      Executed endpoint 'ParcelManagement2.Controllers.ResidentController.GetPackagePhotos (ParcelProject)'
info: Microsoft.AspNetCore.Hosting.Diagnostics[2]
      Request finished HTTP/2 POST https://localhost:44353/Resident/GetPackagePhotos - 200 - application/json;+charset=utf-8 67.5141ms
dbug: Microsoft.AspNetCore.Server.IIS.Core.IISHttpServer[1]
      Connection ID "18158513724132950170" disconnecting.
info: Microsoft.AspNetCore.Hosting.Diagnostics[1]
      Request starting HTTP/2 POST https://localhost:44353/Resident/GetPackagePhotos - application/json 36
dbug: Microsoft.AspNetCore.StaticFiles.StaticFileMiddleware[1]
      POST requests are not supported
dbug: Microsoft.AspNetCore.Routing.Matching.DfaMatcher[1001]
      1 candidate(s) found for the request path '/Resident/GetPackagePhotos'
dbug: Microsoft.AspNetCore.Routing.Matching.DfaMatcher[1005]
      Endpoint 'ParcelManagement2.Controllers.ResidentController.GetPackagePhotos (ParcelProject)' with route pattern '{controller=Account}/{action=Login}/{id?}' is valid for the request path '/Resident/GetPackagePhotos'
dbug: Microsoft.AspNetCore.Routing.EndpointRoutingMiddleware[1]
      Request matched endpoint 'ParcelManagement2.Controllers.ResidentController.GetPackagePhotos (ParcelProject)'
dbug: Microsoft.AspNetCore.Authentication.Cookies.CookieAuthenticationHandler[8]
      AuthenticationScheme: Cookies was successfully authenticated.
dbug: Microsoft.AspNetCore.Authorization.DefaultAuthorizationService[1]
      Authorization was successful.
info: Microsoft.AspNetCore.Routing.EndpointMiddleware[0]
      Executing endpoint 'ParcelManagement2.Controllers.ResidentController.GetPackagePhotos (ParcelProject)'
info: Microsoft.AspNetCore.Mvc.Infrastructure.ControllerActionInvoker[102]
      Route matched with {action = "GetPackagePhotos", controller = "Resident"}. Executing controller action with signature System.Threading.Tasks.Task`1[Microsoft.AspNetCore.Mvc.IActionResult] GetPackagePhotos(System.Text.Json.JsonElement) on controller ParcelManagement2.Controllers.ResidentController (ParcelProject).
dbug: Microsoft.AspNetCore.Mvc.Infrastructure.ControllerActionInvoker[1]
      Execution plan of authorization filters (in the following order): None
dbug: Microsoft.AspNetCore.Mvc.Infrastructure.ControllerActionInvoker[1]
      Execution plan of resource filters (in the following order): Microsoft.AspNetCore.Mvc.ViewFeatures.Filters.SaveTempDataFilter
dbug: Microsoft.AspNetCore.Mvc.Infrastructure.ControllerActionInvoker[1]
      Execution plan of action filters (in the following order): Microsoft.AspNetCore.Mvc.Filters.ControllerActionFilter (Order: -2147483648), Microsoft.AspNetCore.Mvc.ModelBinding.UnsupportedContentTypeFilter (Order: -3000)
dbug: Microsoft.AspNetCore.Mvc.Infrastructure.ControllerActionInvoker[1]
      Execution plan of exception filters (in the following order): None
dbug: Microsoft.AspNetCore.Mvc.Infrastructure.ControllerActionInvoker[1]
      Execution plan of result filters (in the following order): Microsoft.AspNetCore.Mvc.ViewFeatures.Filters.SaveTempDataFilter
dbug: Microsoft.AspNetCore.Mvc.Infrastructure.ControllerActionInvoker[1]
      Executing controller factory for controller ParcelManagement2.Controllers.ResidentController (ParcelProject)
dbug: ParcelManagement2.Models.DBConn[0]
      資料庫連線字串已設定
dbug: Microsoft.AspNetCore.Mvc.Infrastructure.ControllerActionInvoker[2]
      Executed controller factory for controller ParcelManagement2.Controllers.ResidentController (ParcelProject)
dbug: Microsoft.AspNetCore.Mvc.ModelBinding.ParameterBinder[22]
      Attempting to bind parameter 'requestData' of type 'System.Text.Json.JsonElement' ...
dbug: Microsoft.AspNetCore.Mvc.ModelBinding.Binders.BodyModelBinder[44]
      Attempting to bind parameter 'requestData' of type 'System.Text.Json.JsonElement' using the name '' in request data ...
dbug: Microsoft.AspNetCore.Mvc.ModelBinding.Binders.BodyModelBinder[1]
      Selected input formatter 'Microsoft.AspNetCore.Mvc.Formatters.SystemTextJsonInputFormatter' for content type 'application/json'.
dbug: Microsoft.AspNetCore.Mvc.Formatters.SystemTextJsonInputFormatter[2]
      JSON input formatter succeeded, deserializing to type 'System.Text.Json.JsonElement'
dbug: Microsoft.AspNetCore.Mvc.ModelBinding.Binders.BodyModelBinder[45]
      Done attempting to bind parameter 'requestData' of type 'System.Text.Json.JsonElement'.
dbug: Microsoft.AspNetCore.Mvc.ModelBinding.ParameterBinder[23]
      Done attempting to bind parameter 'requestData' of type 'System.Text.Json.JsonElement'.
dbug: Microsoft.AspNetCore.Mvc.ModelBinding.ParameterBinder[26]
      Attempting to validate the bound parameter 'requestData' of type 'System.Text.Json.JsonElement' ...
dbug: Microsoft.AspNetCore.Mvc.ModelBinding.ParameterBinder[27]
      Done attempting to validate the bound parameter 'requestData' of type 'System.Text.Json.JsonElement'.
fail: ParcelManagement2.Controllers.ResidentController[0]
      獲取包裹照片失敗
      System.Collections.Generic.KeyNotFoundException: The given key was not present in the dictionary.
         at System.Text.Json.JsonElement.GetProperty(String propertyName)
         at ParcelManagement2.Controllers.ResidentController.GetPackagePhotos(JsonElement requestData)
info: Microsoft.AspNetCore.Mvc.Infrastructure.SystemTextJsonResultExecutor[1]
      Executing JsonResult, writing value of type '<>f__AnonymousType14`3[[System.Boolean, System.Private.CoreLib, Version=8.0.0.0, Culture=neutral, PublicKeyToken=7cec85d7bea7798e],[System.String, System.Private.CoreLib, Version=8.0.0.0, Culture=neutral, PublicKeyToken=7cec85d7bea7798e],[System.String, System.Private.CoreLib, Version=8.0.0.0, Culture=neutral, PublicKeyToken=7cec85d7bea7798e]]'.
info: Microsoft.AspNetCore.Mvc.Infrastructure.ControllerActionInvoker[105]
      Executed action ParcelManagement2.Controllers.ResidentController.GetPackagePhotos (ParcelProject) in 40.6549ms
info: Microsoft.AspNetCore.Routing.EndpointMiddleware[1]
      Executed endpoint 'ParcelManagement2.Controllers.ResidentController.GetPackagePhotos (ParcelProject)'
info: Microsoft.AspNetCore.Hosting.Diagnostics[2]
      Request finished HTTP/2 POST https://localhost:44353/Resident/GetPackagePhotos - 200 - application/json;+charset=utf-8 68.4047ms
dbug: Microsoft.AspNetCore.Server.IIS.Core.IISHttpServer[1]
      Connection ID "18086456104325218422" disconnecting.
dbug: Microsoft.Extensions.Http.DefaultHttpClientFactory[100]
      Starting HttpMessageHandler cleanup cycle with 2 items
dbug: Microsoft.Extensions.Http.DefaultHttpClientFactory[101]
      Ending HttpMessageHandler cleanup cycle after 0.001ms - processed: 0 items - remaining: 2 items
dbug: Microsoft.Extensions.Http.DefaultHttpClientFactory[100]
      Starting HttpMessageHandler cleanup cycle with 2 items
dbug: Microsoft.Extensions.Http.DefaultHttpClientFactory[101]
      Ending HttpMessageHandler cleanup cycle after 0.0012ms - processed: 0 items - remaining: 2 items
dbug: Microsoft.Extensions.Http.DefaultHttpClientFactory[100]
      Starting HttpMessageHandler cleanup cycle with 2 items
dbug: Microsoft.Extensions.Http.DefaultHttpClientFactory[101]
      Ending HttpMessageHandler cleanup cycle after 0.0025ms - processed: 0 items - remaining: 2 items
dbug: Microsoft.Extensions.Http.DefaultHttpClientFactory[100]
      Starting HttpMessageHandler cleanup cycle with 2 items
dbug: Microsoft.Extensions.Http.DefaultHttpClientFactory[101]
      Ending HttpMessageHandler cleanup cycle after 0.0041ms - processed: 0 items - remaining: 2 items
dbug: Microsoft.Extensions.Http.DefaultHttpClientFactory[100]
      Starting HttpMessageHandler cleanup cycle with 2 items
dbug: Microsoft.Extensions.Http.DefaultHttpClientFactory[101]
      Ending HttpMessageHandler cleanup cycle after 0.001ms - processed: 0 items - remaining: 2 items
dbug: Microsoft.Extensions.Http.DefaultHttpClientFactory[100]
      Starting HttpMessageHandler cleanup cycle with 2 items
dbug: Microsoft.Extensions.Http.DefaultHttpClientFactory[101]
      Ending HttpMessageHandler cleanup cycle after 0.0018ms - processed: 0 items - remaining: 2 items
dbug: Microsoft.Extensions.Http.DefaultHttpClientFactory[100]
      Starting HttpMessageHandler cleanup cycle with 2 items
dbug: Microsoft.Extensions.Http.DefaultHttpClientFactory[101]
      Ending HttpMessageHandler cleanup cycle after 0.0029ms - processed: 0 items - remaining: 2 items
info: Microsoft.AspNetCore.Hosting.Diagnostics[1]
      Request starting HTTP/2 GET https://localhost:44353/Resident/MyPackages - - -
dbug: Microsoft.AspNetCore.StaticFiles.StaticFileMiddleware[4]
      The request path /Resident/MyPackages does not match a supported file type
dbug: Microsoft.AspNetCore.Routing.Matching.DfaMatcher[1001]
      1 candidate(s) found for the request path '/Resident/MyPackages'
dbug: Microsoft.AspNetCore.Routing.Matching.DfaMatcher[1005]
      Endpoint 'ParcelManagement2.Controllers.ResidentController.MyPackages (ParcelProject)' with route pattern '{controller=Account}/{action=Login}/{id?}' is valid for the request path '/Resident/MyPackages'
dbug: Microsoft.AspNetCore.Routing.EndpointRoutingMiddleware[1]
      Request matched endpoint 'ParcelManagement2.Controllers.ResidentController.MyPackages (ParcelProject)'
dbug: Microsoft.AspNetCore.Authentication.Cookies.CookieAuthenticationHandler[8]
      AuthenticationScheme: Cookies was successfully authenticated.
dbug: Microsoft.AspNetCore.Authorization.DefaultAuthorizationService[1]
      Authorization was successful.
info: Microsoft.AspNetCore.Routing.EndpointMiddleware[0]
      Executing endpoint 'ParcelManagement2.Controllers.ResidentController.MyPackages (ParcelProject)'
info: Microsoft.AspNetCore.Mvc.Infrastructure.ControllerActionInvoker[102]
      Route matched with {action = "MyPackages", controller = "Resident"}. Executing controller action with signature Microsoft.AspNetCore.Mvc.IActionResult MyPackages() on controller ParcelManagement2.Controllers.ResidentController (ParcelProject).
dbug: Microsoft.AspNetCore.Mvc.Infrastructure.ControllerActionInvoker[1]
      Execution plan of authorization filters (in the following order): None
dbug: Microsoft.AspNetCore.Mvc.Infrastructure.ControllerActionInvoker[1]
      Execution plan of resource filters (in the following order): Microsoft.AspNetCore.Mvc.ViewFeatures.Filters.SaveTempDataFilter
dbug: Microsoft.AspNetCore.Mvc.Infrastructure.ControllerActionInvoker[1]
      Execution plan of action filters (in the following order): Microsoft.AspNetCore.Mvc.Filters.ControllerActionFilter (Order: -2147483648), Microsoft.AspNetCore.Mvc.ModelBinding.UnsupportedContentTypeFilter (Order: -3000)
dbug: Microsoft.AspNetCore.Mvc.Infrastructure.ControllerActionInvoker[1]
      Execution plan of exception filters (in the following order): None
dbug: Microsoft.AspNetCore.Mvc.Infrastructure.ControllerActionInvoker[1]
      Execution plan of result filters (in the following order): Microsoft.AspNetCore.Mvc.ViewFeatures.Filters.SaveTempDataFilter
dbug: Microsoft.AspNetCore.Mvc.Infrastructure.ControllerActionInvoker[1]
      Executing controller factory for controller ParcelManagement2.Controllers.ResidentController (ParcelProject)
dbug: ParcelManagement2.Models.DBConn[0]
      資料庫連線字串已設定
dbug: Microsoft.AspNetCore.Mvc.Infrastructure.ControllerActionInvoker[2]
      Executed controller factory for controller ParcelManagement2.Controllers.ResidentController (ParcelProject)
dbug: ParcelManagement2.Models.DBConn[0]
      查詢成功，返回 2 行數據
dbug: Microsoft.AspNetCore.Session.DistributedSession[4]
      Session loaded; Key:f3a42b75-d459-1344-3c37-ff3073c71b14, Id:be5fffd8-37ca-330c-7652-55aaec6333fb, Count:1
dbug: Microsoft.AspNetCore.Mvc.Razor.RazorViewEngine[1]
      View lookup cache miss for view 'MyPackages' in controller 'Resident'.
dbug: Microsoft.AspNetCore.Mvc.Razor.Compilation.DefaultViewCompiler[3]
      Initializing Razor view compiler with compiled view: '/Views/Account/AccessDenied.cshtml'.
dbug: Microsoft.AspNetCore.Mvc.Razor.Compilation.DefaultViewCompiler[3]
      Initializing Razor view compiler with compiled view: '/Views/Account/Login.cshtml'.
dbug: Microsoft.AspNetCore.Mvc.Razor.Compilation.DefaultViewCompiler[3]
      Initializing Razor view compiler with compiled view: '/Views/Home/Index.cshtml'.
dbug: Microsoft.AspNetCore.Mvc.Razor.Compilation.DefaultViewCompiler[3]
      Initializing Razor view compiler with compiled view: '/Views/Home/Index_back.cshtml'.
dbug: Microsoft.AspNetCore.Mvc.Razor.Compilation.DefaultViewCompiler[3]
      Initializing Razor view compiler with compiled view: '/Views/Home/Packages.cshtml'.
dbug: Microsoft.AspNetCore.Mvc.Razor.Compilation.DefaultViewCompiler[3]
      Initializing Razor view compiler with compiled view: '/Views/Home/Privacy.cshtml'.
dbug: Microsoft.AspNetCore.Mvc.Razor.Compilation.DefaultViewCompiler[3]
      Initializing Razor view compiler with compiled view: '/Views/Resident/Edit.cshtml'.
dbug: Microsoft.AspNetCore.Mvc.Razor.Compilation.DefaultViewCompiler[3]
      Initializing Razor view compiler with compiled view: '/Views/Resident/Home.cshtml'.
dbug: Microsoft.AspNetCore.Mvc.Razor.Compilation.DefaultViewCompiler[3]
      Initializing Razor view compiler with compiled view: '/Views/Resident/MyPackages.cshtml'.
dbug: Microsoft.AspNetCore.Mvc.Razor.Compilation.DefaultViewCompiler[3]
      Initializing Razor view compiler with compiled view: '/Views/Resident/PackagePhoto.cshtml'.
dbug: Microsoft.AspNetCore.Mvc.Razor.Compilation.DefaultViewCompiler[3]
      Initializing Razor view compiler with compiled view: '/Views/Shared/Error.cshtml'.
dbug: Microsoft.AspNetCore.Mvc.Razor.Compilation.DefaultViewCompiler[3]
      Initializing Razor view compiler with compiled view: '/Views/Shared/_AdminLayout.cshtml'.
dbug: Microsoft.AspNetCore.Mvc.Razor.Compilation.DefaultViewCompiler[3]
      Initializing Razor view compiler with compiled view: '/Views/Shared/_Layout.cshtml'.
dbug: Microsoft.AspNetCore.Mvc.Razor.Compilation.DefaultViewCompiler[3]
      Initializing Razor view compiler with compiled view: '/Views/Shared/_ResidentLayout.cshtml'.
dbug: Microsoft.AspNetCore.Mvc.Razor.Compilation.DefaultViewCompiler[3]
      Initializing Razor view compiler with compiled view: '/Views/Shared/_ValidationScriptsPartial.cshtml'.
dbug: Microsoft.AspNetCore.Mvc.Razor.Compilation.DefaultViewCompiler[3]
      Initializing Razor view compiler with compiled view: '/Views/_ViewImports.cshtml'.
dbug: Microsoft.AspNetCore.Mvc.Razor.Compilation.DefaultViewCompiler[3]
      Initializing Razor view compiler with compiled view: '/Views/_ViewStart.cshtml'.
dbug: Microsoft.AspNetCore.Mvc.Razor.Compilation.DefaultViewCompiler[3]
      Initializing Razor view compiler with compiled view: '/Views/Shared/_Layout_back.cshtml'.
info: Microsoft.AspNetCore.Mvc.ViewFeatures.ViewResultExecutor[1]
      Executing ViewResult, running view MyPackages.
dbug: Microsoft.AspNetCore.Mvc.ViewFeatures.ViewResultExecutor[2]
      The view path '/Views/Resident/MyPackages.cshtml' was found in 24.7182ms.
dbug: Microsoft.AspNetCore.Antiforgery.DefaultAntiforgery[6]
      An antiforgery cookie token was reused.
dbug: Microsoft.WebTools.BrowserLink.Net.BrowserLinkMiddleware[1]
      Response markup is scheduled to include Browser Link script injection.
dbug: Microsoft.AspNetCore.Watch.BrowserRefresh.BrowserRefreshMiddleware[1]
      Response markup is scheduled to include browser refresh script injection.
info: Microsoft.AspNetCore.Mvc.ViewFeatures.ViewResultExecutor[4]
      Executed ViewResult - view MyPackages executed in 36.8384ms.
info: Microsoft.AspNetCore.Mvc.Infrastructure.ControllerActionInvoker[105]
      Executed action ParcelManagement2.Controllers.ResidentController.MyPackages (ParcelProject) in 94.3732ms
info: Microsoft.AspNetCore.Routing.EndpointMiddleware[1]
      Executed endpoint 'ParcelManagement2.Controllers.ResidentController.MyPackages (ParcelProject)'
dbug: Microsoft.WebTools.BrowserLink.Net.BrowserLinkMiddleware[2]
      Response markup was updated to include Browser Link script injection.
dbug: Microsoft.AspNetCore.Watch.BrowserRefresh.BrowserRefreshMiddleware[2]
      Response markup was updated to include browser refresh script injection.
dbug: Microsoft.AspNetCore.Server.IIS.Core.IISHttpServer[1]
      Connection ID "18302628895028936866" disconnecting.
info: Microsoft.AspNetCore.Hosting.Diagnostics[2]
      Request finished HTTP/2 GET https://localhost:44353/Resident/MyPackages - 200 - text/html;+charset=utf-8 128.1530ms
info: Microsoft.AspNetCore.Hosting.Diagnostics[1]
      Request starting HTTP/2 GET https://localhost:44353/_framework/aspnetcore-browser-refresh.js - - -
info: Microsoft.AspNetCore.Hosting.Diagnostics[1]
      Request starting HTTP/2 GET https://localhost:44353/_vs/browserLink - - -
dbug: Microsoft.AspNetCore.Watch.BrowserRefresh.BrowserScriptMiddleware[0]
      Script injected: /_framework/aspnetcore-browser-refresh.js
info: Microsoft.AspNetCore.Hosting.Diagnostics[2]
      Request finished HTTP/2 GET https://localhost:44353/_framework/aspnetcore-browser-refresh.js - 200 16511 application/javascript;+charset=utf-8 5.2920ms
dbug: Microsoft.AspNetCore.Server.IIS.Core.IISHttpServer[1]
      Connection ID "18158513724132950172" disconnecting.
dbug: Microsoft.AspNetCore.Server.IIS.Core.IISHttpServer[1]
      Connection ID "18302628937978609753" disconnecting.
info: Microsoft.AspNetCore.Hosting.Diagnostics[2]
      Request finished HTTP/2 GET https://localhost:44353/_vs/browserLink - 200 - text/javascript;+charset=UTF-8 15.1548ms
info: Microsoft.AspNetCore.Hosting.Diagnostics[1]
      Request starting HTTP/2 POST https://localhost:44353/Resident/GetAllPackages - - 0
info: Microsoft.AspNetCore.Hosting.Diagnostics[1]
      Request starting HTTP/2 POST https://localhost:44353/Resident/GetCollectedHistory - - 0
dbug: Microsoft.AspNetCore.StaticFiles.StaticFileMiddleware[1]
      POST requests are not supported
dbug: Microsoft.AspNetCore.StaticFiles.StaticFileMiddleware[1]
      POST requests are not supported
dbug: Microsoft.AspNetCore.Routing.Matching.DfaMatcher[1001]
      1 candidate(s) found for the request path '/Resident/GetCollectedHistory'
dbug: Microsoft.AspNetCore.Routing.Matching.DfaMatcher[1001]
      1 candidate(s) found for the request path '/Resident/GetAllPackages'
dbug: Microsoft.AspNetCore.Routing.Matching.DfaMatcher[1005]
      Endpoint 'ParcelManagement2.Controllers.ResidentController.GetAllPackages (ParcelProject)' with route pattern '{controller=Account}/{action=Login}/{id?}' is valid for the request path '/Resident/GetAllPackages'
dbug: Microsoft.AspNetCore.Routing.Matching.DfaMatcher[1005]
      Endpoint 'ParcelManagement2.Controllers.ResidentController.GetCollectedHistory (ParcelProject)' with route pattern '{controller=Account}/{action=Login}/{id?}' is valid for the request path '/Resident/GetCollectedHistory'
dbug: Microsoft.AspNetCore.Routing.EndpointRoutingMiddleware[1]
      Request matched endpoint 'ParcelManagement2.Controllers.ResidentController.GetAllPackages (ParcelProject)'
dbug: Microsoft.AspNetCore.Routing.EndpointRoutingMiddleware[1]
      Request matched endpoint 'ParcelManagement2.Controllers.ResidentController.GetCollectedHistory (ParcelProject)'
dbug: Microsoft.AspNetCore.Authentication.Cookies.CookieAuthenticationHandler[8]
      AuthenticationScheme: Cookies was successfully authenticated.
dbug: Microsoft.AspNetCore.Authentication.Cookies.CookieAuthenticationHandler[8]
      AuthenticationScheme: Cookies was successfully authenticated.
dbug: Microsoft.AspNetCore.Authorization.DefaultAuthorizationService[1]
      Authorization was successful.
dbug: Microsoft.AspNetCore.Authorization.DefaultAuthorizationService[1]
      Authorization was successful.
info: Microsoft.AspNetCore.Routing.EndpointMiddleware[0]
      Executing endpoint 'ParcelManagement2.Controllers.ResidentController.GetAllPackages (ParcelProject)'
info: Microsoft.AspNetCore.Routing.EndpointMiddleware[0]
      Executing endpoint 'ParcelManagement2.Controllers.ResidentController.GetCollectedHistory (ParcelProject)'
info: Microsoft.AspNetCore.Mvc.Infrastructure.ControllerActionInvoker[102]
      Route matched with {action = "GetAllPackages", controller = "Resident"}. Executing controller action with signature Microsoft.AspNetCore.Mvc.IActionResult GetAllPackages() on controller ParcelManagement2.Controllers.ResidentController (ParcelProject).
info: Microsoft.AspNetCore.Mvc.Infrastructure.ControllerActionInvoker[102]
      Route matched with {action = "GetCollectedHistory", controller = "Resident"}. Executing controller action with signature Microsoft.AspNetCore.Mvc.IActionResult GetCollectedHistory() on controller ParcelManagement2.Controllers.ResidentController (ParcelProject).
dbug: Microsoft.AspNetCore.Mvc.Infrastructure.ControllerActionInvoker[1]
      Execution plan of authorization filters (in the following order): None
dbug: Microsoft.AspNetCore.Mvc.Infrastructure.ControllerActionInvoker[1]
      Execution plan of authorization filters (in the following order): None
dbug: Microsoft.AspNetCore.Mvc.Infrastructure.ControllerActionInvoker[1]
      Execution plan of resource filters (in the following order): Microsoft.AspNetCore.Mvc.ViewFeatures.Filters.SaveTempDataFilter
dbug: Microsoft.AspNetCore.Mvc.Infrastructure.ControllerActionInvoker[1]
      Execution plan of resource filters (in the following order): Microsoft.AspNetCore.Mvc.ViewFeatures.Filters.SaveTempDataFilter
dbug: Microsoft.AspNetCore.Mvc.Infrastructure.ControllerActionInvoker[1]
      Execution plan of action filters (in the following order): Microsoft.AspNetCore.Mvc.Filters.ControllerActionFilter (Order: -2147483648), Microsoft.AspNetCore.Mvc.ModelBinding.UnsupportedContentTypeFilter (Order: -3000)
dbug: Microsoft.AspNetCore.Mvc.Infrastructure.ControllerActionInvoker[1]
      Execution plan of action filters (in the following order): Microsoft.AspNetCore.Mvc.Filters.ControllerActionFilter (Order: -2147483648), Microsoft.AspNetCore.Mvc.ModelBinding.UnsupportedContentTypeFilter (Order: -3000)
dbug: Microsoft.AspNetCore.Mvc.Infrastructure.ControllerActionInvoker[1]
      Execution plan of exception filters (in the following order): None
dbug: Microsoft.AspNetCore.Mvc.Infrastructure.ControllerActionInvoker[1]
      Execution plan of exception filters (in the following order): None
dbug: Microsoft.AspNetCore.Mvc.Infrastructure.ControllerActionInvoker[1]
      Execution plan of result filters (in the following order): Microsoft.AspNetCore.Mvc.ViewFeatures.Filters.SaveTempDataFilter
dbug: Microsoft.AspNetCore.Mvc.Infrastructure.ControllerActionInvoker[1]
      Execution plan of result filters (in the following order): Microsoft.AspNetCore.Mvc.ViewFeatures.Filters.SaveTempDataFilter
dbug: Microsoft.AspNetCore.Mvc.Infrastructure.ControllerActionInvoker[1]
      Executing controller factory for controller ParcelManagement2.Controllers.ResidentController (ParcelProject)
dbug: Microsoft.AspNetCore.Mvc.Infrastructure.ControllerActionInvoker[1]
      Executing controller factory for controller ParcelManagement2.Controllers.ResidentController (ParcelProject)
dbug: ParcelManagement2.Models.DBConn[0]
      資料庫連線字串已設定
dbug: ParcelManagement2.Models.DBConn[0]
      資料庫連線字串已設定
dbug: Microsoft.AspNetCore.Mvc.Infrastructure.ControllerActionInvoker[2]
      Executed controller factory for controller ParcelManagement2.Controllers.ResidentController (ParcelProject)
dbug: Microsoft.AspNetCore.Mvc.Infrastructure.ControllerActionInvoker[2]
      Executed controller factory for controller ParcelManagement2.Controllers.ResidentController (ParcelProject)
dbug: Microsoft.AspNetCore.Session.DistributedSession[4]
      Session loaded; Key:f3a42b75-d459-1344-3c37-ff3073c71b14, Id:be5fffd8-37ca-330c-7652-55aaec6333fb, Count:1
dbug: Microsoft.AspNetCore.Session.DistributedSession[4]
      Session loaded; Key:f3a42b75-d459-1344-3c37-ff3073c71b14, Id:be5fffd8-37ca-330c-7652-55aaec6333fb, Count:1
dbug: ParcelManagement2.Models.DBConn[0]
      查詢成功，返回 6 行數據
info: Microsoft.AspNetCore.Mvc.Infrastructure.ContentResultExecutor[1]
      Executing ContentResult with HTTP Response ContentType of application/json
dbug: ParcelManagement2.Models.DBConn[0]
      查詢成功，返回 2 行數據
info: Microsoft.AspNetCore.Mvc.Infrastructure.ControllerActionInvoker[105]
      Executed action ParcelManagement2.Controllers.ResidentController.GetAllPackages (ParcelProject) in 54.9437ms
info: Microsoft.AspNetCore.Routing.EndpointMiddleware[1]
      Executed endpoint 'ParcelManagement2.Controllers.ResidentController.GetAllPackages (ParcelProject)'
info: Microsoft.AspNetCore.Mvc.Infrastructure.ContentResultExecutor[1]
      Executing ContentResult with HTTP Response ContentType of application/json
info: Microsoft.AspNetCore.Hosting.Diagnostics[2]
      Request finished HTTP/2 POST https://localhost:44353/Resident/GetAllPackages - 200 1499 application/json 123.5507ms
dbug: Microsoft.AspNetCore.Server.IIS.Core.IISHttpServer[1]
      Connection ID "18302628937978609755" disconnecting.
info: Microsoft.AspNetCore.Mvc.Infrastructure.ControllerActionInvoker[105]
      Executed action ParcelManagement2.Controllers.ResidentController.GetCollectedHistory (ParcelProject) in 84.3705ms
info: Microsoft.AspNetCore.Routing.EndpointMiddleware[1]
      Executed endpoint 'ParcelManagement2.Controllers.ResidentController.GetCollectedHistory (ParcelProject)'
info: Microsoft.AspNetCore.Hosting.Diagnostics[2]
      Request finished HTTP/2 POST https://localhost:44353/Resident/GetCollectedHistory - 200 475 application/json 131.9474ms
dbug: Microsoft.AspNetCore.Server.IIS.Core.IISHttpServer[1]
      Connection ID "18374686532016537757" disconnecting.
dbug: Microsoft.Extensions.Http.DefaultHttpClientFactory[100]
      Starting HttpMessageHandler cleanup cycle with 2 items
dbug: Microsoft.Extensions.Http.DefaultHttpClientFactory[101]
      Ending HttpMessageHandler cleanup cycle after 0.002ms - processed: 0 items - remaining: 2 items
dbug: Microsoft.Extensions.Http.DefaultHttpClientFactory[100]
      Starting HttpMessageHandler cleanup cycle with 2 items
dbug: Microsoft.Extensions.Http.DefaultHttpClientFactory[101]
      Ending HttpMessageHandler cleanup cycle after 0.0037ms - processed: 0 items - remaining: 2 items
dbug: Microsoft.Extensions.Http.DefaultHttpClientFactory[100]
      Starting HttpMessageHandler cleanup cycle with 2 items
dbug: Microsoft.Extensions.Http.DefaultHttpClientFactory[101]
      Ending HttpMessageHandler cleanup cycle after 0.0026ms - processed: 0 items - remaining: 2 items
dbug: Microsoft.Extensions.Http.DefaultHttpClientFactory[100]
      Starting HttpMessageHandler cleanup cycle with 2 items
dbug: Microsoft.Extensions.Http.DefaultHttpClientFactory[101]
      Ending HttpMessageHandler cleanup cycle after 0.0054ms - processed: 0 items - remaining: 2 items
dbug: Microsoft.Extensions.Http.DefaultHttpClientFactory[100]
      Starting HttpMessageHandler cleanup cycle with 2 items
dbug: Microsoft.Extensions.Http.DefaultHttpClientFactory[101]
      Ending HttpMessageHandler cleanup cycle after 0.0016ms - processed: 0 items - remaining: 2 items
dbug: Microsoft.Extensions.Http.DefaultHttpClientFactory[100]
      Starting HttpMessageHandler cleanup cycle with 2 items
dbug: Microsoft.Extensions.Http.DefaultHttpClientFactory[101]
      Ending HttpMessageHandler cleanup cycle after 0.0026ms - processed: 0 items - remaining: 2 items
dbug: Microsoft.Extensions.Http.DefaultHttpClientFactory[100]
      Starting HttpMessageHandler cleanup cycle with 2 items
dbug: Microsoft.Extensions.Http.DefaultHttpClientFactory[101]
      Ending HttpMessageHandler cleanup cycle after 0.0031ms - processed: 0 items - remaining: 2 items
dbug: Microsoft.Extensions.Http.DefaultHttpClientFactory[100]
      Starting HttpMessageHandler cleanup cycle with 2 items
dbug: Microsoft.Extensions.Http.DefaultHttpClientFactory[101]
      Ending HttpMessageHandler cleanup cycle after 0.0064ms - processed: 0 items - remaining: 2 items
dbug: Microsoft.Extensions.Http.DefaultHttpClientFactory[100]
      Starting HttpMessageHandler cleanup cycle with 2 items
dbug: Microsoft.Extensions.Http.DefaultHttpClientFactory[101]
      Ending HttpMessageHandler cleanup cycle after 0.004ms - processed: 0 items - remaining: 2 items
dbug: Microsoft.Extensions.Http.DefaultHttpClientFactory[100]
      Starting HttpMessageHandler cleanup cycle with 2 items
dbug: Microsoft.Extensions.Http.DefaultHttpClientFactory[101]
      Ending HttpMessageHandler cleanup cycle after 0.1521ms - processed: 2 items - remaining: 0 items
info: Microsoft.AspNetCore.Hosting.Diagnostics[1]
      Request starting HTTP/2 GET https://localhost:44353/Resident/MyPackages - - -
dbug: Microsoft.AspNetCore.StaticFiles.StaticFileMiddleware[4]
      The request path /Resident/MyPackages does not match a supported file type
dbug: Microsoft.AspNetCore.Routing.Matching.DfaMatcher[1001]
      1 candidate(s) found for the request path '/Resident/MyPackages'
dbug: Microsoft.AspNetCore.Routing.Matching.DfaMatcher[1005]
      Endpoint 'ParcelManagement2.Controllers.ResidentController.MyPackages (ParcelProject)' with route pattern '{controller=Account}/{action=Login}/{id?}' is valid for the request path '/Resident/MyPackages'
dbug: Microsoft.AspNetCore.Routing.EndpointRoutingMiddleware[1]
      Request matched endpoint 'ParcelManagement2.Controllers.ResidentController.MyPackages (ParcelProject)'
dbug: Microsoft.AspNetCore.Authentication.Cookies.CookieAuthenticationHandler[8]
      AuthenticationScheme: Cookies was successfully authenticated.
dbug: Microsoft.AspNetCore.Authorization.DefaultAuthorizationService[1]
      Authorization was successful.
info: Microsoft.AspNetCore.Routing.EndpointMiddleware[0]
      Executing endpoint 'ParcelManagement2.Controllers.ResidentController.MyPackages (ParcelProject)'
info: Microsoft.AspNetCore.Mvc.Infrastructure.ControllerActionInvoker[102]
      Route matched with {action = "MyPackages", controller = "Resident"}. Executing controller action with signature Microsoft.AspNetCore.Mvc.IActionResult MyPackages() on controller ParcelManagement2.Controllers.ResidentController (ParcelProject).
dbug: Microsoft.AspNetCore.Mvc.Infrastructure.ControllerActionInvoker[1]
      Execution plan of authorization filters (in the following order): None
dbug: Microsoft.AspNetCore.Mvc.Infrastructure.ControllerActionInvoker[1]
      Execution plan of resource filters (in the following order): Microsoft.AspNetCore.Mvc.ViewFeatures.Filters.SaveTempDataFilter
dbug: Microsoft.AspNetCore.Mvc.Infrastructure.ControllerActionInvoker[1]
      Execution plan of action filters (in the following order): Microsoft.AspNetCore.Mvc.Filters.ControllerActionFilter (Order: -2147483648), Microsoft.AspNetCore.Mvc.ModelBinding.UnsupportedContentTypeFilter (Order: -3000)
dbug: Microsoft.AspNetCore.Mvc.Infrastructure.ControllerActionInvoker[1]
      Execution plan of exception filters (in the following order): None
dbug: Microsoft.AspNetCore.Mvc.Infrastructure.ControllerActionInvoker[1]
      Execution plan of result filters (in the following order): Microsoft.AspNetCore.Mvc.ViewFeatures.Filters.SaveTempDataFilter
dbug: Microsoft.AspNetCore.Mvc.Infrastructure.ControllerActionInvoker[1]
      Executing controller factory for controller ParcelManagement2.Controllers.ResidentController (ParcelProject)
dbug: ParcelManagement2.Models.DBConn[0]
      資料庫連線字串已設定
dbug: Microsoft.AspNetCore.Mvc.Infrastructure.ControllerActionInvoker[2]
      Executed controller factory for controller ParcelManagement2.Controllers.ResidentController (ParcelProject)
dbug: ParcelManagement2.Models.DBConn[0]
      查詢成功，返回 2 行數據
dbug: Microsoft.AspNetCore.Session.DistributedSession[4]
      Session loaded; Key:f3a42b75-d459-1344-3c37-ff3073c71b14, Id:be5fffd8-37ca-330c-7652-55aaec6333fb, Count:1
dbug: Microsoft.AspNetCore.Mvc.Razor.RazorViewEngine[1]
      View lookup cache miss for view 'MyPackages' in controller 'Resident'.
dbug: Microsoft.AspNetCore.Mvc.Razor.Compilation.DefaultViewCompiler[3]
      Initializing Razor view compiler with compiled view: '/Views/Account/AccessDenied.cshtml'.
dbug: Microsoft.AspNetCore.Mvc.Razor.Compilation.DefaultViewCompiler[3]
      Initializing Razor view compiler with compiled view: '/Views/Account/Login.cshtml'.
dbug: Microsoft.AspNetCore.Mvc.Razor.Compilation.DefaultViewCompiler[3]
      Initializing Razor view compiler with compiled view: '/Views/Home/Index.cshtml'.
dbug: Microsoft.AspNetCore.Mvc.Razor.Compilation.DefaultViewCompiler[3]
      Initializing Razor view compiler with compiled view: '/Views/Home/Index_back.cshtml'.
dbug: Microsoft.AspNetCore.Mvc.Razor.Compilation.DefaultViewCompiler[3]
      Initializing Razor view compiler with compiled view: '/Views/Home/Packages.cshtml'.
dbug: Microsoft.AspNetCore.Mvc.Razor.Compilation.DefaultViewCompiler[3]
      Initializing Razor view compiler with compiled view: '/Views/Home/Privacy.cshtml'.
dbug: Microsoft.AspNetCore.Mvc.Razor.Compilation.DefaultViewCompiler[3]
      Initializing Razor view compiler with compiled view: '/Views/Resident/Edit.cshtml'.
dbug: Microsoft.AspNetCore.Mvc.Razor.Compilation.DefaultViewCompiler[3]
      Initializing Razor view compiler with compiled view: '/Views/Resident/Home.cshtml'.
dbug: Microsoft.AspNetCore.Mvc.Razor.Compilation.DefaultViewCompiler[3]
      Initializing Razor view compiler with compiled view: '/Views/Resident/MyPackages.cshtml'.
dbug: Microsoft.AspNetCore.Mvc.Razor.Compilation.DefaultViewCompiler[3]
      Initializing Razor view compiler with compiled view: '/Views/Resident/PackagePhoto.cshtml'.
dbug: Microsoft.AspNetCore.Mvc.Razor.Compilation.DefaultViewCompiler[3]
      Initializing Razor view compiler with compiled view: '/Views/Shared/Error.cshtml'.
dbug: Microsoft.AspNetCore.Mvc.Razor.Compilation.DefaultViewCompiler[3]
      Initializing Razor view compiler with compiled view: '/Views/Shared/_AdminLayout.cshtml'.
dbug: Microsoft.AspNetCore.Mvc.Razor.Compilation.DefaultViewCompiler[3]
      Initializing Razor view compiler with compiled view: '/Views/Shared/_Layout.cshtml'.
dbug: Microsoft.AspNetCore.Mvc.Razor.Compilation.DefaultViewCompiler[3]
      Initializing Razor view compiler with compiled view: '/Views/Shared/_ResidentLayout.cshtml'.
dbug: Microsoft.AspNetCore.Mvc.Razor.Compilation.DefaultViewCompiler[3]
      Initializing Razor view compiler with compiled view: '/Views/Shared/_ValidationScriptsPartial.cshtml'.
dbug: Microsoft.AspNetCore.Mvc.Razor.Compilation.DefaultViewCompiler[3]
      Initializing Razor view compiler with compiled view: '/Views/_ViewImports.cshtml'.
dbug: Microsoft.AspNetCore.Mvc.Razor.Compilation.DefaultViewCompiler[3]
      Initializing Razor view compiler with compiled view: '/Views/_ViewStart.cshtml'.
dbug: Microsoft.AspNetCore.Mvc.Razor.Compilation.DefaultViewCompiler[3]
      Initializing Razor view compiler with compiled view: '/Views/Shared/_Layout_back.cshtml'.
info: Microsoft.AspNetCore.Mvc.ViewFeatures.ViewResultExecutor[1]
      Executing ViewResult, running view MyPackages.
dbug: Microsoft.AspNetCore.Mvc.ViewFeatures.ViewResultExecutor[2]
      The view path '/Views/Resident/MyPackages.cshtml' was found in 22.7181ms.
dbug: Microsoft.AspNetCore.Antiforgery.DefaultAntiforgery[6]
      An antiforgery cookie token was reused.
dbug: Microsoft.WebTools.BrowserLink.Net.BrowserLinkMiddleware[1]
      Response markup is scheduled to include Browser Link script injection.
dbug: Microsoft.AspNetCore.Watch.BrowserRefresh.BrowserRefreshMiddleware[1]
      Response markup is scheduled to include browser refresh script injection.
info: Microsoft.AspNetCore.Mvc.ViewFeatures.ViewResultExecutor[4]
      Executed ViewResult - view MyPackages executed in 33.8798ms.
info: Microsoft.AspNetCore.Mvc.Infrastructure.ControllerActionInvoker[105]
      Executed action ParcelManagement2.Controllers.ResidentController.MyPackages (ParcelProject) in 83.8879ms
info: Microsoft.AspNetCore.Routing.EndpointMiddleware[1]
      Executed endpoint 'ParcelManagement2.Controllers.ResidentController.MyPackages (ParcelProject)'
dbug: Microsoft.WebTools.BrowserLink.Net.BrowserLinkMiddleware[2]
      Response markup was updated to include Browser Link script injection.
dbug: Microsoft.AspNetCore.Watch.BrowserRefresh.BrowserRefreshMiddleware[2]
      Response markup was updated to include browser refresh script injection.
dbug: Microsoft.AspNetCore.Server.IIS.Core.IISHttpServer[1]
      Connection ID "18158513698363146462" disconnecting.
info: Microsoft.AspNetCore.Hosting.Diagnostics[2]
      Request finished HTTP/2 GET https://localhost:44353/Resident/MyPackages - 200 - text/html;+charset=utf-8 110.8295ms
info: Microsoft.AspNetCore.Hosting.Diagnostics[1]
      Request starting HTTP/2 GET https://localhost:44353/_vs/browserLink - - -
info: Microsoft.AspNetCore.Hosting.Diagnostics[1]
      Request starting HTTP/2 GET https://localhost:44353/_framework/aspnetcore-browser-refresh.js - - -
dbug: Microsoft.AspNetCore.Watch.BrowserRefresh.BrowserScriptMiddleware[0]
      Script injected: /_framework/aspnetcore-browser-refresh.js
info: Microsoft.AspNetCore.Hosting.Diagnostics[2]
      Request finished HTTP/2 GET https://localhost:44353/_framework/aspnetcore-browser-refresh.js - 200 16511 application/javascript;+charset=utf-8 4.8052ms
dbug: Microsoft.AspNetCore.Server.IIS.Core.IISHttpServer[1]
      Connection ID "18302628963748413469" disconnecting.
dbug: Microsoft.AspNetCore.Server.IIS.Core.IISHttpServer[1]
      Connection ID "18374686557786341438" disconnecting.
info: Microsoft.AspNetCore.Hosting.Diagnostics[2]
      Request finished HTTP/2 GET https://localhost:44353/_vs/browserLink - 200 - text/javascript;+charset=UTF-8 15.2801ms
info: Microsoft.AspNetCore.Hosting.Diagnostics[1]
      Request starting HTTP/2 POST https://localhost:44353/Resident/GetCollectedHistory - - 0
info: Microsoft.AspNetCore.Hosting.Diagnostics[1]
      Request starting HTTP/2 POST https://localhost:44353/Resident/GetAllPackages - - 0
dbug: Microsoft.AspNetCore.StaticFiles.StaticFileMiddleware[1]
      POST requests are not supported
dbug: Microsoft.AspNetCore.StaticFiles.StaticFileMiddleware[1]
      POST requests are not supported
dbug: Microsoft.AspNetCore.Routing.Matching.DfaMatcher[1001]
      1 candidate(s) found for the request path '/Resident/GetAllPackages'
dbug: Microsoft.AspNetCore.Routing.Matching.DfaMatcher[1001]
      1 candidate(s) found for the request path '/Resident/GetCollectedHistory'
dbug: Microsoft.AspNetCore.Routing.Matching.DfaMatcher[1005]
      Endpoint 'ParcelManagement2.Controllers.ResidentController.GetCollectedHistory (ParcelProject)' with route pattern '{controller=Account}/{action=Login}/{id?}' is valid for the request path '/Resident/GetCollectedHistory'
dbug: Microsoft.AspNetCore.Routing.Matching.DfaMatcher[1005]
      Endpoint 'ParcelManagement2.Controllers.ResidentController.GetAllPackages (ParcelProject)' with route pattern '{controller=Account}/{action=Login}/{id?}' is valid for the request path '/Resident/GetAllPackages'
dbug: Microsoft.AspNetCore.Routing.EndpointRoutingMiddleware[1]
      Request matched endpoint 'ParcelManagement2.Controllers.ResidentController.GetCollectedHistory (ParcelProject)'
dbug: Microsoft.AspNetCore.Routing.EndpointRoutingMiddleware[1]
      Request matched endpoint 'ParcelManagement2.Controllers.ResidentController.GetAllPackages (ParcelProject)'
dbug: Microsoft.AspNetCore.Authentication.Cookies.CookieAuthenticationHandler[8]
      AuthenticationScheme: Cookies was successfully authenticated.
dbug: Microsoft.AspNetCore.Authentication.Cookies.CookieAuthenticationHandler[8]
      AuthenticationScheme: Cookies was successfully authenticated.
dbug: Microsoft.AspNetCore.Authorization.DefaultAuthorizationService[1]
      Authorization was successful.
dbug: Microsoft.AspNetCore.Authorization.DefaultAuthorizationService[1]
      Authorization was successful.
info: Microsoft.AspNetCore.Routing.EndpointMiddleware[0]
      Executing endpoint 'ParcelManagement2.Controllers.ResidentController.GetCollectedHistory (ParcelProject)'
info: Microsoft.AspNetCore.Routing.EndpointMiddleware[0]
      Executing endpoint 'ParcelManagement2.Controllers.ResidentController.GetAllPackages (ParcelProject)'
info: Microsoft.AspNetCore.Mvc.Infrastructure.ControllerActionInvoker[102]
      Route matched with {action = "GetCollectedHistory", controller = "Resident"}. Executing controller action with signature Microsoft.AspNetCore.Mvc.IActionResult GetCollectedHistory() on controller ParcelManagement2.Controllers.ResidentController (ParcelProject).
info: Microsoft.AspNetCore.Mvc.Infrastructure.ControllerActionInvoker[102]
      Route matched with {action = "GetAllPackages", controller = "Resident"}. Executing controller action with signature Microsoft.AspNetCore.Mvc.IActionResult GetAllPackages() on controller ParcelManagement2.Controllers.ResidentController (ParcelProject).
dbug: Microsoft.AspNetCore.Mvc.Infrastructure.ControllerActionInvoker[1]
      Execution plan of authorization filters (in the following order): None
dbug: Microsoft.AspNetCore.Mvc.Infrastructure.ControllerActionInvoker[1]
      Execution plan of authorization filters (in the following order): None
dbug: Microsoft.AspNetCore.Mvc.Infrastructure.ControllerActionInvoker[1]
      Execution plan of resource filters (in the following order): Microsoft.AspNetCore.Mvc.ViewFeatures.Filters.SaveTempDataFilter
dbug: Microsoft.AspNetCore.Mvc.Infrastructure.ControllerActionInvoker[1]
      Execution plan of resource filters (in the following order): Microsoft.AspNetCore.Mvc.ViewFeatures.Filters.SaveTempDataFilter
dbug: Microsoft.AspNetCore.Mvc.Infrastructure.ControllerActionInvoker[1]
      Execution plan of action filters (in the following order): Microsoft.AspNetCore.Mvc.Filters.ControllerActionFilter (Order: -2147483648), Microsoft.AspNetCore.Mvc.ModelBinding.UnsupportedContentTypeFilter (Order: -3000)
dbug: Microsoft.AspNetCore.Mvc.Infrastructure.ControllerActionInvoker[1]
      Execution plan of action filters (in the following order): Microsoft.AspNetCore.Mvc.Filters.ControllerActionFilter (Order: -2147483648), Microsoft.AspNetCore.Mvc.ModelBinding.UnsupportedContentTypeFilter (Order: -3000)
dbug: Microsoft.AspNetCore.Mvc.Infrastructure.ControllerActionInvoker[1]
      Execution plan of exception filters (in the following order): None
dbug: Microsoft.AspNetCore.Mvc.Infrastructure.ControllerActionInvoker[1]
      Execution plan of exception filters (in the following order): None
dbug: Microsoft.AspNetCore.Mvc.Infrastructure.ControllerActionInvoker[1]
      Execution plan of result filters (in the following order): Microsoft.AspNetCore.Mvc.ViewFeatures.Filters.SaveTempDataFilter
dbug: Microsoft.AspNetCore.Mvc.Infrastructure.ControllerActionInvoker[1]
      Execution plan of result filters (in the following order): Microsoft.AspNetCore.Mvc.ViewFeatures.Filters.SaveTempDataFilter
dbug: Microsoft.AspNetCore.Mvc.Infrastructure.ControllerActionInvoker[1]
      Executing controller factory for controller ParcelManagement2.Controllers.ResidentController (ParcelProject)
dbug: Microsoft.AspNetCore.Mvc.Infrastructure.ControllerActionInvoker[1]
      Executing controller factory for controller ParcelManagement2.Controllers.ResidentController (ParcelProject)
dbug: ParcelManagement2.Models.DBConn[0]
      資料庫連線字串已設定
dbug: ParcelManagement2.Models.DBConn[0]
      資料庫連線字串已設定
dbug: Microsoft.AspNetCore.Mvc.Infrastructure.ControllerActionInvoker[2]
      Executed controller factory for controller ParcelManagement2.Controllers.ResidentController (ParcelProject)
dbug: Microsoft.AspNetCore.Mvc.Infrastructure.ControllerActionInvoker[2]
      Executed controller factory for controller ParcelManagement2.Controllers.ResidentController (ParcelProject)
dbug: Microsoft.AspNetCore.Session.DistributedSession[4]
      Session loaded; Key:f3a42b75-d459-1344-3c37-ff3073c71b14, Id:be5fffd8-37ca-330c-7652-55aaec6333fb, Count:1
dbug: Microsoft.AspNetCore.Session.DistributedSession[4]
      Session loaded; Key:f3a42b75-d459-1344-3c37-ff3073c71b14, Id:be5fffd8-37ca-330c-7652-55aaec6333fb, Count:1
dbug: ParcelManagement2.Models.DBConn[0]
      查詢成功，返回 6 行數據
dbug: ParcelManagement2.Models.DBConn[0]
      查詢成功，返回 2 行數據
info: Microsoft.AspNetCore.Mvc.Infrastructure.ContentResultExecutor[1]
      Executing ContentResult with HTTP Response ContentType of application/json
info: Microsoft.AspNetCore.Mvc.Infrastructure.ControllerActionInvoker[105]
      Executed action ParcelManagement2.Controllers.ResidentController.GetAllPackages (ParcelProject) in 56.962ms
info: Microsoft.AspNetCore.Mvc.Infrastructure.ContentResultExecutor[1]
      Executing ContentResult with HTTP Response ContentType of application/json
info: Microsoft.AspNetCore.Routing.EndpointMiddleware[1]
      Executed endpoint 'ParcelManagement2.Controllers.ResidentController.GetAllPackages (ParcelProject)'
info: Microsoft.AspNetCore.Mvc.Infrastructure.ControllerActionInvoker[105]
      Executed action ParcelManagement2.Controllers.ResidentController.GetCollectedHistory (ParcelProject) in 61.7866ms
info: Microsoft.AspNetCore.Hosting.Diagnostics[2]
      Request finished HTTP/2 POST https://localhost:44353/Resident/GetAllPackages - 200 1499 application/json 106.0316ms
dbug: Microsoft.AspNetCore.Server.IIS.Core.IISHttpServer[1]
      Connection ID "18302628895028936868" disconnecting.
info: Microsoft.AspNetCore.Routing.EndpointMiddleware[1]
      Executed endpoint 'ParcelManagement2.Controllers.ResidentController.GetCollectedHistory (ParcelProject)'
info: Microsoft.AspNetCore.Hosting.Diagnostics[2]
      Request finished HTTP/2 POST https://localhost:44353/Resident/GetCollectedHistory - 200 475 application/json 110.8232ms
dbug: Microsoft.AspNetCore.Server.IIS.Core.IISHttpServer[1]
      Connection ID "18374686489066864799" disconnecting.
info: Microsoft.AspNetCore.Hosting.Diagnostics[1]
      Request starting HTTP/2 GET https://localhost:44353/Resident/MyPackages - - -
dbug: Microsoft.AspNetCore.StaticFiles.StaticFileMiddleware[4]
      The request path /Resident/MyPackages does not match a supported file type
dbug: Microsoft.AspNetCore.Routing.Matching.DfaMatcher[1001]
      1 candidate(s) found for the request path '/Resident/MyPackages'
dbug: Microsoft.AspNetCore.Routing.Matching.DfaMatcher[1005]
      Endpoint 'ParcelManagement2.Controllers.ResidentController.MyPackages (ParcelProject)' with route pattern '{controller=Account}/{action=Login}/{id?}' is valid for the request path '/Resident/MyPackages'
dbug: Microsoft.AspNetCore.Routing.EndpointRoutingMiddleware[1]
      Request matched endpoint 'ParcelManagement2.Controllers.ResidentController.MyPackages (ParcelProject)'
dbug: Microsoft.AspNetCore.Authentication.Cookies.CookieAuthenticationHandler[8]
      AuthenticationScheme: Cookies was successfully authenticated.
dbug: Microsoft.AspNetCore.Authorization.DefaultAuthorizationService[1]
      Authorization was successful.
info: Microsoft.AspNetCore.Routing.EndpointMiddleware[0]
      Executing endpoint 'ParcelManagement2.Controllers.ResidentController.MyPackages (ParcelProject)'
info: Microsoft.AspNetCore.Mvc.Infrastructure.ControllerActionInvoker[102]
      Route matched with {action = "MyPackages", controller = "Resident"}. Executing controller action with signature Microsoft.AspNetCore.Mvc.IActionResult MyPackages() on controller ParcelManagement2.Controllers.ResidentController (ParcelProject).
dbug: Microsoft.AspNetCore.Mvc.Infrastructure.ControllerActionInvoker[1]
      Execution plan of authorization filters (in the following order): None
dbug: Microsoft.AspNetCore.Mvc.Infrastructure.ControllerActionInvoker[1]
      Execution plan of resource filters (in the following order): Microsoft.AspNetCore.Mvc.ViewFeatures.Filters.SaveTempDataFilter
dbug: Microsoft.AspNetCore.Mvc.Infrastructure.ControllerActionInvoker[1]
      Execution plan of action filters (in the following order): Microsoft.AspNetCore.Mvc.Filters.ControllerActionFilter (Order: -2147483648), Microsoft.AspNetCore.Mvc.ModelBinding.UnsupportedContentTypeFilter (Order: -3000)
dbug: Microsoft.AspNetCore.Mvc.Infrastructure.ControllerActionInvoker[1]
      Execution plan of exception filters (in the following order): None
dbug: Microsoft.AspNetCore.Mvc.Infrastructure.ControllerActionInvoker[1]
      Execution plan of result filters (in the following order): Microsoft.AspNetCore.Mvc.ViewFeatures.Filters.SaveTempDataFilter
dbug: Microsoft.AspNetCore.Mvc.Infrastructure.ControllerActionInvoker[1]
      Executing controller factory for controller ParcelManagement2.Controllers.ResidentController (ParcelProject)
dbug: ParcelManagement2.Models.DBConn[0]
      資料庫連線字串已設定
dbug: Microsoft.AspNetCore.Mvc.Infrastructure.ControllerActionInvoker[2]
      Executed controller factory for controller ParcelManagement2.Controllers.ResidentController (ParcelProject)
dbug: ParcelManagement2.Models.DBConn[0]
      查詢成功，返回 2 行數據
dbug: Microsoft.AspNetCore.Session.DistributedSession[4]
      Session loaded; Key:f3a42b75-d459-1344-3c37-ff3073c71b14, Id:be5fffd8-37ca-330c-7652-55aaec6333fb, Count:1
dbug: Microsoft.AspNetCore.Mvc.Razor.RazorViewEngine[1]
      View lookup cache miss for view 'MyPackages' in controller 'Resident'.
dbug: Microsoft.AspNetCore.Mvc.Razor.Compilation.DefaultViewCompiler[3]
      Initializing Razor view compiler with compiled view: '/Views/Account/AccessDenied.cshtml'.
dbug: Microsoft.AspNetCore.Mvc.Razor.Compilation.DefaultViewCompiler[3]
      Initializing Razor view compiler with compiled view: '/Views/Account/Login.cshtml'.
dbug: Microsoft.AspNetCore.Mvc.Razor.Compilation.DefaultViewCompiler[3]
      Initializing Razor view compiler with compiled view: '/Views/Home/Index.cshtml'.
dbug: Microsoft.AspNetCore.Mvc.Razor.Compilation.DefaultViewCompiler[3]
      Initializing Razor view compiler with compiled view: '/Views/Home/Index_back.cshtml'.
dbug: Microsoft.AspNetCore.Mvc.Razor.Compilation.DefaultViewCompiler[3]
      Initializing Razor view compiler with compiled view: '/Views/Home/Packages.cshtml'.
dbug: Microsoft.AspNetCore.Mvc.Razor.Compilation.DefaultViewCompiler[3]
      Initializing Razor view compiler with compiled view: '/Views/Home/Privacy.cshtml'.
dbug: Microsoft.AspNetCore.Mvc.Razor.Compilation.DefaultViewCompiler[3]
      Initializing Razor view compiler with compiled view: '/Views/Resident/Edit.cshtml'.
dbug: Microsoft.AspNetCore.Mvc.Razor.Compilation.DefaultViewCompiler[3]
      Initializing Razor view compiler with compiled view: '/Views/Resident/Home.cshtml'.
dbug: Microsoft.AspNetCore.Mvc.Razor.Compilation.DefaultViewCompiler[3]
      Initializing Razor view compiler with compiled view: '/Views/Resident/MyPackages.cshtml'.
dbug: Microsoft.AspNetCore.Mvc.Razor.Compilation.DefaultViewCompiler[3]
      Initializing Razor view compiler with compiled view: '/Views/Resident/PackagePhoto.cshtml'.
dbug: Microsoft.AspNetCore.Mvc.Razor.Compilation.DefaultViewCompiler[3]
      Initializing Razor view compiler with compiled view: '/Views/Shared/Error.cshtml'.
dbug: Microsoft.AspNetCore.Mvc.Razor.Compilation.DefaultViewCompiler[3]
      Initializing Razor view compiler with compiled view: '/Views/Shared/_AdminLayout.cshtml'.
dbug: Microsoft.AspNetCore.Mvc.Razor.Compilation.DefaultViewCompiler[3]
      Initializing Razor view compiler with compiled view: '/Views/Shared/_Layout.cshtml'.
dbug: Microsoft.AspNetCore.Mvc.Razor.Compilation.DefaultViewCompiler[3]
      Initializing Razor view compiler with compiled view: '/Views/Shared/_ResidentLayout.cshtml'.
dbug: Microsoft.AspNetCore.Mvc.Razor.Compilation.DefaultViewCompiler[3]
      Initializing Razor view compiler with compiled view: '/Views/Shared/_ValidationScriptsPartial.cshtml'.
dbug: Microsoft.AspNetCore.Mvc.Razor.Compilation.DefaultViewCompiler[3]
      Initializing Razor view compiler with compiled view: '/Views/_ViewImports.cshtml'.
dbug: Microsoft.AspNetCore.Mvc.Razor.Compilation.DefaultViewCompiler[3]
      Initializing Razor view compiler with compiled view: '/Views/_ViewStart.cshtml'.
dbug: Microsoft.AspNetCore.Mvc.Razor.Compilation.DefaultViewCompiler[3]
      Initializing Razor view compiler with compiled view: '/Views/Shared/_Layout_back.cshtml'.
info: Microsoft.AspNetCore.Mvc.ViewFeatures.ViewResultExecutor[1]
      Executing ViewResult, running view MyPackages.
dbug: Microsoft.AspNetCore.Mvc.ViewFeatures.ViewResultExecutor[2]
      The view path '/Views/Resident/MyPackages.cshtml' was found in 23.5415ms.
dbug: Microsoft.AspNetCore.Antiforgery.DefaultAntiforgery[6]
      An antiforgery cookie token was reused.
dbug: Microsoft.WebTools.BrowserLink.Net.BrowserLinkMiddleware[1]
      Response markup is scheduled to include Browser Link script injection.
dbug: Microsoft.AspNetCore.Watch.BrowserRefresh.BrowserRefreshMiddleware[1]
      Response markup is scheduled to include browser refresh script injection.
info: Microsoft.AspNetCore.Mvc.ViewFeatures.ViewResultExecutor[4]
      Executed ViewResult - view MyPackages executed in 34.4534ms.
info: Microsoft.AspNetCore.Mvc.Infrastructure.ControllerActionInvoker[105]
      Executed action ParcelManagement2.Controllers.ResidentController.MyPackages (ParcelProject) in 76.287ms
info: Microsoft.AspNetCore.Routing.EndpointMiddleware[1]
      Executed endpoint 'ParcelManagement2.Controllers.ResidentController.MyPackages (ParcelProject)'
dbug: Microsoft.WebTools.BrowserLink.Net.BrowserLinkMiddleware[2]
      Response markup was updated to include Browser Link script injection.
dbug: Microsoft.AspNetCore.Watch.BrowserRefresh.BrowserRefreshMiddleware[2]
      Response markup was updated to include browser refresh script injection.
dbug: Microsoft.AspNetCore.Server.IIS.Core.IISHttpServer[1]
      Connection ID "18014398510287290464" disconnecting.
info: Microsoft.AspNetCore.Hosting.Diagnostics[2]
      Request finished HTTP/2 GET https://localhost:44353/Resident/MyPackages - 200 - text/html;+charset=utf-8 101.0314ms
info: Microsoft.AspNetCore.Hosting.Diagnostics[1]
      Request starting HTTP/2 POST https://localhost:44353/Resident/GetAllPackages - - 0
info: Microsoft.AspNetCore.Hosting.Diagnostics[1]
      Request starting HTTP/2 POST https://localhost:44353/Resident/GetCollectedHistory - - 0
dbug: Microsoft.AspNetCore.StaticFiles.StaticFileMiddleware[1]
      POST requests are not supported
dbug: Microsoft.AspNetCore.StaticFiles.StaticFileMiddleware[1]
      POST requests are not supported
info: Microsoft.AspNetCore.Hosting.Diagnostics[1]
      Request starting HTTP/2 GET https://localhost:44353/_framework/aspnetcore-browser-refresh.js - - -
info: Microsoft.AspNetCore.Hosting.Diagnostics[1]
      Request starting HTTP/2 GET https://localhost:44353/_vs/browserLink - - -
dbug: Microsoft.AspNetCore.Watch.BrowserRefresh.BrowserScriptMiddleware[0]
      Script injected: /_framework/aspnetcore-browser-refresh.js
info: Microsoft.AspNetCore.Hosting.Diagnostics[2]
      Request finished HTTP/2 GET https://localhost:44353/_framework/aspnetcore-browser-refresh.js - 200 16511 application/javascript;+charset=utf-8 7.4518ms
dbug: Microsoft.AspNetCore.Routing.Matching.DfaMatcher[1001]
      1 candidate(s) found for the request path '/Resident/GetAllPackages'
dbug: Microsoft.AspNetCore.Routing.Matching.DfaMatcher[1001]
      1 candidate(s) found for the request path '/Resident/GetCollectedHistory'
dbug: Microsoft.AspNetCore.Server.IIS.Core.IISHttpServer[1]
      Connection ID "18302628916503773228" disconnecting.
dbug: Microsoft.AspNetCore.Routing.Matching.DfaMatcher[1005]
      Endpoint 'ParcelManagement2.Controllers.ResidentController.GetCollectedHistory (ParcelProject)' with route pattern '{controller=Account}/{action=Login}/{id?}' is valid for the request path '/Resident/GetCollectedHistory'
dbug: Microsoft.AspNetCore.Routing.Matching.DfaMatcher[1005]
      Endpoint 'ParcelManagement2.Controllers.ResidentController.GetAllPackages (ParcelProject)' with route pattern '{controller=Account}/{action=Login}/{id?}' is valid for the request path '/Resident/GetAllPackages'
dbug: Microsoft.AspNetCore.Routing.EndpointRoutingMiddleware[1]
      Request matched endpoint 'ParcelManagement2.Controllers.ResidentController.GetCollectedHistory (ParcelProject)'
dbug: Microsoft.AspNetCore.Routing.EndpointRoutingMiddleware[1]
      Request matched endpoint 'ParcelManagement2.Controllers.ResidentController.GetAllPackages (ParcelProject)'
dbug: Microsoft.AspNetCore.Authentication.Cookies.CookieAuthenticationHandler[8]
      AuthenticationScheme: Cookies was successfully authenticated.
dbug: Microsoft.AspNetCore.Authentication.Cookies.CookieAuthenticationHandler[8]
      AuthenticationScheme: Cookies was successfully authenticated.
dbug: Microsoft.AspNetCore.Authorization.DefaultAuthorizationService[1]
      Authorization was successful.
dbug: Microsoft.AspNetCore.Authorization.DefaultAuthorizationService[1]
      Authorization was successful.
info: Microsoft.AspNetCore.Routing.EndpointMiddleware[0]
      Executing endpoint 'ParcelManagement2.Controllers.ResidentController.GetCollectedHistory (ParcelProject)'
info: Microsoft.AspNetCore.Routing.EndpointMiddleware[0]
      Executing endpoint 'ParcelManagement2.Controllers.ResidentController.GetAllPackages (ParcelProject)'
info: Microsoft.AspNetCore.Mvc.Infrastructure.ControllerActionInvoker[102]
      Route matched with {action = "GetCollectedHistory", controller = "Resident"}. Executing controller action with signature Microsoft.AspNetCore.Mvc.IActionResult GetCollectedHistory() on controller ParcelManagement2.Controllers.ResidentController (ParcelProject).
info: Microsoft.AspNetCore.Mvc.Infrastructure.ControllerActionInvoker[102]
      Route matched with {action = "GetAllPackages", controller = "Resident"}. Executing controller action with signature Microsoft.AspNetCore.Mvc.IActionResult GetAllPackages() on controller ParcelManagement2.Controllers.ResidentController (ParcelProject).
dbug: Microsoft.AspNetCore.Mvc.Infrastructure.ControllerActionInvoker[1]
      Execution plan of authorization filters (in the following order): None
dbug: Microsoft.AspNetCore.Mvc.Infrastructure.ControllerActionInvoker[1]
      Execution plan of authorization filters (in the following order): None
dbug: Microsoft.AspNetCore.Mvc.Infrastructure.ControllerActionInvoker[1]
      Execution plan of resource filters (in the following order): Microsoft.AspNetCore.Mvc.ViewFeatures.Filters.SaveTempDataFilter
dbug: Microsoft.AspNetCore.Mvc.Infrastructure.ControllerActionInvoker[1]
      Execution plan of resource filters (in the following order): Microsoft.AspNetCore.Mvc.ViewFeatures.Filters.SaveTempDataFilter
dbug: Microsoft.AspNetCore.Server.IIS.Core.IISHttpServer[1]
      Connection ID "18374686510541701233" disconnecting.
dbug: Microsoft.AspNetCore.Mvc.Infrastructure.ControllerActionInvoker[1]
      Execution plan of action filters (in the following order): Microsoft.AspNetCore.Mvc.Filters.ControllerActionFilter (Order: -2147483648), Microsoft.AspNetCore.Mvc.ModelBinding.UnsupportedContentTypeFilter (Order: -3000)
info: Microsoft.AspNetCore.Hosting.Diagnostics[2]
      Request finished HTTP/2 GET https://localhost:44353/_vs/browserLink - 200 - text/javascript;+charset=UTF-8 41.3626ms
dbug: Microsoft.AspNetCore.Mvc.Infrastructure.ControllerActionInvoker[1]
      Execution plan of action filters (in the following order): Microsoft.AspNetCore.Mvc.Filters.ControllerActionFilter (Order: -2147483648), Microsoft.AspNetCore.Mvc.ModelBinding.UnsupportedContentTypeFilter (Order: -3000)
dbug: Microsoft.AspNetCore.Mvc.Infrastructure.ControllerActionInvoker[1]
      Execution plan of exception filters (in the following order): None
dbug: Microsoft.AspNetCore.Mvc.Infrastructure.ControllerActionInvoker[1]
      Execution plan of exception filters (in the following order): None
dbug: Microsoft.AspNetCore.Mvc.Infrastructure.ControllerActionInvoker[1]
      Execution plan of result filters (in the following order): Microsoft.AspNetCore.Mvc.ViewFeatures.Filters.SaveTempDataFilter
dbug: Microsoft.AspNetCore.Mvc.Infrastructure.ControllerActionInvoker[1]
      Execution plan of result filters (in the following order): Microsoft.AspNetCore.Mvc.ViewFeatures.Filters.SaveTempDataFilter
dbug: Microsoft.AspNetCore.Mvc.Infrastructure.ControllerActionInvoker[1]
      Executing controller factory for controller ParcelManagement2.Controllers.ResidentController (ParcelProject)
dbug: Microsoft.AspNetCore.Mvc.Infrastructure.ControllerActionInvoker[1]
      Executing controller factory for controller ParcelManagement2.Controllers.ResidentController (ParcelProject)
dbug: ParcelManagement2.Models.DBConn[0]
      資料庫連線字串已設定
dbug: ParcelManagement2.Models.DBConn[0]
      資料庫連線字串已設定
dbug: Microsoft.AspNetCore.Mvc.Infrastructure.ControllerActionInvoker[2]
      Executed controller factory for controller ParcelManagement2.Controllers.ResidentController (ParcelProject)
dbug: Microsoft.AspNetCore.Mvc.Infrastructure.ControllerActionInvoker[2]
      Executed controller factory for controller ParcelManagement2.Controllers.ResidentController (ParcelProject)
dbug: Microsoft.AspNetCore.Session.DistributedSession[4]
      Session loaded; Key:f3a42b75-d459-1344-3c37-ff3073c71b14, Id:be5fffd8-37ca-330c-7652-55aaec6333fb, Count:1
dbug: Microsoft.AspNetCore.Session.DistributedSession[4]
      Session loaded; Key:f3a42b75-d459-1344-3c37-ff3073c71b14, Id:be5fffd8-37ca-330c-7652-55aaec6333fb, Count:1
dbug: ParcelManagement2.Models.DBConn[0]
      查詢成功，返回 2 行數據
info: Microsoft.AspNetCore.Mvc.Infrastructure.ContentResultExecutor[1]
      Executing ContentResult with HTTP Response ContentType of application/json
info: Microsoft.AspNetCore.Mvc.Infrastructure.ControllerActionInvoker[105]
      Executed action ParcelManagement2.Controllers.ResidentController.GetCollectedHistory (ParcelProject) in 47.6164ms
info: Microsoft.AspNetCore.Routing.EndpointMiddleware[1]
      Executed endpoint 'ParcelManagement2.Controllers.ResidentController.GetCollectedHistory (ParcelProject)'
dbug: ParcelManagement2.Models.DBConn[0]
      查詢成功，返回 6 行數據
info: Microsoft.AspNetCore.Hosting.Diagnostics[2]
      Request finished HTTP/2 POST https://localhost:44353/Resident/GetCollectedHistory - 200 475 application/json 107.0329ms
dbug: Microsoft.AspNetCore.Server.IIS.Core.IISHttpServer[1]
      Connection ID "18302628903618871548" disconnecting.
info: Microsoft.AspNetCore.Mvc.Infrastructure.ContentResultExecutor[1]
      Executing ContentResult with HTTP Response ContentType of application/json
info: Microsoft.AspNetCore.Mvc.Infrastructure.ControllerActionInvoker[105]
      Executed action ParcelManagement2.Controllers.ResidentController.GetAllPackages (ParcelProject) in 53.8923ms
info: Microsoft.AspNetCore.Routing.EndpointMiddleware[1]
      Executed endpoint 'ParcelManagement2.Controllers.ResidentController.GetAllPackages (ParcelProject)'
info: Microsoft.AspNetCore.Hosting.Diagnostics[2]
      Request finished HTTP/2 POST https://localhost:44353/Resident/GetAllPackages - 200 1499 application/json 115.3143ms
dbug: Microsoft.AspNetCore.Server.IIS.Core.IISHttpServer[1]
      Connection ID "18230571352530616559" disconnecting.
info: Microsoft.AspNetCore.Hosting.Diagnostics[1]
      Request starting HTTP/2 GET https://localhost:44353/Resident/MyPackages - - -
dbug: Microsoft.AspNetCore.StaticFiles.StaticFileMiddleware[4]
      The request path /Resident/MyPackages does not match a supported file type
dbug: Microsoft.AspNetCore.Routing.Matching.DfaMatcher[1001]
      1 candidate(s) found for the request path '/Resident/MyPackages'
dbug: Microsoft.AspNetCore.Routing.Matching.DfaMatcher[1005]
      Endpoint 'ParcelManagement2.Controllers.ResidentController.MyPackages (ParcelProject)' with route pattern '{controller=Account}/{action=Login}/{id?}' is valid for the request path '/Resident/MyPackages'
dbug: Microsoft.AspNetCore.Routing.EndpointRoutingMiddleware[1]
      Request matched endpoint 'ParcelManagement2.Controllers.ResidentController.MyPackages (ParcelProject)'
dbug: Microsoft.AspNetCore.Authentication.Cookies.CookieAuthenticationHandler[8]
      AuthenticationScheme: Cookies was successfully authenticated.
dbug: Microsoft.AspNetCore.Authorization.DefaultAuthorizationService[1]
      Authorization was successful.
info: Microsoft.AspNetCore.Routing.EndpointMiddleware[0]
      Executing endpoint 'ParcelManagement2.Controllers.ResidentController.MyPackages (ParcelProject)'
info: Microsoft.AspNetCore.Mvc.Infrastructure.ControllerActionInvoker[102]
      Route matched with {action = "MyPackages", controller = "Resident"}. Executing controller action with signature Microsoft.AspNetCore.Mvc.IActionResult MyPackages() on controller ParcelManagement2.Controllers.ResidentController (ParcelProject).
dbug: Microsoft.AspNetCore.Mvc.Infrastructure.ControllerActionInvoker[1]
      Execution plan of authorization filters (in the following order): None
dbug: Microsoft.AspNetCore.Mvc.Infrastructure.ControllerActionInvoker[1]
      Execution plan of resource filters (in the following order): Microsoft.AspNetCore.Mvc.ViewFeatures.Filters.SaveTempDataFilter
dbug: Microsoft.AspNetCore.Mvc.Infrastructure.ControllerActionInvoker[1]
      Execution plan of action filters (in the following order): Microsoft.AspNetCore.Mvc.Filters.ControllerActionFilter (Order: -2147483648), Microsoft.AspNetCore.Mvc.ModelBinding.UnsupportedContentTypeFilter (Order: -3000)
dbug: Microsoft.AspNetCore.Mvc.Infrastructure.ControllerActionInvoker[1]
      Execution plan of exception filters (in the following order): None
dbug: Microsoft.AspNetCore.Mvc.Infrastructure.ControllerActionInvoker[1]
      Execution plan of result filters (in the following order): Microsoft.AspNetCore.Mvc.ViewFeatures.Filters.SaveTempDataFilter
dbug: Microsoft.AspNetCore.Mvc.Infrastructure.ControllerActionInvoker[1]
      Executing controller factory for controller ParcelManagement2.Controllers.ResidentController (ParcelProject)
dbug: ParcelManagement2.Models.DBConn[0]
      資料庫連線字串已設定
dbug: Microsoft.AspNetCore.Mvc.Infrastructure.ControllerActionInvoker[2]
      Executed controller factory for controller ParcelManagement2.Controllers.ResidentController (ParcelProject)
dbug: ParcelManagement2.Models.DBConn[0]
      查詢成功，返回 2 行數據
dbug: Microsoft.AspNetCore.Session.DistributedSession[4]
      Session loaded; Key:f3a42b75-d459-1344-3c37-ff3073c71b14, Id:be5fffd8-37ca-330c-7652-55aaec6333fb, Count:1
dbug: Microsoft.AspNetCore.Mvc.Razor.RazorViewEngine[1]
      View lookup cache miss for view 'MyPackages' in controller 'Resident'.
dbug: Microsoft.AspNetCore.Mvc.Razor.Compilation.DefaultViewCompiler[3]
      Initializing Razor view compiler with compiled view: '/Views/Account/AccessDenied.cshtml'.
dbug: Microsoft.AspNetCore.Mvc.Razor.Compilation.DefaultViewCompiler[3]
      Initializing Razor view compiler with compiled view: '/Views/Account/Login.cshtml'.
dbug: Microsoft.AspNetCore.Mvc.Razor.Compilation.DefaultViewCompiler[3]
      Initializing Razor view compiler with compiled view: '/Views/Home/Index.cshtml'.
dbug: Microsoft.AspNetCore.Mvc.Razor.Compilation.DefaultViewCompiler[3]
      Initializing Razor view compiler with compiled view: '/Views/Home/Index_back.cshtml'.
dbug: Microsoft.AspNetCore.Mvc.Razor.Compilation.DefaultViewCompiler[3]
      Initializing Razor view compiler with compiled view: '/Views/Home/Packages.cshtml'.
dbug: Microsoft.AspNetCore.Mvc.Razor.Compilation.DefaultViewCompiler[3]
      Initializing Razor view compiler with compiled view: '/Views/Home/Privacy.cshtml'.
dbug: Microsoft.AspNetCore.Mvc.Razor.Compilation.DefaultViewCompiler[3]
      Initializing Razor view compiler with compiled view: '/Views/Resident/Edit.cshtml'.
dbug: Microsoft.AspNetCore.Mvc.Razor.Compilation.DefaultViewCompiler[3]
      Initializing Razor view compiler with compiled view: '/Views/Resident/Home.cshtml'.
dbug: Microsoft.AspNetCore.Mvc.Razor.Compilation.DefaultViewCompiler[3]
      Initializing Razor view compiler with compiled view: '/Views/Resident/MyPackages.cshtml'.
dbug: Microsoft.AspNetCore.Mvc.Razor.Compilation.DefaultViewCompiler[3]
      Initializing Razor view compiler with compiled view: '/Views/Resident/PackagePhoto.cshtml'.
dbug: Microsoft.AspNetCore.Mvc.Razor.Compilation.DefaultViewCompiler[3]
      Initializing Razor view compiler with compiled view: '/Views/Shared/Error.cshtml'.
dbug: Microsoft.AspNetCore.Mvc.Razor.Compilation.DefaultViewCompiler[3]
      Initializing Razor view compiler with compiled view: '/Views/Shared/_AdminLayout.cshtml'.
dbug: Microsoft.AspNetCore.Mvc.Razor.Compilation.DefaultViewCompiler[3]
      Initializing Razor view compiler with compiled view: '/Views/Shared/_Layout.cshtml'.
dbug: Microsoft.AspNetCore.Mvc.Razor.Compilation.DefaultViewCompiler[3]
      Initializing Razor view compiler with compiled view: '/Views/Shared/_ResidentLayout.cshtml'.
dbug: Microsoft.AspNetCore.Mvc.Razor.Compilation.DefaultViewCompiler[3]
      Initializing Razor view compiler with compiled view: '/Views/Shared/_ValidationScriptsPartial.cshtml'.
dbug: Microsoft.AspNetCore.Mvc.Razor.Compilation.DefaultViewCompiler[3]
      Initializing Razor view compiler with compiled view: '/Views/_ViewImports.cshtml'.
dbug: Microsoft.AspNetCore.Mvc.Razor.Compilation.DefaultViewCompiler[3]
      Initializing Razor view compiler with compiled view: '/Views/_ViewStart.cshtml'.
dbug: Microsoft.AspNetCore.Mvc.Razor.Compilation.DefaultViewCompiler[3]
      Initializing Razor view compiler with compiled view: '/Views/Shared/_Layout_back.cshtml'.
info: Microsoft.AspNetCore.Mvc.ViewFeatures.ViewResultExecutor[1]
      Executing ViewResult, running view MyPackages.
dbug: Microsoft.AspNetCore.Mvc.ViewFeatures.ViewResultExecutor[2]
      The view path '/Views/Resident/MyPackages.cshtml' was found in 24.9985ms.
dbug: Microsoft.AspNetCore.Antiforgery.DefaultAntiforgery[6]
      An antiforgery cookie token was reused.
dbug: Microsoft.WebTools.BrowserLink.Net.BrowserLinkMiddleware[1]
      Response markup is scheduled to include Browser Link script injection.
dbug: Microsoft.AspNetCore.Watch.BrowserRefresh.BrowserRefreshMiddleware[1]
      Response markup is scheduled to include browser refresh script injection.
info: Microsoft.AspNetCore.Mvc.ViewFeatures.ViewResultExecutor[4]
      Executed ViewResult - view MyPackages executed in 37.3333ms.
info: Microsoft.AspNetCore.Mvc.Infrastructure.ControllerActionInvoker[105]
      Executed action ParcelManagement2.Controllers.ResidentController.MyPackages (ParcelProject) in 138.8149ms
info: Microsoft.AspNetCore.Routing.EndpointMiddleware[1]
      Executed endpoint 'ParcelManagement2.Controllers.ResidentController.MyPackages (ParcelProject)'
dbug: Microsoft.WebTools.BrowserLink.Net.BrowserLinkMiddleware[2]
      Response markup was updated to include Browser Link script injection.
dbug: Microsoft.AspNetCore.Watch.BrowserRefresh.BrowserRefreshMiddleware[2]
      Response markup was updated to include browser refresh script injection.
dbug: Microsoft.AspNetCore.Server.IIS.Core.IISHttpServer[1]
      Connection ID "17798225771123179563" disconnecting.
info: Microsoft.AspNetCore.Hosting.Diagnostics[2]
      Request finished HTTP/2 GET https://localhost:44353/Resident/MyPackages - 200 - text/html;+charset=utf-8 167.9322ms
info: Microsoft.AspNetCore.Hosting.Diagnostics[1]
      Request starting HTTP/2 GET https://localhost:44353/_vs/browserLink - - -
info: Microsoft.AspNetCore.Hosting.Diagnostics[1]
      Request starting HTTP/2 GET https://localhost:44353/_framework/aspnetcore-browser-refresh.js - - -
dbug: Microsoft.AspNetCore.Watch.BrowserRefresh.BrowserScriptMiddleware[0]
      Script injected: /_framework/aspnetcore-browser-refresh.js
dbug: Microsoft.AspNetCore.Server.IIS.Core.IISHttpServer[1]
      Connection ID "17798225771123179565" disconnecting.
info: Microsoft.AspNetCore.Hosting.Diagnostics[2]
      Request finished HTTP/2 GET https://localhost:44353/_framework/aspnetcore-browser-refresh.js - 200 16511 application/javascript;+charset=utf-8 5.2649ms
dbug: Microsoft.AspNetCore.Server.IIS.Core.IISHttpServer[1]
      Connection ID "17942340959199035538" disconnecting.
info: Microsoft.AspNetCore.Hosting.Diagnostics[2]
      Request finished HTTP/2 GET https://localhost:44353/_vs/browserLink - 200 - text/javascript;+charset=UTF-8 14.0695ms
info: Microsoft.AspNetCore.Hosting.Diagnostics[1]
      Request starting HTTP/2 POST https://localhost:44353/Resident/GetAllPackages - - 0
info: Microsoft.AspNetCore.Hosting.Diagnostics[1]
      Request starting HTTP/2 POST https://localhost:44353/Resident/GetCollectedHistory - - 0
dbug: Microsoft.AspNetCore.StaticFiles.StaticFileMiddleware[1]
      POST requests are not supported
dbug: Microsoft.AspNetCore.StaticFiles.StaticFileMiddleware[1]
      POST requests are not supported
dbug: Microsoft.AspNetCore.Routing.Matching.DfaMatcher[1001]
      1 candidate(s) found for the request path '/Resident/GetAllPackages'
dbug: Microsoft.AspNetCore.Routing.Matching.DfaMatcher[1001]
      1 candidate(s) found for the request path '/Resident/GetCollectedHistory'
dbug: Microsoft.AspNetCore.Routing.Matching.DfaMatcher[1005]
      Endpoint 'ParcelManagement2.Controllers.ResidentController.GetCollectedHistory (ParcelProject)' with route pattern '{controller=Account}/{action=Login}/{id?}' is valid for the request path '/Resident/GetCollectedHistory'
dbug: Microsoft.AspNetCore.Routing.Matching.DfaMatcher[1005]
      Endpoint 'ParcelManagement2.Controllers.ResidentController.GetAllPackages (ParcelProject)' with route pattern '{controller=Account}/{action=Login}/{id?}' is valid for the request path '/Resident/GetAllPackages'
dbug: Microsoft.AspNetCore.Routing.EndpointRoutingMiddleware[1]
      Request matched endpoint 'ParcelManagement2.Controllers.ResidentController.GetCollectedHistory (ParcelProject)'
dbug: Microsoft.AspNetCore.Routing.EndpointRoutingMiddleware[1]
      Request matched endpoint 'ParcelManagement2.Controllers.ResidentController.GetAllPackages (ParcelProject)'
dbug: Microsoft.AspNetCore.Authentication.Cookies.CookieAuthenticationHandler[8]
      AuthenticationScheme: Cookies was successfully authenticated.
dbug: Microsoft.AspNetCore.Authentication.Cookies.CookieAuthenticationHandler[8]
      AuthenticationScheme: Cookies was successfully authenticated.
dbug: Microsoft.AspNetCore.Authorization.DefaultAuthorizationService[1]
      Authorization was successful.
dbug: Microsoft.AspNetCore.Authorization.DefaultAuthorizationService[1]
      Authorization was successful.
info: Microsoft.AspNetCore.Routing.EndpointMiddleware[0]
      Executing endpoint 'ParcelManagement2.Controllers.ResidentController.GetCollectedHistory (ParcelProject)'
info: Microsoft.AspNetCore.Routing.EndpointMiddleware[0]
      Executing endpoint 'ParcelManagement2.Controllers.ResidentController.GetAllPackages (ParcelProject)'
info: Microsoft.AspNetCore.Mvc.Infrastructure.ControllerActionInvoker[102]
      Route matched with {action = "GetCollectedHistory", controller = "Resident"}. Executing controller action with signature Microsoft.AspNetCore.Mvc.IActionResult GetCollectedHistory() on controller ParcelManagement2.Controllers.ResidentController (ParcelProject).
info: Microsoft.AspNetCore.Mvc.Infrastructure.ControllerActionInvoker[102]
      Route matched with {action = "GetAllPackages", controller = "Resident"}. Executing controller action with signature Microsoft.AspNetCore.Mvc.IActionResult GetAllPackages() on controller ParcelManagement2.Controllers.ResidentController (ParcelProject).
dbug: Microsoft.AspNetCore.Mvc.Infrastructure.ControllerActionInvoker[1]
      Execution plan of authorization filters (in the following order): None
dbug: Microsoft.AspNetCore.Mvc.Infrastructure.ControllerActionInvoker[1]
      Execution plan of authorization filters (in the following order): None
dbug: Microsoft.AspNetCore.Mvc.Infrastructure.ControllerActionInvoker[1]
      Execution plan of resource filters (in the following order): Microsoft.AspNetCore.Mvc.ViewFeatures.Filters.SaveTempDataFilter
dbug: Microsoft.AspNetCore.Mvc.Infrastructure.ControllerActionInvoker[1]
      Execution plan of resource filters (in the following order): Microsoft.AspNetCore.Mvc.ViewFeatures.Filters.SaveTempDataFilter
dbug: Microsoft.AspNetCore.Mvc.Infrastructure.ControllerActionInvoker[1]
      Execution plan of action filters (in the following order): Microsoft.AspNetCore.Mvc.Filters.ControllerActionFilter (Order: -2147483648), Microsoft.AspNetCore.Mvc.ModelBinding.UnsupportedContentTypeFilter (Order: -3000)
dbug: Microsoft.AspNetCore.Mvc.Infrastructure.ControllerActionInvoker[1]
      Execution plan of action filters (in the following order): Microsoft.AspNetCore.Mvc.Filters.ControllerActionFilter (Order: -2147483648), Microsoft.AspNetCore.Mvc.ModelBinding.UnsupportedContentTypeFilter (Order: -3000)
dbug: Microsoft.AspNetCore.Mvc.Infrastructure.ControllerActionInvoker[1]
      Execution plan of exception filters (in the following order): None
dbug: Microsoft.AspNetCore.Mvc.Infrastructure.ControllerActionInvoker[1]
      Execution plan of exception filters (in the following order): None
dbug: Microsoft.AspNetCore.Mvc.Infrastructure.ControllerActionInvoker[1]
      Execution plan of result filters (in the following order): Microsoft.AspNetCore.Mvc.ViewFeatures.Filters.SaveTempDataFilter
dbug: Microsoft.AspNetCore.Mvc.Infrastructure.ControllerActionInvoker[1]
      Execution plan of result filters (in the following order): Microsoft.AspNetCore.Mvc.ViewFeatures.Filters.SaveTempDataFilter
dbug: Microsoft.AspNetCore.Mvc.Infrastructure.ControllerActionInvoker[1]
      Executing controller factory for controller ParcelManagement2.Controllers.ResidentController (ParcelProject)
dbug: Microsoft.AspNetCore.Mvc.Infrastructure.ControllerActionInvoker[1]
      Executing controller factory for controller ParcelManagement2.Controllers.ResidentController (ParcelProject)
dbug: ParcelManagement2.Models.DBConn[0]
      資料庫連線字串已設定
dbug: ParcelManagement2.Models.DBConn[0]
      資料庫連線字串已設定
dbug: Microsoft.AspNetCore.Mvc.Infrastructure.ControllerActionInvoker[2]
      Executed controller factory for controller ParcelManagement2.Controllers.ResidentController (ParcelProject)
dbug: Microsoft.AspNetCore.Mvc.Infrastructure.ControllerActionInvoker[2]
      Executed controller factory for controller ParcelManagement2.Controllers.ResidentController (ParcelProject)
dbug: Microsoft.AspNetCore.Session.DistributedSession[4]
      Session loaded; Key:f3a42b75-d459-1344-3c37-ff3073c71b14, Id:be5fffd8-37ca-330c-7652-55aaec6333fb, Count:1
dbug: ParcelManagement2.Models.DBConn[0]
      查詢成功，返回 2 行數據
info: Microsoft.AspNetCore.Mvc.Infrastructure.ContentResultExecutor[1]
      Executing ContentResult with HTTP Response ContentType of application/json
info: Microsoft.AspNetCore.Mvc.Infrastructure.ControllerActionInvoker[105]
      Executed action ParcelManagement2.Controllers.ResidentController.GetCollectedHistory (ParcelProject) in 46.6973ms
info: Microsoft.AspNetCore.Routing.EndpointMiddleware[1]
      Executed endpoint 'ParcelManagement2.Controllers.ResidentController.GetCollectedHistory (ParcelProject)'
info: Microsoft.AspNetCore.Hosting.Diagnostics[2]
      Request finished HTTP/2 POST https://localhost:44353/Resident/GetCollectedHistory - 200 475 application/json 91.5653ms
dbug: Microsoft.AspNetCore.Server.IIS.Core.IISHttpServer[1]
      Connection ID "18302628959453446178" disconnecting.
dbug: Microsoft.AspNetCore.Session.DistributedSession[4]
      Session loaded; Key:f3a42b75-d459-1344-3c37-ff3073c71b14, Id:be5fffd8-37ca-330c-7652-55aaec6333fb, Count:1
dbug: ParcelManagement2.Models.DBConn[0]
      查詢成功，返回 6 行數據
info: Microsoft.AspNetCore.Mvc.Infrastructure.ContentResultExecutor[1]
      Executing ContentResult with HTTP Response ContentType of application/json
info: Microsoft.AspNetCore.Mvc.Infrastructure.ControllerActionInvoker[105]
      Executed action ParcelManagement2.Controllers.ResidentController.GetAllPackages (ParcelProject) in 122.462ms
info: Microsoft.AspNetCore.Routing.EndpointMiddleware[1]
      Executed endpoint 'ParcelManagement2.Controllers.ResidentController.GetAllPackages (ParcelProject)'
info: Microsoft.AspNetCore.Hosting.Diagnostics[2]
      Request finished HTTP/2 POST https://localhost:44353/Resident/GetAllPackages - 200 1499 application/json 170.4858ms
dbug: Microsoft.AspNetCore.Server.IIS.Core.IISHttpServer[1]
      Connection ID "18158513724132950178" disconnecting.
info: Microsoft.AspNetCore.Hosting.Diagnostics[1]
      Request starting HTTP/2 POST https://localhost:44353/Resident/GetPackagePhotos - application/json 36
dbug: Microsoft.AspNetCore.StaticFiles.StaticFileMiddleware[1]
      POST requests are not supported
dbug: Microsoft.AspNetCore.Routing.Matching.DfaMatcher[1001]
      1 candidate(s) found for the request path '/Resident/GetPackagePhotos'
dbug: Microsoft.AspNetCore.Routing.Matching.DfaMatcher[1005]
      Endpoint 'ParcelManagement2.Controllers.ResidentController.GetPackagePhotos (ParcelProject)' with route pattern '{controller=Account}/{action=Login}/{id?}' is valid for the request path '/Resident/GetPackagePhotos'
dbug: Microsoft.AspNetCore.Routing.EndpointRoutingMiddleware[1]
      Request matched endpoint 'ParcelManagement2.Controllers.ResidentController.GetPackagePhotos (ParcelProject)'
dbug: Microsoft.AspNetCore.Authentication.Cookies.CookieAuthenticationHandler[8]
      AuthenticationScheme: Cookies was successfully authenticated.
dbug: Microsoft.AspNetCore.Authorization.DefaultAuthorizationService[1]
      Authorization was successful.
info: Microsoft.AspNetCore.Routing.EndpointMiddleware[0]
      Executing endpoint 'ParcelManagement2.Controllers.ResidentController.GetPackagePhotos (ParcelProject)'
info: Microsoft.AspNetCore.Mvc.Infrastructure.ControllerActionInvoker[102]
      Route matched with {action = "GetPackagePhotos", controller = "Resident"}. Executing controller action with signature System.Threading.Tasks.Task`1[Microsoft.AspNetCore.Mvc.IActionResult] GetPackagePhotos(System.Text.Json.JsonElement) on controller ParcelManagement2.Controllers.ResidentController (ParcelProject).
dbug: Microsoft.AspNetCore.Mvc.Infrastructure.ControllerActionInvoker[1]
      Execution plan of authorization filters (in the following order): None
dbug: Microsoft.AspNetCore.Mvc.Infrastructure.ControllerActionInvoker[1]
      Execution plan of resource filters (in the following order): Microsoft.AspNetCore.Mvc.ViewFeatures.Filters.SaveTempDataFilter
dbug: Microsoft.AspNetCore.Mvc.Infrastructure.ControllerActionInvoker[1]
      Execution plan of action filters (in the following order): Microsoft.AspNetCore.Mvc.Filters.ControllerActionFilter (Order: -2147483648), Microsoft.AspNetCore.Mvc.ModelBinding.UnsupportedContentTypeFilter (Order: -3000)
dbug: Microsoft.AspNetCore.Mvc.Infrastructure.ControllerActionInvoker[1]
      Execution plan of exception filters (in the following order): None
dbug: Microsoft.AspNetCore.Mvc.Infrastructure.ControllerActionInvoker[1]
      Execution plan of result filters (in the following order): Microsoft.AspNetCore.Mvc.ViewFeatures.Filters.SaveTempDataFilter
dbug: Microsoft.AspNetCore.Mvc.Infrastructure.ControllerActionInvoker[1]
      Executing controller factory for controller ParcelManagement2.Controllers.ResidentController (ParcelProject)
dbug: ParcelManagement2.Models.DBConn[0]
      資料庫連線字串已設定
dbug: Microsoft.AspNetCore.Mvc.Infrastructure.ControllerActionInvoker[2]
      Executed controller factory for controller ParcelManagement2.Controllers.ResidentController (ParcelProject)
dbug: Microsoft.AspNetCore.Mvc.ModelBinding.ParameterBinder[22]
      Attempting to bind parameter 'requestData' of type 'System.Text.Json.JsonElement' ...
dbug: Microsoft.AspNetCore.Mvc.ModelBinding.Binders.BodyModelBinder[44]
      Attempting to bind parameter 'requestData' of type 'System.Text.Json.JsonElement' using the name '' in request data ...
dbug: Microsoft.AspNetCore.Mvc.ModelBinding.Binders.BodyModelBinder[1]
      Selected input formatter 'Microsoft.AspNetCore.Mvc.Formatters.SystemTextJsonInputFormatter' for content type 'application/json'.
dbug: Microsoft.AspNetCore.Mvc.Formatters.SystemTextJsonInputFormatter[2]
      JSON input formatter succeeded, deserializing to type 'System.Text.Json.JsonElement'
dbug: Microsoft.AspNetCore.Mvc.ModelBinding.Binders.BodyModelBinder[45]
      Done attempting to bind parameter 'requestData' of type 'System.Text.Json.JsonElement'.
dbug: Microsoft.AspNetCore.Mvc.ModelBinding.ParameterBinder[23]
      Done attempting to bind parameter 'requestData' 