=== 環境: Development ===
=== 開發環境: True ===
=== 正式環境: False ===
dbug: Microsoft.AspNetCore.Mvc.Razor.Compilation.DefaultViewCompiler[3]
      Initializing Razor view compiler with compiled view: '/Views/Account/AccessDenied.cshtml'.
dbug: Microsoft.AspNetCore.Mvc.Razor.Compilation.DefaultViewCompiler[3]
      Initializing Razor view compiler with compiled view: '/Views/Account/Login.cshtml'.
dbug: Microsoft.AspNetCore.Mvc.Razor.Compilation.DefaultViewCompiler[3]
      Initializing Razor view compiler with compiled view: '/Views/Home/Index.cshtml'.
dbug: Microsoft.AspNetCore.Mvc.Razor.Compilation.DefaultViewCompiler[3]
      Initializing Razor view compiler with compiled view: '/Views/Home/Index_back.cshtml'.
dbug: Microsoft.AspNetCore.Mvc.Razor.Compilation.DefaultViewCompiler[3]
      Initializing Razor view compiler with compiled view: '/Views/Home/Packages.cshtml'.
dbug: Microsoft.AspNetCore.Mvc.Razor.Compilation.DefaultViewCompiler[3]
      Initializing Razor view compiler with compiled view: '/Views/Home/Privacy.cshtml'.
dbug: Microsoft.AspNetCore.Mvc.Razor.Compilation.DefaultViewCompiler[3]
      Initializing Razor view compiler with compiled view: '/Views/Resident/Edit.cshtml'.
dbug: Microsoft.AspNetCore.Mvc.Razor.Compilation.DefaultViewCompiler[3]
      Initializing Razor view compiler with compiled view: '/Views/Resident/Home.cshtml'.
dbug: Microsoft.AspNetCore.Mvc.Razor.Compilation.DefaultViewCompiler[3]
      Initializing Razor view compiler with compiled view: '/Views/Resident/MyPackages.cshtml'.
dbug: Microsoft.AspNetCore.Mvc.Razor.Compilation.DefaultViewCompiler[3]
      Initializing Razor view compiler with compiled view: '/Views/Resident/PackagePhoto.cshtml'.
dbug: Microsoft.AspNetCore.Mvc.Razor.Compilation.DefaultViewCompiler[3]
      Initializing Razor view compiler with compiled view: '/Views/Shared/Error.cshtml'.
dbug: Microsoft.AspNetCore.Mvc.Razor.Compilation.DefaultViewCompiler[3]
      Initializing Razor view compiler with compiled view: '/Views/Shared/_AdminLayout.cshtml'.
dbug: Microsoft.AspNetCore.Mvc.Razor.Compilation.DefaultViewCompiler[3]
      Initializing Razor view compiler with compiled view: '/Views/Shared/_Layout.cshtml'.
dbug: Microsoft.AspNetCore.Mvc.Razor.Compilation.DefaultViewCompiler[3]
      Initializing Razor view compiler with compiled view: '/Views/Shared/_ResidentLayout.cshtml'.
dbug: Microsoft.AspNetCore.Mvc.Razor.Compilation.DefaultViewCompiler[3]
      Initializing Razor view compiler with compiled view: '/Views/Shared/_ValidationScriptsPartial.cshtml'.
dbug: Microsoft.AspNetCore.Mvc.Razor.Compilation.DefaultViewCompiler[3]
      Initializing Razor view compiler with compiled view: '/Views/_ViewImports.cshtml'.
dbug: Microsoft.AspNetCore.Mvc.Razor.Compilation.DefaultViewCompiler[3]
      Initializing Razor view compiler with compiled view: '/Views/_ViewStart.cshtml'.
dbug: Microsoft.AspNetCore.Mvc.Razor.Compilation.DefaultViewCompiler[3]
      Initializing Razor view compiler with compiled view: '/Views/Shared/_Layout_back.cshtml'.
dbug: Microsoft.AspNetCore.Mvc.ModelBinding.ModelBinderFactory[12]
      Registered model binder providers, in the following order: Microsoft.AspNetCore.Mvc.ModelBinding.Binders.BinderTypeModelBinderProvider, Microsoft.AspNetCore.Mvc.ModelBinding.Binders.ServicesModelBinderProvider, Microsoft.AspNetCore.Mvc.ModelBinding.Binders.BodyModelBinderProvider, Microsoft.AspNetCore.Mvc.ModelBinding.Binders.HeaderModelBinderProvider, Microsoft.AspNetCore.Mvc.ModelBinding.Binders.FloatingPointTypeModelBinderProvider, Microsoft.AspNetCore.Mvc.ModelBinding.Binders.EnumTypeModelBinderProvider, Microsoft.AspNetCore.Mvc.ModelBinding.Binders.DateTimeModelBinderProvider, Microsoft.AspNetCore.Mvc.ModelBinding.Binders.SimpleTypeModelBinderProvider, Microsoft.AspNetCore.Mvc.ModelBinding.Binders.TryParseModelBinderProvider, Microsoft.AspNetCore.Mvc.ModelBinding.Binders.CancellationTokenModelBinderProvider, Microsoft.AspNetCore.Mvc.ModelBinding.Binders.ByteArrayModelBinderProvider, Microsoft.AspNetCore.Mvc.ModelBinding.Binders.FormFileModelBinderProvider, Microsoft.AspNetCore.Mvc.ModelBinding.Binders.FormCollectionModelBinderProvider, Microsoft.AspNetCore.Mvc.ModelBinding.Binders.KeyValuePairModelBinderProvider, Microsoft.AspNetCore.Mvc.ModelBinding.Binders.DictionaryModelBinderProvider, Microsoft.AspNetCore.Mvc.ModelBinding.Binders.ArrayModelBinderProvider, Microsoft.AspNetCore.Mvc.ModelBinding.Binders.CollectionModelBinderProvider, Microsoft.AspNetCore.Mvc.ModelBinding.Binders.ComplexObjectModelBinderProvider
dbug: Microsoft.Extensions.Hosting.Internal.Host[1]
      Hosting starting
info: Microsoft.AspNetCore.DataProtection.KeyManagement.XmlKeyManager[63]
      User profile is available. Using 'C:\Users\a2168\AppData\Local\ASP.NET\DataProtection-Keys' as key repository and Windows DPAPI to encrypt keys at rest.
dbug: Microsoft.AspNetCore.DataProtection.Repositories.FileSystemXmlRepository[37]
      Reading data from file 'C:\Users\a2168\AppData\Local\ASP.NET\DataProtection-Keys\key-c7681aa5-906a-4dd8-a60e-cad062d4e942.xml'.
dbug: Microsoft.AspNetCore.DataProtection.KeyManagement.XmlKeyManager[18]
      Found key {c7681aa5-906a-4dd8-a60e-cad062d4e942}.
dbug: Microsoft.AspNetCore.DataProtection.KeyManagement.DefaultKeyResolver[13]
      Considering key {c7681aa5-906a-4dd8-a60e-cad062d4e942} with expiration date 2025-12-26 16:17:59Z as default key.
dbug: Microsoft.AspNetCore.DataProtection.TypeForwardingActivator[0]
      Forwarded activator type request from Microsoft.AspNetCore.DataProtection.XmlEncryption.DpapiXmlDecryptor, Microsoft.AspNetCore.DataProtection, Version=8.0.0.0, Culture=neutral, PublicKeyToken=adb9793829ddae60 to Microsoft.AspNetCore.DataProtection.XmlEncryption.DpapiXmlDecryptor, Microsoft.AspNetCore.DataProtection, Culture=neutral, PublicKeyToken=adb9793829ddae60
dbug: Microsoft.AspNetCore.DataProtection.XmlEncryption.DpapiXmlDecryptor[51]
      Decrypting secret element using Windows DPAPI.
dbug: Microsoft.AspNetCore.DataProtection.TypeForwardingActivator[0]
      Forwarded activator type request from Microsoft.AspNetCore.DataProtection.AuthenticatedEncryption.ConfigurationModel.AuthenticatedEncryptorDescriptorDeserializer, Microsoft.AspNetCore.DataProtection, Version=8.0.0.0, Culture=neutral, PublicKeyToken=adb9793829ddae60 to Microsoft.AspNetCore.DataProtection.AuthenticatedEncryption.ConfigurationModel.AuthenticatedEncryptorDescriptorDeserializer, Microsoft.AspNetCore.DataProtection, Culture=neutral, PublicKeyToken=adb9793829ddae60
dbug: Microsoft.AspNetCore.DataProtection.AuthenticatedEncryption.CngCbcAuthenticatedEncryptorFactory[4]
      Opening CNG algorithm 'AES' from provider '(null)' with chaining mode CBC.
dbug: Microsoft.AspNetCore.DataProtection.AuthenticatedEncryption.CngCbcAuthenticatedEncryptorFactory[3]
      Opening CNG algorithm 'SHA256' from provider '(null)' with HMAC.
dbug: Microsoft.AspNetCore.DataProtection.KeyManagement.KeyRingProvider[2]
      Using key {c7681aa5-906a-4dd8-a60e-cad062d4e942} as the default key.
dbug: Microsoft.AspNetCore.DataProtection.Internal.DataProtectionHostedService[65]
      Key ring with default key {c7681aa5-906a-4dd8-a60e-cad062d4e942} was loaded during application startup.
dbug: Microsoft.AspNetCore.Watch.BrowserRefresh.BlazorWasmHotReloadMiddleware[0]
      Middleware loaded
dbug: Microsoft.AspNetCore.Watch.BrowserRefresh.BrowserScriptMiddleware[0]
      Middleware loaded. Script /_framework/aspnetcore-browser-refresh.js (16511 B).
dbug: Microsoft.AspNetCore.Watch.BrowserRefresh.BrowserScriptMiddleware[0]
      Middleware loaded. Script /_framework/blazor-hotreload.js (799 B).
dbug: Microsoft.AspNetCore.Watch.BrowserRefresh.BrowserRefreshMiddleware[0]
      Middleware loaded: DOTNET_MODIFIABLE_ASSEMBLIES=debug, __ASPNETCORE_BROWSER_TOOLS=true
dbug: Microsoft.AspNetCore.Hosting.Diagnostics[13]
      Loaded hosting startup assembly ParcelProject
dbug: Microsoft.AspNetCore.Hosting.Diagnostics[13]
      Loaded hosting startup assembly Microsoft.WebTools.ApiEndpointDiscovery
dbug: Microsoft.AspNetCore.Hosting.Diagnostics[13]
      Loaded hosting startup assembly Microsoft.AspNetCore.Watch.BrowserRefresh
dbug: Microsoft.AspNetCore.Hosting.Diagnostics[13]
      Loaded hosting startup assembly Microsoft.WebTools.BrowserLink.Net
info: Microsoft.AspNetCore.Hosting.Diagnostics[1]
      Request starting HTTP/2 GET https://localhost:44353/ - - -
info: Microsoft.Hosting.Lifetime[0]
      Application started. Press Ctrl+C to shut down.
info: Microsoft.Hosting.Lifetime[0]
      Hosting environment: Development
info: Microsoft.Hosting.Lifetime[0]
      Content root path: E:\專題\ParcelProject\ParcelManagement2
dbug: Microsoft.Extensions.Hosting.Internal.Host[2]
      Hosting started
dbug: Microsoft.AspNetCore.HostFiltering.HostFilteringMiddleware[0]
      Wildcard detected, all requests with hosts will be allowed.
dbug: Microsoft.AspNetCore.StaticFiles.StaticFileMiddleware[4]
      The request path / does not match a supported file type
dbug: Microsoft.AspNetCore.Routing.Matching.DfaMatcher[1001]
      1 candidate(s) found for the request path '/'
dbug: Microsoft.AspNetCore.Routing.Matching.DfaMatcher[1005]
      Endpoint 'ParcelManagement2.Controllers.AccountController.Login (ParcelProject)' with route pattern '{controller=Account}/{action=Login}/{id?}' is valid for the request path '/'
dbug: Microsoft.AspNetCore.Routing.EndpointRoutingMiddleware[1]
      Request matched endpoint 'ParcelManagement2.Controllers.AccountController.Login (ParcelProject)'
dbug: Microsoft.AspNetCore.Authentication.Cookies.CookieAuthenticationHandler[8]
      AuthenticationScheme: Cookies was successfully authenticated.
info: Microsoft.AspNetCore.Routing.EndpointMiddleware[0]
      Executing endpoint 'ParcelManagement2.Controllers.AccountController.Login (ParcelProject)'
info: Microsoft.AspNetCore.Mvc.Infrastructure.ControllerActionInvoker[102]
      Route matched with {action = "Login", controller = "Account"}. Executing controller action with signature Microsoft.AspNetCore.Mvc.IActionResult Login(System.String) on controller ParcelManagement2.Controllers.AccountController (ParcelProject).
dbug: Microsoft.AspNetCore.Mvc.Infrastructure.ControllerActionInvoker[1]
      Execution plan of authorization filters (in the following order): None
dbug: Microsoft.AspNetCore.Mvc.Infrastructure.ControllerActionInvoker[1]
      Execution plan of resource filters (in the following order): Microsoft.AspNetCore.Mvc.ViewFeatures.Filters.SaveTempDataFilter
dbug: Microsoft.AspNetCore.Mvc.Infrastructure.ControllerActionInvoker[1]
      Execution plan of action filters (in the following order): Microsoft.AspNetCore.Mvc.Filters.ControllerActionFilter (Order: -2147483648), Microsoft.AspNetCore.Mvc.ModelBinding.UnsupportedContentTypeFilter (Order: -3000)
dbug: Microsoft.AspNetCore.Mvc.Infrastructure.ControllerActionInvoker[1]
      Execution plan of exception filters (in the following order): None
dbug: Microsoft.AspNetCore.Mvc.Infrastructure.ControllerActionInvoker[1]
      Execution plan of result filters (in the following order): Microsoft.AspNetCore.Mvc.ViewFeatures.Filters.SaveTempDataFilter
dbug: Microsoft.AspNetCore.Mvc.Infrastructure.ControllerActionInvoker[1]
      Executing controller factory for controller ParcelManagement2.Controllers.AccountController (ParcelProject)
dbug: Microsoft.AspNetCore.Mvc.Infrastructure.ControllerActionInvoker[2]
      Executed controller factory for controller ParcelManagement2.Controllers.AccountController (ParcelProject)
dbug: Microsoft.AspNetCore.Mvc.ModelBinding.ParameterBinder[22]
      Attempting to bind parameter 'returnUrl' of type 'System.String' ...
dbug: Microsoft.AspNetCore.Mvc.ModelBinding.Binders.SimpleTypeModelBinder[44]
      Attempting to bind parameter 'returnUrl' of type 'System.String' using the name '' in request data ...
dbug: Microsoft.AspNetCore.Mvc.ModelBinding.Binders.SimpleTypeModelBinder[16]
      Could not find a value in the request with name '' for binding parameter 'returnUrl' of type 'System.String'.
dbug: Microsoft.AspNetCore.Mvc.ModelBinding.Binders.SimpleTypeModelBinder[45]
      Done attempting to bind parameter 'returnUrl' of type 'System.String'.
dbug: Microsoft.AspNetCore.Mvc.ModelBinding.ParameterBinder[23]
      Done attempting to bind parameter 'returnUrl' of type 'System.String'.
dbug: Microsoft.AspNetCore.Mvc.ModelBinding.ParameterBinder[26]
      Attempting to validate the bound parameter 'returnUrl' of type 'System.String' ...
dbug: Microsoft.AspNetCore.Mvc.ModelBinding.ParameterBinder[27]
      Done attempting to validate the bound parameter 'returnUrl' of type 'System.String'.
dbug: Microsoft.AspNetCore.Mvc.Razor.RazorViewEngine[1]
      View lookup cache miss for view 'Login' in controller 'Account'.
info: Microsoft.AspNetCore.Mvc.ViewFeatures.ViewResultExecutor[1]
      Executing ViewResult, running view Login.
dbug: Microsoft.AspNetCore.Mvc.ViewFeatures.ViewResultExecutor[2]
      The view path '/Views/Account/Login.cshtml' was found in 4.7636ms.
dbug: Microsoft.AspNetCore.Antiforgery.DefaultAntiforgery[5]
      A new antiforgery cookie token was created.
dbug: Microsoft.WebTools.BrowserLink.Net.BrowserLinkMiddleware[1]
      Response markup is scheduled to include Browser Link script injection.
dbug: Microsoft.AspNetCore.Watch.BrowserRefresh.BrowserRefreshMiddleware[1]
      Response markup is scheduled to include browser refresh script injection.
info: Microsoft.AspNetCore.Mvc.ViewFeatures.ViewResultExecutor[4]
      Executed ViewResult - view Login executed in 129.1188ms.
info: Microsoft.AspNetCore.Mvc.Infrastructure.ControllerActionInvoker[105]
      Executed action ParcelManagement2.Controllers.AccountController.Login (ParcelProject) in 168.5604ms
info: Microsoft.AspNetCore.Routing.EndpointMiddleware[1]
      Executed endpoint 'ParcelManagement2.Controllers.AccountController.Login (ParcelProject)'
dbug: Microsoft.WebTools.BrowserLink.Net.BrowserLinkMiddleware[2]
      Response markup was updated to include Browser Link script injection.
dbug: Microsoft.AspNetCore.Watch.BrowserRefresh.BrowserRefreshMiddleware[2]
      Response markup was updated to include browser refresh script injection.
dbug: Microsoft.AspNetCore.Server.IIS.Core.IISHttpServer[1]
      Connection ID "18086456117210120217" disconnecting.
info: Microsoft.AspNetCore.Hosting.Diagnostics[2]
      Request finished HTTP/2 GET https://localhost:44353/ - 200 - text/html;+charset=utf-8 343.0841ms
info: Microsoft.AspNetCore.Hosting.Diagnostics[1]
      Request starting HTTP/2 GET https://localhost:44353/_framework/aspnetcore-browser-refresh.js - - -
info: Microsoft.AspNetCore.Hosting.Diagnostics[1]
      Request starting HTTP/2 GET https://localhost:44353/_vs/browserLink - - -
dbug: Microsoft.AspNetCore.Watch.BrowserRefresh.BrowserScriptMiddleware[0]
      Script injected: /_framework/aspnetcore-browser-refresh.js
info: Microsoft.AspNetCore.Hosting.Diagnostics[2]
      Request finished HTTP/2 GET https://localhost:44353/_framework/aspnetcore-browser-refresh.js - 200 16511 application/javascript;+charset=utf-8 9.4438ms
dbug: Microsoft.AspNetCore.Server.IIS.Core.IISHttpServer[1]
      Connection ID "18374686553491374161" disconnecting.
dbug: Microsoft.AspNetCore.Server.IIS.Core.IISHttpServer[1]
      Connection ID "18302628959453446184" disconnecting.
info: Microsoft.AspNetCore.Hosting.Diagnostics[2]
      Request finished HTTP/2 GET https://localhost:44353/_vs/browserLink - 200 - text/javascript;+charset=UTF-8 44.0460ms
info: Microsoft.AspNetCore.Hosting.Diagnostics[1]
      Request starting HTTP/2 POST https://localhost:44353/Account/Login - application/json 45
dbug: Microsoft.AspNetCore.StaticFiles.StaticFileMiddleware[1]
      POST requests are not supported
dbug: Microsoft.AspNetCore.Routing.Matching.DfaMatcher[1001]
      2 candidate(s) found for the request path '/Account/Login'
dbug: Microsoft.AspNetCore.Routing.Matching.DfaMatcher[1005]
      Endpoint 'ParcelManagement2.Controllers.AccountController.Login (ParcelProject)' with route pattern '{controller=Account}/{action=Login}/{id?}' is valid for the request path '/Account/Login'
dbug: Microsoft.AspNetCore.Routing.Matching.DfaMatcher[1005]
      Endpoint 'ParcelManagement2.Controllers.AccountController.Login (ParcelProject)' with route pattern '{controller=Account}/{action=Login}/{id?}' is valid for the request path '/Account/Login'
dbug: Microsoft.AspNetCore.Routing.EndpointRoutingMiddleware[1]
      Request matched endpoint 'ParcelManagement2.Controllers.AccountController.Login (ParcelProject)'
dbug: Microsoft.AspNetCore.Authentication.Cookies.CookieAuthenticationHandler[8]
      AuthenticationScheme: Cookies was successfully authenticated.
info: Microsoft.AspNetCore.Routing.EndpointMiddleware[0]
      Executing endpoint 'ParcelManagement2.Controllers.AccountController.Login (ParcelProject)'
info: Microsoft.AspNetCore.Mvc.Infrastructure.ControllerActionInvoker[102]
      Route matched with {action = "Login", controller = "Account"}. Executing controller action with signature System.Threading.Tasks.Task`1[Microsoft.AspNetCore.Mvc.JsonResult] Login(LoginDto) on controller ParcelManagement2.Controllers.AccountController (ParcelProject).
dbug: Microsoft.AspNetCore.Mvc.Infrastructure.ControllerActionInvoker[1]
      Execution plan of authorization filters (in the following order): None
dbug: Microsoft.AspNetCore.Mvc.Infrastructure.ControllerActionInvoker[1]
      Execution plan of resource filters (in the following order): Microsoft.AspNetCore.Mvc.ViewFeatures.Filters.SaveTempDataFilter
dbug: Microsoft.AspNetCore.Mvc.Infrastructure.ControllerActionInvoker[1]
      Execution plan of action filters (in the following order): Microsoft.AspNetCore.Mvc.Filters.ControllerActionFilter (Order: -2147483648), Microsoft.AspNetCore.Mvc.ModelBinding.UnsupportedContentTypeFilter (Order: -3000)
dbug: Microsoft.AspNetCore.Mvc.Infrastructure.ControllerActionInvoker[1]
      Execution plan of exception filters (in the following order): None
dbug: Microsoft.AspNetCore.Mvc.Infrastructure.ControllerActionInvoker[1]
      Execution plan of result filters (in the following order): Microsoft.AspNetCore.Mvc.ViewFeatures.Filters.SaveTempDataFilter
dbug: Microsoft.AspNetCore.Mvc.Infrastructure.ControllerActionInvoker[1]
      Executing controller factory for controller ParcelManagement2.Controllers.AccountController (ParcelProject)
dbug: Microsoft.AspNetCore.Mvc.Infrastructure.ControllerActionInvoker[2]
      Executed controller factory for controller ParcelManagement2.Controllers.AccountController (ParcelProject)
dbug: Microsoft.AspNetCore.Mvc.ModelBinding.ParameterBinder[22]
      Attempting to bind parameter 'dto' of type 'ParcelManagement2.Models.Request.AccountRequest+LoginDto' ...
dbug: Microsoft.AspNetCore.Mvc.ModelBinding.Binders.BodyModelBinder[44]
      Attempting to bind parameter 'dto' of type 'ParcelManagement2.Models.Request.AccountRequest+LoginDto' using the name '' in request data ...
dbug: Microsoft.AspNetCore.Mvc.ModelBinding.Binders.BodyModelBinder[1]
      Selected input formatter 'Microsoft.AspNetCore.Mvc.Formatters.SystemTextJsonInputFormatter' for content type 'application/json'.
dbug: Microsoft.AspNetCore.Mvc.Formatters.SystemTextJsonInputFormatter[2]
      JSON input formatter succeeded, deserializing to type 'ParcelManagement2.Models.Request.AccountRequest+LoginDto'
dbug: Microsoft.AspNetCore.Mvc.ModelBinding.Binders.BodyModelBinder[45]
      Done attempting to bind parameter 'dto' of type 'ParcelManagement2.Models.Request.AccountRequest+LoginDto'.
dbug: Microsoft.AspNetCore.Mvc.ModelBinding.ParameterBinder[23]
      Done attempting to bind parameter 'dto' of type 'ParcelManagement2.Models.Request.AccountRequest+LoginDto'.
dbug: Microsoft.AspNetCore.Mvc.ModelBinding.ParameterBinder[26]
      Attempting to validate the bound parameter 'dto' of type 'ParcelManagement2.Models.Request.AccountRequest+LoginDto' ...
dbug: Microsoft.AspNetCore.Mvc.ModelBinding.ParameterBinder[27]
      Done attempting to validate the bound parameter 'dto' of type 'ParcelManagement2.Models.Request.AccountRequest+LoginDto'.
info: ParcelManagement2.Controllers.AccountController[0]
      登入嘗試開始
info: ParcelManagement2.Controllers.AccountController[0]
      ModelState valid=True
info: ParcelManagement2.Controllers.AccountController[0]
      接收到的資料 - Username: userA10101, Password: True
info: ParcelManagement2.Controllers.AccountController[0]
      登入成功 - Username: userA10101, Role: Resident
info: Microsoft.AspNetCore.Authentication.Cookies.CookieAuthenticationHandler[10]
      AuthenticationScheme: Cookies signed in.
dbug: Microsoft.AspNetCore.Routing.DefaultLinkGenerator[100]
      Found the endpoints Route: {controller=Account}/{action=Login}/{id?} for address (action=[Home],controller=[Resident])
dbug: Microsoft.AspNetCore.Routing.DefaultLinkGenerator[102]
      Successfully processed template {controller=Account}/{action=Login}/{id?} for Route: {controller=Account}/{action=Login}/{id?} resulting in /Resident/Home and 
dbug: Microsoft.AspNetCore.Routing.DefaultLinkGenerator[105]
      Link generation succeeded for endpoints Route: {controller=Account}/{action=Login}/{id?} with result /Resident/Home
info: ParcelManagement2.Controllers.AccountController[0]
      登入完成，導向: /Resident/Home
info: Microsoft.AspNetCore.Mvc.Infrastructure.SystemTextJsonResultExecutor[1]
      Executing JsonResult, writing value of type '<>f__AnonymousType2`4[[System.Boolean, System.Private.CoreLib, Version=8.0.0.0, Culture=neutral, PublicKeyToken=7cec85d7bea7798e],[System.String, System.Private.CoreLib, Version=8.0.0.0, Culture=neutral, PublicKeyToken=7cec85d7bea7798e],[System.String, System.Private.CoreLib, Version=8.0.0.0, Culture=neutral, PublicKeyToken=7cec85d7bea7798e],[<>f__AnonymousType3`2[[System.String, System.Private.CoreLib, Version=8.0.0.0, Culture=neutral, PublicKeyToken=7cec85d7bea7798e],[System.String, System.Private.CoreLib, Version=8.0.0.0, Culture=neutral, PublicKeyToken=7cec85d7bea7798e]], ParcelProject, Version=1.0.0.0, Culture=neutral, PublicKeyToken=null]]'.
info: Microsoft.AspNetCore.Mvc.Infrastructure.ControllerActionInvoker[105]
      Executed action ParcelManagement2.Controllers.AccountController.Login (ParcelProject) in 407.0196ms
info: Microsoft.AspNetCore.Routing.EndpointMiddleware[1]
      Executed endpoint 'ParcelManagement2.Controllers.AccountController.Login (ParcelProject)'
dbug: Microsoft.AspNetCore.Server.IIS.Core.IISHttpServer[1]
      Connection ID "18014398561826898144" disconnecting.
info: Microsoft.AspNetCore.Hosting.Diagnostics[2]
      Request finished HTTP/2 POST https://localhost:44353/Account/Login - 200 - application/json;+charset=utf-8 434.1874ms
info: Microsoft.AspNetCore.Hosting.Diagnostics[1]
      Request starting HTTP/2 GET https://localhost:44353/Resident/Home - - -
dbug: Microsoft.AspNetCore.StaticFiles.StaticFileMiddleware[4]
      The request path /Resident/Home does not match a supported file type
dbug: Microsoft.AspNetCore.Routing.Matching.DfaMatcher[1001]
      1 candidate(s) found for the request path '/Resident/Home'
dbug: Microsoft.AspNetCore.Routing.Matching.DfaMatcher[1005]
      Endpoint 'ParcelManagement2.Controllers.ResidentController.Home (ParcelProject)' with route pattern '{controller=Account}/{action=Login}/{id?}' is valid for the request path '/Resident/Home'
dbug: Microsoft.AspNetCore.Routing.EndpointRoutingMiddleware[1]
      Request matched endpoint 'ParcelManagement2.Controllers.ResidentController.Home (ParcelProject)'
dbug: Microsoft.AspNetCore.Authentication.Cookies.CookieAuthenticationHandler[8]
      AuthenticationScheme: Cookies was successfully authenticated.
dbug: Microsoft.AspNetCore.Authorization.DefaultAuthorizationService[1]
      Authorization was successful.
info: Microsoft.AspNetCore.Routing.EndpointMiddleware[0]
      Executing endpoint 'ParcelManagement2.Controllers.ResidentController.Home (ParcelProject)'
info: Microsoft.AspNetCore.Mvc.Infrastructure.ControllerActionInvoker[102]
      Route matched with {action = "Home", controller = "Resident"}. Executing controller action with signature Microsoft.AspNetCore.Mvc.IActionResult Home() on controller ParcelManagement2.Controllers.ResidentController (ParcelProject).
dbug: Microsoft.AspNetCore.Mvc.Infrastructure.ControllerActionInvoker[1]
      Execution plan of authorization filters (in the following order): None
dbug: Microsoft.AspNetCore.Mvc.Infrastructure.ControllerActionInvoker[1]
      Execution plan of resource filters (in the following order): Microsoft.AspNetCore.Mvc.ViewFeatures.Filters.SaveTempDataFilter
dbug: Microsoft.AspNetCore.Mvc.Infrastructure.ControllerActionInvoker[1]
      Execution plan of action filters (in the following order): Microsoft.AspNetCore.Mvc.Filters.ControllerActionFilter (Order: -2147483648), Microsoft.AspNetCore.Mvc.ModelBinding.UnsupportedContentTypeFilter (Order: -3000)
dbug: Microsoft.AspNetCore.Mvc.Infrastructure.ControllerActionInvoker[1]
      Execution plan of exception filters (in the following order): None
dbug: Microsoft.AspNetCore.Mvc.Infrastructure.ControllerActionInvoker[1]
      Execution plan of result filters (in the following order): Microsoft.AspNetCore.Mvc.ViewFeatures.Filters.SaveTempDataFilter
dbug: Microsoft.AspNetCore.Mvc.Infrastructure.ControllerActionInvoker[1]
      Executing controller factory for controller ParcelManagement2.Controllers.ResidentController (ParcelProject)
dbug: ParcelManagement2.Models.DBConn[0]
      資料庫連線字串已設定
dbug: Microsoft.AspNetCore.Mvc.Infrastructure.ControllerActionInvoker[2]
      Executed controller factory for controller ParcelManagement2.Controllers.ResidentController (ParcelProject)
dbug: ParcelManagement2.Models.DBConn[0]
      查詢成功，返回 1 行數據
dbug: Microsoft.AspNetCore.Mvc.Razor.RazorViewEngine[1]
      View lookup cache miss for view 'Home' in controller 'Resident'.
info: Microsoft.AspNetCore.Mvc.ViewFeatures.ViewResultExecutor[1]
      Executing ViewResult, running view Home.
dbug: Microsoft.AspNetCore.Mvc.ViewFeatures.ViewResultExecutor[2]
      The view path '/Views/Resident/Home.cshtml' was found in 2.4874ms.
dbug: Microsoft.AspNetCore.Antiforgery.DefaultAntiforgery[6]
      An antiforgery cookie token was reused.
dbug: Microsoft.WebTools.BrowserLink.Net.BrowserLinkMiddleware[1]
      Response markup is scheduled to include Browser Link script injection.
dbug: Microsoft.AspNetCore.Watch.BrowserRefresh.BrowserRefreshMiddleware[1]
      Response markup is scheduled to include browser refresh script injection.
info: Microsoft.AspNetCore.Mvc.ViewFeatures.ViewResultExecutor[4]
      Executed ViewResult - view Home executed in 25.2237ms.
info: Microsoft.AspNetCore.Mvc.Infrastructure.ControllerActionInvoker[105]
      Executed action ParcelManagement2.Controllers.ResidentController.Home (ParcelProject) in 78.3354ms
info: Microsoft.AspNetCore.Routing.EndpointMiddleware[1]
      Executed endpoint 'ParcelManagement2.Controllers.ResidentController.Home (ParcelProject)'
info: Microsoft.AspNetCore.Session.DistributedSession[3]
      Session started; Key:af4b246d-2115-b388-80e3-107beb877c2c, Id:29866fd1-4c5c-8670-601a-850b37480daa
dbug: Microsoft.AspNetCore.Session.DistributedSession[5]
      Session stored; Key:af4b246d-2115-b388-80e3-107beb877c2c, Id:29866fd1-4c5c-8670-601a-850b37480daa, Count:1
dbug: Microsoft.WebTools.BrowserLink.Net.BrowserLinkMiddleware[2]
      Response markup was updated to include Browser Link script injection.
dbug: Microsoft.AspNetCore.Watch.BrowserRefresh.BrowserRefreshMiddleware[2]
      Response markup was updated to include browser refresh script injection.
dbug: Microsoft.AspNetCore.Server.IIS.Core.IISHttpServer[1]
      Connection ID "18086456104325218438" disconnecting.
info: Microsoft.AspNetCore.Hosting.Diagnostics[1]
      Request starting HTTP/2 GET https://localhost:44353/_framework/aspnetcore-browser-refresh.js - - -
info: Microsoft.AspNetCore.Hosting.Diagnostics[2]
      Request finished HTTP/2 GET https://localhost:44353/Resident/Home - 200 - text/html;+charset=utf-8 122.5847ms
info: Microsoft.AspNetCore.Hosting.Diagnostics[1]
      Request starting HTTP/2 GET https://localhost:44353/_vs/browserLink - - -
dbug: Microsoft.AspNetCore.Watch.BrowserRefresh.BrowserScriptMiddleware[0]
      Script injected: /_framework/aspnetcore-browser-refresh.js
info: Microsoft.AspNetCore.Hosting.Diagnostics[2]
      Request finished HTTP/2 GET https://localhost:44353/_framework/aspnetcore-browser-refresh.js - 200 16511 application/javascript;+charset=utf-8 6.5006ms
dbug: Microsoft.AspNetCore.Server.IIS.Core.IISHttpServer[1]
      Connection ID "18158513715543015502" disconnecting.
dbug: Microsoft.AspNetCore.Server.IIS.Core.IISHttpServer[1]
      Connection ID "18014398518877224983" disconnecting.
info: Microsoft.AspNetCore.Hosting.Diagnostics[2]
      Request finished HTTP/2 GET https://localhost:44353/_vs/browserLink - 200 - text/javascript;+charset=UTF-8 18.8649ms
info: Microsoft.AspNetCore.Hosting.Diagnostics[1]
      Request starting HTTP/2 POST https://localhost:44353/Resident/GetUncollectedMails - - 0
info: Microsoft.AspNetCore.Hosting.Diagnostics[1]
      Request starting HTTP/2 POST https://localhost:44353/Resident/GetUncollectedPackages - - 0
dbug: Microsoft.AspNetCore.StaticFiles.StaticFileMiddleware[1]
      POST requests are not supported
dbug: Microsoft.AspNetCore.StaticFiles.StaticFileMiddleware[1]
      POST requests are not supported
dbug: Microsoft.AspNetCore.Routing.Matching.DfaMatcher[1001]
      1 candidate(s) found for the request path '/Resident/GetUncollectedPackages'
dbug: Microsoft.AspNetCore.Routing.Matching.DfaMatcher[1001]
      1 candidate(s) found for the request path '/Resident/GetUncollectedMails'
dbug: Microsoft.AspNetCore.Routing.Matching.DfaMatcher[1005]
      Endpoint 'ParcelManagement2.Controllers.ResidentController.GetUncollectedPackages (ParcelProject)' with route pattern '{controller=Account}/{action=Login}/{id?}' is valid for the request path '/Resident/GetUncollectedPackages'
dbug: Microsoft.AspNetCore.Routing.Matching.DfaMatcher[1005]
      Endpoint 'ParcelManagement2.Controllers.ResidentController.GetUncollectedMails (ParcelProject)' with route pattern '{controller=Account}/{action=Login}/{id?}' is valid for the request path '/Resident/GetUncollectedMails'
dbug: Microsoft.AspNetCore.Routing.EndpointRoutingMiddleware[1]
      Request matched endpoint 'ParcelManagement2.Controllers.ResidentController.GetUncollectedPackages (ParcelProject)'
dbug: Microsoft.AspNetCore.Routing.EndpointRoutingMiddleware[1]
      Request matched endpoint 'ParcelManagement2.Controllers.ResidentController.GetUncollectedMails (ParcelProject)'
dbug: Microsoft.AspNetCore.Authentication.Cookies.CookieAuthenticationHandler[8]
      AuthenticationScheme: Cookies was successfully authenticated.
dbug: Microsoft.AspNetCore.Authentication.Cookies.CookieAuthenticationHandler[8]
      AuthenticationScheme: Cookies was successfully authenticated.
dbug: Microsoft.AspNetCore.Authorization.DefaultAuthorizationService[1]
      Authorization was successful.
dbug: Microsoft.AspNetCore.Authorization.DefaultAuthorizationService[1]
      Authorization was successful.
info: Microsoft.AspNetCore.Routing.EndpointMiddleware[0]
      Executing endpoint 'ParcelManagement2.Controllers.ResidentController.GetUncollectedMails (ParcelProject)'
info: Microsoft.AspNetCore.Routing.EndpointMiddleware[0]
      Executing endpoint 'ParcelManagement2.Controllers.ResidentController.GetUncollectedPackages (ParcelProject)'
info: Microsoft.AspNetCore.Mvc.Infrastructure.ControllerActionInvoker[102]
      Route matched with {action = "GetUncollectedPackages", controller = "Resident"}. Executing controller action with signature Microsoft.AspNetCore.Mvc.IActionResult GetUncollectedPackages() on controller ParcelManagement2.Controllers.ResidentController (ParcelProject).
info: Microsoft.AspNetCore.Mvc.Infrastructure.ControllerActionInvoker[102]
      Route matched with {action = "GetUncollectedMails", controller = "Resident"}. Executing controller action with signature Microsoft.AspNetCore.Mvc.IActionResult GetUncollectedMails() on controller ParcelManagement2.Controllers.ResidentController (ParcelProject).
dbug: Microsoft.AspNetCore.Mvc.Infrastructure.ControllerActionInvoker[1]
      Execution plan of authorization filters (in the following order): None
dbug: Microsoft.AspNetCore.Mvc.Infrastructure.ControllerActionInvoker[1]
      Execution plan of authorization filters (in the following order): None
dbug: Microsoft.AspNetCore.Mvc.Infrastructure.ControllerActionInvoker[1]
      Execution plan of resource filters (in the following order): Microsoft.AspNetCore.Mvc.ViewFeatures.Filters.SaveTempDataFilter
dbug: Microsoft.AspNetCore.Mvc.Infrastructure.ControllerActionInvoker[1]
      Execution plan of resource filters (in the following order): Microsoft.AspNetCore.Mvc.ViewFeatures.Filters.SaveTempDataFilter
dbug: Microsoft.AspNetCore.Mvc.Infrastructure.ControllerActionInvoker[1]
      Execution plan of action filters (in the following order): Microsoft.AspNetCore.Mvc.Filters.ControllerActionFilter (Order: -2147483648), Microsoft.AspNetCore.Mvc.ModelBinding.UnsupportedContentTypeFilter (Order: -3000)
dbug: Microsoft.AspNetCore.Mvc.Infrastructure.ControllerActionInvoker[1]
      Execution plan of action filters (in the following order): Microsoft.AspNetCore.Mvc.Filters.ControllerActionFilter (Order: -2147483648), Microsoft.AspNetCore.Mvc.ModelBinding.UnsupportedContentTypeFilter (Order: -3000)
dbug: Microsoft.AspNetCore.Mvc.Infrastructure.ControllerActionInvoker[1]
      Execution plan of exception filters (in the following order): None
dbug: Microsoft.AspNetCore.Mvc.Infrastructure.ControllerActionInvoker[1]
      Execution plan of exception filters (in the following order): None
dbug: Microsoft.AspNetCore.Mvc.Infrastructure.ControllerActionInvoker[1]
      Execution plan of result filters (in the following order): Microsoft.AspNetCore.Mvc.ViewFeatures.Filters.SaveTempDataFilter
dbug: Microsoft.AspNetCore.Mvc.Infrastructure.ControllerActionInvoker[1]
      Execution plan of result filters (in the following order): Microsoft.AspNetCore.Mvc.ViewFeatures.Filters.SaveTempDataFilter
dbug: Microsoft.AspNetCore.Mvc.Infrastructure.ControllerActionInvoker[1]
      Executing controller factory for controller ParcelManagement2.Controllers.ResidentController (ParcelProject)
dbug: Microsoft.AspNetCore.Mvc.Infrastructure.ControllerActionInvoker[1]
      Executing controller factory for controller ParcelManagement2.Controllers.ResidentController (ParcelProject)
dbug: ParcelManagement2.Models.DBConn[0]
      資料庫連線字串已設定
dbug: ParcelManagement2.Models.DBConn[0]
      資料庫連線字串已設定
dbug: Microsoft.AspNetCore.Mvc.Infrastructure.ControllerActionInvoker[2]
      Executed controller factory for controller ParcelManagement2.Controllers.ResidentController (ParcelProject)
dbug: Microsoft.AspNetCore.Mvc.Infrastructure.ControllerActionInvoker[2]
      Executed controller factory for controller ParcelManagement2.Controllers.ResidentController (ParcelProject)
dbug: Microsoft.AspNetCore.Session.DistributedSession[4]
      Session loaded; Key:af4b246d-2115-b388-80e3-107beb877c2c, Id:29866fd1-4c5c-8670-601a-850b37480daa, Count:1
dbug: ParcelManagement2.Models.DBConn[0]
      查詢成功，返回 7 行數據
info: Microsoft.AspNetCore.Mvc.Infrastructure.ContentResultExecutor[1]
      Executing ContentResult with HTTP Response ContentType of application/json
info: Microsoft.AspNetCore.Mvc.Infrastructure.ControllerActionInvoker[105]
      Executed action ParcelManagement2.Controllers.ResidentController.GetUncollectedPackages (ParcelProject) in 55.5832ms
info: Microsoft.AspNetCore.Routing.EndpointMiddleware[1]
      Executed endpoint 'ParcelManagement2.Controllers.ResidentController.GetUncollectedPackages (ParcelProject)'
info: Microsoft.AspNetCore.Hosting.Diagnostics[2]
      Request finished HTTP/2 POST https://localhost:44353/Resident/GetUncollectedPackages - 200 876 application/json 99.8002ms
dbug: Microsoft.AspNetCore.Server.IIS.Core.IISHttpServer[1]
      Connection ID "18374686540606472487" disconnecting.
dbug: Microsoft.AspNetCore.Session.DistributedSession[4]
      Session loaded; Key:af4b246d-2115-b388-80e3-107beb877c2c, Id:29866fd1-4c5c-8670-601a-850b37480daa, Count:1
dbug: ParcelManagement2.Models.DBConn[0]
      查詢成功，返回 0 行數據
info: Microsoft.AspNetCore.Mvc.Infrastructure.ContentResultExecutor[1]
      Executing ContentResult with HTTP Response ContentType of application/json
info: Microsoft.AspNetCore.Mvc.Infrastructure.ControllerActionInvoker[105]
      Executed action ParcelManagement2.Controllers.ResidentController.GetUncollectedMails (ParcelProject) in 130.0998ms
info: Microsoft.AspNetCore.Routing.EndpointMiddleware[1]
      Executed endpoint 'ParcelManagement2.Controllers.ResidentController.GetUncollectedMails (ParcelProject)'
info: Microsoft.AspNetCore.Hosting.Diagnostics[2]
      Request finished HTTP/2 POST https://localhost:44353/Resident/GetUncollectedMails - 200 2 application/json 177.7769ms
dbug: Microsoft.AspNetCore.Server.IIS.Core.IISHttpServer[1]
      Connection ID "18302628946568544468" disconnecting.
info: Microsoft.AspNetCore.Hosting.Diagnostics[1]
      Request starting HTTP/2 GET https://localhost:44353/Resident/Edit - - -
dbug: Microsoft.AspNetCore.StaticFiles.StaticFileMiddleware[4]
      The request path /Resident/Edit does not match a supported file type
dbug: Microsoft.AspNetCore.Routing.Matching.DfaMatcher[1001]
      1 candidate(s) found for the request path '/Resident/Edit'
dbug: Microsoft.AspNetCore.Routing.Matching.DfaMatcher[1005]
      Endpoint 'ParcelManagement2.Controllers.ResidentController.Edit (ParcelProject)' with route pattern '{controller=Account}/{action=Login}/{id?}' is valid for the request path '/Resident/Edit'
dbug: Microsoft.AspNetCore.Routing.EndpointRoutingMiddleware[1]
      Request matched endpoint 'ParcelManagement2.Controllers.ResidentController.Edit (ParcelProject)'
dbug: Microsoft.AspNetCore.Authentication.Cookies.CookieAuthenticationHandler[8]
      AuthenticationScheme: Cookies was successfully authenticated.
dbug: Microsoft.AspNetCore.Authorization.DefaultAuthorizationService[1]
      Authorization was successful.
info: Microsoft.AspNetCore.Routing.EndpointMiddleware[0]
      Executing endpoint 'ParcelManagement2.Controllers.ResidentController.Edit (ParcelProject)'
info: Microsoft.AspNetCore.Mvc.Infrastructure.ControllerActionInvoker[102]
      Route matched with {action = "Edit", controller = "Resident"}. Executing controller action with signature Microsoft.AspNetCore.Mvc.IActionResult Edit() on controller ParcelManagement2.Controllers.ResidentController (ParcelProject).
dbug: Microsoft.AspNetCore.Mvc.Infrastructure.ControllerActionInvoker[1]
      Execution plan of authorization filters (in the following order): None
dbug: Microsoft.AspNetCore.Mvc.Infrastructure.ControllerActionInvoker[1]
      Execution plan of resource filters (in the following order): Microsoft.AspNetCore.Mvc.ViewFeatures.Filters.SaveTempDataFilter
dbug: Microsoft.AspNetCore.Mvc.Infrastructure.ControllerActionInvoker[1]
      Execution plan of action filters (in the following order): Microsoft.AspNetCore.Mvc.Filters.ControllerActionFilter (Order: -2147483648), Microsoft.AspNetCore.Mvc.ModelBinding.UnsupportedContentTypeFilter (Order: -3000)
dbug: Microsoft.AspNetCore.Mvc.Infrastructure.ControllerActionInvoker[1]
      Execution plan of exception filters (in the following order): None
dbug: Microsoft.AspNetCore.Mvc.Infrastructure.ControllerActionInvoker[1]
      Execution plan of result filters (in the following order): Microsoft.AspNetCore.Mvc.ViewFeatures.Filters.SaveTempDataFilter
dbug: Microsoft.AspNetCore.Mvc.Infrastructure.ControllerActionInvoker[1]
      Executing controller factory for controller ParcelManagement2.Controllers.ResidentController (ParcelProject)
dbug: ParcelManagement2.Models.DBConn[0]
      資料庫連線字串已設定
dbug: Microsoft.AspNetCore.Mvc.Infrastructure.ControllerActionInvoker[2]
      Executed controller factory for controller ParcelManagement2.Controllers.ResidentController (ParcelProject)
dbug: Microsoft.AspNetCore.Session.DistributedSession[4]
      Session loaded; Key:af4b246d-2115-b388-80e3-107beb877c2c, Id:29866fd1-4c5c-8670-601a-850b37480daa, Count:1
dbug: ParcelManagement2.Models.DBConn[0]
      查詢成功，返回 1 行數據
dbug: ParcelManagement2.Models.DBConn[0]
      查詢成功，返回 1 行數據
dbug: Microsoft.AspNetCore.Mvc.Razor.RazorViewEngine[1]
      View lookup cache miss for view 'Edit' in controller 'Resident'.
info: Microsoft.AspNetCore.Mvc.ViewFeatures.ViewResultExecutor[1]
      Executing ViewResult, running view Edit.
dbug: Microsoft.AspNetCore.Mvc.ViewFeatures.ViewResultExecutor[2]
      The view path '/Views/Resident/Edit.cshtml' was found in 6.8681ms.
dbug: Microsoft.AspNetCore.Antiforgery.DefaultAntiforgery[6]
      An antiforgery cookie token was reused.
dbug: Microsoft.AspNetCore.Antiforgery.DefaultAntiforgery[6]
      An antiforgery cookie token was reused.
dbug: Microsoft.WebTools.BrowserLink.Net.BrowserLinkMiddleware[1]
      Response markup is scheduled to include Browser Link script injection.
dbug: Microsoft.AspNetCore.Watch.BrowserRefresh.BrowserRefreshMiddleware[1]
      Response markup is scheduled to include browser refresh script injection.
info: Microsoft.AspNetCore.Mvc.ViewFeatures.ViewResultExecutor[4]
      Executed ViewResult - view Edit executed in 29.0923ms.
info: Microsoft.AspNetCore.Mvc.Infrastructure.ControllerActionInvoker[105]
      Executed action ParcelManagement2.Controllers.ResidentController.Edit (ParcelProject) in 124.7168ms
info: Microsoft.AspNetCore.Routing.EndpointMiddleware[1]
      Executed endpoint 'ParcelManagement2.Controllers.ResidentController.Edit (ParcelProject)'
dbug: Microsoft.WebTools.BrowserLink.Net.BrowserLinkMiddleware[2]
      Response markup was updated to include Browser Link script injection.
dbug: Microsoft.AspNetCore.Watch.BrowserRefresh.BrowserRefreshMiddleware[2]
      Response markup was updated to include browser refresh script injection.
dbug: Microsoft.AspNetCore.Server.IIS.Core.IISHttpServer[1]
      Connection ID "18086456104325218440" disconnecting.
info: Microsoft.AspNetCore.Hosting.Diagnostics[2]
      Request finished HTTP/2 GET https://localhost:44353/Resident/Edit - 200 - text/html;+charset=utf-8 207.1802ms
info: Microsoft.AspNetCore.Hosting.Diagnostics[1]
      Request starting HTTP/2 GET https://localhost:44353/_framework/aspnetcore-browser-refresh.js - - -
info: Microsoft.AspNetCore.Hosting.Diagnostics[1]
      Request starting HTTP/2 GET https://localhost:44353/_vs/browserLink - - -
dbug: Microsoft.AspNetCore.Watch.BrowserRefresh.BrowserScriptMiddleware[0]
      Script injected: /_framework/aspnetcore-browser-refresh.js
info: Microsoft.AspNetCore.Hosting.Diagnostics[2]
      Request finished HTTP/2 GET https://localhost:44353/_framework/aspnetcore-browser-refresh.js - 200 16511 application/javascript;+charset=utf-8 15.9201ms
dbug: Microsoft.AspNetCore.Server.IIS.Core.IISHttpServer[1]
      Connection ID "18158513715543015504" disconnecting.
dbug: Microsoft.AspNetCore.Server.IIS.Core.IISHttpServer[1]
      Connection ID "17726168168495317029" disconnecting.
info: Microsoft.AspNetCore.Hosting.Diagnostics[2]
      Request finished HTTP/2 GET https://localhost:44353/_vs/browserLink - 200 - text/javascript;+charset=UTF-8 52.3376ms
info: Microsoft.AspNetCore.Hosting.Diagnostics[1]
      Request starting HTTP/2 POST https://localhost:44353/Resident/SavePhotos - multipart/form-data;+boundary=----WebKitFormBoundaryCoCZtuZ9WTAiOvJx 3213749
dbug: Microsoft.AspNetCore.StaticFiles.StaticFileMiddleware[1]
      POST requests are not supported
dbug: Microsoft.AspNetCore.Routing.Matching.DfaMatcher[1001]
      1 candidate(s) found for the request path '/Resident/SavePhotos'
dbug: Microsoft.AspNetCore.Routing.Matching.DfaMatcher[1005]
      Endpoint 'ParcelManagement2.Controllers.ResidentController.SavePhotos (ParcelProject)' with route pattern '{controller=Account}/{action=Login}/{id?}' is valid for the request path '/Resident/SavePhotos'
dbug: Microsoft.AspNetCore.Routing.EndpointRoutingMiddleware[1]
      Request matched endpoint 'ParcelManagement2.Controllers.ResidentController.SavePhotos (ParcelProject)'
dbug: Microsoft.AspNetCore.Authentication.Cookies.CookieAuthenticationHandler[8]
      AuthenticationScheme: Cookies was successfully authenticated.
dbug: Microsoft.AspNetCore.Authorization.DefaultAuthorizationService[1]
      Authorization was successful.
info: Microsoft.AspNetCore.Routing.EndpointMiddleware[0]
      Executing endpoint 'ParcelManagement2.Controllers.ResidentController.SavePhotos (ParcelProject)'
info: Microsoft.AspNetCore.Mvc.Infrastructure.ControllerActionInvoker[102]
      Route matched with {action = "SavePhotos", controller = "Resident"}. Executing controller action with signature System.Threading.Tasks.Task`1[Microsoft.AspNetCore.Mvc.IActionResult] SavePhotos(System.Collections.Generic.List`1[Microsoft.AspNetCore.Http.IFormFile]) on controller ParcelManagement2.Controllers.ResidentController (ParcelProject).
dbug: Microsoft.AspNetCore.Mvc.Infrastructure.ControllerActionInvoker[1]
      Execution plan of authorization filters (in the following order): Microsoft.AspNetCore.Mvc.ViewFeatures.Filters.ValidateAntiforgeryTokenAuthorizationFilter
dbug: Microsoft.AspNetCore.Mvc.Infrastructure.ControllerActionInvoker[1]
      Execution plan of resource filters (in the following order): Microsoft.AspNetCore.Mvc.ViewFeatures.Filters.SaveTempDataFilter
dbug: Microsoft.AspNetCore.Mvc.Infrastructure.ControllerActionInvoker[1]
      Execution plan of action filters (in the following order): Microsoft.AspNetCore.Mvc.Filters.ControllerActionFilter (Order: -2147483648), Microsoft.AspNetCore.Mvc.ModelBinding.UnsupportedContentTypeFilter (Order: -3000)
dbug: Microsoft.AspNetCore.Mvc.Infrastructure.ControllerActionInvoker[1]
      Execution plan of exception filters (in the following order): None
dbug: Microsoft.AspNetCore.Mvc.Infrastructure.ControllerActionInvoker[1]
      Execution plan of result filters (in the following order): Microsoft.AspNetCore.Mvc.ViewFeatures.Filters.SaveTempDataFilter
dbug: Microsoft.AspNetCore.Antiforgery.DefaultAntiforgery[2]
      Antiforgery successfully validated a request.
dbug: Microsoft.AspNetCore.Mvc.Infrastructure.ControllerActionInvoker[1]
      Executing controller factory for controller ParcelManagement2.Controllers.ResidentController (ParcelProject)
dbug: ParcelManagement2.Models.DBConn[0]
      資料庫連線字串已設定
dbug: Microsoft.AspNetCore.Mvc.Infrastructure.ControllerActionInvoker[2]
      Executed controller factory for controller ParcelManagement2.Controllers.ResidentController (ParcelProject)
dbug: Microsoft.AspNetCore.Mvc.ModelBinding.ParameterBinder[22]
      Attempting to bind parameter 'photos' of type 'System.Collections.Generic.List`1[Microsoft.AspNetCore.Http.IFormFile]' ...
dbug: Microsoft.AspNetCore.Mvc.ModelBinding.Binders.FormFileModelBinder[44]
      Attempting to bind parameter 'photos' of type 'System.Collections.Generic.List`1[Microsoft.AspNetCore.Http.IFormFile]' using the name 'photos' in request data ...
dbug: Microsoft.AspNetCore.Mvc.ModelBinding.Binders.FormFileModelBinder[45]
      Done attempting to bind parameter 'photos' of type 'System.Collections.Generic.List`1[Microsoft.AspNetCore.Http.IFormFile]'.
dbug: Microsoft.AspNetCore.Mvc.ModelBinding.ParameterBinder[23]
      Done attempting to bind parameter 'photos' of type 'System.Collections.Generic.List`1[Microsoft.AspNetCore.Http.IFormFile]'.
dbug: Microsoft.AspNetCore.Mvc.ModelBinding.ParameterBinder[26]
      Attempting to validate the bound parameter 'photos' of type 'System.Collections.Generic.List`1[Microsoft.AspNetCore.Http.IFormFile]' ...
dbug: Microsoft.AspNetCore.Mvc.ModelBinding.ParameterBinder[27]
      Done attempting to validate the bound parameter 'photos' of type 'System.Collections.Generic.List`1[Microsoft.AspNetCore.Http.IFormFile]'.
dbug: Microsoft.AspNetCore.Session.DistributedSession[4]
      Session loaded; Key:af4b246d-2115-b388-80e3-107beb877c2c, Id:29866fd1-4c5c-8670-601a-850b37480daa, Count:1
dbug: ParcelManagement2.Models.DBConn[0]
      查詢成功，返回 1 行數據
dbug: ParcelManagement2.Models.DBConn[0]
      查詢成功，返回 1 行數據
dbug: ParcelManagement2.Models.DBConn[0]
      查詢成功，返回 1 行數據
dbug: ParcelManagement2.Models.DBConn[0]
      查詢成功，返回 1 行數據
dbug: ParcelManagement2.Models.DBConn[0]
      SQL 執行成功，影響 1 行
dbug: ParcelManagement2.Models.DBConn[0]
      查詢成功，返回 1 行數據
info: Microsoft.AspNetCore.Mvc.Infrastructure.SystemTextJsonResultExecutor[1]
      Executing JsonResult, writing value of type '<>f__AnonymousType19`3[[System.Boolean, System.Private.CoreLib, Version=8.0.0.0, Culture=neutral, PublicKeyToken=7cec85d7bea7798e],[System.String, System.Private.CoreLib, Version=8.0.0.0, Culture=neutral, PublicKeyToken=7cec85d7bea7798e],[System.Collections.Generic.List`1[[System.String, System.Private.CoreLib, Version=8.0.0.0, Culture=neutral, PublicKeyToken=7cec85d7bea7798e]], System.Private.CoreLib, Version=8.0.0.0, Culture=neutral, PublicKeyToken=7cec85d7bea7798e]]'.
info: Microsoft.AspNetCore.Mvc.Infrastructure.ControllerActionInvoker[105]
      Executed action ParcelManagement2.Controllers.ResidentController.SavePhotos (ParcelProject) in 1368.5551ms
info: Microsoft.AspNetCore.Routing.EndpointMiddleware[1]
      Executed endpoint 'ParcelManagement2.Controllers.ResidentController.SavePhotos (ParcelProject)'
dbug: Microsoft.AspNetCore.Server.IIS.Core.IISHttpServer[1]
      Connection ID "18158513732722884978" disconnecting.
info: Microsoft.AspNetCore.Hosting.Diagnostics[2]
      Request finished HTTP/2 POST https://localhost:44353/Resident/SavePhotos - 200 - application/json;+charset=utf-8 1428.8704ms
info: Microsoft.AspNetCore.Hosting.Diagnostics[1]
      Request starting HTTP/2 GET https://localhost:44353/Resident/Home - - -
dbug: Microsoft.AspNetCore.StaticFiles.StaticFileMiddleware[4]
      The request path /Resident/Home does not match a supported file type
dbug: Microsoft.AspNetCore.Routing.Matching.DfaMatcher[1001]
      1 candidate(s) found for the request path '/Resident/Home'
dbug: Microsoft.AspNetCore.Routing.Matching.DfaMatcher[1005]
      Endpoint 'ParcelManagement2.Controllers.ResidentController.Home (ParcelProject)' with route pattern '{controller=Account}/{action=Login}/{id?}' is valid for the request path '/Resident/Home'
dbug: Microsoft.AspNetCore.Routing.EndpointRoutingMiddleware[1]
      Request matched endpoint 'ParcelManagement2.Controllers.ResidentController.Home (ParcelProject)'
dbug: Microsoft.AspNetCore.Authentication.Cookies.CookieAuthenticationHandler[8]
      AuthenticationScheme: Cookies was successfully authenticated.
dbug: Microsoft.AspNetCore.Authorization.DefaultAuthorizationService[1]
      Authorization was successful.
info: Microsoft.AspNetCore.Routing.EndpointMiddleware[0]
      Executing endpoint 'ParcelManagement2.Controllers.ResidentController.Home (ParcelProject)'
info: Microsoft.AspNetCore.Mvc.Infrastructure.ControllerActionInvoker[102]
      Route matched with {action = "Home", controller = "Resident"}. Executing controller action with signature Microsoft.AspNetCore.Mvc.IActionResult Home() on controller ParcelManagement2.Controllers.ResidentController (ParcelProject).
dbug: Microsoft.AspNetCore.Mvc.Infrastructure.ControllerActionInvoker[1]
      Execution plan of authorization filters (in the following order): None
dbug: Microsoft.AspNetCore.Mvc.Infrastructure.ControllerActionInvoker[1]
      Execution plan of resource filters (in the following order): Microsoft.AspNetCore.Mvc.ViewFeatures.Filters.SaveTempDataFilter
dbug: Microsoft.AspNetCore.Mvc.Infrastructure.ControllerActionInvoker[1]
      Execution plan of action filters (in the following order): Microsoft.AspNetCore.Mvc.Filters.ControllerActionFilter (Order: -2147483648), Microsoft.AspNetCore.Mvc.ModelBinding.UnsupportedContentTypeFilter (Order: -3000)
dbug: Microsoft.AspNetCore.Mvc.Infrastructure.ControllerActionInvoker[1]
      Execution plan of exception filters (in the following order): None
dbug: Microsoft.AspNetCore.Mvc.Infrastructure.ControllerActionInvoker[1]
      Execution plan of result filters (in the following order): Microsoft.AspNetCore.Mvc.ViewFeatures.Filters.SaveTempDataFilter
dbug: Microsoft.AspNetCore.Mvc.Infrastructure.ControllerActionInvoker[1]
      Executing controller factory for controller ParcelManagement2.Controllers.ResidentController (ParcelProject)
dbug: ParcelManagement2.Models.DBConn[0]
      資料庫連線字串已設定
dbug: Microsoft.AspNetCore.Mvc.Infrastructure.ControllerActionInvoker[2]
      Executed controller factory for controller ParcelManagement2.Controllers.ResidentController (ParcelProject)
dbug: ParcelManagement2.Models.DBConn[0]
      查詢成功，返回 1 行數據
dbug: Microsoft.AspNetCore.Session.DistributedSession[4]
      Session loaded; Key:af4b246d-2115-b388-80e3-107beb877c2c, Id:29866fd1-4c5c-8670-601a-850b37480daa, Count:1
dbug: ParcelManagement2.Models.DBConn[0]
      查詢成功，返回 1 行數據
dbug: Microsoft.AspNetCore.Mvc.Razor.RazorViewEngine[2]
      View lookup cache hit for view 'Home' in controller 'Resident'.
info: Microsoft.AspNetCore.Mvc.ViewFeatures.ViewResultExecutor[1]
      Executing ViewResult, running view Home.
dbug: Microsoft.AspNetCore.Mvc.ViewFeatures.ViewResultExecutor[2]
      The view path '/Views/Resident/Home.cshtml' was found in 8.0915ms.
dbug: Microsoft.AspNetCore.Antiforgery.DefaultAntiforgery[6]
      An antiforgery cookie token was reused.
dbug: Microsoft.WebTools.BrowserLink.Net.BrowserLinkMiddleware[1]
      Response markup is scheduled to include Browser Link script injection.
dbug: Microsoft.AspNetCore.Watch.BrowserRefresh.BrowserRefreshMiddleware[1]
      Response markup is scheduled to include browser refresh script injection.
info: Microsoft.AspNetCore.Mvc.ViewFeatures.ViewResultExecutor[4]
      Executed ViewResult - view Home executed in 19.9678ms.
info: Microsoft.AspNetCore.Mvc.Infrastructure.ControllerActionInvoker[105]
      Executed action ParcelManagement2.Controllers.ResidentController.Home (ParcelProject) in 110.4453ms
info: Microsoft.AspNetCore.Routing.EndpointMiddleware[1]
      Executed endpoint 'ParcelManagement2.Controllers.ResidentController.Home (ParcelProject)'
dbug: Microsoft.WebTools.BrowserLink.Net.BrowserLinkMiddleware[2]
      Response markup was updated to include Browser Link script injection.
dbug: Microsoft.AspNetCore.Watch.BrowserRefresh.BrowserRefreshMiddleware[2]
      Response markup was updated to include browser refresh script injection.
dbug: Microsoft.AspNetCore.Server.IIS.Core.IISHttpServer[1]
      Connection ID "17942340959199035574" disconnecting.
info: Microsoft.AspNetCore.Hosting.Diagnostics[2]
      Request finished HTTP/2 GET https://localhost:44353/Resident/Home - 200 - text/html;+charset=utf-8 194.2256ms
info: Microsoft.AspNetCore.Hosting.Diagnostics[1]
      Request starting HTTP/2 GET https://localhost:44353/_vs/browserLink - - -
info: Microsoft.AspNetCore.Hosting.Diagnostics[1]
      Request starting HTTP/2 POST https://localhost:44353/Resident/GetUncollectedMails - - 0
info: Microsoft.AspNetCore.Hosting.Diagnostics[1]
      Request starting HTTP/2 POST https://localhost:44353/Resident/GetUncollectedPackages - - 0
info: Microsoft.AspNetCore.Hosting.Diagnostics[1]
      Request starting HTTP/2 GET https://localhost:44353/_framework/aspnetcore-browser-refresh.js - - -
dbug: Microsoft.AspNetCore.StaticFiles.StaticFileMiddleware[1]
      POST requests are not supported
dbug: Microsoft.AspNetCore.Watch.BrowserRefresh.BrowserScriptMiddleware[0]
      Script injected: /_framework/aspnetcore-browser-refresh.js
dbug: Microsoft.AspNetCore.StaticFiles.StaticFileMiddleware[1]
      POST requests are not supported
dbug: Microsoft.AspNetCore.Server.IIS.Core.IISHttpServer[1]
      Connection ID "18158513706953080857" disconnecting.
info: Microsoft.AspNetCore.Hosting.Diagnostics[2]
      Request finished HTTP/2 GET https://localhost:44353/_framework/aspnetcore-browser-refresh.js - 200 16511 application/javascript;+charset=utf-8 54.3361ms
dbug: Microsoft.AspNetCore.Routing.Matching.DfaMatcher[1001]
      1 candidate(s) found for the request path '/Resident/GetUncollectedPackages'
dbug: Microsoft.AspNetCore.Routing.Matching.DfaMatcher[1005]
      Endpoint 'ParcelManagement2.Controllers.ResidentController.GetUncollectedPackages (ParcelProject)' with route pattern '{controller=Account}/{action=Login}/{id?}' is valid for the request path '/Resident/GetUncollectedPackages'
dbug: Microsoft.AspNetCore.Routing.EndpointRoutingMiddleware[1]
      Request matched endpoint 'ParcelManagement2.Controllers.ResidentController.GetUncollectedPackages (ParcelProject)'
dbug: Microsoft.AspNetCore.Authentication.Cookies.CookieAuthenticationHandler[8]
      AuthenticationScheme: Cookies was successfully authenticated.
dbug: Microsoft.AspNetCore.Server.IIS.Core.IISHttpServer[1]
      Connection ID "18230571300991009010" disconnecting.
dbug: Microsoft.AspNetCore.Authorization.DefaultAuthorizationService[1]
      Authorization was successful.
info: Microsoft.AspNetCore.Hosting.Diagnostics[2]
      Request finished HTTP/2 GET https://localhost:44353/_vs/browserLink - 200 - text/javascript;+charset=UTF-8 90.2530ms
info: Microsoft.AspNetCore.Routing.EndpointMiddleware[0]
      Executing endpoint 'ParcelManagement2.Controllers.ResidentController.GetUncollectedPackages (ParcelProject)'
info: Microsoft.AspNetCore.Mvc.Infrastructure.ControllerActionInvoker[102]
      Route matched with {action = "GetUncollectedPackages", controller = "Resident"}. Executing controller action with signature Microsoft.AspNetCore.Mvc.IActionResult GetUncollectedPackages() on controller ParcelManagement2.Controllers.ResidentController (ParcelProject).
dbug: Microsoft.AspNetCore.Routing.Matching.DfaMatcher[1001]
      1 candidate(s) found for the request path '/Resident/GetUncollectedMails'
dbug: Microsoft.AspNetCore.Mvc.Infrastructure.ControllerActionInvoker[1]
      Execution plan of authorization filters (in the following order): None
dbug: Microsoft.AspNetCore.Routing.Matching.DfaMatcher[1005]
      Endpoint 'ParcelManagement2.Controllers.ResidentController.GetUncollectedMails (ParcelProject)' with route pattern '{controller=Account}/{action=Login}/{id?}' is valid for the request path '/Resident/GetUncollectedMails'
dbug: Microsoft.AspNetCore.Mvc.Infrastructure.ControllerActionInvoker[1]
      Execution plan of resource filters (in the following order): Microsoft.AspNetCore.Mvc.ViewFeatures.Filters.SaveTempDataFilter
dbug: Microsoft.AspNetCore.Routing.EndpointRoutingMiddleware[1]
      Request matched endpoint 'ParcelManagement2.Controllers.ResidentController.GetUncollectedMails (ParcelProject)'
dbug: Microsoft.AspNetCore.Mvc.Infrastructure.ControllerActionInvoker[1]
      Execution plan of action filters (in the following order): Microsoft.AspNetCore.Mvc.Filters.ControllerActionFilter (Order: -2147483648), Microsoft.AspNetCore.Mvc.ModelBinding.UnsupportedContentTypeFilter (Order: -3000)
dbug: Microsoft.AspNetCore.Mvc.Infrastructure.ControllerActionInvoker[1]
      Execution plan of exception filters (in the following order): None
dbug: Microsoft.AspNetCore.Mvc.Infrastructure.ControllerActionInvoker[1]
      Execution plan of result filters (in the following order): Microsoft.AspNetCore.Mvc.ViewFeatures.Filters.SaveTempDataFilter
dbug: Microsoft.AspNetCore.Authentication.Cookies.CookieAuthenticationHandler[8]
      AuthenticationScheme: Cookies was successfully authenticated.
dbug: Microsoft.AspNetCore.Mvc.Infrastructure.ControllerActionInvoker[1]
      Executing controller factory for controller ParcelManagement2.Controllers.ResidentController (ParcelProject)
dbug: Microsoft.AspNetCore.Authorization.DefaultAuthorizationService[1]
      Authorization was successful.
dbug: ParcelManagement2.Models.DBConn[0]
      資料庫連線字串已設定
dbug: Microsoft.AspNetCore.Mvc.Infrastructure.ControllerActionInvoker[2]
      Executed controller factory for controller ParcelManagement2.Controllers.ResidentController (ParcelProject)
info: Microsoft.AspNetCore.Routing.EndpointMiddleware[0]
      Executing endpoint 'ParcelManagement2.Controllers.ResidentController.GetUncollectedMails (ParcelProject)'
info: Microsoft.AspNetCore.Mvc.Infrastructure.ControllerActionInvoker[102]
      Route matched with {action = "GetUncollectedMails", controller = "Resident"}. Executing controller action with signature Microsoft.AspNetCore.Mvc.IActionResult GetUncollectedMails() on controller ParcelManagement2.Controllers.ResidentController (ParcelProject).
dbug: Microsoft.AspNetCore.Mvc.Infrastructure.ControllerActionInvoker[1]
      Execution plan of authorization filters (in the following order): None
dbug: Microsoft.AspNetCore.Mvc.Infrastructure.ControllerActionInvoker[1]
      Execution plan of resource filters (in the following order): Microsoft.AspNetCore.Mvc.ViewFeatures.Filters.SaveTempDataFilter
dbug: Microsoft.AspNetCore.Mvc.Infrastructure.ControllerActionInvoker[1]
      Execution plan of action filters (in the following order): Microsoft.AspNetCore.Mvc.Filters.ControllerActionFilter (Order: -2147483648), Microsoft.AspNetCore.Mvc.ModelBinding.UnsupportedContentTypeFilter (Order: -3000)
dbug: Microsoft.AspNetCore.Mvc.Infrastructure.ControllerActionInvoker[1]
      Execution plan of exception filters (in the following order): None
dbug: Microsoft.AspNetCore.Mvc.Infrastructure.ControllerActionInvoker[1]
      Execution plan of result filters (in the following order): Microsoft.AspNetCore.Mvc.ViewFeatures.Filters.SaveTempDataFilter
dbug: Microsoft.AspNetCore.Mvc.Infrastructure.ControllerActionInvoker[1]
      Executing controller factory for controller ParcelManagement2.Controllers.ResidentController (ParcelProject)
dbug: Microsoft.AspNetCore.Session.DistributedSession[4]
      Session loaded; Key:af4b246d-2115-b388-80e3-107beb877c2c, Id:29866fd1-4c5c-8670-601a-850b37480daa, Count:1
dbug: ParcelManagement2.Models.DBConn[0]
      資料庫連線字串已設定
dbug: Microsoft.AspNetCore.Mvc.Infrastructure.ControllerActionInvoker[2]
      Executed controller factory for controller ParcelManagement2.Controllers.ResidentController (ParcelProject)
dbug: Microsoft.AspNetCore.Session.DistributedSession[4]
      Session loaded; Key:af4b246d-2115-b388-80e3-107beb877c2c, Id:29866fd1-4c5c-8670-601a-850b37480daa, Count:1
dbug: ParcelManagement2.Models.DBConn[0]
      查詢成功，返回 7 行數據
info: Microsoft.AspNetCore.Mvc.Infrastructure.ContentResultExecutor[1]
      Executing ContentResult with HTTP Response ContentType of application/json
info: Microsoft.AspNetCore.Mvc.Infrastructure.ControllerActionInvoker[105]
      Executed action ParcelManagement2.Controllers.ResidentController.GetUncollectedPackages (ParcelProject) in 75.1511ms
info: Microsoft.AspNetCore.Routing.EndpointMiddleware[1]
      Executed endpoint 'ParcelManagement2.Controllers.ResidentController.GetUncollectedPackages (ParcelProject)'
info: Microsoft.AspNetCore.Hosting.Diagnostics[2]
      Request finished HTTP/2 POST https://localhost:44353/Resident/GetUncollectedPackages - 200 876 application/json 195.1083ms
dbug: Microsoft.AspNetCore.Server.IIS.Core.IISHttpServer[1]
      Connection ID "18014398518877224987" disconnecting.
dbug: ParcelManagement2.Models.DBConn[0]
      查詢成功，返回 0 行數據
info: Microsoft.AspNetCore.Mvc.Infrastructure.ContentResultExecutor[1]
      Executing ContentResult with HTTP Response ContentType of application/json
info: Microsoft.AspNetCore.Mvc.Infrastructure.ControllerActionInvoker[105]
      Executed action ParcelManagement2.Controllers.ResidentController.GetUncollectedMails (ParcelProject) in 60.2012ms
info: Microsoft.AspNetCore.Routing.EndpointMiddleware[1]
      Executed endpoint 'ParcelManagement2.Controllers.ResidentController.GetUncollectedMails (ParcelProject)'
info: Microsoft.AspNetCore.Hosting.Diagnostics[2]
      Request finished HTTP/2 POST https://localhost:44353/Resident/GetUncollectedMails - 200 2 application/json 216.1266ms
dbug: Microsoft.AspNetCore.Server.IIS.Core.IISHttpServer[1]
      Connection ID "18374686489066864828" disconnecting.
info: Microsoft.AspNetCore.Hosting.Diagnostics[1]
      Request starting HTTP/2 GET https://localhost:44353/Resident/Edit - - -
dbug: Microsoft.AspNetCore.StaticFiles.StaticFileMiddleware[4]
      The request path /Resident/Edit does not match a supported file type
dbug: Microsoft.AspNetCore.Routing.Matching.DfaMatcher[1001]
      1 candidate(s) found for the request path '/Resident/Edit'
dbug: Microsoft.AspNetCore.Routing.Matching.DfaMatcher[1005]
      Endpoint 'ParcelManagement2.Controllers.ResidentController.Edit (ParcelProject)' with route pattern '{controller=Account}/{action=Login}/{id?}' is valid for the request path '/Resident/Edit'
dbug: Microsoft.AspNetCore.Routing.EndpointRoutingMiddleware[1]
      Request matched endpoint 'ParcelManagement2.Controllers.ResidentController.Edit (ParcelProject)'
dbug: Microsoft.AspNetCore.Authentication.Cookies.CookieAuthenticationHandler[8]
      AuthenticationScheme: Cookies was successfully authenticated.
dbug: Microsoft.AspNetCore.Authorization.DefaultAuthorizationService[1]
      Authorization was successful.
info: Microsoft.AspNetCore.Routing.EndpointMiddleware[0]
      Executing endpoint 'ParcelManagement2.Controllers.ResidentController.Edit (ParcelProject)'
info: Microsoft.AspNetCore.Mvc.Infrastructure.ControllerActionInvoker[102]
      Route matched with {action = "Edit", controller = "Resident"}. Executing controller action with signature Microsoft.AspNetCore.Mvc.IActionResult Edit() on controller ParcelManagement2.Controllers.ResidentController (ParcelProject).
dbug: Microsoft.AspNetCore.Mvc.Infrastructure.ControllerActionInvoker[1]
      Execution plan of authorization filters (in the following order): None
dbug: Microsoft.AspNetCore.Mvc.Infrastructure.ControllerActionInvoker[1]
      Execution plan of resource filters (in the following order): Microsoft.AspNetCore.Mvc.ViewFeatures.Filters.SaveTempDataFilter
dbug: Microsoft.AspNetCore.Mvc.Infrastructure.ControllerActionInvoker[1]
      Execution plan of action filters (in the following order): Microsoft.AspNetCore.Mvc.Filters.ControllerActionFilter (Order: -2147483648), Microsoft.AspNetCore.Mvc.ModelBinding.UnsupportedContentTypeFilter (Order: -3000)
dbug: Microsoft.AspNetCore.Mvc.Infrastructure.ControllerActionInvoker[1]
      Execution plan of exception filters (in the following order): None
dbug: Microsoft.AspNetCore.Mvc.Infrastructure.ControllerActionInvoker[1]
      Execution plan of result filters (in the following order): Microsoft.AspNetCore.Mvc.ViewFeatures.Filters.SaveTempDataFilter
dbug: Microsoft.AspNetCore.Mvc.Infrastructure.ControllerActionInvoker[1]
      Executing controller factory for controller ParcelManagement2.Controllers.ResidentController (ParcelProject)
dbug: ParcelManagement2.Models.DBConn[0]
      資料庫連線字串已設定
dbug: Microsoft.AspNetCore.Mvc.Infrastructure.ControllerActionInvoker[2]
      Executed controller factory for controller ParcelManagement2.Controllers.ResidentController (ParcelProject)
dbug: Microsoft.AspNetCore.Session.DistributedSession[4]
      Session loaded; Key:af4b246d-2115-b388-80e3-107beb877c2c, Id:29866fd1-4c5c-8670-601a-850b37480daa, Count:1
dbug: ParcelManagement2.Models.DBConn[0]
      查詢成功，返回 1 行數據
dbug: ParcelManagement2.Models.DBConn[0]
      查詢成功，返回 1 行數據
dbug: Microsoft.AspNetCore.Mvc.Razor.RazorViewEngine[2]
      View lookup cache hit for view 'Edit' in controller 'Resident'.
info: Microsoft.AspNetCore.Mvc.ViewFeatures.ViewResultExecutor[1]
      Executing ViewResult, running view Edit.
dbug: Microsoft.AspNetCore.Mvc.ViewFeatures.ViewResultExecutor[2]
      The view path '/Views/Resident/Edit.cshtml' was found in 5.0621ms.
dbug: Microsoft.AspNetCore.Antiforgery.DefaultAntiforgery[6]
      An antiforgery cookie token was reused.
dbug: Microsoft.AspNetCore.Antiforgery.DefaultAntiforgery[6]
      An antiforgery cookie token was reused.
dbug: Microsoft.WebTools.BrowserLink.Net.BrowserLinkMiddleware[1]
      Response markup is scheduled to include Browser Link script injection.
dbug: Microsoft.AspNetCore.Watch.BrowserRefresh.BrowserRefreshMiddleware[1]
      Response markup is scheduled to include browser refresh script injection.
info: Microsoft.AspNetCore.Mvc.ViewFeatures.ViewResultExecutor[4]
      Executed ViewResult - view Edit executed in 92.7461ms.
info: Microsoft.AspNetCore.Mvc.Infrastructure.ControllerActionInvoker[105]
      Executed action ParcelManagement2.Controllers.ResidentController.Edit (ParcelProject) in 421.1147ms
info: Microsoft.AspNetCore.Routing.EndpointMiddleware[1]
      Executed endpoint 'ParcelManagement2.Controllers.ResidentController.Edit (ParcelProject)'
dbug: Microsoft.WebTools.BrowserLink.Net.BrowserLinkMiddleware[2]
      Response markup was updated to include Browser Link script injection.
dbug: Microsoft.AspNetCore.Watch.BrowserRefresh.BrowserRefreshMiddleware[2]
      Response markup was updated to include browser refresh script injection.
dbug: Microsoft.AspNetCore.Server.IIS.Core.IISHttpServer[1]
      Connection ID "17798225771123179592" disconnecting.
info: Microsoft.AspNetCore.Hosting.Diagnostics[2]
      Request finished HTTP/2 GET https://localhost:44353/Resident/Edit - 200 - text/html;+charset=utf-8 602.6530ms
info: Microsoft.AspNetCore.Hosting.Diagnostics[1]
      Request starting HTTP/2 GET https://localhost:44353/_vs/browserLink - - -
info: Microsoft.AspNetCore.Hosting.Diagnostics[1]
      Request starting HTTP/2 GET https://localhost:44353/_framework/aspnetcore-browser-refresh.js - - -
dbug: Microsoft.AspNetCore.Watch.BrowserRefresh.BrowserScriptMiddleware[0]
      Script injected: /_framework/aspnetcore-browser-refresh.js
info: Microsoft.AspNetCore.Hosting.Diagnostics[2]
      Request finished HTTP/2 GET https://localhost:44353/_framework/aspnetcore-browser-refresh.js - 200 16511 application/javascript;+charset=utf-8 8.5565ms
dbug: Microsoft.AspNetCore.Server.IIS.Core.IISHttpServer[1]
      Connection ID "18158513715543015506" disconnecting.
dbug: Microsoft.AspNetCore.Server.IIS.Core.IISHttpServer[1]
      Connection ID "18374686497656799391" disconnecting.
info: Microsoft.AspNetCore.Hosting.Diagnostics[2]
      Request finished HTTP/2 GET https://localhost:44353/_vs/browserLink - 200 - text/javascript;+charset=UTF-8 27.0377ms
info: Microsoft.AspNetCore.Hosting.Diagnostics[1]
      Request starting HTTP/2 POST https://localhost:44353/Resident/DeletePhoto - application/json 16
dbug: Microsoft.AspNetCore.StaticFiles.StaticFileMiddleware[1]
      POST requests are not supported
dbug: Microsoft.AspNetCore.Routing.Matching.DfaMatcher[1001]
      1 candidate(s) found for the request path '/Resident/DeletePhoto'
dbug: Microsoft.AspNetCore.Routing.Matching.DfaMatcher[1005]
      Endpoint 'ParcelManagement2.Controllers.ResidentController.DeletePhoto (ParcelProject)' with route pattern '{controller=Account}/{action=Login}/{id?}' is valid for the request path '/Resident/DeletePhoto'
dbug: Microsoft.AspNetCore.Routing.EndpointRoutingMiddleware[1]
      Request matched endpoint 'ParcelManagement2.Controllers.ResidentController.DeletePhoto (ParcelProject)'
dbug: Microsoft.AspNetCore.Authentication.Cookies.CookieAuthenticationHandler[8]
      AuthenticationScheme: Cookies was successfully authenticated.
dbug: Microsoft.AspNetCore.Authorization.DefaultAuthorizationService[1]
      Authorization was successful.
info: Microsoft.AspNetCore.Routing.EndpointMiddleware[0]
      Executing endpoint 'ParcelManagement2.Controllers.ResidentController.DeletePhoto (ParcelProject)'
info: Microsoft.AspNetCore.Mvc.Infrastructure.ControllerActionInvoker[102]
      Route matched with {action = "DeletePhoto", controller = "Resident"}. Executing controller action with signature Microsoft.AspNetCore.Mvc.IActionResult DeletePhoto(DeletePhotoRequest) on controller ParcelManagement2.Controllers.ResidentController (ParcelProject).
dbug: Microsoft.AspNetCore.Mvc.Infrastructure.ControllerActionInvoker[1]
      Execution plan of authorization filters (in the following order): Microsoft.AspNetCore.Mvc.ViewFeatures.Filters.ValidateAntiforgeryTokenAuthorizationFilter
dbug: Microsoft.AspNetCore.Mvc.Infrastructure.ControllerActionInvoker[1]
      Execution plan of resource filters (in the following order): Microsoft.AspNetCore.Mvc.ViewFeatures.Filters.SaveTempDataFilter
dbug: Microsoft.AspNetCore.Mvc.Infrastructure.ControllerActionInvoker[1]
      Execution plan of action filters (in the following order): Microsoft.AspNetCore.Mvc.Filters.ControllerActionFilter (Order: -2147483648), Microsoft.AspNetCore.Mvc.ModelBinding.UnsupportedContentTypeFilter (Order: -3000)
dbug: Microsoft.AspNetCore.Mvc.Infrastructure.ControllerActionInvoker[1]
      Execution plan of exception filters (in the following order): None
dbug: Microsoft.AspNetCore.Mvc.Infrastructure.ControllerActionInvoker[1]
      Execution plan of result filters (in the following order): Microsoft.AspNetCore.Mvc.ViewFeatures.Filters.SaveTempDataFilter
dbug: Microsoft.AspNetCore.Antiforgery.DefaultAntiforgery[2]
      Antiforgery successfully validated a request.
dbug: Microsoft.AspNetCore.Mvc.Infrastructure.ControllerActionInvoker[1]
      Executing controller factory for controller ParcelManagement2.Controllers.ResidentController (ParcelProject)
dbug: ParcelManagement2.Models.DBConn[0]
      資料庫連線字串已設定
dbug: Microsoft.AspNetCore.Mvc.Infrastructure.ControllerActionInvoker[2]
      Executed controller factory for controller ParcelManagement2.Controllers.ResidentController (ParcelProject)
dbug: Microsoft.AspNetCore.Mvc.ModelBinding.ParameterBinder[22]
      Attempting to bind parameter 'request' of type 'ParcelManagement2.Controllers.ResidentController+DeletePhotoRequest' ...
dbug: Microsoft.AspNetCore.Mvc.ModelBinding.Binders.BodyModelBinder[44]
      Attempting to bind parameter 'request' of type 'ParcelManagement2.Controllers.ResidentController+DeletePhotoRequest' using the name '' in request data ...
dbug: Microsoft.AspNetCore.Mvc.ModelBinding.Binders.BodyModelBinder[1]
      Selected input formatter 'Microsoft.AspNetCore.Mvc.Formatters.SystemTextJsonInputFormatter' for content type 'application/json'.
dbug: Microsoft.AspNetCore.Mvc.Formatters.SystemTextJsonInputFormatter[2]
      JSON input formatter succeeded, deserializing to type 'ParcelManagement2.Controllers.ResidentController+DeletePhotoRequest'
dbug: Microsoft.AspNetCore.Mvc.ModelBinding.Binders.BodyModelBinder[45]
      Done attempting to bind parameter 'request' of type 'ParcelManagement2.Controllers.ResidentController+DeletePhotoRequest'.
dbug: Microsoft.AspNetCore.Mvc.ModelBinding.ParameterBinder[23]
      Done attempting to bind parameter 'request' of type 'ParcelManagement2.Controllers.ResidentController+DeletePhotoRequest'.
dbug: Microsoft.AspNetCore.Mvc.ModelBinding.ParameterBinder[26]
      Attempting to validate the bound parameter 'request' of type 'ParcelManagement2.Controllers.ResidentController+DeletePhotoRequest' ...
dbug: Microsoft.AspNetCore.Mvc.ModelBinding.ParameterBinder[27]
      Done attempting to validate the bound parameter 'request' of type 'ParcelManagement2.Controllers.ResidentController+DeletePhotoRequest'.
dbug: Microsoft.AspNetCore.Session.DistributedSession[4]
      Session loaded; Key:af4b246d-2115-b388-80e3-107beb877c2c, Id:29866fd1-4c5c-8670-601a-850b37480daa, Count:1
dbug: ParcelManagement2.Models.DBConn[0]
      查詢成功，返回 1 行數據
dbug: ParcelManagement2.Models.DBConn[0]
      SQL 執行成功，影響 1 行
info: Microsoft.AspNetCore.Mvc.Infrastructure.SystemTextJsonResultExecutor[1]
      Executing JsonResult, writing value of type '<>f__AnonymousType13`2[[System.Boolean, System.Private.CoreLib, Version=8.0.0.0, Culture=neutral, PublicKeyToken=7cec85d7bea7798e],[System.String, System.Private.CoreLib, Version=8.0.0.0, Culture=neutral, PublicKeyToken=7cec85d7bea7798e]]'.
info: Microsoft.AspNetCore.Mvc.Infrastructure.ControllerActionInvoker[105]
      Executed action ParcelManagement2.Controllers.ResidentController.DeletePhoto (ParcelProject) in 111.4898ms
info: Microsoft.AspNetCore.Routing.EndpointMiddleware[1]
      Executed endpoint 'ParcelManagement2.Controllers.ResidentController.DeletePhoto (ParcelProject)'
info: Microsoft.AspNetCore.Hosting.Diagnostics[2]
      Request finished HTTP/2 POST https://localhost:44353/Resident/DeletePhoto - 200 - application/json;+charset=utf-8 159.3060ms
dbug: Microsoft.AspNetCore.Server.IIS.Core.IISHttpServer[1]
      Connection ID "18086456130095022293" disconnecting.
info: Microsoft.AspNetCore.Hosting.Diagnostics[1]
      Request starting HTTP/2 GET https://localhost:44353/Resident/Home - - -
dbug: Microsoft.AspNetCore.StaticFiles.StaticFileMiddleware[4]
      The request path /Resident/Home does not match a supported file type
dbug: Microsoft.AspNetCore.Routing.Matching.DfaMatcher[1001]
      1 candidate(s) found for the request path '/Resident/Home'
dbug: Microsoft.AspNetCore.Routing.Matching.DfaMatcher[1005]
      Endpoint 'ParcelManagement2.Controllers.ResidentController.Home (ParcelProject)' with route pattern '{controller=Account}/{action=Login}/{id?}' is valid for the request path '/Resident/Home'
dbug: Microsoft.AspNetCore.Routing.EndpointRoutingMiddleware[1]
      Request matched endpoint 'ParcelManagement2.Controllers.ResidentController.Home (ParcelProject)'
dbug: Microsoft.AspNetCore.Authentication.Cookies.CookieAuthenticationHandler[8]
      AuthenticationScheme: Cookies was successfully authenticated.
dbug: Microsoft.AspNetCore.Authorization.DefaultAuthorizationService[1]
      Authorization was successful.
info: Microsoft.AspNetCore.Routing.EndpointMiddleware[0]
      Executing endpoint 'ParcelManagement2.Controllers.ResidentController.Home (ParcelProject)'
info: Microsoft.AspNetCore.Mvc.Infrastructure.ControllerActionInvoker[102]
      Route matched with {action = "Home", controller = "Resident"}. Executing controller action with signature Microsoft.AspNetCore.Mvc.IActionResult Home() on controller ParcelManagement2.Controllers.ResidentController (ParcelProject).
dbug: Microsoft.AspNetCore.Mvc.Infrastructure.ControllerActionInvoker[1]
      Execution plan of authorization filters (in the following order): None
dbug: Microsoft.AspNetCore.Mvc.Infrastructure.ControllerActionInvoker[1]
      Execution plan of resource filters (in the following order): Microsoft.AspNetCore.Mvc.ViewFeatures.Filters.SaveTempDataFilter
dbug: Microsoft.AspNetCore.Mvc.Infrastructure.ControllerActionInvoker[1]
      Execution plan of action filters (in the following order): Microsoft.AspNetCore.Mvc.Filters.ControllerActionFilter (Order: -2147483648), Microsoft.AspNetCore.Mvc.ModelBinding.UnsupportedContentTypeFilter (Order: -3000)
dbug: Microsoft.AspNetCore.Mvc.Infrastructure.ControllerActionInvoker[1]
      Execution plan of exception filters (in the following order): None
dbug: Microsoft.AspNetCore.Mvc.Infrastructure.ControllerActionInvoker[1]
      Execution plan of result filters (in the following order): Microsoft.AspNetCore.Mvc.ViewFeatures.Filters.SaveTempDataFilter
dbug: Microsoft.AspNetCore.Mvc.Infrastructure.ControllerActionInvoker[1]
      Executing controller factory for controller ParcelManagement2.Controllers.ResidentController (ParcelProject)
dbug: ParcelManagement2.Models.DBConn[0]
      資料庫連線字串已設定
dbug: Microsoft.AspNetCore.Mvc.Infrastructure.ControllerActionInvoker[2]
      Executed controller factory for controller ParcelManagement2.Controllers.ResidentController (ParcelProject)
dbug: ParcelManagement2.Models.DBConn[0]
      查詢成功，返回 1 行數據
dbug: Microsoft.AspNetCore.Session.DistributedSession[4]
      Session loaded; Key:af4b246d-2115-b388-80e3-107beb877c2c, Id:29866fd1-4c5c-8670-601a-850b37480daa, Count:1
dbug: ParcelManagement2.Models.DBConn[0]
      查詢成功，返回 1 行數據
dbug: Microsoft.AspNetCore.Mvc.Razor.RazorViewEngine[2]
      View lookup cache hit for view 'Home' in controller 'Resident'.
info: Microsoft.AspNetCore.Mvc.ViewFeatures.ViewResultExecutor[1]
      Executing ViewResult, running view Home.
dbug: Microsoft.AspNetCore.Mvc.ViewFeatures.ViewResultExecutor[2]
      The view path '/Views/Resident/Home.cshtml' was found in 4.5005ms.
dbug: Microsoft.AspNetCore.Antiforgery.DefaultAntiforgery[6]
      An antiforgery cookie token was reused.
dbug: Microsoft.WebTools.BrowserLink.Net.BrowserLinkMiddleware[1]
      Response markup is scheduled to include Browser Link script injection.
dbug: Microsoft.AspNetCore.Watch.BrowserRefresh.BrowserRefreshMiddleware[1]
      Response markup is scheduled to include browser refresh script injection.
info: Microsoft.AspNetCore.Mvc.ViewFeatures.ViewResultExecutor[4]
      Executed ViewResult - view Home executed in 16.4555ms.
info: Microsoft.AspNetCore.Mvc.Infrastructure.ControllerActionInvoker[105]
      Executed action ParcelManagement2.Controllers.ResidentController.Home (ParcelProject) in 82.5343ms
info: Microsoft.AspNetCore.Routing.EndpointMiddleware[1]
      Executed endpoint 'ParcelManagement2.Controllers.ResidentController.Home (ParcelProject)'
dbug: Microsoft.WebTools.BrowserLink.Net.BrowserLinkMiddleware[2]
      Response markup was updated to include Browser Link script injection.
dbug: Microsoft.AspNetCore.Watch.BrowserRefresh.BrowserRefreshMiddleware[2]
      Response markup was updated to include browser refresh script injection.
dbug: Microsoft.AspNetCore.Server.IIS.Core.IISHttpServer[1]
      Connection ID "18086456104325218442" disconnecting.
info: Microsoft.AspNetCore.Hosting.Diagnostics[2]
      Request finished HTTP/2 GET https://localhost:44353/Resident/Home - 200 - text/html;+charset=utf-8 167.5595ms
info: Microsoft.AspNetCore.Hosting.Diagnostics[1]
      Request starting HTTP/2 POST https://localhost:44353/Resident/GetUncollectedPackages - - 0
info: Microsoft.AspNetCore.Hosting.Diagnostics[1]
      Request starting HTTP/2 GET https://localhost:44353/_framework/aspnetcore-browser-refresh.js - - -
info: Microsoft.AspNetCore.Hosting.Diagnostics[1]
      Request starting HTTP/2 POST https://localhost:44353/Resident/GetUncollectedMails - - 0
info: Microsoft.AspNetCore.Hosting.Diagnostics[1]
      Request starting HTTP/2 GET https://localhost:44353/_vs/browserLink - - -
dbug: Microsoft.AspNetCore.StaticFiles.StaticFileMiddleware[1]
      POST requests are not supported
dbug: Microsoft.AspNetCore.StaticFiles.StaticFileMiddleware[1]
      POST requests are not supported
dbug: Microsoft.AspNetCore.Watch.BrowserRefresh.BrowserScriptMiddleware[0]
      Script injected: /_framework/aspnetcore-browser-refresh.js
dbug: Microsoft.AspNetCore.Routing.Matching.DfaMatcher[1001]
      1 candidate(s) found for the request path '/Resident/GetUncollectedPackages'
dbug: Microsoft.AspNetCore.Server.IIS.Core.IISHttpServer[1]
      Connection ID "18086456104325218444" disconnecting.
info: Microsoft.AspNetCore.Hosting.Diagnostics[2]
      Request finished HTTP/2 GET https://localhost:44353/_framework/aspnetcore-browser-refresh.js - 200 16511 application/javascript;+charset=utf-8 32.9672ms
dbug: Microsoft.AspNetCore.Routing.Matching.DfaMatcher[1001]
      1 candidate(s) found for the request path '/Resident/GetUncollectedMails'
dbug: Microsoft.AspNetCore.Routing.Matching.DfaMatcher[1005]
      Endpoint 'ParcelManagement2.Controllers.ResidentController.GetUncollectedMails (ParcelProject)' with route pattern '{controller=Account}/{action=Login}/{id?}' is valid for the request path '/Resident/GetUncollectedMails'
dbug: Microsoft.AspNetCore.Routing.EndpointRoutingMiddleware[1]
      Request matched endpoint 'ParcelManagement2.Controllers.ResidentController.GetUncollectedMails (ParcelProject)'
dbug: Microsoft.AspNetCore.Routing.Matching.DfaMatcher[1005]
      Endpoint 'ParcelManagement2.Controllers.ResidentController.GetUncollectedPackages (ParcelProject)' with route pattern '{controller=Account}/{action=Login}/{id?}' is valid for the request path '/Resident/GetUncollectedPackages'
dbug: Microsoft.AspNetCore.Authentication.Cookies.CookieAuthenticationHandler[8]
      AuthenticationScheme: Cookies was successfully authenticated.
dbug: Microsoft.AspNetCore.Routing.EndpointRoutingMiddleware[1]
      Request matched endpoint 'ParcelManagement2.Controllers.ResidentController.GetUncollectedPackages (ParcelProject)'
dbug: Microsoft.AspNetCore.Authentication.Cookies.CookieAuthenticationHandler[8]
      AuthenticationScheme: Cookies was successfully authenticated.
dbug: Microsoft.AspNetCore.Authorization.DefaultAuthorizationService[1]
      Authorization was successful.
dbug: Microsoft.AspNetCore.Authorization.DefaultAuthorizationService[1]
      Authorization was successful.
info: Microsoft.AspNetCore.Routing.EndpointMiddleware[0]
      Executing endpoint 'ParcelManagement2.Controllers.ResidentController.GetUncollectedMails (ParcelProject)'
info: Microsoft.AspNetCore.Routing.EndpointMiddleware[0]
      Executing endpoint 'ParcelManagement2.Controllers.ResidentController.GetUncollectedPackages (ParcelProject)'
info: Microsoft.AspNetCore.Mvc.Infrastructure.ControllerActionInvoker[102]
      Route matched with {action = "GetUncollectedMails", controller = "Resident"}. Executing controller action with signature Microsoft.AspNetCore.Mvc.IActionResult GetUncollectedMails() on controller ParcelManagement2.Controllers.ResidentController (ParcelProject).
info: Microsoft.AspNetCore.Mvc.Infrastructure.ControllerActionInvoker[102]
      Route matched with {action = "GetUncollectedPackages", controller = "Resident"}. Executing controller action with signature Microsoft.AspNetCore.Mvc.IActionResult GetUncollectedPackages() on controller ParcelManagement2.Controllers.ResidentController (ParcelProject).
dbug: Microsoft.AspNetCore.Mvc.Infrastructure.ControllerActionInvoker[1]
      Execution plan of authorization filters (in the following order): None
dbug: Microsoft.AspNetCore.Mvc.Infrastructure.ControllerActionInvoker[1]
      Execution plan of authorization filters (in the following order): None
dbug: Microsoft.AspNetCore.Mvc.Infrastructure.ControllerActionInvoker[1]
      Execution plan of resource filters (in the following order): Microsoft.AspNetCore.Mvc.ViewFeatures.Filters.SaveTempDataFilter
dbug: Microsoft.AspNetCore.Mvc.Infrastructure.ControllerActionInvoker[1]
      Execution plan of resource filters (in the following order): Microsoft.AspNetCore.Mvc.ViewFeatures.Filters.SaveTempDataFilter
dbug: Microsoft.AspNetCore.Mvc.Infrastructure.ControllerActionInvoker[1]
      Execution plan of action filters (in the following order): Microsoft.AspNetCore.Mvc.Filters.ControllerActionFilter (Order: -2147483648), Microsoft.AspNetCore.Mvc.ModelBinding.UnsupportedContentTypeFilter (Order: -3000)
dbug: Microsoft.AspNetCore.Mvc.Infrastructure.ControllerActionInvoker[1]
      Execution plan of action filters (in the following order): Microsoft.AspNetCore.Mvc.Filters.ControllerActionFilter (Order: -2147483648), Microsoft.AspNetCore.Mvc.ModelBinding.UnsupportedContentTypeFilter (Order: -3000)
dbug: Microsoft.AspNetCore.Mvc.Infrastructure.ControllerActionInvoker[1]
      Execution plan of exception filters (in the following order): None
dbug: Microsoft.AspNetCore.Mvc.Infrastructure.ControllerActionInvoker[1]
      Execution plan of exception filters (in the following order): None
dbug: Microsoft.AspNetCore.Mvc.Infrastructure.ControllerActionInvoker[1]
      Execution plan of result filters (in the following order): Microsoft.AspNetCore.Mvc.ViewFeatures.Filters.SaveTempDataFilter
dbug: Microsoft.AspNetCore.Mvc.Infrastructure.ControllerActionInvoker[1]
      Execution plan of result filters (in the following order): Microsoft.AspNetCore.Mvc.ViewFeatures.Filters.SaveTempDataFilter
dbug: Microsoft.AspNetCore.Mvc.Infrastructure.ControllerActionInvoker[1]
      Executing controller factory for controller ParcelManagement2.Controllers.ResidentController (ParcelProject)
dbug: Microsoft.AspNetCore.Mvc.Infrastructure.ControllerActionInvoker[1]
      Executing controller factory for controller ParcelManagement2.Controllers.ResidentController (ParcelProject)
dbug: ParcelManagement2.Models.DBConn[0]
      資料庫連線字串已設定
dbug: ParcelManagement2.Models.DBConn[0]
      資料庫連線字串已設定
dbug: Microsoft.AspNetCore.Mvc.Infrastructure.ControllerActionInvoker[2]
      Executed controller factory for controller ParcelManagement2.Controllers.ResidentController (ParcelProject)
dbug: Microsoft.AspNetCore.Mvc.Infrastructure.ControllerActionInvoker[2]
      Executed controller factory for controller ParcelManagement2.Controllers.ResidentController (ParcelProject)
dbug: Microsoft.AspNetCore.Session.DistributedSession[4]
      Session loaded; Key:af4b246d-2115-b388-80e3-107beb877c2c, Id:29866fd1-4c5c-8670-601a-850b37480daa, Count:1
dbug: Microsoft.AspNetCore.Server.IIS.Core.IISHttpServer[1]
      Connection ID "18014398510287290480" disconnecting.
dbug: Microsoft.AspNetCore.Session.DistributedSession[4]
      Session loaded; Key:af4b246d-2115-b388-80e3-107beb877c2c, Id:29866fd1-4c5c-8670-601a-850b37480daa, Count:1
info: Microsoft.AspNetCore.Hosting.Diagnostics[2]
      Request finished HTTP/2 GET https://localhost:44353/_vs/browserLink - 200 - text/javascript;+charset=UTF-8 170.7352ms
dbug: ParcelManagement2.Models.DBConn[0]
      查詢成功，返回 7 行數據
info: Microsoft.AspNetCore.Mvc.Infrastructure.ContentResultExecutor[1]
      Executing ContentResult with HTTP Response ContentType of application/json
info: Microsoft.AspNetCore.Mvc.Infrastructure.ControllerActionInvoker[105]
      Executed action ParcelManagement2.Controllers.ResidentController.GetUncollectedPackages (ParcelProject) in 67.5075ms
info: Microsoft.AspNetCore.Routing.EndpointMiddleware[1]
      Executed endpoint 'ParcelManagement2.Controllers.ResidentController.GetUncollectedPackages (ParcelProject)'
dbug: ParcelManagement2.Models.DBConn[0]
      查詢成功，返回 0 行數據
info: Microsoft.AspNetCore.Hosting.Diagnostics[2]
      Request finished HTTP/2 POST https://localhost:44353/Resident/GetUncollectedPackages - 200 876 application/json 203.4388ms
dbug: Microsoft.AspNetCore.Server.IIS.Core.IISHttpServer[1]
      Connection ID "17942340959199035578" disconnecting.
info: Microsoft.AspNetCore.Mvc.Infrastructure.ContentResultExecutor[1]
      Executing ContentResult with HTTP Response ContentType of application/json
info: Microsoft.AspNetCore.Mvc.Infrastructure.ControllerActionInvoker[105]
      Executed action ParcelManagement2.Controllers.ResidentController.GetUncollectedMails (ParcelProject) in 89.9127ms
info: Microsoft.AspNetCore.Routing.EndpointMiddleware[1]
      Executed endpoint 'ParcelManagement2.Controllers.ResidentController.GetUncollectedMails (ParcelProject)'
info: Microsoft.AspNetCore.Hosting.Diagnostics[2]
      Request finished HTTP/2 POST https://localhost:44353/Resident/GetUncollectedMails - 200 2 application/json 216.4765ms
dbug: Microsoft.AspNetCore.Server.IIS.Core.IISHttpServer[1]
      Connection ID "17798225771123179594" disconnecting.
info: Microsoft.AspNetCore.Hosting.Diagnostics[1]
      Request starting HTTP/2 GET https://localhost:44353/Resident/Home - - -
dbug: Microsoft.AspNetCore.StaticFiles.StaticFileMiddleware[4]
      The request path /Resident/Home does not match a supported file type
dbug: Microsoft.AspNetCore.Routing.Matching.DfaMatcher[1001]
      1 candidate(s) found for the request path '/Resident/Home'
dbug: Microsoft.AspNetCore.Routing.Matching.DfaMatcher[1005]
      Endpoint 'ParcelManagement2.Controllers.ResidentController.Home (ParcelProject)' with route pattern '{controller=Account}/{action=Login}/{id?}' is valid for the request path '/Resident/Home'
dbug: Microsoft.AspNetCore.Routing.EndpointRoutingMiddleware[1]
      Request matched endpoint 'ParcelManagement2.Controllers.ResidentController.Home (ParcelProject)'
dbug: Microsoft.AspNetCore.Authentication.Cookies.CookieAuthenticationHandler[8]
      AuthenticationScheme: Cookies was successfully authenticated.
dbug: Microsoft.AspNetCore.Authorization.DefaultAuthorizationService[1]
      Authorization was successful.
info: Microsoft.AspNetCore.Routing.EndpointMiddleware[0]
      Executing endpoint 'ParcelManagement2.Controllers.ResidentController.Home (ParcelProject)'
info: Microsoft.AspNetCore.Mvc.Infrastructure.ControllerActionInvoker[102]
      Route matched with {action = "Home", controller = "Resident"}. Executing controller action with signature Microsoft.AspNetCore.Mvc.IActionResult Home() on controller ParcelManagement2.Controllers.ResidentController (ParcelProject).
dbug: Microsoft.AspNetCore.Mvc.Infrastructure.ControllerActionInvoker[1]
      Execution plan of authorization filters (in the following order): None
dbug: Microsoft.AspNetCore.Mvc.Infrastructure.ControllerActionInvoker[1]
      Execution plan of resource filters (in the following order): Microsoft.AspNetCore.Mvc.ViewFeatures.Filters.SaveTempDataFilter
dbug: Microsoft.AspNetCore.Mvc.Infrastructure.ControllerActionInvoker[1]
      Execution plan of action filters (in the following order): Microsoft.AspNetCore.Mvc.Filters.ControllerActionFilter (Order: -2147483648), Microsoft.AspNetCore.Mvc.ModelBinding.UnsupportedContentTypeFilter (Order: -3000)
dbug: Microsoft.AspNetCore.Mvc.Infrastructure.ControllerActionInvoker[1]
      Execution plan of exception filters (in the following order): None
dbug: Microsoft.AspNetCore.Mvc.Infrastructure.ControllerActionInvoker[1]
      Execution plan of result filters (in the following order): Microsoft.AspNetCore.Mvc.ViewFeatures.Filters.SaveTempDataFilter
dbug: Microsoft.AspNetCore.Mvc.Infrastructure.ControllerActionInvoker[1]
      Executing controller factory for controller ParcelManagement2.Controllers.ResidentController (ParcelProject)
dbug: ParcelManagement2.Models.DBConn[0]
      資料庫連線字串已設定
dbug: Microsoft.AspNetCore.Mvc.Infrastructure.ControllerActionInvoker[2]
      Executed controller factory for controller ParcelManagement2.Controllers.ResidentController (ParcelProject)
dbug: ParcelManagement2.Models.DBConn[0]
      查詢成功，返回 1 行數據
dbug: Microsoft.AspNetCore.Session.DistributedSession[4]
      Session loaded; Key:af4b246d-2115-b388-80e3-107beb877c2c, Id:29866fd1-4c5c-8670-601a-850b37480daa, Count:1
dbug: ParcelManagement2.Models.DBConn[0]
      查詢成功，返回 1 行數據
dbug: Microsoft.AspNetCore.Mvc.Razor.RazorViewEngine[1]
      View lookup cache miss for view 'Home' in controller 'Resident'.
dbug: Microsoft.AspNetCore.Mvc.Razor.Compilation.DefaultViewCompiler[3]
      Initializing Razor view compiler with compiled view: '/Views/Account/AccessDenied.cshtml'.
dbug: Microsoft.AspNetCore.Mvc.Razor.Compilation.DefaultViewCompiler[3]
      Initializing Razor view compiler with compiled view: '/Views/Account/Login.cshtml'.
dbug: Microsoft.AspNetCore.Mvc.Razor.Compilation.DefaultViewCompiler[3]
      Initializing Razor view compiler with compiled view: '/Views/Home/Index.cshtml'.
dbug: Microsoft.AspNetCore.Mvc.Razor.Compilation.DefaultViewCompiler[3]
      Initializing Razor view compiler with compiled view: '/Views/Home/Index_back.cshtml'.
dbug: Microsoft.AspNetCore.Mvc.Razor.Compilation.DefaultViewCompiler[3]
      Initializing Razor view compiler with compiled view: '/Views/Home/Packages.cshtml'.
dbug: Microsoft.AspNetCore.Mvc.Razor.Compilation.DefaultViewCompiler[3]
      Initializing Razor view compiler with compiled view: '/Views/Home/Privacy.cshtml'.
dbug: Microsoft.AspNetCore.Mvc.Razor.Compilation.DefaultViewCompiler[3]
      Initializing Razor view compiler with compiled view: '/Views/Resident/Edit.cshtml'.
dbug: Microsoft.AspNetCore.Mvc.Razor.Compilation.DefaultViewCompiler[3]
      Initializing Razor view compiler with compiled view: '/Views/Resident/Home.cshtml'.
dbug: Microsoft.AspNetCore.Mvc.Razor.Compilation.DefaultViewCompiler[3]
      Initializing Razor view compiler with compiled view: '/Views/Resident/MyPackages.cshtml'.
dbug: Microsoft.AspNetCore.Mvc.Razor.Compilation.DefaultViewCompiler[3]
      Initializing Razor view compiler with compiled view: '/Views/Resident/PackagePhoto.cshtml'.
dbug: Microsoft.AspNetCore.Mvc.Razor.Compilation.DefaultViewCompiler[3]
      Initializing Razor view compiler with compiled view: '/Views/Shared/Error.cshtml'.
dbug: Microsoft.AspNetCore.Mvc.Razor.Compilation.DefaultViewCompiler[3]
      Initializing Razor view compiler with compiled view: '/Views/Shared/_AdminLayout.cshtml'.
dbug: Microsoft.AspNetCore.Mvc.Razor.Compilation.DefaultViewCompiler[3]
      Initializing Razor view compiler with compiled view: '/Views/Shared/_Layout.cshtml'.
dbug: Microsoft.AspNetCore.Mvc.Razor.Compilation.DefaultViewCompiler[3]
      Initializing Razor view compiler with compiled view: '/Views/Shared/_ResidentLayout.cshtml'.
dbug: Microsoft.AspNetCore.Mvc.Razor.Compilation.DefaultViewCompiler[3]
      Initializing Razor view compiler with compiled view: '/Views/Shared/_ValidationScriptsPartial.cshtml'.
dbug: Microsoft.AspNetCore.Mvc.Razor.Compilation.DefaultViewCompiler[3]
      Initializing Razor view compiler with compiled view: '/Views/_ViewImports.cshtml'.
dbug: Microsoft.AspNetCore.Mvc.Razor.Compilation.DefaultViewCompiler[3]
      Initializing Razor view compiler with compiled view: '/Views/_ViewStart.cshtml'.
dbug: Microsoft.AspNetCore.Mvc.Razor.Compilation.DefaultViewCompiler[3]
      Initializing Razor view compiler with compiled view: '/Views/Shared/_Layout_back.cshtml'.
info: Microsoft.AspNetCore.Mvc.ViewFeatures.ViewResultExecutor[1]
      Executing ViewResult, running view Home.
dbug: Microsoft.AspNetCore.Mvc.ViewFeatures.ViewResultExecutor[2]
      The view path '/Views/Resident/Home.cshtml' was found in 23.0932ms.
dbug: Microsoft.AspNetCore.Antiforgery.DefaultAntiforgery[6]
      An antiforgery cookie token was reused.
dbug: Microsoft.WebTools.BrowserLink.Net.BrowserLinkMiddleware[1]
      Response markup is scheduled to include Browser Link script injection.
dbug: Microsoft.AspNetCore.Watch.BrowserRefresh.BrowserRefreshMiddleware[1]
      Response markup is scheduled to include browser refresh script injection.
info: Microsoft.AspNetCore.Mvc.ViewFeatures.ViewResultExecutor[4]
      Executed ViewResult - view Home executed in 34.0183ms.
info: Microsoft.AspNetCore.Mvc.Infrastructure.ControllerActionInvoker[105]
      Executed action ParcelManagement2.Controllers.ResidentController.Home (ParcelProject) in 470.5028ms
info: Microsoft.AspNetCore.Routing.EndpointMiddleware[1]
      Executed endpoint 'ParcelManagement2.Controllers.ResidentController.Home (ParcelProject)'
dbug: Microsoft.WebTools.BrowserLink.Net.BrowserLinkMiddleware[2]
      Response markup was updated to include Browser Link script injection.
dbug: Microsoft.AspNetCore.Watch.BrowserRefresh.BrowserRefreshMiddleware[2]
      Response markup was updated to include browser refresh script injection.
dbug: Microsoft.AspNetCore.Server.IIS.Core.IISHttpServer[1]
      Connection ID "17798225771123179596" disconnecting.
info: Microsoft.AspNetCore.Hosting.Diagnostics[2]
      Request finished HTTP/2 GET https://localhost:44353/Resident/Home - 200 - text/html;+charset=utf-8 496.1800ms
info: Microsoft.AspNetCore.Hosting.Diagnostics[1]
      Request starting HTTP/2 POST https://localhost:44353/Resident/GetUncollectedPackages - - 0
info: Microsoft.AspNetCore.Hosting.Diagnostics[1]
      Request starting HTTP/2 POST https://localhost:44353/Resident/GetUncollectedMails - - 0
dbug: Microsoft.AspNetCore.StaticFiles.StaticFileMiddleware[1]
      POST requests are not supported
dbug: Microsoft.AspNetCore.StaticFiles.StaticFileMiddleware[1]
      POST requests are not supported
info: Microsoft.AspNetCore.Hosting.Diagnostics[1]
      Request starting HTTP/2 GET https://localhost:44353/_framework/aspnetcore-browser-refresh.js - - -
dbug: Microsoft.AspNetCore.Routing.Matching.DfaMatcher[1001]
      1 candidate(s) found for the request path '/Resident/GetUncollectedMails'
dbug: Microsoft.AspNetCore.Routing.Matching.DfaMatcher[1001]
      1 candidate(s) found for the request path '/Resident/GetUncollectedPackages'
info: Microsoft.AspNetCore.Hosting.Diagnostics[1]
      Request starting HTTP/2 GET https://localhost:44353/_vs/browserLink - - -
dbug: Microsoft.AspNetCore.Watch.BrowserRefresh.BrowserScriptMiddleware[0]
      Script injected: /_framework/aspnetcore-browser-refresh.js
dbug: Microsoft.AspNetCore.Routing.Matching.DfaMatcher[1005]
      Endpoint 'ParcelManagement2.Controllers.ResidentController.GetUncollectedPackages (ParcelProject)' with route pattern '{controller=Account}/{action=Login}/{id?}' is valid for the request path '/Resident/GetUncollectedPackages'
dbug: Microsoft.AspNetCore.Routing.EndpointRoutingMiddleware[1]
      Request matched endpoint 'ParcelManagement2.Controllers.ResidentController.GetUncollectedPackages (ParcelProject)'
info: Microsoft.AspNetCore.Hosting.Diagnostics[2]
      Request finished HTTP/2 GET https://localhost:44353/_framework/aspnetcore-browser-refresh.js - 200 16511 application/javascript;+charset=utf-8 11.7392ms
dbug: Microsoft.AspNetCore.Server.IIS.Core.IISHttpServer[1]
      Connection ID "17870283347981238323" disconnecting.
dbug: Microsoft.AspNetCore.Authentication.Cookies.CookieAuthenticationHandler[8]
      AuthenticationScheme: Cookies was successfully authenticated.
dbug: Microsoft.AspNetCore.Authorization.DefaultAuthorizationService[1]
      Authorization was successful.
dbug: Microsoft.AspNetCore.Routing.Matching.DfaMatcher[1005]
      Endpoint 'ParcelManagement2.Controllers.ResidentController.GetUncollectedMails (ParcelProject)' with route pattern '{controller=Account}/{action=Login}/{id?}' is valid for the request path '/Resident/GetUncollectedMails'
info: Microsoft.AspNetCore.Routing.EndpointMiddleware[0]
      Executing endpoint 'ParcelManagement2.Controllers.ResidentController.GetUncollectedPackages (ParcelProject)'
dbug: Microsoft.AspNetCore.Routing.EndpointRoutingMiddleware[1]
      Request matched endpoint 'ParcelManagement2.Controllers.ResidentController.GetUncollectedMails (ParcelProject)'
dbug: Microsoft.AspNetCore.Authentication.Cookies.CookieAuthenticationHandler[8]
      AuthenticationScheme: Cookies was successfully authenticated.
dbug: Microsoft.AspNetCore.Authorization.DefaultAuthorizationService[1]
      Authorization was successful.
info: Microsoft.AspNetCore.Mvc.Infrastructure.ControllerActionInvoker[102]
      Route matched with {action = "GetUncollectedPackages", controller = "Resident"}. Executing controller action with signature Microsoft.AspNetCore.Mvc.IActionResult GetUncollectedPackages() on controller ParcelManagement2.Controllers.ResidentController (ParcelProject).
info: Microsoft.AspNetCore.Routing.EndpointMiddleware[0]
      Executing endpoint 'ParcelManagement2.Controllers.ResidentController.GetUncollectedMails (ParcelProject)'
dbug: Microsoft.AspNetCore.Mvc.Infrastructure.ControllerActionInvoker[1]
      Execution plan of authorization filters (in the following order): None
dbug: Microsoft.AspNetCore.Server.IIS.Core.IISHttpServer[1]
      Connection ID "17942340942019166296" disconnecting.
dbug: Microsoft.AspNetCore.Mvc.Infrastructure.ControllerActionInvoker[1]
      Execution plan of resource filters (in the following order): Microsoft.AspNetCore.Mvc.ViewFeatures.Filters.SaveTempDataFilter
info: Microsoft.AspNetCore.Hosting.Diagnostics[2]
      Request finished HTTP/2 GET https://localhost:44353/_vs/browserLink - 200 - text/javascript;+charset=UTF-8 33.6364ms
info: Microsoft.AspNetCore.Mvc.Infrastructure.ControllerActionInvoker[102]
      Route matched with {action = "GetUncollectedMails", controller = "Resident"}. Executing controller action with signature Microsoft.AspNetCore.Mvc.IActionResult GetUncollectedMails() on controller ParcelManagement2.Controllers.ResidentController (ParcelProject).
dbug: Microsoft.AspNetCore.Mvc.Infrastructure.ControllerActionInvoker[1]
      Execution plan of action filters (in the following order): Microsoft.AspNetCore.Mvc.Filters.ControllerActionFilter (Order: -2147483648), Microsoft.AspNetCore.Mvc.ModelBinding.UnsupportedContentTypeFilter (Order: -3000)
dbug: Microsoft.AspNetCore.Mvc.Infrastructure.ControllerActionInvoker[1]
      Execution plan of exception filters (in the following order): None
dbug: Microsoft.AspNetCore.Mvc.Infrastructure.ControllerActionInvoker[1]
      Execution plan of authorization filters (in the following order): None
dbug: Microsoft.AspNetCore.Mvc.Infrastructure.ControllerActionInvoker[1]
      Execution plan of result filters (in the following order): Microsoft.AspNetCore.Mvc.ViewFeatures.Filters.SaveTempDataFilter
dbug: Microsoft.AspNetCore.Mvc.Infrastructure.ControllerActionInvoker[1]
      Execution plan of resource filters (in the following order): Microsoft.AspNetCore.Mvc.ViewFeatures.Filters.SaveTempDataFilter
dbug: Microsoft.AspNetCore.Mvc.Infrastructure.ControllerActionInvoker[1]
      Executing controller factory for controller ParcelManagement2.Controllers.ResidentController (ParcelProject)
dbug: Microsoft.AspNetCore.Mvc.Infrastructure.ControllerActionInvoker[1]
      Execution plan of action filters (in the following order): Microsoft.AspNetCore.Mvc.Filters.ControllerActionFilter (Order: -2147483648), Microsoft.AspNetCore.Mvc.ModelBinding.UnsupportedContentTypeFilter (Order: -3000)
dbug: ParcelManagement2.Models.DBConn[0]
      資料庫連線字串已設定
dbug: Microsoft.AspNetCore.Mvc.Infrastructure.ControllerActionInvoker[1]
      Execution plan of exception filters (in the following order): None
dbug: Microsoft.AspNetCore.Mvc.Infrastructure.ControllerActionInvoker[2]
      Executed controller factory for controller ParcelManagement2.Controllers.ResidentController (ParcelPr