=== 環境: Development ===
=== 開發環境: True ===
=== 正式環境: False ===
dbug: Microsoft.AspNetCore.Mvc.Razor.Compilation.DefaultViewCompiler[3]
      Initializing Razor view compiler with compiled view: '/Views/Account/AccessDenied.cshtml'.
dbug: Microsoft.AspNetCore.Mvc.Razor.Compilation.DefaultViewCompiler[3]
      Initializing Razor view compiler with compiled view: '/Views/Account/Login.cshtml'.
dbug: Microsoft.AspNetCore.Mvc.Razor.Compilation.DefaultViewCompiler[3]
      Initializing Razor view compiler with compiled view: '/Views/Home/Index.cshtml'.
dbug: Microsoft.AspNetCore.Mvc.Razor.Compilation.DefaultViewCompiler[3]
      Initializing Razor view compiler with compiled view: '/Views/Home/Index_back.cshtml'.
dbug: Microsoft.AspNetCore.Mvc.Razor.Compilation.DefaultViewCompiler[3]
      Initializing Razor view compiler with compiled view: '/Views/Home/Packages.cshtml'.
dbug: Microsoft.AspNetCore.Mvc.Razor.Compilation.DefaultViewCompiler[3]
      Initializing Razor view compiler with compiled view: '/Views/Home/Privacy.cshtml'.
dbug: Microsoft.AspNetCore.Mvc.Razor.Compilation.DefaultViewCompiler[3]
      Initializing Razor view compiler with compiled view: '/Views/Resident/Edit.cshtml'.
dbug: Microsoft.AspNetCore.Mvc.Razor.Compilation.DefaultViewCompiler[3]
      Initializing Razor view compiler with compiled view: '/Views/Resident/Home.cshtml'.
dbug: Microsoft.AspNetCore.Mvc.Razor.Compilation.DefaultViewCompiler[3]
      Initializing Razor view compiler with compiled view: '/Views/Resident/MyPackages.cshtml'.
dbug: Microsoft.AspNetCore.Mvc.Razor.Compilation.DefaultViewCompiler[3]
      Initializing Razor view compiler with compiled view: '/Views/Resident/PackagePhoto.cshtml'.
dbug: Microsoft.AspNetCore.Mvc.Razor.Compilation.DefaultViewCompiler[3]
      Initializing Razor view compiler with compiled view: '/Views/Shared/Error.cshtml'.
dbug: Microsoft.AspNetCore.Mvc.Razor.Compilation.DefaultViewCompiler[3]
      Initializing Razor view compiler with compiled view: '/Views/Shared/_AdminLayout.cshtml'.
dbug: Microsoft.AspNetCore.Mvc.Razor.Compilation.DefaultViewCompiler[3]
      Initializing Razor view compiler with compiled view: '/Views/Shared/_Layout.cshtml'.
dbug: Microsoft.AspNetCore.Mvc.Razor.Compilation.DefaultViewCompiler[3]
      Initializing Razor view compiler with compiled view: '/Views/Shared/_ResidentLayout.cshtml'.
dbug: Microsoft.AspNetCore.Mvc.Razor.Compilation.DefaultViewCompiler[3]
      Initializing Razor view compiler with compiled view: '/Views/Shared/_ValidationScriptsPartial.cshtml'.
dbug: Microsoft.AspNetCore.Mvc.Razor.Compilation.DefaultViewCompiler[3]
      Initializing Razor view compiler with compiled view: '/Views/_ViewImports.cshtml'.
dbug: Microsoft.AspNetCore.Mvc.Razor.Compilation.DefaultViewCompiler[3]
      Initializing Razor view compiler with compiled view: '/Views/_ViewStart.cshtml'.
dbug: Microsoft.AspNetCore.Mvc.Razor.Compilation.DefaultViewCompiler[3]
      Initializing Razor view compiler with compiled view: '/Views/Shared/_Layout_back.cshtml'.
dbug: Microsoft.AspNetCore.Mvc.ModelBinding.ModelBinderFactory[12]
      Registered model binder providers, in the following order: Microsoft.AspNetCore.Mvc.ModelBinding.Binders.BinderTypeModelBinderProvider, Microsoft.AspNetCore.Mvc.ModelBinding.Binders.ServicesModelBinderProvider, Microsoft.AspNetCore.Mvc.ModelBinding.Binders.BodyModelBinderProvider, Microsoft.AspNetCore.Mvc.ModelBinding.Binders.HeaderModelBinderProvider, Microsoft.AspNetCore.Mvc.ModelBinding.Binders.FloatingPointTypeModelBinderProvider, Microsoft.AspNetCore.Mvc.ModelBinding.Binders.EnumTypeModelBinderProvider, Microsoft.AspNetCore.Mvc.ModelBinding.Binders.DateTimeModelBinderProvider, Microsoft.AspNetCore.Mvc.ModelBinding.Binders.SimpleTypeModelBinderProvider, Microsoft.AspNetCore.Mvc.ModelBinding.Binders.TryParseModelBinderProvider, Microsoft.AspNetCore.Mvc.ModelBinding.Binders.CancellationTokenModelBinderProvider, Microsoft.AspNetCore.Mvc.ModelBinding.Binders.ByteArrayModelBinderProvider, Microsoft.AspNetCore.Mvc.ModelBinding.Binders.FormFileModelBinderProvider, Microsoft.AspNetCore.Mvc.ModelBinding.Binders.FormCollectionModelBinderProvider, Microsoft.AspNetCore.Mvc.ModelBinding.Binders.KeyValuePairModelBinderProvider, Microsoft.AspNetCore.Mvc.ModelBinding.Binders.DictionaryModelBinderProvider, Microsoft.AspNetCore.Mvc.ModelBinding.Binders.ArrayModelBinderProvider, Microsoft.AspNetCore.Mvc.ModelBinding.Binders.CollectionModelBinderProvider, Microsoft.AspNetCore.Mvc.ModelBinding.Binders.ComplexObjectModelBinderProvider
dbug: Microsoft.Extensions.Hosting.Internal.Host[1]
      Hosting starting
info: Microsoft.AspNetCore.DataProtection.KeyManagement.XmlKeyManager[63]
      User profile is available. Using 'C:\Users\a2168\AppData\Local\ASP.NET\DataProtection-Keys' as key repository and Windows DPAPI to encrypt keys at rest.
dbug: Microsoft.AspNetCore.DataProtection.Repositories.FileSystemXmlRepository[37]
      Reading data from file 'C:\Users\a2168\AppData\Local\ASP.NET\DataProtection-Keys\key-c7681aa5-906a-4dd8-a60e-cad062d4e942.xml'.
dbug: Microsoft.AspNetCore.DataProtection.KeyManagement.XmlKeyManager[18]
      Found key {c7681aa5-906a-4dd8-a60e-cad062d4e942}.
dbug: Microsoft.AspNetCore.DataProtection.KeyManagement.DefaultKeyResolver[13]
      Considering key {c7681aa5-906a-4dd8-a60e-cad062d4e942} with expiration date 2025-12-26 16:17:59Z as default key.
dbug: Microsoft.AspNetCore.DataProtection.TypeForwardingActivator[0]
      Forwarded activator type request from Microsoft.AspNetCore.DataProtection.XmlEncryption.DpapiXmlDecryptor, Microsoft.AspNetCore.DataProtection, Version=8.0.0.0, Culture=neutral, PublicKeyToken=adb9793829ddae60 to Microsoft.AspNetCore.DataProtection.XmlEncryption.DpapiXmlDecryptor, Microsoft.AspNetCore.DataProtection, Culture=neutral, PublicKeyToken=adb9793829ddae60
dbug: Microsoft.AspNetCore.DataProtection.XmlEncryption.DpapiXmlDecryptor[51]
      Decrypting secret element using Windows DPAPI.
dbug: Microsoft.AspNetCore.DataProtection.TypeForwardingActivator[0]
      Forwarded activator type request from Microsoft.AspNetCore.DataProtection.AuthenticatedEncryption.ConfigurationModel.AuthenticatedEncryptorDescriptorDeserializer, Microsoft.AspNetCore.DataProtection, Version=8.0.0.0, Culture=neutral, PublicKeyToken=adb9793829ddae60 to Microsoft.AspNetCore.DataProtection.AuthenticatedEncryption.ConfigurationModel.AuthenticatedEncryptorDescriptorDeserializer, Microsoft.AspNetCore.DataProtection, Culture=neutral, PublicKeyToken=adb9793829ddae60
dbug: Microsoft.AspNetCore.DataProtection.AuthenticatedEncryption.CngCbcAuthenticatedEncryptorFactory[4]
      Opening CNG algorithm 'AES' from provider '(null)' with chaining mode CBC.
dbug: Microsoft.AspNetCore.DataProtection.AuthenticatedEncryption.CngCbcAuthenticatedEncryptorFactory[3]
      Opening CNG algorithm 'SHA256' from provider '(null)' with HMAC.
dbug: Microsoft.AspNetCore.DataProtection.KeyManagement.KeyRingProvider[2]
      Using key {c7681aa5-906a-4dd8-a60e-cad062d4e942} as the default key.
dbug: Microsoft.AspNetCore.DataProtection.Internal.DataProtectionHostedService[65]
      Key ring with default key {c7681aa5-906a-4dd8-a60e-cad062d4e942} was loaded during application startup.
dbug: Microsoft.AspNetCore.Watch.BrowserRefresh.BlazorWasmHotReloadMiddleware[0]
      Middleware loaded
dbug: Microsoft.AspNetCore.Watch.BrowserRefresh.BrowserScriptMiddleware[0]
      Middleware loaded. Script /_framework/aspnetcore-browser-refresh.js (16511 B).
dbug: Microsoft.AspNetCore.Watch.BrowserRefresh.BrowserScriptMiddleware[0]
      Middleware loaded. Script /_framework/blazor-hotreload.js (799 B).
dbug: Microsoft.AspNetCore.Watch.BrowserRefresh.BrowserRefreshMiddleware[0]
      Middleware loaded: DOTNET_MODIFIABLE_ASSEMBLIES=debug, __ASPNETCORE_BROWSER_TOOLS=true
dbug: Microsoft.AspNetCore.Hosting.Diagnostics[13]
      Loaded hosting startup assembly ParcelProject
dbug: Microsoft.AspNetCore.Hosting.Diagnostics[13]
      Loaded hosting startup assembly Microsoft.WebTools.ApiEndpointDiscovery
dbug: Microsoft.AspNetCore.Hosting.Diagnostics[13]
      Loaded hosting startup assembly Microsoft.AspNetCore.Watch.BrowserRefresh
dbug: Microsoft.AspNetCore.Hosting.Diagnostics[13]
      Loaded hosting startup assembly Microsoft.WebTools.BrowserLink.Net
info: Microsoft.AspNetCore.Hosting.Diagnostics[1]
      Request starting HTTP/2 GET https://localhost:44353/ - - -
info: Microsoft.Hosting.Lifetime[0]
      Application started. Press Ctrl+C to shut down.
info: Microsoft.Hosting.Lifetime[0]
      Hosting environment: Development
info: Microsoft.Hosting.Lifetime[0]
      Content root path: E:\專題\ParcelProject\ParcelManagement2
dbug: Microsoft.Extensions.Hosting.Internal.Host[2]
      Hosting started
dbug: Microsoft.AspNetCore.HostFiltering.HostFilteringMiddleware[0]
      Wildcard detected, all requests with hosts will be allowed.
dbug: Microsoft.AspNetCore.StaticFiles.StaticFileMiddleware[4]
      The request path / does not match a supported file type
dbug: Microsoft.AspNetCore.Routing.Matching.DfaMatcher[1001]
      1 candidate(s) found for the request path '/'
dbug: Microsoft.AspNetCore.Routing.Matching.DfaMatcher[1005]
      Endpoint 'ParcelManagement2.Controllers.AccountController.Login (ParcelProject)' with route pattern '{controller=Account}/{action=Login}/{id?}' is valid for the request path '/'
dbug: Microsoft.AspNetCore.Routing.EndpointRoutingMiddleware[1]
      Request matched endpoint 'ParcelManagement2.Controllers.AccountController.Login (ParcelProject)'
dbug: Microsoft.AspNetCore.Authentication.Cookies.CookieAuthenticationHandler[9]
      AuthenticationScheme: Cookies was not authenticated.
info: Microsoft.AspNetCore.Routing.EndpointMiddleware[0]
      Executing endpoint 'ParcelManagement2.Controllers.AccountController.Login (ParcelProject)'
info: Microsoft.AspNetCore.Mvc.Infrastructure.ControllerActionInvoker[102]
      Route matched with {action = "Login", controller = "Account"}. Executing controller action with signature Microsoft.AspNetCore.Mvc.IActionResult Login(System.String) on controller ParcelManagement2.Controllers.AccountController (ParcelProject).
dbug: Microsoft.AspNetCore.Mvc.Infrastructure.ControllerActionInvoker[1]
      Execution plan of authorization filters (in the following order): None
dbug: Microsoft.AspNetCore.Mvc.Infrastructure.ControllerActionInvoker[1]
      Execution plan of resource filters (in the following order): Microsoft.AspNetCore.Mvc.ViewFeatures.Filters.SaveTempDataFilter
dbug: Microsoft.AspNetCore.Mvc.Infrastructure.ControllerActionInvoker[1]
      Execution plan of action filters (in the following order): Microsoft.AspNetCore.Mvc.Filters.ControllerActionFilter (Order: -2147483648), Microsoft.AspNetCore.Mvc.ModelBinding.UnsupportedContentTypeFilter (Order: -3000)
dbug: Microsoft.AspNetCore.Mvc.Infrastructure.ControllerActionInvoker[1]
      Execution plan of exception filters (in the following order): None
dbug: Microsoft.AspNetCore.Mvc.Infrastructure.ControllerActionInvoker[1]
      Execution plan of result filters (in the following order): Microsoft.AspNetCore.Mvc.ViewFeatures.Filters.SaveTempDataFilter
dbug: Microsoft.AspNetCore.Mvc.Infrastructure.ControllerActionInvoker[1]
      Executing controller factory for controller ParcelManagement2.Controllers.AccountController (ParcelProject)
dbug: Microsoft.AspNetCore.Mvc.Infrastructure.ControllerActionInvoker[2]
      Executed controller factory for controller ParcelManagement2.Controllers.AccountController (ParcelProject)
dbug: Microsoft.AspNetCore.Mvc.ModelBinding.ParameterBinder[22]
      Attempting to bind parameter 'returnUrl' of type 'System.String' ...
dbug: Microsoft.AspNetCore.Mvc.ModelBinding.Binders.SimpleTypeModelBinder[44]
      Attempting to bind parameter 'returnUrl' of type 'System.String' using the name '' in request data ...
dbug: Microsoft.AspNetCore.Mvc.ModelBinding.Binders.SimpleTypeModelBinder[16]
      Could not find a value in the request with name '' for binding parameter 'returnUrl' of type 'System.String'.
dbug: Microsoft.AspNetCore.Mvc.ModelBinding.Binders.SimpleTypeModelBinder[45]
      Done attempting to bind parameter 'returnUrl' of type 'System.String'.
dbug: Microsoft.AspNetCore.Mvc.ModelBinding.ParameterBinder[23]
      Done attempting to bind parameter 'returnUrl' of type 'System.String'.
dbug: Microsoft.AspNetCore.Mvc.ModelBinding.ParameterBinder[26]
      Attempting to validate the bound parameter 'returnUrl' of type 'System.String' ...
dbug: Microsoft.AspNetCore.Mvc.ModelBinding.ParameterBinder[27]
      Done attempting to validate the bound parameter 'returnUrl' of type 'System.String'.
dbug: Microsoft.AspNetCore.Mvc.Razor.RazorViewEngine[1]
      View lookup cache miss for view 'Login' in controller 'Account'.
info: Microsoft.AspNetCore.Mvc.ViewFeatures.ViewResultExecutor[1]
      Executing ViewResult, running view Login.
dbug: Microsoft.AspNetCore.Mvc.ViewFeatures.ViewResultExecutor[2]
      The view path '/Views/Account/Login.cshtml' was found in 6.0591ms.
dbug: Microsoft.AspNetCore.Antiforgery.DefaultAntiforgery[5]
      A new antiforgery cookie token was created.
dbug: Microsoft.WebTools.BrowserLink.Net.BrowserLinkMiddleware[1]
      Response markup is scheduled to include Browser Link script injection.
dbug: Microsoft.AspNetCore.Watch.BrowserRefresh.BrowserRefreshMiddleware[1]
      Response markup is scheduled to include browser refresh script injection.
info: Microsoft.AspNetCore.Mvc.ViewFeatures.ViewResultExecutor[4]
      Executed ViewResult - view Login executed in 67.9449ms.
info: Microsoft.AspNetCore.Mvc.Infrastructure.ControllerActionInvoker[105]
      Executed action ParcelManagement2.Controllers.AccountController.Login (ParcelProject) in 118.6612ms
info: Microsoft.AspNetCore.Routing.EndpointMiddleware[1]
      Executed endpoint 'ParcelManagement2.Controllers.AccountController.Login (ParcelProject)'
dbug: Microsoft.WebTools.BrowserLink.Net.BrowserLinkMiddleware[2]
      Response markup was updated to include Browser Link script injection.
dbug: Microsoft.AspNetCore.Watch.BrowserRefresh.BrowserRefreshMiddleware[2]
      Response markup was updated to include browser refresh script injection.
dbug: Microsoft.AspNetCore.Server.IIS.Core.IISHttpServer[1]
      Connection ID "18374686484771897381" disconnecting.
info: Microsoft.AspNetCore.Hosting.Diagnostics[2]
      Request finished HTTP/2 GET https://localhost:44353/ - 200 - text/html;+charset=utf-8 369.8362ms
info: Microsoft.AspNetCore.Hosting.Diagnostics[1]
      Request starting HTTP/2 GET https://localhost:44353/_vs/browserLink - - -
info: Microsoft.AspNetCore.Hosting.Diagnostics[1]
      Request starting HTTP/2 GET https://localhost:44353/_framework/aspnetcore-browser-refresh.js - - -
dbug: Microsoft.AspNetCore.Watch.BrowserRefresh.BrowserScriptMiddleware[0]
      Script injected: /_framework/aspnetcore-browser-refresh.js
dbug: Microsoft.AspNetCore.Server.IIS.Core.IISHttpServer[1]
      Connection ID "17942340963494002775" disconnecting.
info: Microsoft.AspNetCore.Hosting.Diagnostics[2]
      Request finished HTTP/2 GET https://localhost:44353/_framework/aspnetcore-browser-refresh.js - 200 16511 application/javascript;+charset=utf-8 5.0867ms
dbug: Microsoft.AspNetCore.Server.IIS.Core.IISHttpServer[1]
      Connection ID "18230571352530616374" disconnecting.
info: Microsoft.AspNetCore.Hosting.Diagnostics[2]
      Request finished HTTP/2 GET https://localhost:44353/_vs/browserLink - 200 - text/javascript;+charset=UTF-8 31.3963ms
info: Microsoft.AspNetCore.Hosting.Diagnostics[1]
      Request starting HTTP/2 GET https://localhost:44353/ - - -
dbug: Microsoft.AspNetCore.StaticFiles.StaticFileMiddleware[4]
      The request path / does not match a supported file type
dbug: Microsoft.AspNetCore.Routing.Matching.DfaMatcher[1001]
      1 candidate(s) found for the request path '/'
dbug: Microsoft.AspNetCore.Routing.Matching.DfaMatcher[1005]
      Endpoint 'ParcelManagement2.Controllers.AccountController.Login (ParcelProject)' with route pattern '{controller=Account}/{action=Login}/{id?}' is valid for the request path '/'
dbug: Microsoft.AspNetCore.Routing.EndpointRoutingMiddleware[1]
      Request matched endpoint 'ParcelManagement2.Controllers.AccountController.Login (ParcelProject)'
dbug: Microsoft.AspNetCore.Authentication.Cookies.CookieAuthenticationHandler[9]
      AuthenticationScheme: Cookies was not authenticated.
info: Microsoft.AspNetCore.Routing.EndpointMiddleware[0]
      Executing endpoint 'ParcelManagement2.Controllers.AccountController.Login (ParcelProject)'
info: Microsoft.AspNetCore.Mvc.Infrastructure.ControllerActionInvoker[102]
      Route matched with {action = "Login", controller = "Account"}. Executing controller action with signature Microsoft.AspNetCore.Mvc.IActionResult Login(System.String) on controller ParcelManagement2.Controllers.AccountController (ParcelProject).
dbug: Microsoft.AspNetCore.Mvc.Infrastructure.ControllerActionInvoker[1]
      Execution plan of authorization filters (in the following order): None
dbug: Microsoft.AspNetCore.Mvc.Infrastructure.ControllerActionInvoker[1]
      Execution plan of resource filters (in the following order): Microsoft.AspNetCore.Mvc.ViewFeatures.Filters.SaveTempDataFilter
dbug: Microsoft.AspNetCore.Mvc.Infrastructure.ControllerActionInvoker[1]
      Execution plan of action filters (in the following order): Microsoft.AspNetCore.Mvc.Filters.ControllerActionFilter (Order: -2147483648), Microsoft.AspNetCore.Mvc.ModelBinding.UnsupportedContentTypeFilter (Order: -3000)
dbug: Microsoft.AspNetCore.Mvc.Infrastructure.ControllerActionInvoker[1]
      Execution plan of exception filters (in the following order): None
dbug: Microsoft.AspNetCore.Mvc.Infrastructure.ControllerActionInvoker[1]
      Execution plan of result filters (in the following order): Microsoft.AspNetCore.Mvc.ViewFeatures.Filters.SaveTempDataFilter
dbug: Microsoft.AspNetCore.Mvc.Infrastructure.ControllerActionInvoker[1]
      Executing controller factory for controller ParcelManagement2.Controllers.AccountController (ParcelProject)
dbug: Microsoft.AspNetCore.Mvc.Infrastructure.ControllerActionInvoker[2]
      Executed controller factory for controller ParcelManagement2.Controllers.AccountController (ParcelProject)
dbug: Microsoft.AspNetCore.Mvc.ModelBinding.ParameterBinder[22]
      Attempting to bind parameter 'returnUrl' of type 'System.String' ...
dbug: Microsoft.AspNetCore.Mvc.ModelBinding.Binders.SimpleTypeModelBinder[44]
      Attempting to bind parameter 'returnUrl' of type 'System.String' using the name '' in request data ...
dbug: Microsoft.AspNetCore.Mvc.ModelBinding.Binders.SimpleTypeModelBinder[16]
      Could not find a value in the request with name '' for binding parameter 'returnUrl' of type 'System.String'.
dbug: Microsoft.AspNetCore.Mvc.ModelBinding.Binders.SimpleTypeModelBinder[45]
      Done attempting to bind parameter 'returnUrl' of type 'System.String'.
dbug: Microsoft.AspNetCore.Mvc.ModelBinding.ParameterBinder[23]
      Done attempting to bind parameter 'returnUrl' of type 'System.String'.
dbug: Microsoft.AspNetCore.Mvc.ModelBinding.ParameterBinder[26]
      Attempting to validate the bound parameter 'returnUrl' of type 'System.String' ...
dbug: Microsoft.AspNetCore.Mvc.ModelBinding.ParameterBinder[27]
      Done attempting to validate the bound parameter 'returnUrl' of type 'System.String'.
dbug: Microsoft.AspNetCore.Mvc.Razor.RazorViewEngine[1]
      View lookup cache miss for view 'Login' in controller 'Account'.
dbug: Microsoft.AspNetCore.Mvc.Razor.Compilation.DefaultViewCompiler[3]
      Initializing Razor view compiler with compiled view: '/Views/Account/AccessDenied.cshtml'.
dbug: Microsoft.AspNetCore.Mvc.Razor.Compilation.DefaultViewCompiler[3]
      Initializing Razor view compiler with compiled view: '/Views/Account/Login.cshtml'.
dbug: Microsoft.AspNetCore.Mvc.Razor.Compilation.DefaultViewCompiler[3]
      Initializing Razor view compiler with compiled view: '/Views/Home/Index.cshtml'.
dbug: Microsoft.AspNetCore.Mvc.Razor.Compilation.DefaultViewCompiler[3]
      Initializing Razor view compiler with compiled view: '/Views/Home/Index_back.cshtml'.
dbug: Microsoft.AspNetCore.Mvc.Razor.Compilation.DefaultViewCompiler[3]
      Initializing Razor view compiler with compiled view: '/Views/Home/Packages.cshtml'.
dbug: Microsoft.AspNetCore.Mvc.Razor.Compilation.DefaultViewCompiler[3]
      Initializing Razor view compiler with compiled view: '/Views/Home/Privacy.cshtml'.
dbug: Microsoft.AspNetCore.Mvc.Razor.Compilation.DefaultViewCompiler[3]
      Initializing Razor view compiler with compiled view: '/Views/Resident/Edit.cshtml'.
dbug: Microsoft.AspNetCore.Mvc.Razor.Compilation.DefaultViewCompiler[3]
      Initializing Razor view compiler with compiled view: '/Views/Resident/Home.cshtml'.
dbug: Microsoft.AspNetCore.Mvc.Razor.Compilation.DefaultViewCompiler[3]
      Initializing Razor view compiler with compiled view: '/Views/Resident/MyPackages.cshtml'.
dbug: Microsoft.AspNetCore.Mvc.Razor.Compilation.DefaultViewCompiler[3]
      Initializing Razor view compiler with compiled view: '/Views/Resident/PackagePhoto.cshtml'.
dbug: Microsoft.AspNetCore.Mvc.Razor.Compilation.DefaultViewCompiler[3]
      Initializing Razor view compiler with compiled view: '/Views/Shared/Error.cshtml'.
dbug: Microsoft.AspNetCore.Mvc.Razor.Compilation.DefaultViewCompiler[3]
      Initializing Razor view compiler with compiled view: '/Views/Shared/_AdminLayout.cshtml'.
dbug: Microsoft.AspNetCore.Mvc.Razor.Compilation.DefaultViewCompiler[3]
      Initializing Razor view compiler with compiled view: '/Views/Shared/_Layout.cshtml'.
dbug: Microsoft.AspNetCore.Mvc.Razor.Compilation.DefaultViewCompiler[3]
      Initializing Razor view compiler with compiled view: '/Views/Shared/_ResidentLayout.cshtml'.
dbug: Microsoft.AspNetCore.Mvc.Razor.Compilation.DefaultViewCompiler[3]
      Initializing Razor view compiler with compiled view: '/Views/Shared/_ValidationScriptsPartial.cshtml'.
dbug: Microsoft.AspNetCore.Mvc.Razor.Compilation.DefaultViewCompiler[3]
      Initializing Razor view compiler with compiled view: '/Views/_ViewImports.cshtml'.
dbug: Microsoft.AspNetCore.Mvc.Razor.Compilation.DefaultViewCompiler[3]
      Initializing Razor view compiler with compiled view: '/Views/_ViewStart.cshtml'.
dbug: Microsoft.AspNetCore.Mvc.Razor.Compilation.DefaultViewCompiler[3]
      Initializing Razor view compiler with compiled view: '/Views/Shared/_Layout_back.cshtml'.
info: Microsoft.AspNetCore.Mvc.ViewFeatures.ViewResultExecutor[1]
      Executing ViewResult, running view Login.
dbug: Microsoft.AspNetCore.Mvc.ViewFeatures.ViewResultExecutor[2]
      The view path '/Views/Account/Login.cshtml' was found in 23.2536ms.
dbug: Microsoft.AspNetCore.Antiforgery.DefaultAntiforgery[6]
      An antiforgery cookie token was reused.
dbug: Microsoft.WebTools.BrowserLink.Net.BrowserLinkMiddleware[1]
      Response markup is scheduled to include Browser Link script injection.
dbug: Microsoft.AspNetCore.Watch.BrowserRefresh.BrowserRefreshMiddleware[1]
      Response markup is scheduled to include browser refresh script injection.
info: Microsoft.AspNetCore.Mvc.ViewFeatures.ViewResultExecutor[4]
      Executed ViewResult - view Login executed in 36.9476ms.
info: Microsoft.AspNetCore.Mvc.Infrastructure.ControllerActionInvoker[105]
      Executed action ParcelManagement2.Controllers.AccountController.Login (ParcelProject) in 50.2393ms
info: Microsoft.AspNetCore.Routing.EndpointMiddleware[1]
      Executed endpoint 'ParcelManagement2.Controllers.AccountController.Login (ParcelProject)'
dbug: Microsoft.WebTools.BrowserLink.Net.BrowserLinkMiddleware[2]
      Response markup was updated to include Browser Link script injection.
dbug: Microsoft.AspNetCore.Watch.BrowserRefresh.BrowserRefreshMiddleware[2]
      Response markup was updated to include browser refresh script injection.
info: Microsoft.AspNetCore.Hosting.Diagnostics[2]
      Request finished HTTP/2 GET https://localhost:44353/ - 200 - text/html;+charset=utf-8 80.7673ms
dbug: Microsoft.AspNetCore.Server.IIS.Core.IISHttpServer[1]
      Connection ID "18158513724132950052" disconnecting.
info: Microsoft.AspNetCore.Hosting.Diagnostics[1]
      Request starting HTTP/2 GET https://localhost:44353/_framework/aspnetcore-browser-refresh.js - - -
info: Microsoft.AspNetCore.Hosting.Diagnostics[1]
      Request starting HTTP/2 GET https://localhost:44353/_vs/browserLink - - -
dbug: Microsoft.AspNetCore.Watch.BrowserRefresh.BrowserScriptMiddleware[0]
      Script injected: /_framework/aspnetcore-browser-refresh.js
info: Microsoft.AspNetCore.Hosting.Diagnostics[2]
      Request finished HTTP/2 GET https://localhost:44353/_framework/aspnetcore-browser-refresh.js - 200 16511 application/javascript;+charset=utf-8 6.1162ms
dbug: Microsoft.AspNetCore.Server.IIS.Core.IISHttpServer[1]
      Connection ID "18374686549196406808" disconnecting.
dbug: Microsoft.AspNetCore.Server.IIS.Core.IISHttpServer[1]
      Connection ID "18302628950863511614" disconnecting.
info: Microsoft.AspNetCore.Hosting.Diagnostics[2]
      Request finished HTTP/2 GET https://localhost:44353/_vs/browserLink - 200 - text/javascript;+charset=UTF-8 21.4928ms
info: Microsoft.AspNetCore.Hosting.Diagnostics[1]
      Request starting HTTP/2 GET https://localhost:44353/ - - -
dbug: Microsoft.AspNetCore.StaticFiles.StaticFileMiddleware[4]
      The request path / does not match a supported file type
dbug: Microsoft.AspNetCore.Routing.Matching.DfaMatcher[1001]
      1 candidate(s) found for the request path '/'
dbug: Microsoft.AspNetCore.Routing.Matching.DfaMatcher[1005]
      Endpoint 'ParcelManagement2.Controllers.AccountController.Login (ParcelProject)' with route pattern '{controller=Account}/{action=Login}/{id?}' is valid for the request path '/'
dbug: Microsoft.AspNetCore.Routing.EndpointRoutingMiddleware[1]
      Request matched endpoint 'ParcelManagement2.Controllers.AccountController.Login (ParcelProject)'
dbug: Microsoft.AspNetCore.Authentication.Cookies.CookieAuthenticationHandler[9]
      AuthenticationScheme: Cookies was not authenticated.
info: Microsoft.AspNetCore.Routing.EndpointMiddleware[0]
      Executing endpoint 'ParcelManagement2.Controllers.AccountController.Login (ParcelProject)'
info: Microsoft.AspNetCore.Mvc.Infrastructure.ControllerActionInvoker[102]
      Route matched with {action = "Login", controller = "Account"}. Executing controller action with signature Microsoft.AspNetCore.Mvc.IActionResult Login(System.String) on controller ParcelManagement2.Controllers.AccountController (ParcelProject).
dbug: Microsoft.AspNetCore.Mvc.Infrastructure.ControllerActionInvoker[1]
      Execution plan of authorization filters (in the following order): None
dbug: Microsoft.AspNetCore.Mvc.Infrastructure.ControllerActionInvoker[1]
      Execution plan of resource filters (in the following order): Microsoft.AspNetCore.Mvc.ViewFeatures.Filters.SaveTempDataFilter
dbug: Microsoft.AspNetCore.Mvc.Infrastructure.ControllerActionInvoker[1]
      Execution plan of action filters (in the following order): Microsoft.AspNetCore.Mvc.Filters.ControllerActionFilter (Order: -2147483648), Microsoft.AspNetCore.Mvc.ModelBinding.UnsupportedContentTypeFilter (Order: -3000)
dbug: Microsoft.AspNetCore.Mvc.Infrastructure.ControllerActionInvoker[1]
      Execution plan of exception filters (in the following order): None
dbug: Microsoft.AspNetCore.Mvc.Infrastructure.ControllerActionInvoker[1]
      Execution plan of result filters (in the following order): Microsoft.AspNetCore.Mvc.ViewFeatures.Filters.SaveTempDataFilter
dbug: Microsoft.AspNetCore.Mvc.Infrastructure.ControllerActionInvoker[1]
      Executing controller factory for controller ParcelManagement2.Controllers.AccountController (ParcelProject)
dbug: Microsoft.AspNetCore.Mvc.Infrastructure.ControllerActionInvoker[2]
      Executed controller factory for controller ParcelManagement2.Controllers.AccountController (ParcelProject)
dbug: Microsoft.AspNetCore.Mvc.ModelBinding.ParameterBinder[22]
      Attempting to bind parameter 'returnUrl' of type 'System.String' ...
dbug: Microsoft.AspNetCore.Mvc.ModelBinding.Binders.SimpleTypeModelBinder[44]
      Attempting to bind parameter 'returnUrl' of type 'System.String' using the name '' in request data ...
dbug: Microsoft.AspNetCore.Mvc.ModelBinding.Binders.SimpleTypeModelBinder[16]
      Could not find a value in the request with name '' for binding parameter 'returnUrl' of type 'System.String'.
dbug: Microsoft.AspNetCore.Mvc.ModelBinding.Binders.SimpleTypeModelBinder[45]
      Done attempting to bind parameter 'returnUrl' of type 'System.String'.
dbug: Microsoft.AspNetCore.Mvc.ModelBinding.ParameterBinder[23]
      Done attempting to bind parameter 'returnUrl' of type 'System.String'.
dbug: Microsoft.AspNetCore.Mvc.ModelBinding.ParameterBinder[26]
      Attempting to validate the bound parameter 'returnUrl' of type 'System.String' ...
dbug: Microsoft.AspNetCore.Mvc.ModelBinding.ParameterBinder[27]
      Done attempting to validate the bound parameter 'returnUrl' of type 'System.String'.
dbug: Microsoft.AspNetCore.Mvc.Razor.RazorViewEngine[1]
      View lookup cache miss for view 'Login' in controller 'Account'.
dbug: Microsoft.AspNetCore.Mvc.Razor.Compilation.DefaultViewCompiler[3]
      Initializing Razor view compiler with compiled view: '/Views/Account/AccessDenied.cshtml'.
dbug: Microsoft.AspNetCore.Mvc.Razor.Compilation.DefaultViewCompiler[3]
      Initializing Razor view compiler with compiled view: '/Views/Account/Login.cshtml'.
dbug: Microsoft.AspNetCore.Mvc.Razor.Compilation.DefaultViewCompiler[3]
      Initializing Razor view compiler with compiled view: '/Views/Home/Index.cshtml'.
dbug: Microsoft.AspNetCore.Mvc.Razor.Compilation.DefaultViewCompiler[3]
      Initializing Razor view compiler with compiled view: '/Views/Home/Index_back.cshtml'.
dbug: Microsoft.AspNetCore.Mvc.Razor.Compilation.DefaultViewCompiler[3]
      Initializing Razor view compiler with compiled view: '/Views/Home/Packages.cshtml'.
dbug: Microsoft.AspNetCore.Mvc.Razor.Compilation.DefaultViewCompiler[3]
      Initializing Razor view compiler with compiled view: '/Views/Home/Privacy.cshtml'.
dbug: Microsoft.AspNetCore.Mvc.Razor.Compilation.DefaultViewCompiler[3]
      Initializing Razor view compiler with compiled view: '/Views/Resident/Edit.cshtml'.
dbug: Microsoft.AspNetCore.Mvc.Razor.Compilation.DefaultViewCompiler[3]
      Initializing Razor view compiler with compiled view: '/Views/Resident/Home.cshtml'.
dbug: Microsoft.AspNetCore.Mvc.Razor.Compilation.DefaultViewCompiler[3]
      Initializing Razor view compiler with compiled view: '/Views/Resident/MyPackages.cshtml'.
dbug: Microsoft.AspNetCore.Mvc.Razor.Compilation.DefaultViewCompiler[3]
      Initializing Razor view compiler with compiled view: '/Views/Resident/PackagePhoto.cshtml'.
dbug: Microsoft.AspNetCore.Mvc.Razor.Compilation.DefaultViewCompiler[3]
      Initializing Razor view compiler with compiled view: '/Views/Shared/Error.cshtml'.
dbug: Microsoft.AspNetCore.Mvc.Razor.Compilation.DefaultViewCompiler[3]
      Initializing Razor view compiler with compiled view: '/Views/Shared/_AdminLayout.cshtml'.
dbug: Microsoft.AspNetCore.Mvc.Razor.Compilation.DefaultViewCompiler[3]
      Initializing Razor view compiler with compiled view: '/Views/Shared/_Layout.cshtml'.
dbug: Microsoft.AspNetCore.Mvc.Razor.Compilation.DefaultViewCompiler[3]
      Initializing Razor view compiler with compiled view: '/Views/Shared/_ResidentLayout.cshtml'.
dbug: Microsoft.AspNetCore.Mvc.Razor.Compilation.DefaultViewCompiler[3]
      Initializing Razor view compiler with compiled view: '/Views/Shared/_ValidationScriptsPartial.cshtml'.
dbug: Microsoft.AspNetCore.Mvc.Razor.Compilation.DefaultViewCompiler[3]
      Initializing Razor view compiler with compiled view: '/Views/_ViewImports.cshtml'.
dbug: Microsoft.AspNetCore.Mvc.Razor.Compilation.DefaultViewCompiler[3]
      Initializing Razor view compiler with compiled view: '/Views/_ViewStart.cshtml'.
dbug: Microsoft.AspNetCore.Mvc.Razor.Compilation.DefaultViewCompiler[3]
      Initializing Razor view compiler with compiled view: '/Views/Shared/_Layout_back.cshtml'.
info: Microsoft.AspNetCore.Mvc.ViewFeatures.ViewResultExecutor[1]
      Executing ViewResult, running view Login.
dbug: Microsoft.AspNetCore.Mvc.ViewFeatures.ViewResultExecutor[2]
      The view path '/Views/Account/Login.cshtml' was found in 25.8991ms.
dbug: Microsoft.AspNetCore.Antiforgery.DefaultAntiforgery[6]
      An antiforgery cookie token was reused.
dbug: Microsoft.WebTools.BrowserLink.Net.BrowserLinkMiddleware[1]
      Response markup is scheduled to include Browser Link script injection.
dbug: Microsoft.AspNetCore.Watch.BrowserRefresh.BrowserRefreshMiddleware[1]
      Response markup is scheduled to include browser refresh script injection.
info: Microsoft.AspNetCore.Mvc.ViewFeatures.ViewResultExecutor[4]
      Executed ViewResult - view Login executed in 33.3047ms.
info: Microsoft.AspNetCore.Mvc.Infrastructure.ControllerActionInvoker[105]
      Executed action ParcelManagement2.Controllers.AccountController.Login (ParcelProject) in 45.7939ms
info: Microsoft.AspNetCore.Routing.EndpointMiddleware[1]
      Executed endpoint 'ParcelManagement2.Controllers.AccountController.Login (ParcelProject)'
dbug: Microsoft.WebTools.BrowserLink.Net.BrowserLinkMiddleware[2]
      Response markup was updated to include Browser Link script injection.
dbug: Microsoft.AspNetCore.Watch.BrowserRefresh.BrowserRefreshMiddleware[2]
      Response markup was updated to include browser refresh script injection.
info: Microsoft.AspNetCore.Hosting.Diagnostics[2]
      Request finished HTTP/2 GET https://localhost:44353/ - 200 - text/html;+charset=utf-8 77.8110ms
dbug: Microsoft.AspNetCore.Server.IIS.Core.IISHttpServer[1]
      Connection ID "18086456130095022112" disconnecting.
info: Microsoft.AspNetCore.Hosting.Diagnostics[1]
      Request starting HTTP/2 GET https://localhost:44353/_vs/browserLink - - -
info: Microsoft.AspNetCore.Hosting.Diagnostics[1]
      Request starting HTTP/2 GET https://localhost:44353/_framework/aspnetcore-browser-refresh.js - - -
dbug: Microsoft.AspNetCore.Watch.BrowserRefresh.BrowserScriptMiddleware[0]
      Script injected: /_framework/aspnetcore-browser-refresh.js
info: Microsoft.AspNetCore.Hosting.Diagnostics[2]
      Request finished HTTP/2 GET https://localhost:44353/_framework/aspnetcore-browser-refresh.js - 200 16511 application/javascript;+charset=utf-8 4.0105ms
dbug: Microsoft.AspNetCore.Server.IIS.Core.IISHttpServer[1]
      Connection ID "18230571292401074301" disconnecting.
dbug: Microsoft.AspNetCore.Server.IIS.Core.IISHttpServer[1]
      Connection ID "18158513698363146336" disconnecting.
info: Microsoft.AspNetCore.Hosting.Diagnostics[2]
      Request finished HTTP/2 GET https://localhost:44353/_vs/browserLink - 200 - text/javascript;+charset=UTF-8 21.6239ms
info: Microsoft.AspNetCore.Hosting.Diagnostics[1]
      Request starting HTTP/2 POST https://localhost:44353/Account/Login - application/json 45
dbug: Microsoft.AspNetCore.StaticFiles.StaticFileMiddleware[1]
      POST requests are not supported
dbug: Microsoft.AspNetCore.Routing.Matching.DfaMatcher[1001]
      2 candidate(s) found for the request path '/Account/Login'
dbug: Microsoft.AspNetCore.Routing.Matching.DfaMatcher[1005]
      Endpoint 'ParcelManagement2.Controllers.AccountController.Login (ParcelProject)' with route pattern '{controller=Account}/{action=Login}/{id?}' is valid for the request path '/Account/Login'
dbug: Microsoft.AspNetCore.Routing.Matching.DfaMatcher[1005]
      Endpoint 'ParcelManagement2.Controllers.AccountController.Login (ParcelProject)' with route pattern '{controller=Account}/{action=Login}/{id?}' is valid for the request path '/Account/Login'
dbug: Microsoft.AspNetCore.Routing.EndpointRoutingMiddleware[1]
      Request matched endpoint 'ParcelManagement2.Controllers.AccountController.Login (ParcelProject)'
dbug: Microsoft.AspNetCore.Authentication.Cookies.CookieAuthenticationHandler[9]
      AuthenticationScheme: Cookies was not authenticated.
info: Microsoft.AspNetCore.Routing.EndpointMiddleware[0]
      Executing endpoint 'ParcelManagement2.Controllers.AccountController.Login (ParcelProject)'
info: Microsoft.AspNetCore.Mvc.Infrastructure.ControllerActionInvoker[102]
      Route matched with {action = "Login", controller = "Account"}. Executing controller action with signature System.Threading.Tasks.Task`1[Microsoft.AspNetCore.Mvc.JsonResult] Login(LoginDto) on controller ParcelManagement2.Controllers.AccountController (ParcelProject).
dbug: Microsoft.AspNetCore.Mvc.Infrastructure.ControllerActionInvoker[1]
      Execution plan of authorization filters (in the following order): None
dbug: Microsoft.AspNetCore.Mvc.Infrastructure.ControllerActionInvoker[1]
      Execution plan of resource filters (in the following order): Microsoft.AspNetCore.Mvc.ViewFeatures.Filters.SaveTempDataFilter
dbug: Microsoft.AspNetCore.Mvc.Infrastructure.ControllerActionInvoker[1]
      Execution plan of action filters (in the following order): Microsoft.AspNetCore.Mvc.Filters.ControllerActionFilter (Order: -2147483648), Microsoft.AspNetCore.Mvc.ModelBinding.UnsupportedContentTypeFilter (Order: -3000)
dbug: Microsoft.AspNetCore.Mvc.Infrastructure.ControllerActionInvoker[1]
      Execution plan of exception filters (in the following order): None
dbug: Microsoft.AspNetCore.Mvc.Infrastructure.ControllerActionInvoker[1]
      Execution plan of result filters (in the following order): Microsoft.AspNetCore.Mvc.ViewFeatures.Filters.SaveTempDataFilter
dbug: Microsoft.AspNetCore.Mvc.Infrastructure.ControllerActionInvoker[1]
      Executing controller factory for controller ParcelManagement2.Controllers.AccountController (ParcelProject)
dbug: Microsoft.AspNetCore.Mvc.Infrastructure.ControllerActionInvoker[2]
      Executed controller factory for controller ParcelManagement2.Controllers.AccountController (ParcelProject)
dbug: Microsoft.AspNetCore.Mvc.ModelBinding.ParameterBinder[22]
      Attempting to bind parameter 'dto' of type 'ParcelManagement2.Models.Request.AccountRequest+LoginDto' ...
dbug: Microsoft.AspNetCore.Mvc.ModelBinding.Binders.BodyModelBinder[44]
      Attempting to bind parameter 'dto' of type 'ParcelManagement2.Models.Request.AccountRequest+LoginDto' using the name '' in request data ...
dbug: Microsoft.AspNetCore.Mvc.ModelBinding.Binders.BodyModelBinder[1]
      Selected input formatter 'Microsoft.AspNetCore.Mvc.Formatters.SystemTextJsonInputFormatter' for content type 'application/json'.
dbug: Microsoft.AspNetCore.Mvc.Formatters.SystemTextJsonInputFormatter[2]
      JSON input formatter succeeded, deserializing to type 'ParcelManagement2.Models.Request.AccountRequest+LoginDto'
dbug: Microsoft.AspNetCore.Mvc.ModelBinding.Binders.BodyModelBinder[45]
      Done attempting to bind parameter 'dto' of type 'ParcelManagement2.Models.Request.AccountRequest+LoginDto'.
dbug: Microsoft.AspNetCore.Mvc.ModelBinding.ParameterBinder[23]
      Done attempting to bind parameter 'dto' of type 'ParcelManagement2.Models.Request.AccountRequest+LoginDto'.
dbug: Microsoft.AspNetCore.Mvc.ModelBinding.ParameterBinder[26]
      Attempting to validate the bound parameter 'dto' of type 'ParcelManagement2.Models.Request.AccountRequest+LoginDto' ...
dbug: Microsoft.AspNetCore.Mvc.ModelBinding.ParameterBinder[27]
      Done attempting to validate the bound parameter 'dto' of type 'ParcelManagement2.Models.Request.AccountRequest+LoginDto'.
info: ParcelManagement2.Controllers.AccountController[0]
      登入嘗試開始
info: ParcelManagement2.Controllers.AccountController[0]
      ModelState valid=True
info: ParcelManagement2.Controllers.AccountController[0]
      接收到的資料 - Username: userA10302, Password: True
info: ParcelManagement2.Controllers.AccountController[0]
      登入成功 - Username: userA10302, Role: Resident
info: Microsoft.AspNetCore.Authentication.Cookies.CookieAuthenticationHandler[10]
      AuthenticationScheme: Cookies signed in.
dbug: Microsoft.AspNetCore.Routing.DefaultLinkGenerator[100]
      Found the endpoints Route: {controller=Account}/{action=Login}/{id?} for address (action=[Home],controller=[Resident])
dbug: Microsoft.AspNetCore.Routing.DefaultLinkGenerator[102]
      Successfully processed template {controller=Account}/{action=Login}/{id?} for Route: {controller=Account}/{action=Login}/{id?} resulting in /Resident/Home and 
dbug: Microsoft.AspNetCore.Routing.DefaultLinkGenerator[105]
      Link generation succeeded for endpoints Route: {controller=Account}/{action=Login}/{id?} with result /Resident/Home
info: ParcelManagement2.Controllers.AccountController[0]
      登入完成，導向: /Resident/Home
info: Microsoft.AspNetCore.Mvc.Infrastructure.SystemTextJsonResultExecutor[1]
      Executing JsonResult, writing value of type '<>f__AnonymousType2`4[[System.Boolean, System.Private.CoreLib, Version=8.0.0.0, Culture=neutral, PublicKeyToken=7cec85d7bea7798e],[System.String, System.Private.CoreLib, Version=8.0.0.0, Culture=neutral, PublicKeyToken=7cec85d7bea7798e],[System.String, System.Private.CoreLib, Version=8.0.0.0, Culture=neutral, PublicKeyToken=7cec85d7bea7798e],[<>f__AnonymousType3`2[[System.String, System.Private.CoreLib, Version=8.0.0.0, Culture=neutral, PublicKeyToken=7cec85d7bea7798e],[System.String, System.Private.CoreLib, Version=8.0.0.0, Culture=neutral, PublicKeyToken=7cec85d7bea7798e]], ParcelProject, Version=1.0.0.0, Culture=neutral, PublicKeyToken=null]]'.
info: Microsoft.AspNetCore.Mvc.Infrastructure.ControllerActionInvoker[105]
      Executed action ParcelManagement2.Controllers.AccountController.Login (ParcelProject) in 1751.7693ms
info: Microsoft.AspNetCore.Routing.EndpointMiddleware[1]
      Executed endpoint 'ParcelManagement2.Controllers.AccountController.Login (ParcelProject)'
info: Microsoft.AspNetCore.Hosting.Diagnostics[2]
      Request finished HTTP/2 POST https://localhost:44353/Account/Login - 200 - application/json;+charset=utf-8 1780.2211ms
dbug: Microsoft.AspNetCore.Server.IIS.Core.IISHttpServer[1]
      Connection ID "18158513698363146338" disconnecting.
info: Microsoft.AspNetCore.Hosting.Diagnostics[1]
      Request starting HTTP/2 GET https://localhost:44353/Resident/Home - - -
dbug: Microsoft.AspNetCore.StaticFiles.StaticFileMiddleware[4]
      The request path /Resident/Home does not match a supported file type
dbug: Microsoft.AspNetCore.Routing.Matching.DfaMatcher[1001]
      1 candidate(s) found for the request path '/Resident/Home'
dbug: Microsoft.AspNetCore.Routing.Matching.DfaMatcher[1005]
      Endpoint 'ParcelManagement2.Controllers.ResidentController.Home (ParcelProject)' with route pattern '{controller=Account}/{action=Login}/{id?}' is valid for the request path '/Resident/Home'
dbug: Microsoft.AspNetCore.Routing.EndpointRoutingMiddleware[1]
      Request matched endpoint 'ParcelManagement2.Controllers.ResidentController.Home (ParcelProject)'
dbug: Microsoft.AspNetCore.Authentication.Cookies.CookieAuthenticationHandler[8]
      AuthenticationScheme: Cookies was successfully authenticated.
dbug: Microsoft.AspNetCore.Authorization.DefaultAuthorizationService[1]
      Authorization was successful.
info: Microsoft.AspNetCore.Routing.EndpointMiddleware[0]
      Executing endpoint 'ParcelManagement2.Controllers.ResidentController.Home (ParcelProject)'
info: Microsoft.AspNetCore.Mvc.Infrastructure.ControllerActionInvoker[102]
      Route matched with {action = "Home", controller = "Resident"}. Executing controller action with signature Microsoft.AspNetCore.Mvc.IActionResult Home() on controller ParcelManagement2.Controllers.ResidentController (ParcelProject).
dbug: Microsoft.AspNetCore.Mvc.Infrastructure.ControllerActionInvoker[1]
      Execution plan of authorization filters (in the following order): None
dbug: Microsoft.AspNetCore.Mvc.Infrastructure.ControllerActionInvoker[1]
      Execution plan of resource filters (in the following order): Microsoft.AspNetCore.Mvc.ViewFeatures.Filters.SaveTempDataFilter
dbug: Microsoft.AspNetCore.Mvc.Infrastructure.ControllerActionInvoker[1]
      Execution plan of action filters (in the following order): Microsoft.AspNetCore.Mvc.Filters.ControllerActionFilter (Order: -2147483648), Microsoft.AspNetCore.Mvc.ModelBinding.UnsupportedContentTypeFilter (Order: -3000)
dbug: Microsoft.AspNetCore.Mvc.Infrastructure.ControllerActionInvoker[1]
      Execution plan of exception filters (in the following order): None
dbug: Microsoft.AspNetCore.Mvc.Infrastructure.ControllerActionInvoker[1]
      Execution plan of result filters (in the following order): Microsoft.AspNetCore.Mvc.ViewFeatures.Filters.SaveTempDataFilter
dbug: Microsoft.AspNetCore.Mvc.Infrastructure.ControllerActionInvoker[1]
      Executing controller factory for controller ParcelManagement2.Controllers.ResidentController (ParcelProject)
dbug: ParcelManagement2.Models.DBConn[0]
      資料庫連線字串已設定
dbug: Microsoft.AspNetCore.Mvc.Infrastructure.ControllerActionInvoker[2]
      Executed controller factory for controller ParcelManagement2.Controllers.ResidentController (ParcelProject)
dbug: ParcelManagement2.Models.DBConn[0]
      查詢成功，返回 2 行數據
dbug: Microsoft.AspNetCore.Mvc.Razor.RazorViewEngine[1]
      View lookup cache miss for view 'Home' in controller 'Resident'.
info: Microsoft.AspNetCore.Mvc.ViewFeatures.ViewResultExecutor[1]
      Executing ViewResult, running view Home.
dbug: Microsoft.AspNetCore.Mvc.ViewFeatures.ViewResultExecutor[2]
      The view path '/Views/Resident/Home.cshtml' was found in 2.6901ms.
dbug: Microsoft.AspNetCore.Antiforgery.DefaultAntiforgery[6]
      An antiforgery cookie token was reused.
dbug: Microsoft.WebTools.BrowserLink.Net.BrowserLinkMiddleware[1]
      Response markup is scheduled to include Browser Link script injection.
dbug: Microsoft.AspNetCore.Watch.BrowserRefresh.BrowserRefreshMiddleware[1]
      Response markup is scheduled to include browser refresh script injection.
info: Microsoft.AspNetCore.Mvc.ViewFeatures.ViewResultExecutor[4]
      Executed ViewResult - view Home executed in 30.1757ms.
info: Microsoft.AspNetCore.Mvc.Infrastructure.ControllerActionInvoker[105]
      Executed action ParcelManagement2.Controllers.ResidentController.Home (ParcelProject) in 86.5792ms
info: Microsoft.AspNetCore.Routing.EndpointMiddleware[1]
      Executed endpoint 'ParcelManagement2.Controllers.ResidentController.Home (ParcelProject)'
info: Microsoft.AspNetCore.Session.DistributedSession[3]
      Session started; Key:42ade3ba-0837-25e0-571d-2a97a95c1750, Id:0b4ded04-09a7-2356-c654-603739958772
dbug: Microsoft.AspNetCore.Session.DistributedSession[5]
      Session stored; Key:42ade3ba-0837-25e0-571d-2a97a95c1750, Id:0b4ded04-09a7-2356-c654-603739958772, Count:1
dbug: Microsoft.WebTools.BrowserLink.Net.BrowserLinkMiddleware[2]
      Response markup was updated to include Browser Link script injection.
dbug: Microsoft.AspNetCore.Watch.BrowserRefresh.BrowserRefreshMiddleware[2]
      Response markup was updated to include browser refresh script injection.
dbug: Microsoft.AspNetCore.Server.IIS.Core.IISHttpServer[1]
      Connection ID "17798225762533245128" disconnecting.
info: Microsoft.AspNetCore.Hosting.Diagnostics[2]
      Request finished HTTP/2 GET https://localhost:44353/Resident/Home - 200 - text/html;+charset=utf-8 130.2089ms
info: Microsoft.AspNetCore.Hosting.Diagnostics[1]
      Request starting HTTP/2 GET https://localhost:44353/_framework/aspnetcore-browser-refresh.js - - -
info: Microsoft.AspNetCore.Hosting.Diagnostics[1]
      Request starting HTTP/2 GET https://localhost:44353/_vs/browserLink - - -
dbug: Microsoft.AspNetCore.Watch.BrowserRefresh.BrowserScriptMiddleware[0]
      Script injected: /_framework/aspnetcore-browser-refresh.js
info: Microsoft.AspNetCore.Hosting.Diagnostics[2]
      Request finished HTTP/2 GET https://localhost:44353/_framework/aspnetcore-browser-refresh.js - 200 16511 application/javascript;+charset=utf-8 5.2025ms
dbug: Microsoft.AspNetCore.Server.IIS.Core.IISHttpServer[1]
      Connection ID "18302628899323904038" disconnecting.
dbug: Microsoft.AspNetCore.Server.IIS.Core.IISHttpServer[1]
      Connection ID "18230571352530616378" disconnecting.
info: Microsoft.AspNetCore.Hosting.Diagnostics[2]
      Request finished HTTP/2 GET https://localhost:44353/_vs/browserLink - 200 - text/javascript;+charset=UTF-8 12.6779ms
info: Microsoft.AspNetCore.Hosting.Diagnostics[1]
      Request starting HTTP/2 POST https://localhost:44353/Resident/GetUncollectedMails - - 0
info: Microsoft.AspNetCore.Hosting.Diagnostics[1]
      Request starting HTTP/2 POST https://localhost:44353/Resident/GetUncollectedPackages - - 0
dbug: Microsoft.AspNetCore.StaticFiles.StaticFileMiddleware[1]
      POST requests are not supported
dbug: Microsoft.AspNetCore.StaticFiles.StaticFileMiddleware[1]
      POST requests are not supported
dbug: Microsoft.AspNetCore.Routing.Matching.DfaMatcher[1001]
      1 candidate(s) found for the request path '/Resident/GetUncollectedPackages'
dbug: Microsoft.AspNetCore.Routing.Matching.DfaMatcher[1001]
      1 candidate(s) found for the request path '/Resident/GetUncollectedMails'
dbug: Microsoft.AspNetCore.Routing.Matching.DfaMatcher[1005]
      Endpoint 'ParcelManagement2.Controllers.ResidentController.GetUncollectedMails (ParcelProject)' with route pattern '{controller=Account}/{action=Login}/{id?}' is valid for the request path '/Resident/GetUncollectedMails'
dbug: Microsoft.AspNetCore.Routing.Matching.DfaMatcher[1005]
      Endpoint 'ParcelManagement2.Controllers.ResidentController.GetUncollectedPackages (ParcelProject)' with route pattern '{controller=Account}/{action=Login}/{id?}' is valid for the request path '/Resident/GetUncollectedPackages'
dbug: Microsoft.AspNetCore.Routing.EndpointRoutingMiddleware[1]
      Request matched endpoint 'ParcelManagement2.Controllers.ResidentController.GetUncollectedMails (ParcelProject)'
dbug: Microsoft.AspNetCore.Routing.EndpointRoutingMiddleware[1]
      Request matched endpoint 'ParcelManagement2.Controllers.ResidentController.GetUncollectedPackages (ParcelProject)'
dbug: Microsoft.AspNetCore.Authentication.Cookies.CookieAuthenticationHandler[8]
      AuthenticationScheme: Cookies was successfully authenticated.
dbug: Microsoft.AspNetCore.Authentication.Cookies.CookieAuthenticationHandler[8]
      AuthenticationScheme: Cookies was successfully authenticated.
dbug: Microsoft.AspNetCore.Authorization.DefaultAuthorizationService[1]
      Authorization was successful.
dbug: Microsoft.AspNetCore.Authorization.DefaultAuthorizationService[1]
      Authorization was successful.
info: Microsoft.AspNetCore.Routing.EndpointMiddleware[0]
      Executing endpoint 'ParcelManagement2.Controllers.ResidentController.GetUncollectedMails (ParcelProject)'
info: Microsoft.AspNetCore.Routing.EndpointMiddleware[0]
      Executing endpoint 'ParcelManagement2.Controllers.ResidentController.GetUncollectedPackages (ParcelProject)'
info: Microsoft.AspNetCore.Mvc.Infrastructure.ControllerActionInvoker[102]
      Route matched with {action = "GetUncollectedPackages", controller = "Resident"}. Executing controller action with signature Microsoft.AspNetCore.Mvc.IActionResult GetUncollectedPackages() on controller ParcelManagement2.Controllers.ResidentController (ParcelProject).
info: Microsoft.AspNetCore.Mvc.Infrastructure.ControllerActionInvoker[102]
      Route matched with {action = "GetUncollectedMails", controller = "Resident"}. Executing controller action with signature Microsoft.AspNetCore.Mvc.IActionResult GetUncollectedMails() on controller ParcelManagement2.Controllers.ResidentController (ParcelProject).
dbug: Microsoft.AspNetCore.Mvc.Infrastructure.ControllerActionInvoker[1]
      Execution plan of authorization filters (in the following order): None
dbug: Microsoft.AspNetCore.Mvc.Infrastructure.ControllerActionInvoker[1]
      Execution plan of authorization filters (in the following order): None
dbug: Microsoft.AspNetCore.Mvc.Infrastructure.ControllerActionInvoker[1]
      Execution plan of resource filters (in the following order): Microsoft.AspNetCore.Mvc.ViewFeatures.Filters.SaveTempDataFilter
dbug: Microsoft.AspNetCore.Mvc.Infrastructure.ControllerActionInvoker[1]
      Execution plan of resource filters (in the following order): Microsoft.AspNetCore.Mvc.ViewFeatures.Filters.SaveTempDataFilter
dbug: Microsoft.AspNetCore.Mvc.Infrastructure.ControllerActionInvoker[1]
      Execution plan of action filters (in the following order): Microsoft.AspNetCore.Mvc.Filters.ControllerActionFilter (Order: -2147483648), Microsoft.AspNetCore.Mvc.ModelBinding.UnsupportedContentTypeFilter (Order: -3000)
dbug: Microsoft.AspNetCore.Mvc.Infrastructure.ControllerActionInvoker[1]
      Execution plan of action filters (in the following order): Microsoft.AspNetCore.Mvc.Filters.ControllerActionFilter (Order: -2147483648), Microsoft.AspNetCore.Mvc.ModelBinding.UnsupportedContentTypeFilter (Order: -3000)
dbug: Microsoft.AspNetCore.Mvc.Infrastructure.ControllerActionInvoker[1]
      Execution plan of exception filters (in the following order): None
dbug: Microsoft.AspNetCore.Mvc.Infrastructure.ControllerActionInvoker[1]
      Execution plan of exception filters (in the following order): None
dbug: Microsoft.AspNetCore.Mvc.Infrastructure.ControllerActionInvoker[1]
      Execution plan of result filters (in the following order): Microsoft.AspNetCore.Mvc.ViewFeatures.Filters.SaveTempDataFilter
dbug: Microsoft.AspNetCore.Mvc.Infrastructure.ControllerActionInvoker[1]
      Execution plan of result filters (in the following order): Microsoft.AspNetCore.Mvc.ViewFeatures.Filters.SaveTempDataFilter
dbug: Microsoft.AspNetCore.Mvc.Infrastructure.ControllerActionInvoker[1]
      Executing controller factory for controller ParcelManagement2.Controllers.ResidentController (ParcelProject)
dbug: Microsoft.AspNetCore.Mvc.Infrastructure.ControllerActionInvoker[1]
      Executing controller factory for controller ParcelManagement2.Controllers.ResidentController (ParcelProject)
dbug: ParcelManagement2.Models.DBConn[0]
      資料庫連線字串已設定
dbug: ParcelManagement2.Models.DBConn[0]
      資料庫連線字串已設定
dbug: Microsoft.AspNetCore.Mvc.Infrastructure.ControllerActionInvoker[2]
      Executed controller factory for controller ParcelManagement2.Controllers.ResidentController (ParcelProject)
dbug: Microsoft.AspNetCore.Mvc.Infrastructure.ControllerActionInvoker[2]
      Executed controller factory for controller ParcelManagement2.Controllers.ResidentController (ParcelProject)
dbug: Microsoft.AspNetCore.Session.DistributedSession[4]
      Session loaded; Key:42ade3ba-0837-25e0-571d-2a97a95c1750, Id:0b4ded04-09a7-2356-c654-603739958772, Count:1
dbug: ParcelManagement2.Models.DBConn[0]
      查詢成功，返回 0 行數據
info: Microsoft.AspNetCore.Mvc.Infrastructure.ContentResultExecutor[1]
      Executing ContentResult with HTTP Response ContentType of application/json
info: Microsoft.AspNetCore.Mvc.Infrastructure.ControllerActionInvoker[105]
      Executed action ParcelManagement2.Controllers.ResidentController.GetUncollectedPackages (ParcelProject) in 54.3686ms
info: Microsoft.AspNetCore.Routing.EndpointMiddleware[1]
      Executed endpoint 'ParcelManagement2.Controllers.ResidentController.GetUncollectedPackages (ParcelProject)'
info: Microsoft.AspNetCore.Hosting.Diagnostics[2]
      Request finished HTTP/2 POST https://localhost:44353/Resident/GetUncollectedPackages - 200 2 application/json 98.4740ms
dbug: Microsoft.AspNetCore.Server.IIS.Core.IISHttpServer[1]
      Connection ID "18374686510541701198" disconnecting.
dbug: Microsoft.AspNetCore.Session.DistributedSession[4]
      Session loaded; Key:42ade3ba-0837-25e0-571d-2a97a95c1750, Id:0b4ded04-09a7-2356-c654-603739958772, Count:1
dbug: ParcelManagement2.Models.DBConn[0]
      查詢成功，返回 2 行數據
info: Microsoft.AspNetCore.Mvc.Infrastructure.ContentResultExecutor[1]
      Executing ContentResult with HTTP Response ContentType of application/json
info: Microsoft.AspNetCore.Mvc.Infrastructure.ControllerActionInvoker[105]
      Executed action ParcelManagement2.Controllers.ResidentController.GetUncollectedMails (ParcelProject) in 119.7825ms
info: Microsoft.AspNetCore.Routing.EndpointMiddleware[1]
      Executed endpoint 'ParcelManagement2.Controllers.ResidentController.GetUncollectedMails (ParcelProject)'
info: Microsoft.AspNetCore.Hosting.Diagnostics[2]
      Request finished HTTP/2 POST https://localhost:44353/Resident/GetUncollectedMails - 200 324 application/json 162.1239ms
dbug: Microsoft.AspNetCore.Server.IIS.Core.IISHttpServer[1]
      Connection ID "18302628916503773194" disconnecting.
info: Microsoft.AspNetCore.Hosting.Diagnostics[1]
      Request starting HTTP/2 GET https://localhost:44353/_framework/clear-browser-cache - - -
dbug: Microsoft.AspNetCore.Server.IIS.Core.IISHttpServer[1]
      Connection ID "17942340942019166212" disconnecting.
info: Microsoft.AspNetCore.Hosting.Diagnostics[2]
      Request finished HTTP/2 GET https://localhost:44353/_framework/clear-browser-cache - 200 - - 1.9783ms
info: Microsoft.AspNetCore.Hosting.Diagnostics[1]
      Request starting HTTP/2 GET https://localhost:44353/Resident/Home - - -
dbug: Microsoft.AspNetCore.StaticFiles.StaticFileMiddleware[4]
      The request path /Resident/Home does not match a supported file type
dbug: Microsoft.AspNetCore.Routing.Matching.DfaMatcher[1001]
      1 candidate(s) found for the request path '/Resident/Home'
dbug: Microsoft.AspNetCore.Routing.Matching.DfaMatcher[1005]
      Endpoint 'ParcelManagement2.Controllers.ResidentController.Home (ParcelProject)' with route pattern '{controller=Account}/{action=Login}/{id?}' is valid for the request path '/Resident/Home'
dbug: Microsoft.AspNetCore.Routing.EndpointRoutingMiddleware[1]
      Request matched endpoint 'ParcelManagement2.Controllers.ResidentController.Home (ParcelProject)'
dbug: Microsoft.AspNetCore.Authentication.Cookies.CookieAuthenticationHandler[8]
      AuthenticationScheme: Cookies was successfully authenticated.
dbug: Microsoft.AspNetCore.Authorization.DefaultAuthorizationService[1]
      Authorization was successful.
info: Microsoft.AspNetCore.Routing.EndpointMiddleware[0]
      Executing endpoint 'ParcelManagement2.Controllers.ResidentController.Home (ParcelProject)'
info: Microsoft.AspNetCore.Mvc.Infrastructure.ControllerActionInvoker[102]
      Route matched with {action = "Home", controller = "Resident"}. Executing controller action with signature Microsoft.AspNetCore.Mvc.IActionResult Home() on controller ParcelManagement2.Controllers.ResidentController (ParcelProject).
dbug: Microsoft.AspNetCore.Mvc.Infrastructure.ControllerActionInvoker[1]
      Execution plan of authorization filters (in the following order): None
dbug: Microsoft.AspNetCore.Mvc.Infrastructure.ControllerActionInvoker[1]
      Execution plan of resource filters (in the following order): Microsoft.AspNetCore.Mvc.ViewFeatures.Filters.SaveTempDataFilter
dbug: Microsoft.AspNetCore.Mvc.Infrastructure.ControllerActionInvoker[1]
      Execution plan of action filters (in the following order): Microsoft.AspNetCore.Mvc.Filters.ControllerActionFilter (Order: -2147483648), Microsoft.AspNetCore.Mvc.ModelBinding.UnsupportedContentTypeFilter (Order: -3000)
dbug: Microsoft.AspNetCore.Mvc.Infrastructure.ControllerActionInvoker[1]
      Execution plan of exception filters (in the following order): None
dbug: Microsoft.AspNetCore.Mvc.Infrastructure.ControllerActionInvoker[1]
      Execution plan of result filters (in the following order): Microsoft.AspNetCore.Mvc.ViewFeatures.Filters.SaveTempDataFilter
dbug: Microsoft.AspNetCore.Mvc.Infrastructure.ControllerActionInvoker[1]
      Executing controller factory for controller ParcelManagement2.Controllers.ResidentController (ParcelProject)
dbug: ParcelManagement2.Models.DBConn[0]
      資料庫連線字串已設定
dbug: Microsoft.AspNetCore.Mvc.Infrastructure.ControllerActionInvoker[2]
      Executed controller factory for controller ParcelManagement2.Controllers.ResidentController (ParcelProject)
dbug: ParcelManagement2.Models.DBConn[0]
      查詢成功，返回 2 行數據
dbug: Microsoft.AspNetCore.Session.DistributedSession[4]
      Session loaded; Key:42ade3ba-0837-25e0-571d-2a97a95c1750, Id:0b4ded04-09a7-2356-c654-603739958772, Count:1
dbug: Microsoft.AspNetCore.Mvc.Razor.RazorViewEngine[1]
      View lookup cache miss for view 'Home' in controller 'Resident'.
dbug: Microsoft.AspNetCore.Mvc.Razor.Compilation.DefaultViewCompiler[3]
      Initializing Razor view compiler with compiled view: '/Views/Account/AccessDenied.cshtml'.
dbug: Microsoft.AspNetCore.Mvc.Razor.Compilation.DefaultViewCompiler[3]
      Initializing Razor view compiler with compiled view: '/Views/Account/Login.cshtml'.
dbug: Microsoft.AspNetCore.Mvc.Razor.Compilation.DefaultViewCompiler[3]
      Initializing Razor view compiler with compiled view: '/Views/Home/Index.cshtml'.
dbug: Microsoft.AspNetCore.Mvc.Razor.Compilation.DefaultViewCompiler[3]
      Initializing Razor view compiler with compiled view: '/Views/Home/Index_back.cshtml'.
dbug: Microsoft.AspNetCore.Mvc.Razor.Compilation.DefaultViewCompiler[3]
      Initializing Razor view compiler with compiled view: '/Views/Home/Packages.cshtml'.
dbug: Microsoft.AspNetCore.Mvc.Razor.Compilation.DefaultViewCompiler[3]
      Initializing Razor view compiler with compiled view: '/Views/Home/Privacy.cshtml'.
dbug: Microsoft.AspNetCore.Mvc.Razor.Compilation.DefaultViewCompiler[3]
      Initializing Razor view compiler with compiled view: '/Views/Resident/Edit.cshtml'.
dbug: Microsoft.AspNetCore.Mvc.Razor.Compilation.DefaultViewCompiler[3]
      Initializing Razor view compiler with compiled view: '/Views/Resident/Home.cshtml'.
dbug: Microsoft.AspNetCore.Mvc.Razor.Compilation.DefaultViewCompiler[3]
      Initializing Razor view compiler with compiled view: '/Views/Resident/MyPackages.cshtml'.
dbug: Microsoft.AspNetCore.Mvc.Razor.Compilation.DefaultViewCompiler[3]
      Initializing Razor view compiler with compiled view: '/Views/Resident/PackagePhoto.cshtml'.
dbug: Microsoft.AspNetCore.Mvc.Razor.Compilation.DefaultViewCompiler[3]
      Initializing Razor view compiler with compiled view: '/Views/Shared/Error.cshtml'.
dbug: Microsoft.AspNetCore.Mvc.Razor.Compilation.DefaultViewCompiler[3]
      Initializing Razor view compiler with compiled view: '/Views/Shared/_AdminLayout.cshtml'.
dbug: Microsoft.AspNetCore.Mvc.Razor.Compilation.DefaultViewCompiler[3]
      Initializing Razor view compiler with compiled view: '/Views/Shared/_Layout.cshtml'.
dbug: Microsoft.AspNetCore.Mvc.Razor.Compilation.DefaultViewCompiler[3]
      Initializing Razor view compiler with compiled view: '/Views/Shared/_ResidentLayout.cshtml'.
dbug: Microsoft.AspNetCore.Mvc.Razor.Compilation.DefaultViewCompiler[3]
      Initializing Razor view compiler with compiled view: '/Views/Shared/_ValidationScriptsPartial.cshtml'.
dbug: Microsoft.AspNetCore.Mvc.Razor.Compilation.DefaultViewCompiler[3]
      Initializing Razor view compiler with compiled view: '/Views/_ViewImports.cshtml'.
dbug: Microsoft.AspNetCore.Mvc.Razor.Compilation.DefaultViewCompiler[3]
      Initializing Razor view compiler with compiled view: '/Views/_ViewStart.cshtml'.
dbug: Microsoft.AspNetCore.Mvc.Razor.Compilation.DefaultViewCompiler[3]
      Initializing Razor view compiler with compiled view: '/Views/Shared/_Layout_back.cshtml'.
info: Microsoft.AspNetCore.Mvc.ViewFeatures.ViewResultExecutor[1]
      Executing ViewResult, running view Home.
dbug: Microsoft.AspNetCore.Mvc.ViewFeatures.ViewResultExecutor[2]
      The view path '/Views/Resident/Home.cshtml' was found in 26.1915ms.
dbug: Microsoft.AspNetCore.Antiforgery.DefaultAntiforgery[6]
      An antiforgery cookie token was reused.
dbug: Microsoft.WebTools.BrowserLink.Net.BrowserLinkMiddleware[1]
      Response markup is scheduled to include Browser Link script injection.
dbug: Microsoft.AspNetCore.Watch.BrowserRefresh.BrowserRefreshMiddleware[1]
      Response markup is scheduled to include browser refresh script injection.
info: Microsoft.AspNetCore.Mvc.ViewFeatures.ViewResultExecutor[4]
      Executed ViewResult - view Home executed in 33.5449ms.
info: Microsoft.AspNetCore.Mvc.Infrastructure.ControllerActionInvoker[105]
      Executed action ParcelManagement2.Controllers.ResidentController.Home (ParcelProject) in 195.0538ms
info: Microsoft.AspNetCore.Routing.EndpointMiddleware[1]
      Executed endpoint 'ParcelManagement2.Controllers.ResidentController.Home (ParcelProject)'
dbug: Microsoft.WebTools.BrowserLink.Net.BrowserLinkMiddleware[2]
      Response markup was updated to include Browser Link script injection.
dbug: Microsoft.AspNetCore.Watch.BrowserRefresh.BrowserRefreshMiddleware[2]
      Response markup was updated to include browser refresh script injection.
dbug: Microsoft.AspNetCore.Server.IIS.Core.IISHttpServer[1]
      Connection ID "18374686497656799307" disconnecting.
info: Microsoft.AspNetCore.Hosting.Diagnostics[2]
      Request finished HTTP/2 GET https://localhost:44353/Resident/Home - 200 - text/html;+charset=utf-8 227.6520ms
info: Microsoft.AspNetCore.Hosting.Diagnostics[1]
      Request starting HTTP/2 GET https://localhost:44353/_framework/aspnetcore-browser-refresh.js - - -
dbug: Microsoft.AspNetCore.Watch.BrowserRefresh.BrowserScriptMiddleware[0]
      Script injected: /_framework/aspnetcore-browser-refresh.js
info: Microsoft.AspNetCore.Hosting.Diagnostics[2]
      Request finished HTTP/2 GET https://localhost:44353/_framework/aspnetcore-browser-refresh.js - 200 16511 application/javascript;+charset=utf-8 3.8226ms
dbug: Microsoft.AspNetCore.Server.IIS.Core.IISHttpServer[1]
      Connection ID "18086456138684956838" disconnecting.
info: Microsoft.AspNetCore.Hosting.Diagnostics[1]
      Request starting HTTP/2 GET https://localhost:44353/_vs/browserLink - - -
dbug: Microsoft.AspNetCore.Server.IIS.Core.IISHttpServer[1]
      Connection ID "18086456138684956840" disconnecting.
info: Microsoft.AspNetCore.Hosting.Diagnostics[2]
      Request finished HTTP/2 GET https://localhost:44353/_vs/browserLink - 200 - text/javascript;+charset=UTF-8 10.9844ms
info: Microsoft.AspNetCore.Hosting.Diagnostics[1]
      Request starting HTTP/2 POST https://localhost:44353/Resident/GetUncollectedPackages - - 0
info: Microsoft.AspNetCore.Hosting.Diagnostics[1]
      Request starting HTTP/2 POST https://localhost:44353/Resident/GetUncollectedMails - - 0
dbug: Microsoft.AspNetCore.StaticFiles.StaticFileMiddleware[1]
      POST requests are not supported
dbug: Microsoft.AspNetCore.StaticFiles.StaticFileMiddleware[1]
      POST requests are not supported
dbug: Microsoft.AspNetCore.Routing.Matching.DfaMatcher[1001]
      1 candidate(s) found for the request path '/Resident/GetUncollectedMails'
dbug: Microsoft.AspNetCore.Routing.Matching.DfaMatcher[1001]
      1 candidate(s) found for the request path '/Resident/GetUncollectedPackages'
dbug: Microsoft.AspNetCore.Routing.Matching.DfaMatcher[1005]
      Endpoint 'ParcelManagement2.Controllers.ResidentController.GetUncollectedPackages (ParcelProject)' with route pattern '{controller=Account}/{action=Login}/{id?}' is valid for the request path '/Resident/GetUncollectedPackages'
dbug: Microsoft.AspNetCore.Routing.Matching.DfaMatcher[1005]
      Endpoint 'ParcelManagement2.Controllers.ResidentController.GetUncollectedMails (ParcelProject)' with route pattern '{controller=Account}/{action=Login}/{id?}' is valid for the request path '/Resident/GetUncollectedMails'
dbug: Microsoft.AspNetCore.Routing.EndpointRoutingMiddleware[1]
      Request matched endpoint 'ParcelManagement2.Controllers.ResidentController.GetUncollectedPackages (ParcelProject)'
dbug: Microsoft.AspNetCore.Routing.EndpointRoutingMiddleware[1]
      Request matched endpoint 'ParcelManagement2.Controllers.ResidentController.GetUncollectedMails (ParcelProject)'
dbug: Microsoft.AspNetCore.Authentication.Cookies.CookieAuthenticationHandler[8]
      AuthenticationScheme: Cookies was successfully authenticated.
dbug: Microsoft.AspNetCore.Authentication.Cookies.CookieAuthenticationHandler[8]
      AuthenticationScheme: Cookies was successfully authenticated.
dbug: Microsoft.AspNetCore.Authorization.DefaultAuthorizationService[1]
      Authorization was successful.
dbug: Microsoft.AspNetCore.Authorization.DefaultAuthorizationService[1]
      Authorization was successful.
info: Microsoft.AspNetCore.Routing.EndpointMiddleware[0]
      Executing endpoint 'ParcelManagement2.Controllers.ResidentController.GetUncollectedPackages (ParcelProject)'
info: Microsoft.AspNetCore.Routing.EndpointMiddleware[0]
      Executing endpoint 'ParcelManagement2.Controllers.ResidentController.GetUncollectedMails (ParcelProject)'
info: Microsoft.AspNetCore.Mvc.Infrastructure.ControllerActionInvoker[102]
      Route matched with {action = "GetUncollectedPackages", controller = "Resident"}. Executing controller action with signature Microsoft.AspNetCore.Mvc.IActionResult GetUncollectedPackages() on controller ParcelManagement2.Controllers.ResidentController (ParcelProject).
info: Microsoft.AspNetCore.Mvc.Infrastructure.ControllerActionInvoker[102]
      Route matched with {action = "GetUncollectedMails", controller = "Resident"}. Executing controller action with signature Microsoft.AspNetCore.Mvc.IActionResult GetUncollectedMails() on controller ParcelManagement2.Controllers.ResidentController (ParcelProject).
dbug: Microsoft.AspNetCore.Mvc.Infrastructure.ControllerActionInvoker[1]
      Execution plan of authorization filters (in the following order): None
dbug: Microsoft.AspNetCore.Mvc.Infrastructure.ControllerActionInvoker[1]
      Execution plan of authorization filters (in the following order): None
info: Microsoft.AspNetCore.Hosting.Diagnostics[1]
      Request starting HTTP/2 GET https://localhost:44353/favicon.ico - - -
dbug: Microsoft.AspNetCore.Mvc.Infrastructure.ControllerActionInvoker[1]
      Execution plan of resource filters (in the following order): Microsoft.AspNetCore.Mvc.ViewFeatures.Filters.SaveTempDataFilter
dbug: Microsoft.AspNetCore.Mvc.Infrastructure.ControllerActionInvoker[1]
      Execution plan of action filters (in the following order): Microsoft.AspNetCore.Mvc.Filters.ControllerActionFilter (Order: -2147483648), Microsoft.AspNetCore.Mvc.ModelBinding.UnsupportedContentTypeFilter (Order: -3000)
dbug: Microsoft.AspNetCore.Mvc.Infrastructure.ControllerActionInvoker[1]
      Execution plan of resource filters (in the following order): Microsoft.AspNetCore.Mvc.ViewFeatures.Filters.SaveTempDataFilter
dbug: Microsoft.AspNetCore.Mvc.Infrastructure.ControllerActionInvoker[1]
      Execution plan of exception filters (in the following order): None
dbug: Microsoft.AspNetCore.Mvc.Infrastructure.ControllerActionInvoker[1]
      Execution plan of action filters (in the following order): Microsoft.AspNetCore.Mvc.Filters.ControllerActionFilter (Order: -2147483648), Microsoft.AspNetCore.Mvc.ModelBinding.UnsupportedContentTypeFilter (Order: -3000)
dbug: Microsoft.AspNetCore.Mvc.Infrastructure.ControllerActionInvoker[1]
      Execution plan of result filters (in the following order): Microsoft.AspNetCore.Mvc.ViewFeatures.Filters.SaveTempDataFilter
dbug: Microsoft.AspNetCore.Mvc.Infrastructure.ControllerActionInvoker[1]
      Execution plan of exception filters (in the following order): None
dbug: Microsoft.AspNetCore.Mvc.Infrastructure.ControllerActionInvoker[1]
      Executing controller factory for controller ParcelManagement2.Controllers.ResidentController (ParcelProject)
dbug: Microsoft.AspNetCore.Mvc.Infrastructure.ControllerActionInvoker[1]
      Execution plan of result filters (in the following order): Microsoft.AspNetCore.Mvc.ViewFeatures.Filters.SaveTempDataFilter
dbug: ParcelManagement2.Models.DBConn[0]
      資料庫連線字串已設定
dbug: Microsoft.AspNetCore.Mvc.Infrastructure.ControllerActionInvoker[1]
      Executing controller factory for controller ParcelManagement2.Controllers.ResidentController (ParcelProject)
dbug: Microsoft.AspNetCore.Mvc.Infrastructure.ControllerActionInvoker[2]
      Executed controller factory for controller ParcelManagement2.Controllers.ResidentController (ParcelProject)
dbug: ParcelManagement2.Models.DBConn[0]
      資料庫連線字串已設定
dbug: Microsoft.AspNetCore.Mvc.Infrastructure.ControllerActionInvoker[2]
      Executed controller factory for controller ParcelManagement2.Controllers.ResidentController (ParcelProject)
info: Microsoft.AspNetCore.StaticFiles.StaticFileMiddleware[2]
      Sending file. Request path: '/favicon.ico'. Physical path: 'E:\專題\ParcelProject\ParcelManagement2\wwwroot\favicon.ico'
info: Microsoft.AspNetCore.Hosting.Diagnostics[2]
      Request finished HTTP/2 GET https://localhost:44353/favicon.ico - 200 5430 image/x-icon 33.4275ms
dbug: Microsoft.AspNetCore.Server.IIS.Core.IISHttpServer[1]
      Connection ID "18374686489066864750" disconnecting.
dbug: Microsoft.AspNetCore.Session.DistributedSession[4]
      Session loaded; Key:42ade3ba-0837-25e0-571d-2a97a95c1750, Id:0b4ded04-09a7-2356-c654-603739958772, Count:1
dbug: ParcelManagement2.Models.DBConn[0]
      查詢成功，返回 0 行數據
info: Microsoft.AspNetCore.Mvc.Infrastructure.ContentResultExecutor[1]
      Executing ContentResult with HTTP Response ContentType of application/json
info: Microsoft.AspNetCore.Mvc.Infrastructure.ControllerActionInvoker[105]
      Executed action ParcelManagement2.Controllers.ResidentController.GetUncollectedPackages (ParcelProject) in 58.352ms
info: Microsoft.AspNetCore.Routing.EndpointMiddleware[1]
      Executed endpoint 'ParcelManagement2.Controllers.ResidentController.GetUncollectedPackages (ParcelProject)'
info: Microsoft.AspNetCore.Hosting.Diagnostics[2]
      Request finished HTTP/2 POST https://localhost:44353/Resident/GetUncollectedPackages - 200 2 application/json 103.8368ms
dbug: Microsoft.AspNetCore.Server.IIS.Core.IISHttpServer[1]
      Connection ID "18230571292401074303" disconnecting.
dbug: Microsoft.AspNetCore.Session.DistributedSession[4]
      Session loaded; Key:42ade3ba-0837-25e0-571d-2a97a95c1750, Id:0b4ded04-09a7-2356-c654-603739958772, Count:1
dbug: ParcelManagement2.Models.DBConn[0]
      查詢成功，返回 2 行數據
info: Microsoft.AspNetCore.Mvc.Infrastructure.ContentResultExecutor[1]
      Executing ContentResult with HTTP Response ContentType of application/json
info: Microsoft.AspNetCore.Mvc.Infrastructure.ControllerActionInvoker[105]
      Executed action ParcelManagement2.Controllers.ResidentController.GetUncollectedMails (ParcelProject) in 124.8379ms
info: Microsoft.AspNetCore.Routing.EndpointMiddleware[1]
      Executed endpoint 'ParcelManagement2.Controllers.ResidentController.GetUncollectedMails (ParcelProject)'
info: Microsoft.AspNetCore.Hosting.Diagnostics[2]
      Request finished HTTP/2 POST https://localhost:44353/Resident/GetUncollectedMails - 200 324 application/json 173.9030ms
dbug: Microsoft.AspNetCore.Server.IIS.Core.IISHttpServer[1]
      Connection ID "18374686549196406810" disconnecting.
info: Microsoft.AspNetCore.Hosting.Diagnostics[1]
      Request starting HTTP/2 POST https://localhost:44353/Account/Logout - - 0
dbug: Microsoft.AspNetCore.StaticFiles.StaticFileMiddleware[1]
      POST requests are not supported
dbug: Microsoft.AspNetCore.Routing.Matching.DfaMatcher[1001]
      1 candidate(s) found for the request path '/Account/Logout'
dbug: Microsoft.AspNetCore.Routing.Matching.DfaMatcher[1005]
      Endpoint 'ParcelManagement2.Controllers.AccountController.Logout (ParcelProject)' with route pattern '{controller=Account}/{action=Login}/{id?}' is valid for the request path '/Account/Logout'
dbug: Microsoft.AspNetCore.Routing.EndpointRoutingMiddleware[1]
      Request matched endpoint 'ParcelManagement2.Controllers.AccountController.Logout (ParcelProject)'
dbug: Microsoft.AspNetCore.Authentication.Cookies.CookieAuthenticationHandler[8]
      AuthenticationScheme: Cookies was successfully authenticated.
dbug: Microsoft.AspNetCore.Authorization.DefaultAuthorizationService[1]
      Authorization was successful.
info: Microsoft.AspNetCore.Routing.EndpointMiddleware[0]
      Executing endpoint 'ParcelManagement2.Controllers.AccountController.Logout (ParcelProject)'
info: Microsoft.AspNetCore.Mvc.Infrastructure.ControllerActionInvoker[102]
      Route matched with {action = "Logout", controller = "Account"}. Executing controller action with signature System.Threading.Tasks.Task`1[Microsoft.AspNetCore.Mvc.IActionResult] Logout() on controller ParcelManagement2.Controllers.AccountController (ParcelProject).
dbug: Microsoft.AspNetCore.Mvc.Infrastructure.ControllerActionInvoker[1]
      Execution plan of authorization filters (in the following order): None
dbug: Microsoft.AspNetCore.Mvc.Infrastructure.ControllerActionInvoker[1]
      Execution plan of resource filters (in the following order): Microsoft.AspNetCore.Mvc.ViewFeatures.Filters.SaveTempDataFilter
dbug: Microsoft.AspNetCore.Mvc.Infrastructure.ControllerActionInvoker[1]
      Execution plan of action filters (in the following order): Microsoft.AspNetCore.Mvc.Filters.ControllerActionFilter (Order: -2147483648), Microsoft.AspNetCore.Mvc.ModelBinding.UnsupportedContentTypeFilter (Order: -3000)
dbug: Microsoft.AspNetCore.Mvc.Infrastructure.ControllerActionInvoker[1]
      Execution plan of exception filters (in the following order): None
dbug: Microsoft.AspNetCore.Mvc.Infrastructure.ControllerActionInvoker[1]
      Execution plan of result filters (in the following order): Microsoft.AspNetCore.Mvc.ViewFeatures.Filters.SaveTempDataFilter
dbug: Microsoft.AspNetCore.Mvc.Infrastructure.ControllerActionInvoker[1]
      Executing controller factory for controller ParcelManagement2.Controllers.AccountController (ParcelProject)
dbug: Microsoft.AspNetCore.Mvc.Infrastructure.ControllerActionInvoker[2]
      Executed controller factory for controller ParcelManagement2.Controllers.AccountController (ParcelProject)
info: Microsoft.AspNetCore.Authentication.Cookies.CookieAuthenticationHandler[11]
      AuthenticationScheme: Cookies signed out.
info: ParcelManagement2.Controllers.AccountController[0]
      使用者登出: userA10302
info: Microsoft.AspNetCore.Mvc.Infrastructure.SystemTextJsonResultExecutor[1]
      Executing JsonResult, writing value of type '<>f__AnonymousType4`2[[System.Boolean, System.Private.CoreLib, Version=8.0.0.0, Culture=neutral, PublicKeyToken=7cec85d7bea7798e],[System.String, System.Private.CoreLib, Version=8.0.0.0, Culture=neutral, PublicKeyToken=7cec85d7bea7798e]]'.
info: Microsoft.AspNetCore.Mvc.Infrastructure.ControllerActionInvoker[105]
      Executed action ParcelManagement2.Controllers.AccountController.Logout (ParcelProject) in 10.4565ms
info: Microsoft.AspNetCore.Routing.EndpointMiddleware[1]
      Executed endpoint 'ParcelManagement2.Controllers.AccountController.Logout (ParcelProject)'
info: Microsoft.AspNetCore.Hosting.Diagnostics[2]
      Request finished HTTP/2 POST https://localhost:44353/Account/Logout - 200 - application/json;+charset=utf-8 41.6155ms
dbug: Microsoft.AspNetCore.Server.IIS.Core.IISHttpServer[1]
      Connection ID "18086456130095022116" disconnecting.
info: Microsoft.AspNetCore.Hosting.Diagnostics[1]
      Request starting HTTP/2 GET https://localhost:44353/Account/Login - - -
dbug: Microsoft.AspNetCore.StaticFiles.StaticFileMiddleware[4]
      The request path /Account/Login does not match a supported file type
dbug: Microsoft.AspNetCore.Routing.Matching.DfaMatcher[1001]
      1 candidate(s) found for the request path '/Account/Login'
dbug: Microsoft.AspNetCore.Routing.Matching.DfaMatcher[1005]
      Endpoint 'ParcelManagement2.Controllers.AccountController.Login (ParcelProject)' with route pattern '{controller=Account}/{action=Login}/{id?}' is valid for the request path '/Account/Login'
dbug: Microsoft.AspNetCore.Routing.EndpointRoutingMiddleware[1]
      Request matched endpoint 'ParcelManagement2.Controllers.AccountController.Login (ParcelProject)'
dbug: Microsoft.AspNetCore.Authentication.Cookies.CookieAuthenticationHandler[9]
      AuthenticationScheme: Cookies was not authenticated.
info: Microsoft.AspNetCore.Routing.EndpointMiddleware[0]
      Executing endpoint 'ParcelManagement2.Controllers.AccountController.Login (ParcelProject)'
info: Microsoft.AspNetCore.Mvc.Infrastructure.ControllerActionInvoker[102]
      Route matched with {action = "Login", controller = "Account"}. Executing controller action with signature Microsoft.AspNetCore.Mvc.IActionResult Login(System.String) on controller ParcelManagement2.Controllers.AccountController (ParcelProject).
dbug: Microsoft.AspNetCore.Mvc.Infrastructure.ControllerActionInvoker[1]
      Execution plan of authorization filters (in the following order): None
dbug: Microsoft.AspNetCore.Mvc.Infrastructure.ControllerActionInvoker[1]
      Execution plan of resource filters (in the following order): Microsoft.AspNetCore.Mvc.ViewFeatures.Filters.SaveTempDataFilter
dbug: Microsoft.AspNetCore.Mvc.Infrastructure.ControllerActionInvoker[1]
      Execution plan of action filters (in the following order): Microsoft.AspNetCore.Mvc.Filters.ControllerActionFilter (Order: -2147483648), Microsoft.AspNetCore.Mvc.ModelBinding.UnsupportedContentTypeFilter (Order: -3000)
dbug: Microsoft.AspNetCore.Mvc.Infrastructure.ControllerActionInvoker[1]
      Execution plan of exception filters (in the following order): None
dbug: Microsoft.AspNetCore.Mvc.Infrastructure.ControllerActionInvoker[1]
      Execution plan of result filters (in the following order): Microsoft.AspNetCore.Mvc.ViewFeatures.Filters.SaveTempDataFilter
dbug: Microsoft.AspNetCore.Mvc.Infrastructure.ControllerActionInvoker[1]
      Executing controller factory for controller ParcelManagement2.Controllers.AccountController (ParcelProject)
dbug: Microsoft.AspNetCore.Mvc.Infrastructure.ControllerActionInvoker[2]
      Executed controller factory for controller ParcelManagement2.Controllers.AccountController (ParcelProject)
dbug: Microsoft.AspNetCore.Mvc.ModelBinding.ParameterBinder[22]
      Attempting to bind parameter 'returnUrl' of type 'System.String' ...
dbug: Microsoft.AspNetCore.Mvc.ModelBinding.Binders.SimpleTypeModelBinder[44]
      Attempting to bind parameter 'returnUrl' of type 'System.String' using the name '' in request data ...
dbug: Microsoft.AspNetCore.Mvc.ModelBinding.Binders.SimpleTypeModelBinder[16]
      Could not find a value in the request with name '' for binding parameter 'returnUrl' of type 'System.String'.
dbug: Microsoft.AspNetCore.Mvc.ModelBinding.Binders.SimpleTypeModelBinder[45]
      Done attempting to bind parameter 'returnUrl' of type 'System.String'.
dbug: Microsoft.AspNetCore.Mvc.ModelBinding.ParameterBinder[23]
      Done attempting to bind parameter 'returnUrl' of type 'System.String'.
dbug: Microsoft.AspNetCore.Mvc.ModelBinding.ParameterBinder[26]
      Attempting to validate the bound parameter 'returnUrl' of type 'System.String' ...
dbug: Microsoft.AspNetCore.Mvc.ModelBinding.ParameterBinder[27]
      Done attempting to validate the bound parameter 'returnUrl' of type 'System.String'.
dbug: Microsoft.AspNetCore.Mvc.Razor.RazorViewEngine[1]
      View lookup cache miss for view 'Login' in controller 'Account'.
info: Microsoft.AspNetCore.Mvc.ViewFeatures.ViewResultExecutor[1]
      Executing ViewResult, running view Login.
dbug: Microsoft.AspNetCore.Mvc.ViewFeatures.ViewResultExecutor[2]
      The view path '/Views/Account/Login.cshtml' was found in 3.4933ms.
dbug: Microsoft.AspNetCore.Antiforgery.DefaultAntiforgery[6]
      An antiforgery cookie token was reused.
dbug: Microsoft.WebTools.BrowserLink.Net.BrowserLinkMiddleware[1]
      Response markup is scheduled to include Browser Link script injection.
dbug: Microsoft.AspNetCore.Watch.BrowserRefresh.BrowserRefreshMiddleware[1]
      Response markup is scheduled to include browser refresh script injection.
info: Microsoft.AspNetCore.Mvc.ViewFeatures.ViewResultExecutor[4]
      Executed ViewResult - view Login executed in 12.2252ms.
info: Microsoft.AspNetCore.Mvc.Infrastructure.ControllerActionInvoker[105]
      Executed action ParcelManagement2.Controllers.AccountController.Login (ParcelProject) in 30.7168ms
info: Microsoft.AspNetCore.Routing.EndpointMiddleware[1]
      Executed endpoint 'ParcelManagement2.Controllers.AccountController.Login (ParcelProject)'
dbug: Microsoft.WebTools.BrowserLink.Net.BrowserLinkMiddleware[2]
      Response markup was updated to include Browser Link script injection.
info: Microsoft.AspNetCore.Hosting.Diagnostics[1]
      Request starting HTTP/2 GET https://localhost:44353/Content/bootstrap.min.css - - -
info: Microsoft.AspNetCore.Hosting.Diagnostics[1]
      Request starting HTTP/2 GET https://localhost:44353/Scripts/login.js - - -
dbug: Microsoft.AspNetCore.Watch.BrowserRefresh.BrowserRefreshMiddleware[2]
      Response markup was updated to include browser refresh script injection.
info: Microsoft.AspNetCore.Hosting.Diagnostics[2]
      Request finished HTTP/2 GET https://localhost:44353/Account/Login - 200 - text/html;+charset=utf-8 67.1820ms
dbug: Microsoft.AspNetCore.Server.IIS.Core.IISHttpServer[1]
      Connection ID "18086456130095022118" disconnecting.
info: Microsoft.AspNetCore.Hosting.Diagnostics[1]
      Request starting HTTP/2 GET https://localhost:44353/_vs/browserLink - - -
info: Microsoft.AspNetCore.Hosting.Diagnostics[1]
      Request starting HTTP/2 GET https://localhost:44353/_framework/aspnetcore-browser-refresh.js - - -
dbug: Microsoft.AspNetCore.Watch.BrowserRefresh.BrowserScriptMiddleware[0]
      Script injected: /_framework/aspnetcore-browser-refresh.js
info: Microsoft.AspNetCore.Hosting.Diagnostics[2]
      Request finished HTTP/2 GET https://localhost:44353/_framework/aspnetcore-browser-refresh.js - 200 16511 application/javascript;+charset=utf-8 6.6209ms
dbug: Microsoft.AspNetCore.Server.IIS.Core.IISHttpServer[1]
      Connection ID "18086456130095022120" disconnecting.
dbug: Microsoft.AspNetCore.Server.IIS.Core.IISHttpServer[1]
      Connection ID "18158513724132950056" disconnecting.
info: Microsoft.AspNetCore.Hosting.Diagnostics[2]
      Request finished HTTP/2 GET https://localhost:44353/_vs/browserLink - 200 - text/javascript;+charset=UTF-8 21.5237ms
info: Microsoft.AspNetCore.StaticFiles.StaticFileMiddleware[2]
      Sending file. Request path: '/Content/bootstrap.min.css'. Physical path: 'E:\專題\ParcelProject\ParcelManagement2\wwwroot\Content\bootstrap.min.css'
info: Microsoft.AspNetCore.StaticFiles.StaticFileMiddleware[2]
      Sending file. Request path: '/Scripts/login.js'. Physical path: 'E:\專題\ParcelProject\ParcelManagement2\wwwroot\Scripts\login.js'
info: Microsoft.AspNetCore.Hosting.Diagnostics[2]
      Request finished HTTP/2 GET https://localhost:44353/Scripts/login.js - 200 4003 text/javascript 51.1387ms
dbug: Microsoft.AspNetCore.Server.IIS.Core.IISHttpServer[1]
      Connection ID "18086456138684956842" disconnecting.
dbug: Microsoft.AspNetCore.Server.IIS.Core.IISHttpServer[1]
      Connection ID "18014398561826898030" disconnecting.
info: Microsoft.AspNetCore.Hosting.Diagnostics[2]
      Request finished HTTP/2 GET https://localhost:44353/Content/bootstrap.min.css - 200 194907 text/css 55.7987ms
info: Microsoft.AspNetCore.Hosting.Diagnostics[1]
      Request starting HTTP/2 POST https://localhost:44353/Account/Login - application/json 42
dbug: Microsoft.AspNetCore.StaticFiles.StaticFileMiddleware[1]
      POST requests are not supported
dbug: Microsoft.AspNetCore.Routing.Matching.DfaMatcher[1001]
      2 candidate(s) found for the request path '/Account/Login'
dbug: Microsoft.AspNetCore.Routing.Matching.DfaMatcher[1005]
      Endpoint 'ParcelManagement2.Controllers.AccountController.Login (ParcelProject)' with route pattern '{controller=Account}/{action=Login}/{id?}' is valid for the request path '/Account/Login'
dbug: Microsoft.AspNetCore.Routing.Matching.DfaMatcher[1005]
      Endpoint 'ParcelManagement2.Controllers.AccountController.Login (ParcelProject)' with route pattern '{controller=Account}/{action=Login}/{id?}' is valid for the request path '/Account/Login'
dbug: Microsoft.AspNetCore.Routing.EndpointRoutingMiddleware[1]
      Request matched endpoint 'ParcelManagement2.Controllers.AccountController.Login (ParcelProject)'
dbug: Microsoft.AspNetCore.Authentication.Cookies.CookieAuthenticationHandler[9]
      AuthenticationScheme: Cookies was not authenticated.
info: Microsoft.AspNetCore.Routing.EndpointMiddleware[0]
      Executing endpoint 'ParcelManagement2.Controllers.AccountController.Login (ParcelProject)'
info: Microsoft.AspNetCore.Mvc.Infrastructure.ControllerActionInvoker[102]
      Route matched with {action = "Login", controller = "Account"}. Executing controller action with signature System.Threading.Tasks.Task`1[Microsoft.AspNetCore.Mvc.JsonResult] Login(LoginDto) on controller ParcelManagement2.Controllers.AccountController (ParcelProject).
dbug: Microsoft.AspNetCore.Mvc.Infrastructure.ControllerActionInvoker[1]
      Execution plan of authorization filters (in the following order): None
dbug: Microsoft.AspNetCore.Mvc.Infrastructure.ControllerActionInvoker[1]
      Execution plan of resource filters (in the following order): Microsoft.AspNetCore.Mvc.ViewFeatures.Filters.SaveTempDataFilter
dbug: Microsoft.AspNetCore.Mvc.Infrastructure.ControllerActionInvoker[1]
      Execution plan of action filters (in the following order): Microsoft.AspNetCore.Mvc.Filters.ControllerActionFilter (Order: -2147483648), Microsoft.AspNetCore.Mvc.ModelBinding.UnsupportedContentTypeFilter (Order: -3000)
dbug: Microsoft.AspNetCore.Mvc.Infrastructure.ControllerActionInvoker[1]
      Execution plan of exception filters (in the following order): None
dbug: Microsoft.AspNetCore.Mvc.Infrastructure.ControllerActionInvoker[1]
      Execution plan of result filters (in the following order): Microsoft.AspNetCore.Mvc.ViewFeatures.Filters.SaveTempDataFilter
dbug: Microsoft.AspNetCore.Mvc.Infrastructure.ControllerActionInvoker[1]
      Executing controller factory for controller ParcelManagement2.Controllers.AccountController (ParcelProject)
dbug: Microsoft.AspNetCore.Mvc.Infrastructure.ControllerActionInvoker[2]
      Executed controller factory for controller ParcelManagement2.Controllers.AccountController (ParcelProject)
dbug: Microsoft.AspNetCore.Mvc.ModelBinding.ParameterBinder[22]
      Attempting to bind parameter 'dto' of type 'ParcelManagement2.Models.Request.AccountRequest+LoginDto' ...
dbug: Microsoft.AspNetCore.Mvc.ModelBinding.Binders.BodyModelBinder[44]
      Attempting to bind parameter 'dto' of type 'ParcelManagement2.Models.Request.AccountRequest+LoginDto' using the name '' in request data ...
dbug: Microsoft.AspNetCore.Mvc.ModelBinding.Binders.BodyModelBinder[1]
      Selected input formatter 'Microsoft.AspNetCore.Mvc.Formatters.SystemTextJsonInputFormatter' for content type 'application/json'.
dbug: Microsoft.AspNetCore.Mvc.Formatters.SystemTextJsonInputFormatter[2]
      JSON input formatter succeeded, deserializing to type 'ParcelManagement2.Models.Request.AccountRequest+LoginDto'
dbug: Microsoft.AspNetCore.Mvc.ModelBinding.Binders.BodyModelBinder[45]
      Done attempting to bind parameter 'dto' of type 'ParcelManagement2.Models.Request.AccountRequest+LoginDto'.
dbug: Microsoft.AspNetCore.Mvc.ModelBinding.ParameterBinder[23]
      Done attempting to bind parameter 'dto' of type 'ParcelManagement2.Models.Request.AccountRequest+LoginDto'.
dbug: Microsoft.AspNetCore.Mvc.ModelBinding.ParameterBinder[26]
      Attempting to validate the bound parameter 'dto' of type 'ParcelManagement2.Models.Request.AccountRequest+LoginDto' ...
dbug: Microsoft.AspNetCore.Mvc.ModelBinding.ParameterBinder[27]
      Done attempting to validate the bound parameter 'dto' of type 'ParcelManagement2.Models.Request.AccountRequest+LoginDto'.
info: ParcelManagement2.Controllers.AccountController[0]
      登入嘗試開始
info: ParcelManagement2.Controllers.AccountController[0]
      ModelState valid=True
info: ParcelManagement2.Controllers.AccountController[0]
      接收到的資料 - Username: test001, Password: True
info: ParcelManagement2.Controllers.AccountController[0]
      登入成功 - Username: test001, Role: Admin
info: Microsoft.AspNetCore.Authentication.Cookies.CookieAuthenticationHandler[10]
      AuthenticationScheme: Cookies signed in.
dbug: Microsoft.AspNetCore.Routing.DefaultLinkGenerator[100]
      Found the endpoints Route: {controller=Account}/{action=Login}/{id?} for address (action=[Index],controller=[Home])
dbug: Microsoft.AspNetCore.Routing.DefaultLinkGenerator[102]
      Successfully processed template {controller=Account}/{action=Login}/{id?} for Route: {controller=Account}/{action=Login}/{id?} resulting in /Home/Index and 
dbug: Microsoft.AspNetCore.Routing.DefaultLinkGenerator[105]
      Link generation succeeded for endpoints Route: {controller=Account}/{action=Login}/{id?} with result /Home/Index
info: ParcelManagement2.Controllers.AccountController[0]
      登入完成，導向: /Home/Index
info: Microsoft.AspNetCore.Mvc.Infrastructure.SystemTextJsonResultExecutor[1]
      Executing JsonResult, writing value of type '<>f__AnonymousType2`4[[System.Boolean, System.Private.CoreLib, Version=8.0.0.0, Culture=neutral, PublicKeyToken=7cec85d7bea7798e],[System.String, System.Private.CoreLib, Version=8.0.0.0, Culture=neutral, PublicKeyToken=7cec85d7bea7798e],[System.String, System.Private.CoreLib, Version=8.0.0.0, Culture=neutral, PublicKeyToken=7cec85d7bea7798e],[<>f__AnonymousType3`2[[System.String, System.Private.CoreLib, Version=8.0.0.0, Culture=neutral, PublicKeyToken=7cec85d7bea7798e],[System.String, System.Private.CoreLib, Version=8.0.0.0, Culture=neutral, PublicKeyToken=7cec85d7bea7798e]], ParcelProject, Version=1.0.0.0, Culture=neutral, PublicKeyToken=null]]'.
info: Microsoft.AspNetCore.Mvc.Infrastructure.ControllerActionInvoker[105]
      Executed action ParcelManagement2.Controllers.AccountController.Login (ParcelProject) in 65.5877ms
info: Microsoft.AspNetCore.Routing.EndpointMiddleware[1]
      Executed endpoint 'ParcelManagement2.Controllers.AccountController.Login (ParcelProject)'
info: Microsoft.AspNetCore.Hosting.Diagnostics[2]
      Request finished HTTP/2 POST https://localhost:44353/Account/Login - 200 - application/json;+charset=utf-8 93.1745ms
dbug: Microsoft.AspNetCore.Server.IIS.Core.IISHttpServer[1]
      Connection ID "18158513732722884733" disconnecting.
info: Microsoft.AspNetCore.Hosting.Diagnostics[1]
      Request starting HTTP/2 GET https://localhost:44353/Home/Index - - -
dbug: Microsoft.AspNetCore.StaticFiles.StaticFileMiddleware[4]
      The request path /Home/Index does not match a supported file type
dbug: Microsoft.AspNetCore.Routing.Matching.DfaMatcher[1001]
      1 candidate(s) found for the request path '/Home/Index'
dbug: Microsoft.AspNetCore.Routing.Matching.DfaMatcher[1005]
      Endpoint 'ParcelManagement2.Controllers.HomeController.Index (ParcelProject)' with route pattern '{controller=Account}/{action=Login}/{id?}' is valid for the request path '/Home/Index'
dbug: Microsoft.AspNetCore.Routing.EndpointRoutingMiddleware[1]
      Request matched endpoint 'ParcelManagement2.Controllers.HomeController.Index (ParcelProject)'
dbug: Microsoft.AspNetCore.Authentication.Cookies.CookieAuthenticationHandler[8]
      AuthenticationScheme: Cookies was successfully authenticated.
dbug: Microsoft.AspNetCore.Authorization.DefaultAuthorizationService[1]
      Authorization was successful.
info: Microsoft.AspNetCore.Routing.EndpointMiddleware[0]
      Executing endpoint 'ParcelManagement2.Controllers.HomeController.Index (ParcelProject)'
info: Microsoft.AspNetCore.Mvc.Infrastructure.ControllerActionInvoker[102]
      Route matched with {action = "Index", controller = "Home"}. Executing controller action with signature Microsoft.AspNetCore.Mvc.IActionResult Index() on controller ParcelManagement2.Controllers.HomeController (ParcelProject).
dbug: Microsoft.AspNetCore.Mvc.Infrastructure.ControllerActionInvoker[1]
      Execution plan of authorization filters (in the following order): None
dbug: Microsoft.AspNetCore.Mvc.Infrastructure.ControllerActionInvoker[1]
      Execution plan of resource filters (in the following order): Microsoft.AspNetCore.Mvc.ViewFeatures.Filters.SaveTempDataFilter
dbug: Microsoft.AspNetCore.Mvc.Infrastructure.ControllerActionInvoker[1]
      Execution plan of action filters (in the following order): Microsoft.AspNetCore.Mvc.Filters.ControllerActionFilter (Order: -2147483648), Microsoft.AspNetCore.Mvc.ModelBinding.UnsupportedContentTypeFilter (Order: -3000)
dbug: Microsoft.AspNetCore.Mvc.Infrastructure.ControllerActionInvoker[1]
      Execution plan of exception filters (in the following order): None
dbug: Microsoft.AspNetCore.Mvc.Infrastructure.ControllerActionInvoker[1]
      Execution plan of result filters (in the following order): Microsoft.AspNetCore.Mvc.ViewFeatures.Filters.SaveTempDataFilter
dbug: Microsoft.AspNetCore.Mvc.Infrastructure.ControllerActionInvoker[1]
      Executing controller factory for controller ParcelManagement2.Controllers.HomeController (ParcelProject)
dbug: ParcelManagement2.Models.DBConn[0]
      資料庫連線字串已設定
dbug: Microsoft.AspNetCore.Mvc.Infrastructure.ControllerActionInvoker[2]
      Executed controller factory for controller ParcelManagement2.Controllers.HomeController (ParcelProject)
dbug: Microsoft.AspNetCore.Mvc.Razor.RazorViewEngine[1]
      View lookup cache miss for view 'Index' in controller 'Home'.
info: Microsoft.AspNetCore.Mvc.ViewFeatures.ViewResultExecutor[1]
      Executing ViewResult, running view Index.
dbug: Microsoft.AspNetCore.Mvc.ViewFeatures.ViewResultExecutor[2]
      The view path '/Views/Home/Index.cshtml' was found in 3.6331ms.
dbug: Microsoft.AspNetCore.Antiforgery.DefaultAntiforgery[6]
      An antiforgery cookie token was reused.
dbug: Microsoft.WebTools.BrowserLink.Net.BrowserLinkMiddleware[1]
      Response markup is scheduled to include Browser Link script injection.
dbug: Microsoft.AspNetCore.Watch.BrowserRefresh.BrowserRefreshMiddleware[1]
      Response markup is scheduled to include browser refresh script injection.
info: Microsoft.AspNetCore.Mvc.ViewFeatures.ViewResultExecutor[4]
      Executed ViewResult - view Index executed in 28.2751ms.
info: Microsoft.AspNetCore.Mvc.Infrastructure.ControllerActionInvoker[105]
      Executed action ParcelManagement2.Controllers.HomeController.Index (ParcelProject) in 41.9234ms
info: Microsoft.AspNetCore.Routing.EndpointMiddleware[1]
      Executed endpoint 'ParcelManagement2.Controllers.HomeController.Index (ParcelProject)'
dbug: Microsoft.WebTools.BrowserLink.Net.BrowserLinkMiddleware[2]
      Response markup was updated to include Browser Link script injection.
dbug: Microsoft.AspNetCore.Watch.BrowserRefresh.BrowserRefreshMiddleware[2]
      Response markup was updated to include browser refresh script injection.
dbug: Microsoft.AspNetCore.Server.IIS.Core.IISHttpServer[1]
      Connection ID "17942340959199035474" disconnecting.
info: Microsoft.AspNetCore.Hosting.Diagnostics[2]
      Request finished HTTP/2 GET https://localhost:44353/Home/Index - 200 - text/html;+charset=utf-8 88.9269ms
info: Microsoft.AspNetCore.Hosting.Diagnostics[1]
      Request starting HTTP/2 POST https://localhost:44353/Home/GetResidentPackageStats - - 0
dbug: Microsoft.AspNetCore.StaticFiles.StaticFileMiddleware[1]
      POST requests are not supported
dbug: Microsoft.AspNetCore.Routing.Matching.DfaMatcher[1001]
      1 candidate(s) found for the request path '/Home/GetResidentPackageStats'
dbug: Microsoft.AspNetCore.Routing.Matching.DfaMatcher[1005]
      Endpoint 'ParcelManagement2.Controllers.HomeController.GetResidentPackageStats (ParcelProject)' with route pattern '{controller=Account}/{action=Login}/{id?}' is valid for the request path '/Home/GetResidentPackageStats'
dbug: Microsoft.AspNetCore.Routing.EndpointRoutingMiddleware[1]
      Request matched endpoint 'ParcelManagement2.Controllers.HomeController.GetResidentPackageStats (ParcelProject)'
dbug: Microsoft.AspNetCore.Authentication.Cookies.CookieAuthenticationHandler[8]
      AuthenticationScheme: Cookies was successfully authenticated.
info: Microsoft.AspNetCore.Hosting.Diagnostics[1]
      Request starting HTTP/2 GET https://localhost:44353/_framework/aspnetcore-browser-refresh.js - - -
dbug: Microsoft.AspNetCore.Authorization.DefaultAuthorizationService[1]
      Authorization was successful.
info: Microsoft.AspNetCore.Hosting.Diagnostics[1]
      Request starting HTTP/2 GET https://localhost:44353/_vs/browserLink - - -
info: Microsoft.AspNetCore.Routing.EndpointMiddleware[0]
      Executing endpoint 'ParcelManagement2.Controllers.HomeController.GetResidentPackageStats (ParcelProject)'
dbug: Microsoft.AspNetCore.Watch.BrowserRefresh.BrowserScriptMiddleware[0]
      Script injected: /_framework/aspnetcore-browser-refresh.js
info: Microsoft.AspNetCore.Hosting.Diagnostics[2]
      Request finished HTTP/2 GET https://localhost:44353/_framework/aspnetcore-browser-refresh.js - 200 16511 application/javascript;+charset=utf-8 13.9339ms
dbug: Microsoft.AspNetCore.Server.IIS.Core.IISHttpServer[1]
      Connection ID "18230571339645714454" disconnecting.
info: Microsoft.AspNetCore.Mvc.Infrastructure.ControllerActionInvoker[102]
      Route matched with {action = "GetResidentPackageStats", controller = "Home"}. Executing controller action with signature Microsoft.AspNetCore.Mvc.IActionResult GetResidentPackageStats() on controller ParcelManagement2.Controllers.HomeController (ParcelProject).
dbug: Microsoft.AspNetCore.Mvc.Infrastructure.ControllerActionInvoker[1]
      Execution plan of authorization filters (in the following order): None
dbug: Microsoft.AspNetCore.Mvc.Infrastructure.ControllerActionInvoker[1]
      Execution plan of resource filters (in the following order): Microsoft.AspNetCore.Mvc.ViewFeatures.Filters.SaveTempDataFilter
dbug: Microsoft.AspNetCore.Mvc.Infrastructure.ControllerActionInvoker[1]
      Execution plan of action filters (in the following order): Microsoft.AspNetCore.Mvc.Filters.ControllerActionFilter (Order: -2147483648), Microsoft.AspNetCore.Mvc.ModelBinding.UnsupportedContentTypeFilter (Order: -3000)
dbug: Microsoft.AspNetCore.Mvc.Infrastructure.ControllerActionInvoker[1]
      Execution plan of exception filters (in the following order): None
dbug: Microsoft.AspNetCore.Mvc.Infrastructure.ControllerActionInvoker[1]
      Execution plan of result filters (in the following order): Microsoft.AspNetCore.Mvc.ViewFeatures.Filters.SaveTempDataFilter
dbug: Microsoft.AspNetCore.Mvc.Infrastructure.ControllerActionInvoker[1]
      Executing controller factory for controller ParcelManagement2.Controllers.HomeController (ParcelProject)
dbug: ParcelManagement2.Models.DBConn[0]
      資料庫連線字串已設定
dbug: Microsoft.AspNetCore.Mvc.Infrastructure.ControllerActionInvoker[2]
      Executed controller factory for controller ParcelManagement2.Controllers.HomeController (ParcelProject)
dbug: Microsoft.AspNetCore.Server.IIS.Core.IISHttpServer[1]
      Connection ID "17942340963494002778" disconnecting.
info: Microsoft.AspNetCore.Hosting.Diagnostics[2]
      Request finished HTTP/2 GET https://localhost:44353/_vs/browserLink - 200 - text/javascript;+charset=UTF-8 28.5782ms
dbug: ParcelManagement2.Models.DBConn[0]
      查詢成功，返回 28 行數據
info: Microsoft.AspNetCore.Mvc.Infrastructure.ContentResultExecutor[1]
      Executing ContentResult with HTTP Response ContentType of application/json
info: Microsoft.AspNetCore.Mvc.Infrastructure.ControllerActionInvoker[105]
      Executed action ParcelManagement2.Controllers.HomeController.GetResidentPackageStats (ParcelProject) in 29.5379ms
info: Microsoft.AspNetCore.Routing.EndpointMiddleware[1]
      Executed endpoint 'ParcelManagement2.Controllers.HomeController.GetResidentPackageStats (ParcelProject)'
info: Microsoft.AspNetCore.Hosting.Diagnostics[2]
      Request finished HTTP/2 POST https://localhost:44353/Home/GetResidentPackageStats - 200 2790 application/json 77.6766ms
dbug: Microsoft.AspNetCore.Server.IIS.Core.IISHttpServer[1]
      Connection ID "18374686497656799309" disconnecting.
info: Microsoft.AspNetCore.Hosting.Diagnostics[1]
      Request starting HTTP/2 GET https://localhost:44353/_framework/clear-browser-cache - - -
info: Microsoft.AspNetCore.Hosting.Diagnostics[2]
      Request finished HTTP/2 GET https://localhost:44353/_framework/clear-browser-cache - 200 - - 1.5056ms
dbug: Microsoft.AspNetCore.Server.IIS.Core.IISHttpServer[1]
      Connection ID "18086456138684956846" disconnecting.
dbug: Microsoft.Extensions.Http.DefaultHttpClientFactory[103]
      HttpMessageHandler expired after 120000ms for client ''
dbug: Microsoft.Extensions.Http.DefaultHttpClientFactory[100]
      Starting HttpMessageHandler cleanup cycle with 1 items
dbug: Microsoft.Extensions.Http.DefaultHttpClientFactory[101]
      Ending HttpMessageHandler cleanup cycle after 0.1247ms - processed: 1 items - remaining: 0 items
info: Microsoft.AspNetCore.Hosting.Diagnostics[1]
      Request starting HTTP/2 GET https://localhost:44353/Home/Index - - -
dbug: Microsoft.AspNetCore.StaticFiles.StaticFileMiddleware[4]
      The request path /Home/Index does not match a supported file type
dbug: Microsoft.AspNetCore.Routing.Matching.DfaMatcher[1001]
      1 candidate(s) found for the request path '/Home/Index'
dbug: Microsoft.AspNetCore.Routing.Matching.DfaMatcher[1005]
      Endpoint 'ParcelManagement2.Controllers.HomeController.Index (ParcelProject)' with route pattern '{controller=Account}/{action=Login}/{id?}' is valid for the request path '/Home/Index'
dbug: Microsoft.AspNetCore.Routing.EndpointRoutingMiddleware[1]
      Request matched endpoint 'ParcelManagement2.Controllers.HomeController.Index (ParcelProject)'
dbug: Microsoft.AspNetCore.Authentication.Cookies.CookieAuthenticationHandler[8]
      AuthenticationScheme: Cookies was successfully authenticated.
dbug: Microsoft.AspNetCore.Authorization.DefaultAuthorizationService[1]
      Authorization was successful.
info: Microsoft.AspNetCore.Routing.EndpointMiddleware[0]
      Executing endpoint 'ParcelManagement2.Controllers.HomeController.Index (ParcelProject)'
info: Microsoft.AspNetCore.Mvc.Infrastructure.ControllerActionInvoker[102]
      Route matched with {action = "Index", controller = "Home"}. Executing controller action with signature Microsoft.AspNetCore.Mvc.IActionResult Index() on controller ParcelManagement2.Controllers.HomeController (ParcelProject).
dbug: Microsoft.AspNetCore.Mvc.Infrastructure.ControllerActionInvoker[1]
      Execution plan of authorization filters (in the following order): None
dbug: Microsoft.AspNetCore.Mvc.Infrastructure.ControllerActionInvoker[1]
      Execution plan of resource filters (in the following order): Microsoft.AspNetCore.Mvc.ViewFeatures.Filters.SaveTempDataFilter
dbug: Microsoft.AspNetCore.Mvc.Infrastructure.ControllerActionInvoker[1]
      Execution plan of action filters (in the following order): Microsoft.AspNetCore.Mvc.Filters.ControllerActionFilter (Order: -2147483648), Microsoft.AspNetCore.Mvc.ModelBinding.UnsupportedContentTypeFilter (Order: -3000)
dbug: Microsoft.AspNetCore.Mvc.Infrastructure.ControllerActionInvoker[1]
      Execution plan of exception filters (in the following order): None
dbug: Microsoft.AspNetCore.Mvc.Infrastructure.ControllerActionInvoker[1]
      Execution plan of result filters (in the following order): Microsoft.AspNetCore.Mvc.ViewFeatures.Filters.SaveTempDataFilter
dbug: Microsoft.AspNetCore.Mvc.Infrastructure.ControllerActionInvoker[1]
      Executing controller factory for controller ParcelManagement2.Controllers.HomeController (ParcelProject)
dbug: ParcelManagement2.Models.DBConn[0]
      資料庫連線字串已設定
dbug: Microsoft.AspNetCore.Mvc.Infrastructure.ControllerActionInvoker[2]
      Executed controller factory for controller ParcelManagement2.Controllers.HomeController (ParcelProject)
dbug: Microsoft.AspNetCore.Mvc.Razor.RazorViewEngine[1]
      View lookup cache miss for view 'Index' in controller 'Home'.
dbug: Microsoft.AspNetCore.Mvc.Razor.Compilation.DefaultViewCompiler[3]
      Initializing Razor view compiler with compiled view: '/Views/Account/AccessDenied.cshtml'.
dbug: Microsoft.AspNetCore.Mvc.Razor.Compilation.DefaultViewCompiler[3]
      Initializing Razor view compiler with compiled view: '/Views/Account/Login.cshtml'.
dbug: Microsoft.AspNetCore.Mvc.Razor.Compilation.DefaultViewCompiler[3]
      Initializing Razor view compiler with compiled view: '/Views/Home/Index.cshtml'.
dbug: Microsoft.AspNetCore.Mvc.Razor.Compilation.DefaultViewCompiler[3]
      Initializing Razor view compiler with compiled view: '/Views/Home/Index_back.cshtml'.
dbug: Microsoft.AspNetCore.Mvc.Razor.Compilation.DefaultViewCompiler[3]
      Initializing Razor view compiler with compiled view: '/Views/Home/Packages.cshtml'.
dbug: Microsoft.AspNetCore.Mvc.Razor.Compilation.DefaultViewCompiler[3]
      Initializing Razor view compiler with compiled view: '/Views/Home/Privacy.cshtml'.
dbug: Microsoft.AspNetCore.Mvc.Razor.Compilation.DefaultViewCompiler[3]
      Initializing Razor view compiler with compiled view: '/Views/Resident/Edit.cshtml'.
dbug: Microsoft.AspNetCore.Mvc.Razor.Compilation.DefaultViewCompiler[3]
      Initializing Razor view compiler with compiled view: '/Views/Resident/Home.cshtml'.
dbug: Microsoft.AspNetCore.Mvc.Razor.Compilation.DefaultViewCompiler[3]
      Initializing Razor view compiler with compiled view: '/Views/Resident/MyPackages.cshtml'.
dbug: Microsoft.AspNetCore.Mvc.Razor.Compilation.DefaultViewCompiler[3]
      Initializing Razor view compiler with compiled view: '/Views/Resident/PackagePhoto.cshtml'.
dbug: Microsoft.AspNetCore.Mvc.Razor.Compilation.DefaultViewCompiler[3]
      Initializing Razor view compiler with compiled view: '/Views/Shared/Error.cshtml'.
dbug: Microsoft.AspNetCore.Mvc.Razor.Compilation.DefaultViewCompiler[3]
      Initializing Razor view compiler with compiled view: '/Views/Shared/_AdminLayout.cshtml'.
dbug: Microsoft.AspNetCore.Mvc.Razor.Compilation.DefaultViewCompiler[3]
      Initializing Razor view compiler with compiled view: '/Views/Shared/_Layout.cshtml'.
dbug: Microsoft.AspNetCore.Mvc.Razor.Compilation.DefaultViewCompiler[3]
      Initializing Razor view compiler with compiled view: '/Views/Shared/_ResidentLayout.cshtml'.
dbug: Microsoft.AspNetCore.Mvc.Razor.Compilation.DefaultViewCompiler[3]
      Initializing Razor view compiler with compiled view: '/Views/Shared/_ValidationScriptsPartial.cshtml'.
dbug: Microsoft.AspNetCore.Mvc.Razor.Compilation.DefaultViewCompiler[3]
      Initializing Razor view compiler with compiled view: '/Views/_ViewImports.cshtml'.
dbug: Microsoft.AspNetCore.Mvc.Razor.Compilation.DefaultViewCompiler[3]
      Initializing Razor view compiler with compiled view: '/Views/_ViewStart.cshtml'.
dbug: Microsoft.AspNetCore.Mvc.Razor.Compilation.DefaultViewCompiler[3]
      Initializing Razor view compiler with compiled view: '/Views/Shared/_Layout_back.cshtml'.
info: Microsoft.AspNetCore.Mvc.ViewFeatures.ViewResultExecutor[1]
      Executing ViewResult, running view Index.
dbug: Microsoft.AspNetCore.Mvc.ViewFeatures.ViewResultExecutor[2]
      The view path '/Views/Home/Index.cshtml' was found in 24.0485ms.
dbug: Microsoft.AspNetCore.Antiforgery.DefaultAntiforgery[6]
      An antiforgery cookie token was reused.
dbug: Microsoft.WebTools.BrowserLink.Net.BrowserLinkMiddleware[1]
      Response markup is scheduled to include Browser Link script injection.
dbug: Microsoft.AspNetCore.Watch.BrowserRefresh.BrowserRefreshMiddleware[1]
      Response markup is scheduled to include browser refresh script injection.
info: Microsoft.AspNetCore.Mvc.ViewFeatures.ViewResultExecutor[4]
      Executed ViewResult - view Index executed in 36.1903ms.
info: Microsoft.AspNetCore.Mvc.Infrastructure.ControllerActionInvoker[105]
      Executed action ParcelManagement2.Controllers.HomeController.Index (ParcelProject) in 41.9942ms
info: Microsoft.AspNetCore.Routing.EndpointMiddleware[1]
      Executed endpoint 'ParcelManagement2.Controllers.HomeController.Index (ParcelProject)'
dbug: Microsoft.WebTools.BrowserLink.Net.BrowserLinkMiddleware[2]
      Response markup was updated to include Browser Link script injection.
dbug: Microsoft.AspNetCore.Watch.BrowserRefresh.BrowserRefreshMiddleware[2]
      Response markup was updated to include browser refresh script injection.
dbug: Microsoft.AspNetCore.Server.IIS.Core.IISHttpServer[1]
      Connection ID "18014398561826898032" disconnecting.
info: Microsoft.AspNetCore.Hosting.Diagnostics[2]
      Request finished HTTP/2 GET https://localhost:44353/Home/Index - 200 - text/html;+charset=utf-8 71.6117ms
info: Microsoft.AspNetCore.Hosting.Diagnostics[1]
      Request starting HTTP/2 GET https://localhost:44353/_vs/browserLink - - -
info: Microsoft.AspNetCore.Hosting.Diagnostics[1]
      Request starting HTTP/2 GET https://localhost:44353/_framework/aspnetcore-browser-refresh.js - - -
dbug: Microsoft.AspNetCore.Watch.BrowserRefresh.BrowserScriptMiddleware[0]
      Script injected: /_framework/aspnetcore-browser-refresh.js
info: Microsoft.AspNetCore.Hosting.Diagnostics[2]
      Request finished HTTP/2 GET https://localhost:44353/_framework/aspnetcore-browser-refresh.js - 200 16511 application/javascript;+charset=utf-8 6.8838ms
dbug: Microsoft.AspNetCore.Server.IIS.Core.IISHttpServer[1]
      Connection ID "18230571309580943481" disconnecting.
info: Microsoft.AspNetCore.Hosting.Diagnostics[2]
      Request finished HTTP/2 GET https://localhost:44353/_vs/browserLink - 200 - text/javascript;+charset=UTF-8 13.1274ms
dbug: Microsoft.AspNetCore.Server.IIS.Core.IISHttpServer[1]
      Connection ID "18374686497656799311" disconnecting.
info: Microsoft.AspNetCore.Hosting.Diagnostics[1]
      Request starting HTTP/2 POST https://localhost:44353/Home/GetResidentPackageStats - - 0
dbug: Microsoft.AspNetCore.StaticFiles.StaticFileMiddleware[1]
      POST requests are not supported
dbug: Microsoft.AspNetCore.Routing.Matching.DfaMatcher[1001]
      1 candidate(s) found for the request path '/Home/GetResidentPackageStats'
dbug: Microsoft.AspNetCore.Routing.Matching.DfaMatcher[1005]
      Endpoint 'ParcelManagement2.Controllers.HomeController.GetResidentPackageStats (ParcelProject)' with route pattern '{controller=Account}/{action=Login}/{id?}' is valid for the request path '/Home/GetResidentPackageStats'
dbug: Microsoft.AspNetCore.Routing.EndpointRoutingMiddleware[1]
      Request matched endpoint 'ParcelManagement2.Controllers.HomeController.GetResidentPackageStats (ParcelProject)'
dbug: Microsoft.AspNetCore.Authentication.Cookies.CookieAuthenticationHandler[8]
      AuthenticationScheme: Cookies was successfully authenticated.
dbug: Microsoft.AspNetCore.Authorization.DefaultAuthorizationService[1]
      Authorization was successful.
info: Microsoft.AspNetCore.Routing.EndpointMiddleware[0]
      Executing endpoint 'ParcelManagement2.Controllers.HomeController.GetResidentPackageStats (ParcelProject)'
info: Microsoft.AspNetCore.Mvc.Infrastructure.ControllerActionInvoker[102]
      Route matched with {action = "GetResidentPackageStats", controller = "Home"}. Executing controller action with signature Microsoft.AspNetCore.Mvc.IActionResult GetResidentPackageStats() on controller ParcelManagement2.Controllers.HomeController (ParcelProject).
dbug: Microsoft.AspNetCore.Mvc.Infrastructure.ControllerActionInvoker[1]
      Execution plan of authorization filters (in the following order): None
dbug: Microsoft.AspNetCore.Mvc.Infrastructure.ControllerActionInvoker[1]
      Execution plan of resource filters (in the following order): Microsoft.AspNetCore.Mvc.ViewFeatures.Filters.SaveTempDataFilter
dbug: Microsoft.AspNetCore.Mvc.Infrastructure.ControllerActionInvoker[1]
      Execution plan of action filters (in the following order): Microsoft.AspNetCore.Mvc.Filters.ControllerActionFilter (Order: -2147483648), Microsoft.AspNetCore.Mvc.ModelBinding.UnsupportedContentTypeFilter (Order: -3000)
dbug: Microsoft.AspNetCore.Mvc.Infrastructure.ControllerActionInvoker[1]
      Execution plan of exception filters (in the following order): None
dbug: Microsoft.AspNetCore.Mvc.Infrastructure.ControllerActionInvoker[1]
      Execution plan of result filters (in the following order): Microsoft.AspNetCore.Mvc.ViewFeatures.Filters.SaveTempDataFilter
dbug: Microsoft.AspNetCore.Mvc.Infrastructure.ControllerActionInvoker[1]
      Executing controller factory for controller ParcelManagement2.Controllers.HomeController (ParcelProject)
dbug: ParcelManagement2.Models.DBConn[0]
      資料庫連線字串已設定
dbug: Microsoft.AspNetCore.Mvc.Infrastructure.ControllerActionInvoker[2]
      Executed controller factory for controller ParcelManagement2.Controllers.HomeController (ParcelProject)
dbug: ParcelManagement2.Models.DBConn[0]
      查詢成功，返回 28 行數據
info: Microsoft.AspNetCore.Mvc.Infrastructure.ContentResultExecutor[1]
      Executing ContentResult with HTTP Response ContentType of application/json
info: Microsoft.AspNetCore.Mvc.Infrastructure.ControllerActionInvoker[105]
      Executed action ParcelManagement2.Controllers.HomeController.GetResidentPackageStats (ParcelProject) in 36.8303ms
info: Microsoft.AspNetCore.Routing.EndpointMiddleware[1]
      Executed endpoint 'ParcelManagement2.Controllers.HomeController.GetResidentPackageStats (ParcelProject)'
info: Microsoft.AspNetCore.Hosting.Diagnostics[2]
      Request finished HTTP/2 POST https://localhost:44353/Home/GetResidentPackageStats - 200 2790 application/json 63.8441ms
dbug: Microsoft.AspNetCore.Server.IIS.Core.IISHttpServer[1]
      Connection ID "18374686497656799313" disconnecting.
info: Microsoft.AspNetCore.Hosting.Diagnostics[1]
      Request starting HTTP/2 GET https://localhost:44353/favicon.ico - - -
info: Microsoft.AspNetCore.StaticFiles.StaticFileMiddleware[2]
      Sending file. Request path: '/favicon.ico'. Physical path: 'E:\專題\ParcelProject\ParcelManagement2\wwwroot\favicon.ico'
info: Microsoft.AspNetCore.Hosting.Diagnostics[2]
      Request finished HTTP/2 GET https://localhost:44353/favicon.ico - 200 5430 image/x-icon 4.0086ms
dbug: Microsoft.AspNetCore.Server.IIS.Core.IISHttpServer[1]
      Connection ID "18374686497656799315" disconnecting.
info: Microsoft.AspNetCore.Hosting.Diagnostics[1]
      Request starting HTTP/2 GET https://localhost:44353/Home/Index - - -
dbug: Microsoft.AspNetCore.StaticFiles.StaticFileMiddleware[4]
      The request path /Home/Index does not match a supported file type
dbug: Microsoft.AspNetCore.Routing.Matching.DfaMatcher[1001]
      1 candidate(s) found for the request path '/Home/Index'
dbug: Microsoft.AspNetCore.Routing.Matching.DfaMatcher[1005]
      Endpoint 'ParcelManagement2.Controllers.HomeController.Index (ParcelProject)' with route pattern '{controller=Account}/{action=Login}/{id?}' is valid for the request path '/Home/Index'
dbug: Microsoft.AspNetCore.Routing.EndpointRoutingMiddleware[1]
      Request matched endpoint 'ParcelManagement2.Controllers.HomeController.Index (ParcelProject)'
dbug: Microsoft.AspNetCore.Authentication.Cookies.CookieAuthenticationHandler[8]
      AuthenticationScheme: Cookies was successfully authenticated.
dbug: Microsoft.AspNetCore.Authorization.DefaultAuthorizationService[1]
      Authorization was successful.
info: Microsoft.AspNetCore.Routing.EndpointMiddleware[0]
      Executing endpoint 'ParcelManagement2.Controllers.HomeController.Index (ParcelProject)'
info: Microsoft.AspNetCore.Mvc.Infrastructure.ControllerActionInvoker[102]
      Route matched with {action = "Index", controller = "Home"}. Executing controller action with signature Microsoft.AspNetCore.Mvc.IActionResult Index() on controller ParcelManagement2.Controllers.HomeController (ParcelProject).
dbug: Microsoft.AspNetCore.Mvc.Infrastructure.ControllerActionInvoker[1]
      Execution plan of authorization filters (in the following order): None
dbug: Microsoft.AspNetCore.Mvc.Infrastructure.ControllerActionInvoker[1]
      Execution plan of resource filters (in the following order): Microsoft.AspNetCore.Mvc.ViewFeatures.Filters.SaveTempDataFilter
dbug: Microsoft.AspNetCore.Mvc.Infrastructure.ControllerActionInvoker[1]
      Execution plan of action filters (in the following order): Microsoft.AspNetCore.Mvc.Filters.ControllerActionFilter (Order: -2147483648), Microsoft.AspNetCore.Mvc.ModelBinding.UnsupportedContentTypeFilter (Order: -3000)
dbug: Microsoft.AspNetCore.Mvc.Infrastructure.ControllerActionInvoker[1]
      Execution plan of exception filters (in the following order): None
dbug: Microsoft.AspNetCore.Mvc.Infrastructure.ControllerActionInvoker[1]
      Execution plan of result filters (in the following order): Microsoft.AspNetCore.Mvc.ViewFeatures.Filters.SaveTempDataFilter
dbug: Microsoft.AspNetCore.Mvc.Infrastructure.ControllerActionInvoker[1]
      Executing controller factory for controller ParcelManagement2.Controllers.HomeController (ParcelProject)
dbug: ParcelManagement2.Models.DBConn[0]
      資料庫連線字串已設定
dbug: Microsoft.AspNetCore.Mvc.Infrastructure.ControllerActionInvoker[2]
      Executed controller factory for controller ParcelManagement2.Controllers.HomeController (ParcelProject)
dbug: Microsoft.AspNetCore.Mvc.Razor.RazorViewEngine[2]
      View lookup cache hit for view 'Index' in controller 'Home'.
info: Microsoft.AspNetCore.Mvc.ViewFeatures.ViewResultExecutor[1]
      Executing ViewResult, running view Index.
dbug: Microsoft.AspNetCore.Mvc.ViewFeatures.ViewResultExecutor[2]
      The view path '/Views/Home/Index.cshtml' was found in 2.7ms.
dbug: Microsoft.AspNetCore.Antiforgery.DefaultAntiforgery[6]
      An antiforgery cookie token was reused.
dbug: Microsoft.WebTools.BrowserLink.Net.BrowserLinkMiddleware[1]
      Response markup is scheduled to include Browser Link script injection.
dbug: Microsoft.AspNetCore.Watch.BrowserRefresh.BrowserRefreshMiddleware[1]
      Response markup is scheduled to include browser refresh script injection.
info: Microsoft.AspNetCore.Mvc.ViewFeatures.ViewResultExecutor[4]
      Executed ViewResult - view Index executed in 9.1436ms.
info: Microsoft.AspNetCore.Mvc.Infrastructure.ControllerActionInvoker[105]
      Executed action ParcelManagement2.Controllers.HomeController.Index (ParcelProject) in 14.713ms
info: Microsoft.AspNetCore.Routing.EndpointMiddleware[1]
      Executed endpoint 'ParcelManagement2.Controllers.HomeController.Index (ParcelProject)'
dbug: Microsoft.WebTools.BrowserLink.Net.BrowserLinkMiddleware[2]
      Response markup was updated to include Browser Link script injection.
dbug: Microsoft.AspNetCore.Watch.BrowserRefresh.BrowserRefreshMiddleware[2]
      Response markup was updated to include browser refresh script injection.
dbug: Microsoft.AspNetCore.Server.IIS.Core.IISHttpServer[1]
      Connection ID "18014398561826898034" disconnecting.
info: Microsoft.AspNetCore.Hosting.Diagnostics[2]
      Request finished HTTP/2 GET https://localhost:44353/Home/Index - 200 - text/html;+charset=utf-8 60.5388ms
info: Microsoft.AspNetCore.Hosting.Diagnostics[1]
      Request starting HTTP/2 POST https://localhost:44353/Home/GetResidentPackageStats - - 0
info: Microsoft.AspNetCore.Hosting.Diagnostics[1]
      Request starting HTTP/2 GET https://localhost:44353/_vs/browserLink - - -
info: Microsoft.AspNetCore.Hosting.Diagnostics[1]
      Request starting HTTP/2 GET https://localhost:44353/_framework/aspnetcore-browser-refresh.js - - -
dbug: Microsoft.AspNetCore.StaticFiles.StaticFileMiddleware[1]
      POST requests are not supported
dbug: Microsoft.AspNetCore.Routing.Matching.DfaMatcher[1001]
      1 candidate(s) found for the request path '/Home/GetResidentPackageStats'
dbug: Microsoft.AspNetCore.Routing.Matching.DfaMatcher[1005]
      Endpoint 'ParcelManagement2.Controllers.HomeController.GetResidentPackageStats (ParcelProject)' with route pattern '{controller=Account}/{action=Login}/{id?}' is valid for the request path '/Home/GetResidentPackageStats'
dbug: Microsoft.AspNetCore.Watch.BrowserRefresh.BrowserScriptMiddleware[0]
      Script injected: /_framework/aspnetcore-browser-refresh.js
dbug: Microsoft.AspNetCore.Routing.EndpointRoutingMiddleware[1]
      Request matched endpoint 'ParcelManagement2.Controllers.HomeController.GetResidentPackageStats (ParcelProject)'
info: Microsoft.AspNetCore.Hosting.Diagnostics[2]
      Request finished HTTP/2 GET https://localhost:44353/_framework/aspnetcore-browser-refresh.js - 200 16511 application/javascript;+charset=utf-8 50.0419ms
dbug: Microsoft.AspNetCore.Server.IIS.Core.IISHttpServer[1]
      Connection ID "18014398561826898036" disconnecting.
dbug: Microsoft.AspNetCore.Authentication.Cookies.CookieAuthenticationHandler[8]
      AuthenticationScheme: Cookies was successfully authenticated.
dbug: Microsoft.AspNetCore.Authorization.DefaultAuthorizationService[1]
      Authorization was successful.
info: Microsoft.AspNetCore.Routing.EndpointMiddleware[0]
      Executing endpoint 'ParcelManagement2.Controllers.HomeController.GetResidentPackageStats (ParcelProject)'
info: Microsoft.AspNetCore.Mvc.Infrastructure.ControllerActionInvoker[102]
      Route matched with {action = "GetResidentPackageStats", controller = "Home"}. Executing controller action with signature Microsoft.AspNetCore.Mvc.IActionResult GetResidentPackageStats() on controller ParcelManagement2.Controllers.HomeController (ParcelProject).
dbug: Microsoft.AspNetCore.Mvc.Infrastructure.ControllerActionInvoker[1]
      Execution plan of authorization filters (in the following order): None
dbug: Microsoft.AspNetCore.Mvc.Infrastructure.ControllerActionInvoker[1]
      Execution plan of resource filters (in the following order): Microsoft.AspNetCore.Mvc.ViewFeatures.Filters.SaveTempDataFilter
dbug: Microsoft.AspNetCore.Mvc.Infrastructure.ControllerActionInvoker[1]
      Execution plan of action filters (in the following order): Microsoft.AspNetCore.Mvc.Filters.ControllerActionFilter (Order: -2147483648), Microsoft.AspNetCore.Mvc.ModelBinding.UnsupportedContentTypeFilter (Order: -3000)
dbug: Microsoft.AspNetCore.Mvc.Infrastructure.ControllerActionInvoker[1]
      Execution plan of exception filters (in the following order): None
dbug: Microsoft.AspNetCore.Mvc.Infrastructure.ControllerActionInvoker[1]
      Execution plan of result filters (in the following order): Microsoft.AspNetCore.Mvc.ViewFeatures.Filters.SaveTempDataFilter
dbug: Microsoft.AspNetCore.Mvc.Infrastructure.ControllerActionInvoker[1]
      Executing controller factory for controller ParcelManagement2.Controllers.HomeController (ParcelProject)
dbug: ParcelManagement2.Models.DBConn[0]
      資料庫連線字串已設定
dbug: Microsoft.AspNetCore.Mvc.Infrastructure.ControllerActionInvoker[2]
      Executed controller factory for controller ParcelManagement2.Controllers.HomeController (ParcelProject)
dbug: Microsoft.AspNetCore.Server.IIS.Core.IISHttpServer[1]
      Connection ID "18230571352530616382" disconnecting.
info: Microsoft.AspNetCore.Hosting.Diagnostics[2]
      Request finished HTTP/2 GET https://localhost:44353/_vs/browserLink - 200 - text/javascript;+charset=UTF-8 84.6794ms
dbug: ParcelManagement2.Models.DBConn[0]
      查詢成功，返回 28 行數據
info: Microsoft.AspNetCore.Mvc.Infrastructure.ContentResultExecutor[1]
      Executing ContentResult with HTTP Response ContentType of application/json
info: Microsoft.AspNetCore.Mvc.Infrastructure.ControllerActionInvoker[105]
      Executed action ParcelManagement2.Controllers.HomeController.GetResidentPackageStats (ParcelProject) in 32.8335ms
info: Microsoft.AspNetCore.Routing.EndpointMiddleware[1]
      Executed endpoint 'ParcelManagement2.Controllers.HomeController.GetResidentPackageStats (ParcelProject)'
info: Microsoft.AspNetCore.Hosting.Diagnostics[2]
      Request finished HTTP/2 POST https://localhost:44353/Home/GetResidentPackageStats - 200 2790 application/json 121.0487ms
dbug: Microsoft.AspNetCore.Server.IIS.Core.IISHttpServer[1]
      Connection ID "18374686497656799317" disconnecting.
info: Microsoft.AspNetCore.Hosting.Diagnostics[1]
      Request starting HTTP/2 GET https://localhost:44353/Home/Packages - - -
dbug: Microsoft.AspNetCore.StaticFiles.StaticFileMiddleware[4]
      The request path /Home/Packages does not match a supported file type
dbug: Microsoft.AspNetCore.Routing.Matching.DfaMatcher[1001]
      1 candidate(s) found for the request path '/Home/Packages'
dbug: Microsoft.AspNetCore.Routing.Matching.DfaMatcher[1005]
      Endpoint 'ParcelManagement2.Controllers.HomeController.Packages (ParcelProject)' with route pattern '{controller=Account}/{action=Login}/{id?}' is valid for the request path '/Home/Packages'
dbug: Microsoft.AspNetCore.Routing.EndpointRoutingMiddleware[1]
      Request matched endpoint 'ParcelManagement2.Controllers.HomeController.Packages (ParcelProject)'
dbug: Microsoft.AspNetCore.Authentication.Cookies.CookieAuthenticationHandler[8]
      AuthenticationScheme: Cookies was successfully authenticated.
dbug: Microsoft.AspNetCore.Authorization.DefaultAuthorizationService[1]
      Authorization was successful.
info: Microsoft.AspNetCore.Routing.EndpointMiddleware[0]
      Executing endpoint 'ParcelManagement2.Controllers.HomeController.Packages (ParcelProject)'
info: Microsoft.AspNetCore.Mvc.Infrastructure.ControllerActionInvoker[102]
      Route matched with {action = "Packages", controller = "Home"}. Executing controller action with signature Microsoft.AspNetCore.Mvc.IActionResult Packages() on controller ParcelManagement2.Controllers.HomeController (ParcelProject).
dbug: Microsoft.AspNetCore.Mvc.Infrastructure.ControllerActionInvoker[1]
      Execution plan of authorization filters (in the following order): None
dbug: Microsoft.AspNetCore.Mvc.Infrastructure.ControllerActionInvoker[1]
      Execution plan of resource filters (in the following order): Microsoft.AspNetCore.Mvc.ViewFeatures.Filters.SaveTempDataFilter
dbug: Microsoft.AspNetCore.Mvc.Infrastructure.ControllerActionInvoker[1]
      Execution plan of action filters (in the following order): Microsoft.AspNetCore.Mvc.Filters.ControllerActionFilter (Order: -2147483648), Microsoft.AspNetCore.Mvc.ModelBinding.UnsupportedContentTypeFilter (Order: -3000)
dbug: Microsoft.AspNetCore.Mvc.Infrastructure.ControllerActionInvoker[1]
      Execution plan of exception filters (in the following order): None
dbug: Microsoft.AspNetCore.Mvc.Infrastructure.ControllerActionInvoker[1]
      Execution plan of result filters (in the following order): Microsoft.AspNetCore.Mvc.ViewFeatures.Filters.SaveTempDataFilter
dbug: Microsoft.AspNetCore.Mvc.Infrastructure.ControllerActionInvoker[1]
      Executing controller factory for controller ParcelManagement2.Controllers.HomeController (ParcelProject)
dbug: ParcelManagement2.Models.DBConn[0]
      資料庫連線字串已設定
dbug: Microsoft.AspNetCore.Mvc.Infrastructure.ControllerActionInvoker[2]
      Executed controller factory for controller ParcelManagement2.Controllers.HomeController (ParcelProject)
dbug: Microsoft.AspNetCore.Mvc.Razor.RazorViewEngine[1]
      View lookup cache miss for view 'Packages' in controller 'Home'.
info: Microsoft.AspNetCore.Mvc.ViewFeatures.ViewResultExecutor[1]
      Executing ViewResult, running view Packages.
dbug: Microsoft.AspNetCore.Mvc.ViewFeatures.ViewResultExecutor[2]
      The view path '/Views/Home/Packages.cshtml' was found in 4.4814ms.
dbug: Microsoft.AspNetCore.Antiforgery.DefaultAntiforgery[6]
      An antiforgery cookie token was reused.
dbug: Microsoft.WebTools.BrowserLink.Net.BrowserLinkMiddleware[1]
      Response markup is scheduled to include Browser Link script injection.
dbug: Microsoft.AspNetCore.Watch.BrowserRefresh.BrowserRefreshMiddleware[1]
      Response markup is scheduled to include browser refresh script injection.
info: Microsoft.AspNetCore.Mvc.ViewFeatures.ViewResultExecutor[4]
      Executed ViewResult - view Packages executed in 32.8248ms.
info: Microsoft.AspNetCore.Mvc.Infrastructure.ControllerActionInvoker[105]
      Executed action ParcelManagement2.Controllers.HomeController.Packages (ParcelProject) in 44.4791ms
info: Microsoft.AspNetCore.Routing.EndpointMiddleware[1]
      Executed endpoint 'ParcelManagement2.Controllers.HomeController.Packages (ParcelProject)'
dbug: Microsoft.WebTools.BrowserLink.Net.BrowserLinkMiddleware[2]
      Response markup was updated to include Browser Link script injection.
dbug: Microsoft.AspNetCore.Watch.BrowserRefresh.BrowserRefreshMiddleware[2]
      Response markup was updated to include browser refresh script injection.
dbug: Microsoft.AspNetCore.Server.IIS.Core.IISHttpServer[1]
      Connection ID "18158513741312819328" disconnecting.
info: Microsoft.AspNetCore.Hosting.Diagnostics[2]
      Request finished HTTP/2 GET https://localhost:44353/Home/Packages - 200 - text/html;+charset=utf-8 91.4217ms
info: Microsoft.AspNetCore.Hosting.Diagnostics[1]
      Request starting HTTP/2 GET https://localhost:44353/_framework/aspnetcore-browser-refresh.js - - -
info: Microsoft.AspNetCore.Hosting.Diagnostics[1]
      Request starting HTTP/2 GET https://localhost:44353/Scripts/parcel.js - - -
dbug: Microsoft.AspNetCore.Watch.BrowserRefresh.BrowserScriptMiddleware[0]
      Script injected: /_framework/aspnetcore-browser-refresh.js
info: Microsoft.AspNetCore.Hosting.Diagnostics[2]
      Request finished HTTP/2 GET https://localhost:44353/_framework/aspnetcore-browser-refresh.js - 200 16511 application/javascript;+charset=utf-8 17.1531ms
dbug: Microsoft.AspNetCore.Server.IIS.Core.IISHttpServer[1]
      Connection ID "17798225762533245142" disconnecting.
info: Microsoft.AspNetCore.Hosting.Diagnostics[1]
      Request starting HTTP/2 GET https://localhost:44353/_vs/browserLink - - -
dbug: Microsoft.AspNetCore.Server.IIS.Core.IISHttpServer[1]
      Connection ID "18086456138684956848" disconnecting.
info: Microsoft.AspNetCore.Hosting.Diagnostics[2]
      Request finished HTTP/2 GET https://localhost:44353/_vs/browserLink - 200 - text/javascript;+charset=UTF-8 28.4234ms
info: Microsoft.AspNetCore.StaticFiles.StaticFileMiddleware[2]
      Sending file. Request path: '/Scripts/parcel.js'. Physical path: 'E:\專題\ParcelProject\ParcelManagement2\wwwroot\Scripts\parcel.js'
dbug: Microsoft.AspNetCore.Server.IIS.Core.IISHttpServer[1]
      Connection ID "18014398510287290450" disconnecting.
info: Microsoft.AspNetCore.Hosting.Diagnostics[2]
      Request finished HTTP/2 GET https://localhost:44353/Scripts/parcel.js - 200 33547 text/javascript 54.3896ms
info: Microsoft.AspNetCore.Hosting.Diagnostics[1]
      Request starting HTTP/2 POST https://localhost:44353/Home/GetAllProduct - - 0
info: Microsoft.AspNetCore.Hosting.Diagnostics[1]
      Request starting HTTP/2 POST https://localhost:44353/Home/GetAllProduct - - 0
dbug: Microsoft.AspNetCore.StaticFiles.StaticFileMiddleware[1]
      POST requests are not supported
info: Microsoft.AspNetCore.Hosting.Diagnostics[1]
      Request starting HTTP/2 POST https://localhost:44353/Home/BuildResidentList - - 0
info: Microsoft.AspNetCore.Hosting.Diagnostics[1]
      Request starting HTTP/2 POST https://localhost:44353/Home/BuildProdTypeList - - 0
dbug: Microsoft.AspNetCore.StaticFiles.StaticFileMiddleware[1]
      POST requests are not supported
dbug: Microsoft.AspNetCore.Routing.Matching.DfaMatcher[1001]
      1 candidate(s) found for the request path '/Home/GetAllProduct'
dbug: Microsoft.AspNetCore.Routing.Matching.DfaMatcher[1005]
      Endpoint 'ParcelManagement2.Controllers.HomeController.GetAllProduct (ParcelProject)' with route pattern '{controller=Account}/{action=Login}/{id?}' is valid for the request path '/Home/GetAllProduct'
dbug: Microsoft.AspNetCore.StaticFiles.StaticFileMiddleware[1]
      POST requests are not supported
dbug: Microsoft.AspNetCore.Routing.EndpointRoutingMiddleware[1]
      Request matched endpoint 'ParcelManagement2.Controllers.HomeController.GetAllProduct (ParcelProject)'
dbug: Microsoft.AspNetCore.Routing.Matching.DfaMatcher[1001]
      1 candidate(s) found for the request path '/Home/BuildResidentList'
dbug: Microsoft.AspNetCore.Authentication.Cookies.CookieAuthenticationHandler[8]
      AuthenticationScheme: Cookies was successfully authenticated.
dbug: Microsoft.AspNetCore.Routing.Matching.DfaMatcher[1005]
      Endpoint 'ParcelManagement2.Controllers.HomeController.BuildResidentList (ParcelProject)' with route pattern '{controller=Account}/{action=Login}/{id?}' is valid for the request path '/Home/BuildResidentList'
dbug: Microsoft.AspNetCore.Authorization.DefaultAuthorizationService[1]
      Authorization was successful.
dbug: Microsoft.AspNetCore.Routing.EndpointRoutingMiddleware[1]
      Request matched endpoint 'ParcelManagement2.Controllers.HomeController.BuildResidentList (ParcelProject)'
info: Microsoft.AspNetCore.Routing.EndpointMiddleware[0]
      Executing endpoint 'ParcelManagement2.Controllers.HomeController.GetAllProduct (ParcelProject)'
dbug: Microsoft.AspNetCore.Authentication.Cookies.CookieAuthenticationHandler[8]
      AuthenticationScheme: Cookies was successfully authenticated.
dbug: Microsoft.AspNetCore.Authorization.DefaultAuthorizationService[1]
      Authorization was successful.
dbug: Microsoft.AspNetCore.Routing.Matching.DfaMatcher[1001]
      1 candidate(s) found for the request path '/Home/GetAllProduct'
info: Microsoft.AspNetCore.Mvc.Infrastructure.ControllerActionInvoker[102]
      Route matched with {action = "GetAllProduct", controller = "Home"}. Executing controller action with signature System.Threading.Tasks.Task`1[Microsoft.AspNetCore.Mvc.JsonResult] GetAllProduct() on controller ParcelManagement2.Controllers.HomeController (ParcelProject).
dbug: Microsoft.AspNetCore.Routing.Matching.DfaMatcher[1005]
      Endpoint 'ParcelManagement2.Controllers.HomeController.GetAllProduct (ParcelProject)' with route pattern '{controller=Account}/{action=Login}/{id?}' is valid for the request path '/Home/GetAllProduct'
dbug: Microsoft.AspNetCore.Mvc.Infrastructure.ControllerActionInvoker[1]
      Execution plan of authorization filters (in the following order): None
dbug: Microsoft.AspNetCore.Mvc.Infrastructure.ControllerActionInvoker[1]
      Execution plan of resource filters (in the following order): Microsoft.AspNetCore.Mvc.ViewFeatures.Filters.SaveTempDataFilter
info: Microsoft.AspNetCore.Routing.EndpointMiddleware[0]
      Executing endpoint 'ParcelManagement2.Controllers.HomeController.BuildResidentList (ParcelProject)'
dbug: Microsoft.AspNetCore.Mvc.Infrastructure.ControllerActionInvoker[1]
      Execution plan of action filters (in the following order): Microsoft.AspNetCore.Mvc.Filters.ControllerActionFilter (Order: -2147483648), Microsoft.AspNetCore.Mvc.ModelBinding.UnsupportedContentTypeFilter (Order: -3000)
dbug: Microsoft.AspNetCore.Mvc.Infrastructure.ControllerActionInvoker[1]
      Execution plan of exception filters (in the following order): None
info: Microsoft.AspNetCore.Mvc.Infrastructure.ControllerActionInvoker[102]
      Route matched with {action = "BuildResidentList", controller = "Home"}. Executing controller action with signature System.Threading.Tasks.Task`1[Microsoft.AspNetCore.Mvc.JsonResult] BuildResidentList() on controller ParcelManagement2.Controllers.HomeController (ParcelProject).
dbug: Microsoft.AspNetCore.Mvc.Infrastructure.ControllerActionInvoker[1]
      Execution plan of result filters (in the following order): Microsoft.AspNetCore.Mvc.ViewFeatures.Filters.SaveTempDataFilter
dbug: Microsoft.AspNetCore.Mvc.Infrastructure.ControllerActionInvoker[1]
      Execution plan of authorization filters (in the following order): None
dbug: Microsoft.AspNetCore.Mvc.Infrastructure.ControllerActionInvoker[1]
      Executing controller factory for controller ParcelManagement2.Controllers.HomeController (ParcelProject)
dbug: Microsoft.AspNetCore.Mvc.Infrastructure.ControllerActionInvoker[1]
      Execution plan of resource filters (in the following order): Microsoft.AspNetCore.Mvc.ViewFeatures.Filters.SaveTempDataFilter
dbug: Microsoft.AspNetCore.Mvc.Infrastructure.ControllerActionInvoker[1]
      Execution plan of action filters (in the following order): Microsoft.AspNetCore.Mvc.Filters.ControllerActionFilter (Order: -2147483648), Microsoft.AspNetCore.Mvc.ModelBinding.UnsupportedContentTypeFilter (Order: -3000)
dbug: ParcelManagement2.Models.DBConn[0]
      資料庫連線字串已設定
dbug: Microsoft.AspNetCore.Mvc.Infrastructure.ControllerActionInvoker[1]
      Execution plan of exception filters (in the following order): None
dbug: Microsoft.AspNetCore.Mvc.Infrastructure.ControllerActionInvoker[2]
      Executed controller factory for controller ParcelManagement2.Controllers.HomeController (ParcelProject)
dbug: Microsoft.AspNetCore.Mvc.Infrastructure.ControllerActionInvoker[1]
      Execution plan of result filters (in the following order): Microsoft.AspNetCore.Mvc.ViewFeatures.Filters.SaveTempDataFilter
dbug: Microsoft.AspNetCore.Mvc.Infrastructure.ControllerActionInvoker[1]
      Executing controller factory for controller ParcelManagement2.Controllers.HomeController (ParcelProject)
dbug: ParcelManagement2.Models.DBConn[0]
      資料庫連線字串已設定
dbug: Microsoft.AspNetCore.Mvc.Infrastructure.ControllerActionInvoker[2]
      Executed controller factory for controller ParcelManagement2.Controllers.HomeController (ParcelProject)
dbug: Microsoft.AspNetCore.Routing.EndpointRoutingMiddleware[1]
      Request matched endpoint 'ParcelManagement2.Controllers.HomeController.GetAllProduct (ParcelProject)'
dbug: Microsoft.AspNetCore.Authentication.Cookies.CookieAuthenticationHandler[8]
      AuthenticationScheme: Cookies was successfully authenticated.
dbug: Microsoft.AspNetCore.StaticFiles.StaticFileMiddleware[1]
      POST requests are not supported
dbug: Microsoft.AspNetCore.Authorization.DefaultAuthorizationService[1]
      Authorization was successful.
dbug: Microsoft.AspNetCore.Routing.Matching.DfaMatcher[1001]
      1 candidate(s) found for the request path '/Home/BuildProdTypeList'
info: Microsoft.AspNetCore.Routing.EndpointMiddleware[0]
      Executing endpoint 'ParcelManagement2.Controllers.HomeController.GetAllProduct (ParcelProject)'
dbug: Microsoft.AspNetCore.Routing.Matching.DfaMatcher[1005]
      Endpoint 'ParcelManagement2.Controllers.HomeController.BuildProdTypeList (ParcelProject)' with route pattern '{controller=Account}/{action=Login}/{id?}' is valid for the request path '/Home/BuildProdTypeList'
info: Microsoft.AspNetCore.Mvc.Infrastructure.ControllerActionInvoker[102]
      Route matched with {action = "GetAllProduct", controller = "Home"}. Executing controller action with signature System.Threading.Tasks.Task`1[Microsoft.AspNetCore.Mvc.JsonResult] GetAllProduct() on controller ParcelManagement2.Controllers.HomeController (ParcelProject).
dbug: ParcelManagement2.Models.DBConn[0]
      查詢成功，返回 28 行數據
dbug: Microsoft.AspNetCore.Routing.EndpointRoutingMiddleware[1]
      Request matched endpoint 'ParcelManagement2.Controllers.HomeController.BuildProdTypeList (ParcelProject)'
info: Microsoft.AspNetCore.Mvc.Infrastructure.SystemTextJsonResultExecutor[1]
      Executing JsonResult, writing value of type 'System.Text.Json.JsonElement'.
dbug: Microsoft.AspNetCore.Mvc.Infrastructure.ControllerActionInvoker[1]
      Execution plan of authorization filters (in the following order): None
dbug: Microsoft.AspNetCore.Mvc.Infrastructure.ControllerActionInvoker[1]
      Execution plan of resource filters (in the following order): Microsoft.AspNetCore.Mvc.ViewFeatures.Filters.SaveTempDataFilter
dbug: ParcelManagement2.Models.DBConn[0]
      查詢成功，返回 134 行數據
dbug: Microsoft.AspNetCore.Mvc.Infrastructure.ControllerActionInvoker[1]
      Execution plan of action filters (in the following order): Microsoft.AspNetCore.Mvc.Filters.ControllerActionFilter (Order: -2147483648), Microsoft.AspNetCore.Mvc.ModelBinding.UnsupportedContentTypeFilter (Order: -3000)
dbug: Microsoft.AspNetCore.Mvc.Infrastructure.ControllerActionInvoker[1]
      Execution plan of exception filters (in the following order): None
dbug: Microsoft.AspNetCore.Mvc.Infrastructure.ControllerActionInvoker[1]
      Execution plan of result filters (in the following order): Microsoft.AspNetCore.Mvc.ViewFeatures.Filters.SaveTempDataFilter
info: Microsoft.AspNetCore.Mvc.Infrastructure.ControllerActionInvoker[105]
      Executed action ParcelManagement2.Controllers.HomeController.BuildResidentList (ParcelProject) in 58.8282ms
info: Microsoft.AspNetCore.Mvc.Infrastructure.SystemTextJsonResultExecutor[1]
      Executing JsonResult, writing value of type 'System.Text.Json.JsonElement'.
dbug: Microsoft.AspNetCore.Mvc.Infrastructure.ControllerActionInvoker[1]
      Executing controller factory for controller ParcelManagement2.Controllers.HomeController (ParcelProject)
info: Microsoft.AspNetCore.Routing.EndpointMiddleware[1]
      Executed endpoint 'ParcelManagement2.Controllers.HomeController.BuildResidentList (ParcelProject)'
info: Microsoft.AspNetCore.Hosting.Diagnostics[2]
      Request finished HTTP/2 POST https://localhost:44353/Home/BuildResidentList - 200 - application/json;+charset=utf-8 204.3169ms
dbug: Microsoft.AspNetCore.Server.IIS.Core.IISHttpServer[1]
      Connection ID "18014398561826898038" disconnecting.
dbug: ParcelManagement2.Models.DBConn[0]
      資料庫連線字串已設定
info: Microsoft.AspNetCore.Mvc.Infrastructure.ControllerActionInvoker[105]
      Executed action ParcelManagement2.Controllers.HomeController.GetAllProduct (ParcelProject) in 95.1261ms
info: Microsoft.AspNetCore.Routing.EndpointMiddleware[1]
      Executed endpoint 'ParcelManagement2.Controllers.HomeController.GetAllProduct (ParcelProject)'
dbug: Microsoft.AspNetCore.Mvc.Infrastructure.ControllerActionInvoker[2]
      Executed controller factory for controller ParcelManagement2.Controllers.HomeController (ParcelProject)
info: Microsoft.AspNetCore.Hosting.Diagnostics[2]
      Request finished HTTP/2 POST https://localhost:44353/Home/GetAllProduct - 200 - application/json;+charset=utf-8 224.0392ms
dbug: Microsoft.AspNetCore.Server.IIS.Core.IISHttpServer[1]
      Connection ID "18014398510287290452" disconnecting.
dbug: Microsoft.AspNetCore.Authentication.Cookies.CookieAuthenticationHandler[8]
      AuthenticationScheme: Cookies was successfully authenticated.
dbug: Microsoft.AspNetCore.Authorization.DefaultAuthorizationService[1]
      Authorization was successful.
info: Microsoft.AspNetCore.Routing.EndpointMiddleware[0]
      Executing endpoint 'ParcelManagement2.Controllers.HomeController.BuildProdTypeList (ParcelProject)'
info: Microsoft.AspNetCore.Mvc.Infrastructure.ControllerActionInvoker[102]
      Route matched with {action = "BuildProdTypeList", controller = "Home"}. Executing controller action with signature System.Threading.Tasks.Task`1[Microsoft.AspNetCore.Mvc.JsonResult] BuildProdTypeList() on controller ParcelManagement2.Controllers.HomeController (ParcelProject).
dbug: ParcelManagement2.Models.DBConn[0]
      查詢成功，返回 134 行數據
dbug: Microsoft.AspNetCore.Mvc.Infrastructure.ControllerActionInvoker[1]
      Execution plan of authorization filters (in the following order): None
info: Microsoft.AspNetCore.Mvc.Infrastructure.SystemTextJsonResultExecutor[1]
      Executing JsonResult, writing value of type 'System.Text.Json.JsonElement'.
dbug: Microsoft.AspNetCore.Mvc.Infrastructure.ControllerActionInvoker[1]
      Execution plan of resource filters (in the following order): Microsoft.AspNetCore.Mvc.ViewFeatures.Filters.SaveTempDataFilter
dbug: Microsoft.AspNetCore.Mvc.Infrastructure.ControllerActionInvoker[1]
      Execution plan of action filters (in the following order): Microsoft.AspNetCore.Mvc.Filters.ControllerActionFilter (Order: -2147483648), Microsoft.AspNetCore.Mvc.ModelBinding.UnsupportedContentTypeFilter (Order: -3000)
dbug: Microsoft.AspNetCore.Mvc.Infrastructure.ControllerActionInvoker[1]
      Execution plan of exception filters (in the following order): None
info: Microsoft.AspNetCore.Mvc.Infrastructure.ControllerActionInvoker[105]
      Executed action ParcelManagement2.Controllers.HomeController.GetAllProduct (ParcelProject) in 60.4687ms
dbug: Microsoft.AspNetCore.Mvc.Infrastructure.ControllerActionInvoker[1]
      Execution plan of result filters (in the following order): Microsoft.AspNetCore.Mvc.ViewFeatures.Filters.SaveTempDataFilter
info: Microsoft.AspNetCore.Routing.EndpointMiddleware[1]
      Executed endpoint 'ParcelManagement2.Controllers.HomeController.GetAllProduct (ParcelProject)'
dbug: Microsoft.AspNetCore.Mvc.Infrastructure.ControllerActionInvoker[1]
      Executing controller factory for controller ParcelManagement2.Controllers.HomeController (ParcelProject)
info: Microsoft.AspNetCore.Hosting.Diagnostics[2]
      Request finished HTTP/2 POST https://localhost:44353/Home/GetAllProduct - 200 - application/json;+charset=utf-8 266.7410ms
dbug: Microsoft.AspNetCore.Server.IIS.Core.IISHttpServer[1]
      Connection ID "18086456104325218323" disconnecting.
dbug: ParcelManagement2.Models.DBConn[0]
      資料庫連線字串已設定
dbug: Microsoft.AspNetCore.Mvc.Infrastructure.ControllerActionInvoker[2]
      Executed controller factory for controller ParcelManagement2.Controllers.HomeController (ParcelProject)
dbug: ParcelManagement2.Models.DBConn[0]
      查詢成功，返回 2 行數據
info: Microsoft.AspNetCore.Mvc.Infrastructure.SystemTextJsonResultExecutor[1]
      Executing JsonResult, writing value of type 'System.Text.Json.JsonElement'.
info: Microsoft.AspNetCore.Mvc.Infrastructure.ControllerActionInvoker[105]
      Executed action ParcelManagement2.Controllers.HomeController.BuildProdTypeList (ParcelProject) in 31.9191ms
info: Microsoft.AspNetCore.Routing.EndpointMiddleware[1]
      Executed endpoint 'ParcelManagement2.Controllers.HomeController.BuildProdTypeList (ParcelProject)'
dbug: Microsoft.AspNetCore.Server.IIS.Core.IISHttpServer[1]
      Connection ID "18230571292401074305" disconnecting.
info: Microsoft.AspNetCore.Hosting.Diagnostics[2]
      Request finished HTTP/2 POST https://localhost:44353/Home/BuildProdTypeList - 200 - application/json;+charset=utf-8 300.5984ms
info: Microsoft.AspNetCore.Hosting.Diagnostics[1]
      Request starting HTTP/2 GET https://localhost:44353/Home/Index - - -
dbug: Microsoft.AspNetCore.StaticFiles.StaticFileMiddleware[4]
      The request path /Home/Index does not match a supported file type
dbug: Microsoft.AspNetCore.Routing.Matching.DfaMatcher[1001]
      1 candidate(s) found for the request path '/Home/Index'
dbug: Microsoft.AspNetCore.Routing.Matching.DfaMatcher[1005]
      Endpoint 'ParcelManagement2.Controllers.HomeController.Index (ParcelProject)' with route pattern '{controller=Account}/{action=Login}/{id?}' is valid for the request path '/Home/Index'
dbug: Microsoft.AspNetCore.Routing.EndpointRoutingMiddleware[1]
      Request matched endpoint 'ParcelManagement2.Controllers.HomeController.Index (ParcelProject)'
dbug: Microsoft.AspNetCore.Authentication.Cookies.CookieAuthenticationHandler[8]
      AuthenticationScheme: Cookies was successfully authenticated.
dbug: Microsoft.AspNetCore.Authorization.DefaultAuthorizationService[1]
      Authorization was successful.
info: Microsoft.AspNetCore.Routing.EndpointMiddleware[0]
      Executing endpoint 'ParcelManagement2.Controllers.HomeController.Index (ParcelProject)'
info: Microsoft.AspNetCore.Mvc.Infrastructure.ControllerActionInvoker[102]
      Route matched with {action = "Index", controller = "Home"}. Executing controller action with signature Microsoft.AspNetCore.Mvc.IActionResult Index() on controller ParcelManagement2.Controllers.HomeController (ParcelProject).
dbug: Microsoft.AspNetCore.Mvc.Infrastructure.ControllerActionInvoker[1]
      Execution plan of authorization filters (in the following order): None
dbug: Microsoft.AspNetCore.Mvc.Infrastructure.ControllerActionInvoker[1]
      Execution plan of resource filters (in the following order): Microsoft.AspNetCore.Mvc.ViewFeatures.Filters.SaveTempDataFilter
dbug: Microsoft.AspNetCore.Mvc.Infrastructure.ControllerActionInvoker[1]
      Execution plan of action filters (in the following order): Microsoft.AspNetCore.Mvc.Filters.ControllerActionFilter (Order: -2147483648), Microsoft.AspNetCore.Mvc.ModelBinding.UnsupportedContentTypeFilter (Order: -3000)
dbug: Microsoft.AspNetCore.Mvc.Infrastructure.ControllerActionInvoker[1]
      Execution plan of exception filters (in the following order): None
dbug: Microsoft.AspNetCore.Mvc.Infrastructure.ControllerActionInvoker[1]
      Execution plan of result filters (in the following order): Microsoft.AspNetCore.Mvc.ViewFeatures.Filters.SaveTempDataFilter
dbug: Microsoft.AspNetCore.Mvc.Infrastructure.ControllerActionInvoker[1]
      Executing controller factory for controller ParcelManagement2.Controllers.HomeController (ParcelProject)
dbug: ParcelManagement2.Models.DBConn[0]
      資料庫連線字串已設定
dbug: Microsoft.AspNetCore.Mvc.Infrastructure.ControllerActionInvoker[2]
      Executed controller factory for controller ParcelManagement2.Controllers.HomeController (ParcelProject)
dbug: Microsoft.AspNetCore.Mvc.Razor.RazorViewEngine[2]
      View lookup cache hit for view 'Index' in controller 'Home'.
info: Microsoft.AspNetCore.Mvc.ViewFeatures.ViewResultExecutor[1]
      Executing ViewResult, running view Index.
dbug: Microsoft.AspNetCore.Mvc.ViewFeatures.ViewResultExecutor[2]
      The view path '/Views/Home/Index.cshtml' was found in 3.0896ms.
dbug: Microsoft.AspNetCore.Antiforgery.DefaultAntiforgery[6]
      An antiforgery cookie token was reused.
dbug: Microsoft.WebTools.BrowserLink.Net.BrowserLinkMiddleware[1]
      Response markup is scheduled to include Browser Link script injection.
dbug: Microsoft.AspNetCore.Watch.BrowserRefresh.BrowserRefreshMiddleware[1]
      Response markup is scheduled to include browser refresh script injection.
info: Microsoft.AspNetCore.Mvc.ViewFeatures.ViewResultExecutor[4]
      Executed ViewResult - view Index executed in 10.6239ms.
info: Microsoft.AspNetCore.Mvc.Infrastructure.ControllerActionInvoker[105]
      Executed action ParcelManagement2.Controllers.HomeController.Index (ParcelProject) in 17.3815ms
info: Microsoft.AspNetCore.Routing.EndpointMiddleware[1]
      Executed endpoint 'ParcelManagement2.Controllers.HomeController.Index (ParcelProject)'
dbug: Microsoft.WebTools.BrowserLink.Net.BrowserLinkMiddleware[2]
      Response markup was updated to include Browser Link script injection.
dbug: Microsoft.AspNetCore.Watch.BrowserRefresh.BrowserRefreshMiddleware[2]
      Response markup was updated to include browser refresh script injection.
dbug: Microsoft.AspNetCore.Server.IIS.Core.IISHttpServer[1]
      Connection ID "18158513724132950060" disconnecting.
info: Microsoft.AspNetCore.Hosting.Diagnostics[2]
      Request finished HTTP/2 GET https://localhost:44353/Home/Index - 200 - text/html;+charset=utf-8 87.0511ms
info: Microsoft.AspNetCore.Hosting.Diagnostics[1]
      Request starting HTTP/2 POST https://localhost:44353/Home/GetResidentPackageStats - - 0
info: Microsoft.AspNetCore.Hosting.Diagnostics[1]
      Request starting HTTP/2 GET https://localhost:44353/_framework/aspnetcore-browser-refresh.js - - -
info: Microsoft.AspNetCore.Hosting.Diagnostics[1]
      Request starting HTTP/2 GET https://localhost:44353/_vs/browserLink - - -
dbug: Microsoft.AspNetCore.StaticFiles.StaticFileMiddleware[1]
      POST requests are not supported
dbug: Microsoft.AspNetCore.Watch.BrowserRefresh.BrowserScriptMiddleware[0]
      Script injected: /_framework/aspnetcore-browser-refresh.js
dbug: Microsoft.AspNetCore.Routing.Matching.DfaMatcher[1001]
      1 candidate(s) found for the request path '/Home/GetResidentPackageStats'
dbug: Microsoft.AspNetCore.Server.IIS.Core.IISHttpServer[1]
      Connection ID "18230571343940681831" disconnecting.
info: Microsoft.AspNetCore.Hosting.Diagnostics[2]
      Request finished HTTP/2 GET https://localhost:44353/_framework/aspnetcore-browser-refresh.js - 200 16511 application/javascript;+charset=utf-8 41.3311ms
dbug: Microsoft.AspNetCore.Routing.Matching.DfaMatcher[1005]
      Endpoint 'ParcelManagement2.Controllers.HomeController.GetResidentPackageStats (ParcelProject)' with route pattern '{controller=Account}/{action=Login}/{id?}' is valid for the request path '/Home/GetResidentPackageStats'
dbug: Microsoft.AspNetCore.Routing.EndpointRoutingMiddleware[1]
      Request matched endpoint 'ParcelManagement2.Controllers.HomeController.GetResidentPackageStats (ParcelProject)'
dbug: Microsoft.AspNetCore.Authentication.Cookies.CookieAuthenticationHandler[8]
      AuthenticationScheme: Cookies was successfully authenticated.
dbug: Microsoft.AspNetCore.Authorization.DefaultAuthorizationService[1]
      Authorization was successful.
dbug: Microsoft.AspNetCore.Server.IIS.Core.IISHttpServer[1]
      Connection ID "18014398561826898040" disconnecting.
info: Microsoft.AspNetCore.Routing.EndpointMiddleware[0]
      Executing endpoint 'ParcelManagement2.Controllers.HomeController.GetResidentPackageStats (ParcelProject)'
info: Microsoft.AspNetCore.Hosting.Diagnostics[2]
      Request finished HTTP/2 GET https://localhost:44353/_vs/browserLink - 200 - text/javascript;+charset=UTF-8 71.0714ms
info: Microsoft.AspNetCore.Mvc.Infrastructure.ControllerActionInvoker[102]
      Route matched with {action = "GetResidentPackageStats", controller = "Home"}. Executing controller action with signature Microsoft.AspNetCore.Mvc.IActionResult GetResidentPackageStats() on controller ParcelManagement2.Controllers.HomeController (ParcelProject).
dbug: Microsoft.AspNetCore.Mvc.Infrastructure.ControllerActionInvoker[1]
      Execution plan of authorization filters (in the following order): None
dbug: Microsoft.AspNetCore.Mvc.Infrastructure.ControllerActionInvoker[1]
      Execution plan of resource filters (in the following order): Microsoft.AspNetCore.Mvc.ViewFeatures.Filters.SaveTempDataFilter
dbug: Microsoft.AspNetCore.Mvc.Infrastructure.ControllerActionInvoker[1]
      Execution plan of action filters (in the following order): Microsoft.AspNetCore.Mvc.Filters.ControllerActionFilter (Order: -2147483648), Microsoft.AspNetCore.Mvc.ModelBinding.UnsupportedContentTypeFilter (Order: -3000)
dbug: Microsoft.AspNetCore.Mvc.Infrastructure.ControllerActionInvoker[1]
      Execution plan of exception filters (in the following order): None
dbug: Microsoft.AspNetCore.Mvc.Infrastructure.ControllerActionInvoker[1]
      Execution plan of result filters (in the following order): Microsoft.AspNetCore.Mvc.ViewFeatures.Filters.SaveTempDataFilter
dbug: Microsoft.AspNetCore.Mvc.Infrastructure.ControllerActionInvoker[1]
      Executing controller factory for controller ParcelManagement2.Controllers.HomeController (ParcelProject)
dbug: ParcelManagement2.Models.DBConn[0]
      資料庫連線字串已設定
dbug: Microsoft.AspNetCore.Mvc.Infrastructure.ControllerActionInvoker[2]
      Executed controller factory for controller ParcelManagement2.Controllers.HomeController (ParcelProject)
dbug: ParcelManagement2.Models.DBConn[0]
      查詢成功，返回 28 行數據
info: Microsoft.AspNetCore.Mvc.Infrastructure.ContentResultExecutor[1]
      Executing ContentResult with HTTP Response ContentType of application/json
info: Microsoft.AspNetCore.Mvc.Infrastructure.ControllerActionInvoker[105]
      Executed action ParcelManagement2.Controllers.HomeController.GetResidentPackageStats (ParcelProject) in 38.5906ms
info: Microsoft.AspNetCore.Routing.EndpointMiddleware[1]
      Executed endpoint 'ParcelManagement2.Controllers.HomeController.GetResidentPackageStats (ParcelProject)'
info: Microsoft.AspNetCore.Hosting.Diagnostics[2]
      Request finished HTTP/2 POST https://localhost:44353/Home/GetResidentPackageStats - 200 2790 application/json 170.9173ms
dbug: Microsoft.AspNetCore.Server.IIS.Core.IISHttpServer[1]
      Connection ID "18374686489066864754" disconnecting.
info: Microsoft.AspNetCore.Hosting.Diagnostics[1]
      Request starting HTTP/2 GET https://localhost:44353/Home/Packages - - -
dbug: Microsoft.AspNetCore.StaticFiles.StaticFileMiddleware[4]
      The request path /Home/Packages does not match a supported file type
dbug: Microsoft.AspNetCore.Routing.Matching.DfaMatcher[1001]
      1 candidate(s) found for the request path '/Home/Packages'
dbug: Microsoft.AspNetCore.Routing.Matching.DfaMatcher[1005]
      Endpoint 'ParcelManagement2.Controllers.HomeController.Packages (ParcelProject)' with route pattern '{controller=Account}/{action=Login}/{id?}' is valid for the request path '/Home/Packages'
dbug: Microsoft.AspNetCore.Routing.EndpointRoutingMiddleware[1]
      Request matched endpoint 'ParcelManagement2.Controllers.HomeController.Packages (ParcelProject)'
dbug: Microsoft.AspNetCore.Authentication.Cookies.CookieAuthenticationHandler[8]
      AuthenticationScheme: Cookies was successfully authenticated.
dbug: Microsoft.AspNetCore.Authorization.DefaultAuthorizationService[1]
      Authorization was successful.
info: Microsoft.AspNetCore.Routing.EndpointMiddleware[0]
      Executing endpoint 'ParcelManagement2.Controllers.HomeController.Packages (ParcelProject)'
info: Microsoft.AspNetCore.Mvc.Infrastructure.ControllerActionInvoker[102]
      Route matched with {action = "Packages", controller = "Home"}. Executing controller action with signature Microsoft.AspNetCore.Mvc.IActionResult Packages() on controller ParcelManagement2.Controllers.HomeController (ParcelProject).
dbug: Microsoft.AspNetCore.Mvc.Infrastructure.ControllerActionInvoker[1]
      Execution plan of authorization filters (in the following order): None
dbug: Microsoft.AspNetCore.Mvc.Infrastructure.ControllerActionInvoker[1]
      Execution plan of resource filters (in the following order): Microsoft.AspNetCore.Mvc.ViewFeatures.Filters.SaveTempDataFilter
dbug: Microsoft.AspNetCore.Mvc.Infrastructure.ControllerActionInvoker[1]
      Execution plan of action filters (in the following order): Microsoft.AspNetCore.Mvc.Filters.ControllerActionFilter (Order: -2147483648), Microsoft.AspNetCore.Mvc.ModelBinding.UnsupportedContentTypeFilter (Order: -3000)
dbug: Microsoft.AspNetCore.Mvc.Infrastructure.ControllerActionInvoker[1]
      Execution plan of exception filters (in the following order): None
dbug: Microsoft.AspNetCore.Mvc.Infrastructure.ControllerActionInvoker[1]
      Execution plan of result filters (in the following order): Microsoft.AspNetCore.Mvc.ViewFeatures.Filters.SaveTempDataFilter
dbug: Microsoft.AspNetCore.Mvc.Infrastructure.ControllerActionInvoker[1]
      Executing controller factory for controller ParcelManagement2.Controllers.HomeController (ParcelProject)
dbug: ParcelManagement2.Models.DBConn[0]
      資料庫連線字串已設定
dbug: Microsoft.AspNetCore.Mvc.Infrastructure.ControllerActionInvoker[2]
      Executed controller factory for controller ParcelManagement2.Controllers.HomeController (ParcelProject)
dbug: Microsoft.AspNetCore.Mvc.Razor.RazorViewEngine[2]
      View lookup cache hit for view 'Packages' in controller 'Home'.
info: Microsoft.AspNetCore.Mvc.ViewFeatures.ViewResultExecutor[1]
      Executing ViewResult, running view Packages.
dbug: Microsoft.AspNetCore.Mvc.ViewFeatures.ViewResultExecutor[2]
      The view path '/Views/Home/Packages.cshtml' was found in 3.8009ms.
dbug: Microsoft.AspNetCore.Antiforgery.DefaultAntiforgery[6]
      An antiforgery cookie token was reused.
dbug: Microsoft.WebTools.BrowserLink.Net.BrowserLinkMiddleware[1]
      Response markup is scheduled to include Browser Link script injection.
dbug: Microsoft.AspNetCore.Watch.BrowserRefresh.BrowserRefreshMiddleware[1]
      Response markup is scheduled to include browser refresh script injection.
info: Microsoft.AspNetCore.Mvc.ViewFeatures.ViewResultExecutor[4]
      Executed ViewResult - view Packages executed in 13.1837ms.
info: Microsoft.AspNetCore.Mvc.Infrastructure.ControllerActionInvoker[105]
      Executed action ParcelManagement2.Controllers.HomeController.Packages (ParcelProject) in 21.8604ms
info: Microsoft.AspNetCore.Routing.EndpointMiddleware[1]
      Executed endpoint 'ParcelManagement2.Controllers.HomeController.Packages (ParcelProject)'
dbug: Microsoft.WebTools.BrowserLink.Net.BrowserLinkMiddleware[2]
      Response markup was updated to include Browser Link script injection.
dbug: Microsoft.AspNetCore.Watch.BrowserRefresh.BrowserRefreshMiddleware[2]
      Response markup was updated to include browser refresh script injection.
dbug: Microsoft.AspNetCore.Server.IIS.Core.IISHttpServer[1]
      Connection ID "18230571343940681833" disconnecting.
info: Microsoft.AspNetCore.Hosting.Diagnostics[2]
      Request finished HTTP/2 GET https://localhost:44353/Home/Packages - 200 - text/html;+charset=utf-8 68.7485ms
info: Microsoft.AspNetCore.Hosting.Diagnostics[1]
      Request starting HTTP/2 POST https://localhost:44353/Home/GetAllProduct - - 0
info: Microsoft.AspNetCore.Hosting.Diagnostics[1]
      Request starting HTTP/2 POST https://localhost:44353/Home/BuildProdTypeList - - 0
info: Microsoft.AspNetCore.Hosting.Diagnostics[1]
      Request starting HTTP/2 POST https://localhost:44353/Home/BuildResidentList - - 0
info: Microsoft.AspNetCore.Hosting.Diagnostics[1]
      Request starting HTTP/2 GET https://localhost:44353/_vs/browserLink - - -
info: Microsoft.AspNetCore.Hosting.Diagnostics[1]
      Request starting HTTP/2 POST https://localhost:44353/Home/GetAllProduct - - 0
dbug: Microsoft.AspNetCore.StaticFiles.StaticFileMiddleware[1]
      POST requests are not supported
dbug: Microsoft.AspNetCore.StaticFiles.StaticFileMiddleware[1]
      POST requests are not supported
dbug: Microsoft.AspNetCore.Routing.Matching.DfaMatcher[1001]
      1 candidate(s) found for the request path '/Home/BuildProdTypeList'
dbug: Microsoft.AspNetCore.Routing.Matching.DfaMatcher[1005]
      Endpoint 'ParcelManagement2.Controllers.HomeController.BuildProdTypeList (ParcelProject)' with route pattern '{controller=Account}/{action=Login}/{id?}' is valid for the request path '/Home/BuildProdTypeList'
dbug: Microsoft.AspNetCore.Routing.EndpointRoutingMiddleware[1]
      Request matched endpoint 'ParcelManagement2.Controllers.HomeController.BuildProdTypeList (ParcelProject)'
dbug: Microsoft.AspNetCore.StaticFiles.StaticFileMiddleware[1]
      POST requests are not supported
dbug: Microsoft.AspNetCore.Authentication.Cookies.CookieAuthenticationHandler[8]
      AuthenticationScheme: Cookies was successfully authenticated.
dbug: Microsoft.AspNetCore.Routing.Matching.DfaMatcher[1001]
      1 candidate(s) found for the request path '/Home/BuildResidentList'
dbug: Microsoft.AspNetCore.Authorization.DefaultAuthorizationService[1]
      Authorization was successful.
info: Microsoft.AspNetCore.Hosting.Diagnostics[1]
      Request starting HTTP/2 GET https://localhost:44353/_framework/aspnetcore-browser-refresh.js - - -
info: Microsoft.AspNetCore.Routing.EndpointMiddleware[0]
      Executing endpoint 'ParcelManagement2.Controllers.HomeController.BuildProdTypeList (ParcelProject)'
info: Microsoft.AspNetCore.Mvc.Infrastructure.ControllerActionInvoker[102]
      Route matched with {action = "BuildProdTypeList", controller = "Home"}. Executing controller action with signature System.Threading.Tasks.Task`1[Microsoft.AspNetCore.Mvc.JsonResult] BuildProdTypeList() on controller ParcelManagement2.Controllers.HomeController (ParcelProject).
dbug: Microsoft.AspNetCore.Mvc.Infrastructure.ControllerActionInvoker[1]
      Execution plan of authorization filters (in the following order): None
dbug: Microsoft.AspNetCore.Server.IIS.Core.IISHttpServer[1]
      Connection ID "18230571352530616384" disconnecting.
dbug: Microsoft.AspNetCore.Mvc.Infrastructure.ControllerActionInvoker[1]
      Execution plan of resource filters (in the following order): Microsoft.AspNetCore.Mvc.ViewFeatures.Filters.SaveTempDataFilter
info: Microsoft.AspNetCore.Hosting.Diagnostics[2]
      Request finished HTTP/2 GET https://localhost:44353/_vs/browserLink - 200 - text/javascript;+charset=UTF-8 72.2472ms
dbug: Microsoft.AspNetCore.Mvc.Infrastructure.ControllerActionInvoker[1]
      Execution plan of action filters (in the following order): Microsoft.AspNetCore.Mvc.Filters.ControllerActionFilter (Order: -2147483648), Microsoft.AspNetCore.Mvc.ModelBinding.UnsupportedContentTypeFilter (Order: -3000)
dbug: Microsoft.AspNetCore.Mvc.Infrastructure.ControllerActionInvoker[1]
      Execution plan of exception filters (in the following order): None
dbug: Microsoft.AspNetCore.Mvc.Infrastructure.ControllerActionInvoker[1]
      Execution plan of result filters (in the following order): Microsoft.AspNetCore.Mvc.ViewFeatures.Filters.SaveTempDataFilter
dbug: Microsoft.AspNetCore.Mvc.Infrastructure.ControllerActionInvoker[1]
      Executing controller factory for controller ParcelManagement2.Controllers.HomeController (ParcelProject)
dbug: Microsoft.AspNetCore.Watch.BrowserRefresh.BrowserScriptMiddleware[0]
      Script injected: /_framework/aspnetcore-browser-refresh.js
dbug: ParcelManagement2.Models.DBConn[0]
      資料庫連線字串已設定
dbug: Microsoft.AspNetCore.Server.IIS.Core.IISHttpServer[1]
      Connection ID "18230571292401074307" disconnecting.
info: Microsoft.AspNetCore.Hosting.Diagnostics[2]
      Request finished HTTP/2 GET https://localhost:44353/_framework/aspnetcore-browser-refresh.js - 200 16511 application/javascript;+charset=utf-8 47.5424ms
dbug: Microsoft.AspNetCore.Mvc.Infrastructure.ControllerActionInvoker[2]
      Executed controller factory for controller ParcelManagement2.Controllers.HomeController (ParcelProject)
dbug: Microsoft.AspNetCore.Routing.Matching.DfaMatcher[1005]
      Endpoint 'ParcelManagement2.Controllers.HomeController.BuildResidentList (ParcelProject)' with route pattern '{controller=Account}/{action=Login}/{id?}' is valid for the request path '/Home/BuildResidentList'
dbug: Microsoft.AspNetCore.Routing.EndpointRoutingMiddleware[1]
      Request matched endpoint 'ParcelManagement2.Controllers.HomeController.BuildResidentList (ParcelProject)'
dbug: ParcelManagement2.Models.DBConn[0]
      查詢成功，返回 2 行數據
dbug: Microsoft.AspNetCore.Routing.Matching.DfaMatcher[1001]
      1 candidate(s) found for the request path '/Home/GetAllProduct'
info: Microsoft.AspNetCore.Mvc.Infrastructure.SystemTextJsonResultExecutor[1]
      Executing JsonResult, writing value of type 'System.Text.Json.JsonElement'.
dbug: Microsoft.AspNetCore.Authentication.Cookies.CookieAuthenticationHandler[8]
      AuthenticationScheme: Cookies was successfully authenticated.
dbug: Microsoft.AspNetCore.Authorization.DefaultAuthorizationService[1]
      Authorization was successful.
info: Microsoft.AspNetCore.Mvc.Infrastructure.ControllerActionInvoker[105]
      Executed action ParcelManagement2.Controllers.HomeController.BuildProdTypeList (ParcelProject) in 77.9851ms
dbug: Microsoft.AspNetCore.Routing.Matching.DfaMatcher[1005]
      Endpoint 'ParcelManagement2.Controllers.HomeController.GetAllProduct (ParcelProject)' with route pattern '{controller=Account}/{action=Login}/{id?}' is valid for the request path '/Home/GetAllProduct'
info: Microsoft.AspNetCore.Routing.EndpointMiddleware[1]
      Executed endpoint 'ParcelManagement2.Controllers.HomeController.BuildProdTypeList (ParcelProject)'
info: Microsoft.AspNetCore.Routing.EndpointMiddleware[0]
      Executing endpoint 'ParcelManagement2.Controllers.HomeController.BuildResidentList (ParcelProject)'
info: Microsoft.AspNetCore.Hosting.Diagnostics[2]
      Request finished HTTP/2 POST https://localhost:44353/Home/BuildProdTypeList - 200 - application/json;+charset=utf-8 174.1499ms
dbug: Microsoft.AspNetCore.Server.IIS.Core.IISHttpServer[1]
      Connection ID "18230571343940681835" disconnecting.
info: Microsoft.AspNetCore.Mvc.Infrastructure.ControllerActionInvoker[102]
      Route matched with {action = "BuildResidentList", controller = "Home"}. Executing controller action with signature System.Threading.Tasks.Task`1[Microsoft.AspNetCore.Mvc.JsonResult] BuildResidentList() on controller ParcelManagement2.Controllers.HomeController (ParcelProject).
dbug: Microsoft.AspNetCore.Mvc.Infrastructure.ControllerActionInvoker[1]
      Execution plan of authorization filters (in the following order): None
dbug: Microsoft.AspNetCore.Routing.EndpointRoutingMiddleware[1]
      Request matched endpoint 'ParcelManagement2.Controllers.HomeController.GetAllProduct (ParcelProject)'
dbug: Microsoft.AspNetCore.Mvc.Infrastructure.ControllerActionInvoker[1]
      Execution plan of resource filters (in the following order): Microsoft.AspNetCore.Mvc.ViewFeatures.Filters.SaveTempDataFilter
dbug: Microsoft.AspNetCore.Authentication.Cookies.CookieAuthenticationHandler[8]
      AuthenticationScheme: Cookies was successfully authenticated.
dbug: Microsoft.AspNetCore.Mvc.Infrastructure.ControllerActionInvoker[1]
      Execution plan of action filters (in the following order): Microsoft.AspNetCore.Mvc.Filters.ControllerActionFilter (Order: -2147483648), Microsoft.AspNetCore.Mvc.ModelBinding.UnsupportedContentTypeFilter (Order: -3000)
dbug: Microsoft.AspNetCore.Authorization.DefaultAuthorizationService[1]
      Authorization was successful.
dbug: Microsoft.AspNetCore.Mvc.Infrastructure.ControllerActionInvoker[1]
      Execution plan of exception filters (in the following order): None
info: Microsoft.AspNetCore.Routing.EndpointMiddleware[0]
      Executing endpoint 'ParcelManagement2.Controllers.HomeController.GetAllProduct (ParcelProject)'
dbug: Microsoft.AspNetCore.Mvc.Infrastructure.ControllerActionInvoker[1]
      Execution plan of result filters (in the following order): Microsoft.AspNetCore.Mvc.ViewFeatures.Filters.SaveTempDataFilter
info: Microsoft.AspNetCore.Mvc.Infrastructure.ControllerActionInvoker[102]
      Route matched with {action = "GetAllProduct", controller = "Home"}. Executing controller action with signature System.Threading.Tasks.Task`1[Microsoft.AspNetCore.Mvc.JsonResult] GetAllProduct() on controller ParcelManagement2.Controllers.HomeController (ParcelProject).
dbug: Microsoft.AspNetCore.Mvc.Infrastructure.ControllerActionInvoker[1]
      Executing controller factory for controller ParcelManagement2.Controllers.HomeController (ParcelProject)
dbug: Microsoft.AspNetCore.Mvc.Infrastructure.ControllerActionInvoker[1]
      Execution plan of authorization filters (in the following order): None
dbug: ParcelManagement2.Models.DBConn[0]
      資料庫連線字串已設定
dbug: Microsoft.AspNetCore.Mvc.Infrastructure.ControllerActionInvoker[1]
      Execution plan of resource filters (in the following order): Microsoft.AspNetCore.Mvc.ViewFeatures.Filters.SaveTempDataFilter
dbug: Microsoft.AspNetCore.Mvc.Infrastructure.ControllerActionInvoker[2]
      Executed controller factory for controller ParcelManagement2.Controllers.HomeController (ParcelProject)
dbug: Microsoft.AspNetCore.Mvc.Infrastructure.ControllerActionInvoker[1]
      Execution plan of action filters (in the following order): Microsoft.AspNetCore.Mvc.Filters.ControllerActionFilter (Order: -2147483648), Microsoft.AspNetCore.Mvc.ModelBinding.UnsupportedContentTypeFilter (Order: -3000)
dbug: Microsoft.AspNetCore.Mvc.Infrastructure.ControllerActionInvoker[1]
      Execution plan of exception filters (in the following order): None
dbug: Microsoft.AspNetCore.StaticFiles.StaticFileMiddleware[1]
      POST requests are not supported
dbug: Microsoft.AspNetCore.Mvc.Infrastructure.ControllerActionInvoker[1]
      Execution plan of result filters (in the following order): Microsoft.AspNetCore.Mvc.ViewFeatures.Filters.SaveTempDataFilter
dbug: Microsoft.AspNetCore.Routing.Matching.DfaMatcher[1001]
      1 candidate(s) found for the request path '/Home/GetAllProduct'
dbug: ParcelManagement2.Models.DBConn[0]
      查詢成功，返回 28 行數據
dbug: Microsoft.AspNetCore.Mvc.Infrastructure.ControllerActionInvoker[1]
      Executing controller factory for controller ParcelManagement2.Controllers.HomeController (ParcelProject)
info: Microsoft.AspNetCore.Mvc.Infrastructure.SystemTextJsonResultExecutor[1]
      Executing JsonResult, writing value of type 'System.Text.Json.JsonElement'.
dbug: ParcelManagement2.Models.DBConn[0]
      資料庫連線字串已設定
dbug: Microsoft.AspNetCore.Mvc.Infrastructure.ControllerActionInvoker[2]
      Executed controller factory for controller ParcelManagement2.Controllers.HomeController (ParcelProject)
info: Microsoft.AspNetCore.Mvc.Infrastructure.ControllerActionInvoker[105]
      Executed action ParcelManagement2.Controllers.HomeController.BuildResidentList (ParcelProject) in 44.7571ms
dbug: Microsoft.AspNetCore.Routing.Matching.DfaMatcher[1005]
      Endpoint 'ParcelManagement2.Controllers.HomeController.GetAllProduct (ParcelProject)' with route pattern '{controller=Account}/{action=Login}/{id?}' is valid for the request path '/Home/GetAllProduct'
dbug: Microsoft.AspNetCore.Routing.EndpointRoutingMiddleware[1]
      Request matched endpoint 'ParcelManagement2.Controllers.HomeController.GetAllProduct (ParcelProject)'
info: Microsoft.AspNetCore.Routing.EndpointMiddleware[1]
      Executed endpoint 'ParcelManagement2.Controllers.HomeController.BuildResidentList (ParcelProject)'
dbug: Microsoft.AspNetCore.Server.IIS.Core.IISHttpServer[1]
      Connection ID "18374686532016537642" disconnecting.
info: Microsoft.AspNetCore.Hosting.Diagnostics[2]
      Request finished HTTP/2 POST https://localhost:44353/Home/BuildResidentList - 200 - application/json;+charset=utf-8 257.6170ms
dbug: Microsoft.AspNetCore.Authentication.Cookies.CookieAuthenticationHandler[8]
      AuthenticationScheme: Cookies was successfully authenticated.
dbug: ParcelManagement2.Models.DBConn[0]
      查詢成功，返回 134 行數據
info: Microsoft.AspNetCore.Mvc.Infrastructure.SystemTextJsonResultExecutor[1]
      Executing JsonResult, writing value of type 'System.Text.Json.JsonElement'.
dbug: Microsoft.AspNetCore.Authorization.DefaultAuthorizationService[1]
      Authorization was successful.
info: Microsoft.AspNetCore.Routing.EndpointMiddleware[0]
      Executing endpoint 'ParcelManagement2.Controllers.HomeController.GetAllProduct (ParcelProject)'
info: Microsoft.AspNetCore.Mvc.Infrastructure.ControllerActionInvoker[105]
      Executed action ParcelManagement2.Controllers.HomeController.GetAllProduct (ParcelProject) in 76.3896ms
info: Microsoft.AspNetCore.Mvc.Infrastructure.ControllerActionInvoker[102]
      Route matched with {action = "GetAllProduct", controller = "Home"}. Executing controller action with signature System.Threading.Tasks.Task`1[Microsoft.AspNetCore.Mvc.JsonResult] GetAllProduct() on controller ParcelManagement2.Controllers.HomeController (ParcelProject).
info: Microsoft.AspNetCore.Routing.EndpointMiddleware[1]
      Executed endpoint 'ParcelManagement2.Controllers.HomeController.GetAllProduct (ParcelProject)'
dbug: Microsoft.AspNetCore.Server.IIS.Core.IISHttpServer[1]
      Connection ID "18374686489066864756" disconnecting.
info: Microsoft.AspNetCore.Hosting.Diagnostics[2]
      Request finished HTTP/2 POST https://localhost:44353/Home/GetAllProduct - 200 - application/json;+charset=utf-8 329.5675ms
dbug: Microsoft.AspNetCore.Mvc.Infrastructure.ControllerActionInvoker[1]
      Execution plan of authorization filters (in the following order): None
info: Microsoft.AspNetCore.Hosting.Diagnostics[1]
      Request starting HTTP/2 GET https://localhost:44353/Home/Index - - -
dbug: Microsoft.AspNetCore.Mvc.Infrastructure.ControllerActionInvoker[1]
      Execution plan of resource filters (in the following order): Microsoft.AspNetCore.Mvc.ViewFeatures.Filters.SaveTempDataFilter
dbug: Microsoft.AspNetCore.Mvc.Infrastructure.ControllerActionInvoker[1]
      Execution plan of action filters (in the following order): Microsoft.AspNetCore.Mvc.Filters.ControllerActionFilter (Order: -2147483648), Microsoft.AspNetCore.Mvc.ModelBinding.UnsupportedContentTypeFilter (Order: -3000)
dbug: Microsoft.AspNetCore.StaticFiles.StaticFileMiddleware[4]
      The request path /Home/Index does not match a supported file type
dbug: Microsoft.AspNetCore.Mvc.Infrastructure.ControllerActionInvoker[1]
      Execution plan of exception filters (in the following order): None
dbug: Microsoft.AspNetCore.Mvc.Infrastructure.ControllerActionInvoker[1]
      Execution plan of result filters (in the following order): Microsoft.AspNetCore.Mvc.ViewFeatures.Filters.SaveTempDataFilter
dbug: Microsoft.AspNetCore.Routing.Matching.DfaMatcher[1001]
      1 candidate(s) found for the request path '/Home/Index'
dbug: Microsoft.AspNetCore.Mvc.Infrastructure.ControllerActionInvoker[1]
      Executing controller factory for controller ParcelManagement2.Controllers.HomeController (ParcelProject)
dbug: Microsoft.AspNetCore.Routing.Matching.DfaMatcher[1005]
      Endpoint 'ParcelManagement2.Controllers.HomeController.Index (ParcelProject)' with route pattern '{controller=Account}/{action=Login}/{id?}' is valid for the request path '/Home/Index'
dbug: ParcelManagement2.Models.DBConn[0]
      資料庫連線字串已設定
dbug: Microsoft.AspNetCore.Routing.EndpointRoutingMiddleware[1]
      Request matched endpoint 'ParcelManagement2.Controllers.HomeController.Index (ParcelProject)'
dbug: Microsoft.AspNetCore.Mvc.Infrastructure.ControllerActionInvoker[2]
      Executed controller factory for controller ParcelManagement2.Controllers.HomeController (ParcelProject)
dbug: Microsoft.AspNetCore.Authentication.Cookies.CookieAuthenticationHandler[8]
      AuthenticationScheme: Cookies was successfully authenticated.
dbug: Microsoft.AspNetCore.Authorization.DefaultAuthorizationService[1]
      Authorization was successful.
info: Microsoft.AspNetCore.Routing.EndpointMiddleware[0]
      Executing endpoint 'ParcelManagement2.Controllers.HomeController.Index (ParcelProject)'
info: Microsoft.AspNetCore.Mvc.Infrastructure.ControllerActionInvoker[102]
      Route matched with {action = "Index", controller = "Home"}. Executing controller action with signature Microsoft.AspNetCore.Mvc.IActionResult Index() on controller ParcelManagement2.Controllers.HomeController (ParcelProject).
dbug: Microsoft.AspNetCore.Mvc.Infrastructure.ControllerActionInvoker[1]
      Execution plan of authorization filters (in the following order): None
dbug: Microsoft.AspNetCore.Mvc.Infrastructure.ControllerActionInvoker[1]
      Execution plan of resource filters (in the following order): Microsoft.AspNetCore.Mvc.ViewFeatures.Filters.SaveTempDataFilter
dbug: Microsoft.AspNetCore.Mvc.Infrastructure.ControllerActionInvoker[1]
      Execution plan of action filters (in the following order): Microsoft.AspNetCore.Mvc.Filters.ControllerActionFilter (Order: -2147483648), Microsoft.AspNetCore.Mvc.ModelBinding.UnsupportedContentTypeFilter (Order: -3000)
dbug: Microsoft.AspNetCore.Mvc.Infrastructure.ControllerActionInvoker[1]
      Execution plan of exception filters (in the following order): None
dbug: Microsoft.AspNetCore.Mvc.Infrastructure.ControllerActionInvoker[1]
      Execution plan of result filters (in the following order): Microsoft.AspNetCore.Mvc.ViewFeatures.Filters.SaveTempDataFilter
dbug: Microsoft.AspNetCore.Mvc.Infrastructure.ControllerActionInvoker[1]
      Executing controller factory for controller ParcelManagement2.Controllers.HomeController (ParcelProject)
dbug: ParcelManagement2.Models.DBConn[0]
      資料庫連線字串已設定
dbug: Microsoft.AspNetCore.Mvc.Infrastructure.ControllerActionInvoker[2]
      Executed controller factory for controller ParcelManagement2.Controllers.HomeController (ParcelProject)
dbug: ParcelManagement2.Models.DBConn[0]
      查詢成功，返回 134 行數據
dbug: Microsoft.AspNetCore.Mvc.Razor.RazorViewEngine[2]
      View lookup cache hit for view 'Index' in controller 'Home'.
info: Microsoft.AspNetCore.Mvc.ViewFeatures.ViewResultExecutor[1]
      Executing ViewResult, running view Index.
dbug: Microsoft.AspNetCore.Mvc.ViewFeatures.ViewResultExecutor[2]
      The view path '/Views/Home/Index.cshtml' was found in 26.629ms.
info: Microsoft.AspNetCore.Mvc.Infrastructure.SystemTextJsonResultExecutor[1]
      Executing JsonResult, writing value of type 'System.Text.Json.JsonElement'.
dbug: Microsoft.AspNetCore.Antiforgery.DefaultAntiforgery[6]
      An antiforgery cookie token was reused.
dbug: Microsoft.WebTools.BrowserLink.Net.BrowserLinkMiddleware[1]
      Response markup is scheduled to include Browser Link script injection.
info: Microsoft.AspNetCore.Mvc.Infrastructure.ControllerActionInvoker[105]
      Executed action ParcelManagement2.Controllers.HomeController.GetAllProduct (ParcelProject) in 68.4193ms
dbug: Microsoft.AspNetCore.Watch.BrowserRefresh.BrowserRefreshMiddleware[1]
      Response markup is scheduled to include browser refresh script injection.
info: Microsoft.AspNetCore.Routing.EndpointMiddleware[1]
      Executed endpoint 'ParcelManagement2.Controllers.HomeController.GetAllProduct (ParcelProject)'
info: Microsoft.AspNetCore.Hosting.Diagnostics[2]
      Request finished HTTP/2 POST https://localhost:44353/Home/GetAllProduct - 200 - application/json;+charset=utf-8 432.1099ms
dbug: Microsoft.AspNetCore.Server.IIS.Core.IISHttpServer[1]
      Connection ID "18302628895028936747" disconnecting.
info: Microsoft.AspNetCore.Mvc.ViewFeatures.ViewResultExecutor[4]
      Executed ViewResult - view Index executed in 40.6375ms.
info: Microsoft.AspNetCore.Mvc.Infrastructure.ControllerActionInvoker[105]
      Executed action ParcelManagement2.Controllers.HomeController.Index (ParcelProject) in 56.1367ms
info: Microsoft.AspNetCore.Routing.EndpointMiddleware[1]
      Executed endpoint 'ParcelManagement2.Controllers.HomeController.Index (ParcelProject)'
dbug: Microsoft.WebTools.BrowserLink.Net.BrowserLinkMiddleware[2]
      Response markup was updated to include Browser Link script injection.
dbug: Microsoft.AspNetCore.Watch.BrowserRefresh.BrowserRefreshMiddleware[2]
      Response markup was updated to include browser refresh script injection.
dbug: Microsoft.AspNetCore.Server.IIS.Core.IISHttpServer[1]
      Connection ID "18230571352530616386" disconnecting.
info: Microsoft.AspNetCore.Hosting.Diagnostics[2]
      Request finished HTTP/2 GET https://localhost:44353/Home/Index - 200 - text/html;+charset=utf-8 129.8407ms
info: Microsoft.AspNetCore.Hosting.Diagnostics[1]
      Request starting HTTP/2 GET https://localhost:44353/_framework/aspnetcore-browser-refresh.js - - -
info: Microsoft.AspNetCore.Hosting.Diagnostics[1]
      Request starting HTTP/2 GET https://localhost:44353/_vs/browserLink - - -
info: Microsoft.AspNetCore.Hosting.Diagnostics[1]
      Request starting HTTP/2 POST https://localhost:44353/Home/GetResidentPackageStats - - 0
dbug: Microsoft.AspNetCore.Watch.BrowserRefresh.BrowserScriptMiddleware[0]
      Script injected: /_framework/aspnetcore-browser-refresh.js
dbug: Microsoft.AspNetCore.StaticFiles.StaticFileMiddleware[1]
      POST requests are not supported
info: Microsoft.AspNetCore.Hosting.Diagnostics[2]
      Request finished HTTP/2 GET https://localhost:44353/_framework/aspnetcore-browser-refresh.js - 200 16511 application/javascript;+charset=utf-8 26.8621ms
dbug: Microsoft.AspNetCore.Server.IIS.Core.IISHttpServer[1]
      Connection ID "18302628946568544261" disconnecting.
dbug: Microsoft.AspNetCore.Routing.Matching.DfaMatcher[1001]
      1 candidate(s) found for the request path '/Home/GetResidentPackageStats'
dbug: Microsoft.AspNetCore.Routing.Matching.DfaMatcher[1005]
      Endpoint 'ParcelManagement2.Controllers.HomeController.GetResidentPackageStats (ParcelProject)' with route pattern '{controller=Account}/{action=Login}/{id?}' is valid for the request path '/Home/GetResidentPackageStats'
dbug: Microsoft.AspNetCore.Routing.EndpointRoutingMiddleware[1]
      Request matched endpoint 'ParcelManagement2.Controllers.HomeController.GetResidentPackageStats (ParcelProject)'
dbug: Microsoft.AspNetCore.Authentication.Cookies.CookieAuthenticationHandler[8]
      AuthenticationScheme: Cookies was successfully authenticated.
dbug: Microsoft.AspNetCore.Server.IIS.Core.IISHttpServer[1]
      Connection ID "18374686540606472318" disconnecting.
dbug: Microsoft.AspNetCore.Authorization.DefaultAuthorizationService[1]
      Authorization was successful.
info: Microsoft.AspNetCore.Hosting.Diagnostics[2]
      Request finished HTTP/2 GET https://localhost:44353/_vs/browserLink - 200 - text/javascript;+charset=UTF-8 64.2673ms
info: Microsoft.AspNetCore.Routing.EndpointMiddleware[0]
      Executing endpoint 'ParcelManagement2.Controllers.HomeController.GetResidentPackageStats (ParcelProject)'
info: Microsoft.AspNetCore.Mvc.Infrastructure.ControllerActionInvoker[102]
      Route matched with {action = "GetResidentPackageStats", controller = "Home"}. Executing controller action with signature Microsoft.AspNetCore.Mvc.IActionResult GetResidentPackageStats() on controller ParcelManagement2.Controllers.HomeController (ParcelProject).
dbug: Microsoft.AspNetCore.Mvc.Infrastructure.ControllerActionInvoker[1]
      Execution plan of authorization filters (in the following order): None
dbug: Microsoft.AspNetCore.Mvc.Infrastructure.ControllerActionInvoker[1]
      Execution plan of resource filters (in the following order): Microsoft.AspNetCore.Mvc.ViewFeatures.Filters.SaveTempDataFilter
dbug: Microsoft.AspNetCore.Mvc.Infrastructure.ControllerActionInvoker[1]
      Execution plan of action filters (in the following order): Microsoft.AspNetCore.Mvc.Filters.ControllerActionFilter (Order: -2147483648), Microsoft.AspNetCore.Mvc.ModelBinding.UnsupportedContentTypeFilter (Order: -3000)
dbug: Microsoft.AspNetCore.Mvc.Infrastructure.ControllerActionInvoker[1]
      Execution plan of exception filters (in the following order): None
dbug: Microsoft.AspNetCore.Mvc.Infrastructure.ControllerActionInvoker[1]
      Execution plan of result filters (in the following order): Microsoft.AspNetCore.Mvc.ViewFeatures.Filters.SaveTempDataFilter
dbug: Microsoft.AspNetCore.Mvc.Infrastructure.ControllerActionInvoker[1]
      Executing controller factory for controller ParcelManagement2.Controllers.HomeController (ParcelProject)
dbug: ParcelManagement2.Models.DBConn[0]
      資料庫連線字串已設定
dbug: Microsoft.AspNetCore.Mvc.Infrastructure.ControllerActionInvoker[2]
      Executed controller factory for controller ParcelManagement2.Controllers.HomeController (ParcelProject)
dbug: ParcelManagement2.Models.DBConn[0]
      查詢成功，返回 28 行數據
info: Microsoft.AspNetCore.Mvc.Infrastructure.ContentResultExecutor[1]
      Executing ContentResult with HTTP Response ContentType of application/json
info: Microsoft.AspNetCore.Mvc.Infrastructure.ControllerActionInvoker[105]
      Executed action ParcelManagement2.Controllers.HomeController.GetResidentPackageStats (ParcelProject) in 32.9568ms
info: Microsoft.AspNetCore.Routing.EndpointMiddleware[1]
      Executed endpoint 'ParcelManagement2.Controllers.HomeController.GetResidentPackageStats (ParcelProject)'
info: Microsoft.AspNetCore.Hosting.Diagnostics[2]
      Request finished HTTP/2 POST https://localhost:44353/Home/GetResidentPackageStats - 200 2790 application/json 151.0606ms
dbug: Microsoft.AspNetCore.Server.IIS.Core.IISHttpServer[1]
      Connection ID "18230571352530616388" disconnecting.
dbug: Microsoft.Extensions.Http.DefaultHttpClientFactory[103]
      HttpMessageHandler expired after 120000ms for client ''
dbug: Microsoft.Extensions.Http.DefaultHttpClientFactory[100]
      Starting HttpMessageHandler cleanup cycle with 1 items
dbug: Microsoft.Extensions.Http.DefaultHttpClientFactory[101]
      Ending HttpMessageHandler cleanup cycle after 0.0083ms - processed: 0 items - remaining: 1 items
dbug: Microsoft.Extensions.Http.DefaultHttpClientFactory[100]
      Starting HttpMessageHandler cleanup cycle with 1 items
dbug: Microsoft.Extensions.Http.DefaultHttpClientFactory[101]
      Ending HttpMessageHandler cleanup cycle after 0.0055ms - processed: 0 items - remaining: 1 items
dbug: Microsoft.Extensions.Http.DefaultHttpClientFactory[100]
      Starting HttpMessageHandler cleanup cycle with 1 items
dbug: Microsoft.Extensions.Http.DefaultHttpClientFactory[101]
      Ending HttpMessageHandler cleanup cycle after 0.0074ms - processed: 0 items - remaining: 1 items
dbug: Microsoft.Extensions.Http.DefaultHttpClientFactory[100]
      Starting HttpMessageHandler cleanup cycle with 1 items
dbug: Microsoft.Extensions.Http.DefaultHttpClientFactory[101]
      Ending HttpMessageHandler cleanup cycle after 0.0035ms - processed: 0 items - remaining: 1 items
dbug: Microsoft.Extensions.Http.DefaultHttpClientFactory[100]
      Starting HttpMessageHandler cleanup cycle with 1 items
dbug: Microsoft.Extensions.Http.DefaultHttpClientFactory[101]
      Ending HttpMessageHandler cleanup cycle after 0.0046ms - processed: 0 items - remaining: 1 items
info: Microsoft.AspNetCore.Hosting.Diagnostics[1]
      Request starting HTTP/2 GET https://localhost:44353/Home/Index - - -
dbug: Microsoft.AspNetCore.StaticFiles.StaticFileMiddleware[4]
      The request path /Home/Index does not match a supported file type
dbug: Microsoft.AspNetCore.Routing.Matching.DfaMatcher[1001]
      1 candidate(s) found for the request path '/Home/Index'
dbug: Microsoft.AspNetCore.Routing.Matching.DfaMatcher[1005]
      Endpoint 'ParcelManagement2.Controllers.HomeController.Index (ParcelProject)' with route pattern '{controller=Account}/{action=Login}/{id?}' is valid for the request path '/Home/Index'
dbug: Microsoft.AspNetCore.Routing.EndpointRoutingMiddleware[1]
      Request matched endpoint 'ParcelManagement2.Controllers.HomeController.Index (ParcelProject)'
dbug: Microsoft.AspNetCore.Authentication.Cookies.CookieAuthenticationHandler[8]
      AuthenticationScheme: Cookies was successfully authenticated.
dbug: Microsoft.AspNetCore.Authorization.DefaultAuthorizationService[1]
      Authorization was successful.
info: Microsoft.AspNetCore.Routing.EndpointMiddleware[0]
      Executing endpoint 'ParcelManagement2.Controllers.HomeController.Index (ParcelProject)'
info: Microsoft.AspNetCore.Mvc.Infrastructure.ControllerActionInvoker[102]
      Route matched with {action = "Index", controller = "Home"}. Executing controller action with signature Microsoft.AspNetCore.Mvc.IActionResult Index() on controller ParcelManagement2.Controllers.HomeController (ParcelProject).
dbug: Microsoft.AspNetCore.Mvc.Infrastructure.ControllerActionInvoker[1]
      Execution plan of authorization filters (in the following order): None
dbug: Microsoft.AspNetCore.Mvc.Infrastructure.ControllerActionInvoker[1]
      Execution plan of resource filters (in the following order): Microsoft.AspNetCore.Mvc.ViewFeatures.Filters.SaveTempDataFilter
dbug: Microsoft.AspNetCore.Mvc.Infrastructure.ControllerActionInvoker[1]
      Execution plan of action filters (in the following order): Microsoft.AspNetCore.Mvc.Filters.ControllerActionFilter (Order: -2147483648), Microsoft.AspNetCore.Mvc.ModelBinding.UnsupportedContentTypeFilter (Order: -3000)
dbug: Microsoft.AspNetCore.Mvc.Infrastructure.ControllerActionInvoker[1]
      Execution plan of exception filters (in the following order): None
dbug: Microsoft.AspNetCore.Mvc.Infrastructure.ControllerActionInvoker[1]
      Execution plan of result filters (in the following order): Microsoft.AspNetCore.Mvc.ViewFeatures.Filters.SaveTempDataFilter
dbug: Microsoft.AspNetCore.Mvc.Infrastructure.ControllerActionInvoker[1]
      Executing controller factory for controller ParcelManagement2.Controllers.HomeController (ParcelProject)
dbug: ParcelManagement2.Models.DBConn[0]
      資料庫連線字串已設定
dbug: Microsoft.AspNetCore.Mvc.Infrastructure.ControllerActionInvoker[2]
      Executed controller factory for controller ParcelManagement2.Controllers.HomeController (ParcelProject)
dbug: Microsoft.AspNetCore.Mvc.Razor.RazorViewEngine[1]
      View lookup cache miss for view 'Index' in controller 'Home'.
dbug: Microsoft.AspNetCore.Mvc.Razor.Compilation.DefaultViewCompiler[3]
      Initializing Razor view compiler with compiled view: '/Views/Account/AccessDenied.cshtml'.
dbug: Microsoft.AspNetCore.Mvc.Razor.Compilation.DefaultViewCompiler[3]
      Initializing Razor view compiler with compiled view: '/Views/Account/Login.cshtml'.
dbug: Microsoft.AspNetCore.Mvc.Razor.Compilation.DefaultViewCompiler[3]
      Initializing Razor view compiler with compiled view: '/Views/Home/Index.cshtml'.
dbug: Microsoft.AspNetCore.Mvc.Razor.Compilation.DefaultViewCompiler[3]
      Initializing Razor view compiler with compiled view: '/Views/Home/Index_back.cshtml'.
dbug: Microsoft.AspNetCore.Mvc.Razor.Compilation.DefaultViewCompiler[3]
      Initializing Razor view compiler with compiled view: '/Views/Home/Packages.cshtml'.
dbug: Microsoft.AspNetCore.Mvc.Razor.Compilation.DefaultViewCompiler[3]
      Initializing Razor view compiler with compiled view: '/Views/Home/Privacy.cshtml'.
dbug: Microsoft.AspNetCore.Mvc.Razor.Compilation.DefaultViewCompiler[3]
      Initializing Razor view compiler with compiled view: '/Views/Resident/Edit.cshtml'.
dbug: Microsoft.AspNetCore.Mvc.Razor.Compilation.DefaultViewCompiler[3]
      Initializing Razor view compiler with compiled view: '/Views/Resident/Home.cshtml'.
dbug: Microsoft.AspNetCore.Mvc.Razor.Compilation.DefaultViewCompiler[3]
      Initializing Razor view compiler with compiled view: '/Views/Resident/MyPackages.cshtml'.
dbug: Microsoft.AspNetCore.Mvc.Razor.Compilation.DefaultViewCompiler[3]
      Initializing Razor view compiler with compiled view: '/Views/Resident/PackagePhoto.cshtml'.
dbug: Microsoft.AspNetCore.Mvc.Razor.Compilation.DefaultViewCompiler[3]
      Initializing Razor view compiler with compiled view: '/Views/Shared/Error.cshtml'.
dbug: Microsoft.AspNetCore.Mvc.Razor.Compilation.DefaultViewCompiler[3]
      Initializing Razor view compiler with compiled view: '/Views/Shared/_AdminLayout.cshtml'.
dbug: Microsoft.AspNetCore.Mvc.Razor.Compilation.DefaultViewCompiler[3]
      Initializing Razor view compiler with compiled view: '/Views/Shared/_Layout.cshtml'.
dbug: Microsoft.AspNetCore.Mvc.Razor.Compilation.DefaultViewCompiler[3]
      Initializing Razor view compiler with compiled view: '/Views/Shared/_ResidentLayout.cshtml'.
dbug: Microsoft.AspNetCore.Mvc.Razor.Compilation.DefaultViewCompiler[3]
      Initializing Razor view compiler with compiled view: '/Views/Shared/_ValidationScriptsPartial.cshtml'.
dbug: Microsoft.AspNetCore.Mvc.Razor.Compilation.DefaultViewCompiler[3]
      Initializing Razor view compiler with compiled view: '/Views/_ViewImports.cshtml'.
dbug: Microsoft.AspNetCore.Mvc.Razor.Compilation.DefaultViewCompiler[3]
      Initializing Razor view compiler with compiled view: '/Views/_ViewStart.cshtml'.
dbug: Microsoft.AspNetCore.Mvc.Razor.Compilation.DefaultViewCompiler[3]
      Initializing Razor view compiler with compiled view: '/Views/Shared/_Layout_back.cshtml'.
info: Microsoft.AspNetCore.Mvc.ViewFeatures.ViewResultExecutor[1]
      Executing ViewResult, running view Index.
dbug: Microsoft.AspNetCore.Mvc.ViewFeatures.ViewResultExecutor[2]
      The view path '/Views/Home/Index.cshtml' was found in 26.486ms.
dbug: Microsoft.AspNetCore.Antiforgery.DefaultAntiforgery[6]
      An antiforgery cookie token was reused.
dbug: Microsoft.WebTools.BrowserLink.Net.BrowserLinkMiddleware[1]
      Response markup is scheduled to include Browser Link script injection.
dbug: Microsoft.AspNetCore.Watch.BrowserRefresh.BrowserRefreshMiddleware[1]
      Response markup is scheduled to include browser refresh script injection.
info: Microsoft.AspNetCore.Mvc.ViewFeatures.ViewResultExecutor[4]
      Executed ViewResult - view Index executed in 39.6262ms.
info: Microsoft.AspNetCore.Mvc.Infrastructure.ControllerActionInvoker[105]
      Executed action ParcelManagement2.Controllers.HomeController.Index (ParcelProject) in 45.5322ms
info: Microsoft.AspNetCore.Routing.EndpointMiddleware[1]
      Executed endpoint 'ParcelManagement2.Controllers.HomeController.Index (ParcelProject)'
dbug: Microsoft.WebTools.BrowserLink.Net.BrowserLinkMiddleware[2]
      Response markup was updated to include Browser Link script injection.
dbug: Microsoft.AspNetCore.Watch.BrowserRefresh.BrowserRefreshMiddleware[2]
      Response markup was updated to include browser refresh script injection.
dbug: Microsoft.AspNetCore.Server.IIS.Core.IISHttpServer[1]
      Connection ID "18158513724132950062" disconnecting.
info: Microsoft.AspNetCore.Hosting.Diagnostics[2]
      Request finished HTTP/2 GET https://localhost:44353/Home/Index - 200 - text/html;+charset=utf-8 78.3357ms
info: Microsoft.AspNetCore.Hosting.Diagnostics[1]
      Request starting HTTP/2 GET https://localhost:44353/_vs/browserLink - - -
info: Microsoft.AspNetCore.Hosting.Diagnostics[1]
      Request starting HTTP/2 GET https://localhost:44353/_framework/aspnetcore-browser-refresh.js - - -
dbug: Microsoft.AspNetCore.Watch.BrowserRefresh.BrowserScriptMiddleware[0]
      Script injected: /_framework/aspnetcore-browser-refresh.js
info: Microsoft.AspNetCore.Hosting.Diagnostics[2]
      Request finished HTTP/2 GET https://localhost:44353/_framework/aspnetcore-browser-refresh.js - 200 16511 application/javascript;+charset=utf-8 3.4915ms
dbug: Microsoft.AspNetCore.Server.IIS.Core.IISHttpServer[1]
      Connection ID "18374686489066864758" disconnecting.
dbug: Microsoft.AspNetCore.Server.IIS.Core.IISHttpServer[1]
      Connection ID "18158513724132950064" disconnecting.
info: Microsoft.AspNetCore.Hosting.Diagnostics[2]
      Request finished HTTP/2 GET https://localhost:44353/_vs/browserLink - 200 - text/javascript;+charset=UTF-8 12.1180ms
info: Microsoft.AspNetCore.Hosting.Diagnostics[1]
      Request starting HTTP/2 POST https://localhost:44353/Home/GetResidentPackageStats - - 0
dbug: Microsoft.AspNetCore.StaticFiles.StaticFileMiddleware[1]
      POST requests are not supported
dbug: Microsoft.AspNetCore.Routing.Matching.DfaMatcher[1001]
      1 candidate(s) found for the request path '/Home/GetResidentPackageStats'
dbug: Microsoft.AspNetCore.Routing.Matching.DfaMatcher[1005]
      Endpoint 'ParcelManagement2.Controllers.HomeController.GetResidentPackageStats (ParcelProject)' with route pattern '{controller=Account}/{action=Login}/{id?}' is valid for the request path '/Home/GetResidentPackageStats'
dbug: Microsoft.AspNetCore.Routing.EndpointRoutingMiddleware[1]
      Request matched endpoint 'ParcelManagement2.Controllers.HomeController.GetResidentPackageStats (ParcelProject)'
dbug: Microsoft.AspNetCore.Authentication.Cookies.CookieAuthenticationHandler[8]
      AuthenticationScheme: Cookies was successfully authenticated.
dbug: Microsoft.AspNetCore.Authorization.DefaultAuthorizationService[1]
      Authorization was successful.
info: Microsoft.AspNetCore.Routing.EndpointMiddleware[0]
      Executing endpoint 'ParcelManagement2.Controllers.HomeController.GetResidentPackageStats (ParcelProject)'
info: Microsoft.AspNetCore.Mvc.Infrastructure.ControllerActionInvoker[102]
      Route matched with {action = "GetResidentPackageStats", controller = "Home"}. Executing controller action with signature Microsoft.AspNetCore.Mvc.IActionResult GetResidentPackageStats() on controller ParcelManagement2.Controllers.HomeController (ParcelProject).
dbug: Microsoft.AspNetCore.Mvc.Infrastructure.ControllerActionInvoker[1]
      Execution plan of authorization filters (in the following order): None
dbug: Microsoft.AspNetCore.Mvc.Infrastructure.ControllerActionInvoker[1]
      Execution plan of resource filters (in the following order): Microsoft.AspNetCore.Mvc.ViewFeatures.Filters.SaveTempDataFilter
dbug: Microsoft.AspNetCore.Mvc.Infrastructure.ControllerActionInvoker[1]
      Execution plan of action filters (in the following order): Microsoft.AspNetCore.Mvc.Filters.ControllerActionFilter (Order: -2147483648), Microsoft.AspNetCore.Mvc.ModelBinding.UnsupportedContentTypeFilter (Order: -3000)
dbug: Microsoft.AspNetCore.Mvc.Infrastructure.ControllerActionInvoker[1]
      Execution plan of exception filters (in the following order): None
dbug: Microsoft.AspNetCore.Mvc.Infrastructure.ControllerActionInvoker[1]
      Execution plan of result filters (in the following order): Microsoft.AspNetCore.Mvc.ViewFeatures.Filters.SaveTempDataFilter
dbug: Microsoft.AspNetCore.Mvc.Infrastructure.ControllerActionInvoker[1]
      Executing controller factory for controller ParcelManagement2.Controllers.HomeController (ParcelProject)
dbug: ParcelManagement2.Models.DBConn[0]
      資料庫連線字串已設定
dbug: Microsoft.AspNetCore.Mvc.Infrastructure.ControllerActionInvoker[2]
      Executed controller factory for controller ParcelManagement2.Controllers.HomeController (ParcelProject)
dbug: ParcelManagement2.Models.DBConn[0]
      查詢成功，返回 28 行數據
info: Microsoft.AspNetCore.Mvc.Infrastructure.ContentResultExecutor[1]
      Executing ContentResult with HTTP Response ContentType of application/json
info: Microsoft.AspNetCore.Mvc.Infrastructure.ControllerActionInvoker[105]
      Executed action ParcelManagement2.Controllers.HomeController.GetResidentPackageStats (ParcelProject) in 35.2419ms
info: Microsoft.AspNetCore.Routing.EndpointMiddleware[1]
      Executed endpoint 'ParcelManagement2.Controllers.HomeController.GetResidentPackageStats (ParcelProject)'
dbug: Microsoft.AspNetCore.Server.IIS.Core.IISHttpServer[1]
      Connection ID "17942340959199035482" disconnecting.
info: Microsoft.AspNetCore.Hosting.Diagnostics[2]
      Request finished HTTP/2 POST https://localhost:44353/Home/GetResidentPackageStats - 200 2790 application/json 63.2242ms
dbug: Microsoft.Extensions.Http.DefaultHttpClientFactory[100]
      Starting HttpMessageHandler cleanup cycle with 1 items
dbug: Microsoft.Extensions.Http.DefaultHttpClientFactory[101]
      Ending HttpMessageHandler cleanup cycle after 0.0058ms - processed: 0 items - remaining: 1 items
info: Microsoft.AspNetCore.Hosting.Diagnostics[1]
      Request starting HTTP/2 GET https://localhost:44353/.well-known/appspecific/com.chrome.devtools.json - - -
dbug: Microsoft.AspNetCore.StaticFiles.StaticFileMiddleware[5]
      The request path /.well-known/appspecific/com.chrome.devtools.json does not match an existing file
dbug: Microsoft.AspNetCore.Routing.Matching.DfaMatcher[1000]
      No candidates found for the request path '/.well-known/appspecific/com.chrome.devtools.json'
dbug: Microsoft.AspNetCore.Routing.EndpointRoutingMiddleware[2]
      Request did not match any endpoints
dbug: Microsoft.AspNetCore.Authentication.Cookies.CookieAuthenticationHandler[8]
      AuthenticationScheme: Cookies was successfully authenticated.
info: Microsoft.AspNetCore.Hosting.Diagnostics[2]
      Request finished HTTP/2 GET https://localhost:44353/.well-known/appspecific/com.chrome.devtools.json - 404 - - 19.1291ms
dbug: Microsoft.AspNetCore.Server.IIS.Core.IISHttpServer[1]
      Connection ID "18374686489066864760" disconnecting.
info: Microsoft.AspNetCore.Hosting.Diagnostics[16]
      Request reached the end of the middleware pipeline without being handled by application code. Request path: GET https://localhost:44353/.well-known/appspecific/com.chrome.devtools.json, Response status code: 404
dbug: Microsoft.Extensions.Http.DefaultHttpClientFactory[100]
      Starting HttpMessageHandler cleanup cycle with 1 items
dbug: Microsoft.Extensions.Http.DefaultHttpClientFactory[101]
      Ending HttpMessageHandler cleanup cycle after 0.0042ms - processed: 0 items - remaining: 1 items
dbug: Microsoft.Extensions.Http.DefaultHttpClientFactory[100]
      Starting HttpMessageHandler cleanup cycle with 1 items
dbug: Microsoft.Extensions.Http.DefaultHttpClientFactory[101]
      Ending HttpMessageHandler cleanup cycle after 0.0104ms - processed: 0 items - remaining: 1 items
dbug: Microsoft.Extensions.Http.DefaultHttpClientFactory[100]
      Starting HttpMessageHandler cleanup cycle with 1 items
dbug: Microsoft.Extensions.Http.DefaultHttpClientFactory[101]
      Ending HttpMessageHandler cleanup cycle after 0.0057ms - processed: 0 items - remaining: 1 items
info: Microsoft.AspNetCore.Hosting.Diagnostics[1]
      Request starting HTTP/2 POST https://localhost:44353/Home/GetResidentPackageStats - - 0
dbug: Microsoft.AspNetCore.StaticFiles.StaticFileMiddleware[1]
      POST requests are not supported
dbug: Microsoft.AspNetCore.Routing.Matching.DfaMatcher[1001]
      1 candidate(s) found for the request path '/Home/GetResidentPackageStats'
dbug: Microsoft.AspNetCore.Routing.Matching.DfaMatcher[1005]
      Endpoint 'ParcelManagement2.Controllers.HomeController.GetResidentPackageStats (ParcelProject)' with route pattern '{controller=Account}/{action=Login}/{id?}' is valid for the request path '/Home/GetResidentPackageStats'
dbug: Microsoft.AspNetCore.Routing.EndpointRoutingMiddleware[1]
      Request matched endpoint 'ParcelManagement2.Controllers.HomeController.GetResidentPackageStats (ParcelProject)'
dbug: Microsoft.AspNetCore.Authentication.Cookies.CookieAuthenticationHandler[8]
      AuthenticationScheme: Cookies was successfully authenticated.
dbug: Microsoft.AspNetCore.Authorization.DefaultAuthorizationService[1]
      Authorization was successful.
info: Microsoft.AspNetCore.Routing.EndpointMiddleware[0]
      Executing endpoint 'ParcelManagement2.Controllers.HomeController.GetResidentPackageStats (ParcelProject)'
info: Microsoft.AspNetCore.Mvc.Infrastructure.ControllerActionInvoker[102]
      Route matched with {action = "GetResidentPackageStats", controller = "Home"}. Executing controller action with signature Microsoft.AspNetCore.Mvc.IActionResult GetResidentPackageStats() on controller ParcelManagement2.Controllers.HomeController (ParcelProject).
dbug: Microsoft.AspNetCore.Mvc.Infrastructure.ControllerActionInvoker[1]
      Execution plan of authorization filters (in the following order): None
dbug: Microsoft.AspNetCore.Mvc.Infrastructure.ControllerActionInvoker[1]
      Execution plan of resource filters (in the following order): Microsoft.AspNetCore.Mvc.ViewFeatures.Filters.SaveTempDataFilter
dbug: Microsoft.AspNetCore.Mvc.Infrastructure.ControllerActionInvoker[1]
      Execution plan of action filters (in the following order): Microsoft.AspNetCore.Mvc.Filters.ControllerActionFilter (Order: -2147483648), Microsoft.AspNetCore.Mvc.ModelBinding.UnsupportedContentTypeFilter (Order: -3000)
dbug: Microsoft.AspNetCore.Mvc.Infrastructure.ControllerActionInvoker[1]
      Execution plan of exception filters (in the following order): None
dbug: Microsoft.AspNetCore.Mvc.Infrastructure.ControllerActionInvoker[1]
      Execution plan of result filters (in the following order): Microsoft.AspNetCore.Mvc.ViewFeatures.Filters.SaveTempDataFilter
dbug: Microsoft.AspNetCore.Mvc.Infrastructure.ControllerActionInvoker[1]
      Executing controller factory for controller ParcelManagement2.Controllers.HomeController (ParcelProject)
dbug: ParcelManagement2.Models.DBConn[0]
      資料庫連線字串已設定
dbug: Microsoft.AspNetCore.Mvc.Infrastructure.ControllerActionInvoker[2]
      Executed controller factory for controller ParcelManagement2.Controllers.HomeController (ParcelProject)
dbug: ParcelManagement2.Models.DBConn[0]
      查詢成功，返回 28 行數據
info: Microsoft.AspNetCore.Mvc.Infrastructure.ContentResultExecutor[1]
      Executing ContentResult with HTTP Response ContentType of application/json
info: Microsoft.AspNetCore.Mvc.Infrastructure.ControllerActionInvoker[105]
      Executed action ParcelManagement2.Controllers.HomeController.GetResidentPackageStats (ParcelProject) in 36.4112ms
info: Microsoft.AspNetCore.Routing.EndpointMiddleware[1]
      Executed endpoint 'ParcelManagement2.Controllers.HomeController.GetResidentPackageStats (ParcelProject)'
info: Microsoft.AspNetCore.Hosting.Diagnostics[2]
      Request finished HTTP/2 POST https://localhost:44353/Home/GetResidentPackageStats - 200 2790 application/json 64.3742ms
dbug: Microsoft.AspNetCore.Server.IIS.Core.IISHttpServer[1]
      Connection ID "18374686497656799323" disconnecting.
dbug: Microsoft.Extensions.Http.DefaultHttpClientFactory[100]
      Starting HttpMessageHandler cleanup cycle with 1 items
dbug: Microsoft.Extensions.Http.DefaultHttpClientFactory[101]
      Ending HttpMessageHandler cleanup cycle after 0.0043ms - processed: 0 items - remaining: 1 items
dbug: Microsoft.Extensions.Http.DefaultHttpClientFactory[100]
      Starting HttpMessageHandler cleanup cycle with 1 items
dbug: Microsoft.Extensions.Http.DefaultHttpClientFactory[101]
      Ending HttpMessageHandler cleanup cycle after 0.0046ms - processed: 0 items - remaining: 1 items
dbug: Microsoft.Extensions.Http.DefaultHttpClientFactory[100]
      Starting HttpMessageHandler cleanup cycle with 1 items
dbug: Microsoft.Extensions.Http.DefaultHttpClientFactory[101]
      Ending HttpMessageHandler cleanup cycle after 0.0072ms - processed: 0 items - remaining: 1 items
dbug: Microsoft.Extensions.Http.DefaultHttpClientFactory[100]
      Starting HttpMessageHandler cleanup cycle with 1 items
dbug: Microsoft.Extensions.Http.DefaultHttpClientFactory[101]
      Ending HttpMessageHandler cleanup cycle after 0.0031ms - processed: 0 items - remaining: 1 items
dbug: Microsoft.Extensions.Http.DefaultHttpClientFactory[100]
      Starting HttpMessageHandler cleanup cycle with 1 items
dbug: Microsoft.Extensions.Http.DefaultHttpClientFactory[101]
      Ending HttpMessageHandler cleanup cycle after 0.0041ms - processed: 0 items - remaining: 1 items
dbug: Microsoft.Extensions.Http.DefaultHttpClientFactory[100]
      Starting HttpMessageHandler cleanup cycle with 1 items
dbug: Microsoft.Extensions.Http.DefaultHttpClientFactory[101]
      Ending HttpMessageHandler cleanup cycle after 0.014ms - processed: 0 items - remaining: 1 items
dbug: Microsoft.Extensions.Http.DefaultHttpClientFactory[100]
      Starting HttpMessageHandler cleanup cycle with 1 items
dbug: Microsoft.Extensions.Http.DefaultHttpClientFactory[101]
      Ending HttpMessageHandler cleanup cycle after 0.0032ms - processed: 0 items - remaining: 1 items
dbug: Microsoft.Extensions.Http.DefaultHttpClientFactory[100]
      Starting HttpMessageHandler cleanup cycle with 1 items
dbug: Microsoft.Extensions.Http.DefaultHttpClientFactory[101]
      Ending HttpMessageHandler cleanup cycle after 0.0122ms - processed: 0 items - remaining: 1 items
dbug: Microsoft.Extensions.Http.DefaultHttpClientFactory[103]
      HttpMessageHandler expired after 120000ms for client ''
dbug: Microsoft.Extensions.Http.DefaultHttpClientFactory[100]
      Starting HttpMessageHandler cleanup cycle with 2 items
dbug: Microsoft.Extensions.Http.DefaultHttpClientFactory[101]
      Ending HttpMessageHandler cleanup cycle after 0.0046ms - processed: 0 items - remaining: 2 items
dbug: Microsoft.Extensions.Http.DefaultHttpClientFactory[100]
      Starting HttpMessageHandler cleanup cycle with 2 items
dbug: Microsoft.Extensions.Http.DefaultHttpClientFactory[101]
      Ending HttpMessageHandler cleanup cycle after 0.0111ms - processed: 0 items - remaining: 2 items
dbug: Microsoft.Extensions.Http.DefaultHttpClientFactory[100]
      Starting HttpMessageHandler cleanup cycle with 2 items
dbug: Microsoft.Extensions.Http.DefaultHttpClientFactory[101]
      Ending HttpMessageHandler cleanup cycle after 0.0048ms - processed: 0 items - remaining: 2 items
dbug: Microsoft.Extensions.Http.DefaultHttpClientFactory[100]
      Starting HttpMessageHandler cleanup cycle with 2 items
dbug: Microsoft.Extensions.Http.DefaultHttpClientFactory[101]
      Ending HttpMessageHandler cleanup cycle after 0.1324ms - processed: 0 items - remaining: 2 items
dbug: Microsoft.Extensions.Http.DefaultHttpClientFactory[100]
      Starting HttpMessageHandler cleanup cycle with 2 items
dbug: Microsoft.Extensions.Http.DefaultHttpClientFactory[101]
      Ending HttpMessageHandler cleanup cycle after 0.0045ms - processed: 0 items - remaining: 2 items
dbug: Microsoft.Extensions.Http.DefaultHttpClientFactory[100]
      Starting HttpMessageHandler cleanup cycle with 2 items
dbug: Microsoft.Extensions.Http.DefaultHttpClientFactory[101]
      Ending HttpMessageHandler cleanup cycle after 0.004ms - processed: 0 items - remaining: 2 items
dbug: Microsoft.Extensions.Http.DefaultHttpClientFactory[100]
      Starting HttpMessageHandler cleanup cycle with 2 items
dbug: Microsoft.Extensions.Http.DefaultHttpClientFactory[101]
      Ending HttpMessageHandler cleanup cycle after 0.1331ms - processed: 0 items - remaining: 2 items
dbug: Microsoft.Extensions.Http.DefaultHttpClientFactory[100]
      Starting HttpMessageHandler cleanup cycle with 2 items
dbug: Microsoft.Extensions.Http.DefaultHttpClientFactory[101]
      Ending HttpMessageHandler cleanup cycle after 0.0077ms - processed: 0 items - remaining: 2 items
dbug: Microsoft.Extensions.Http.DefaultHttpClientFactory[100]
      Starting HttpMessageHandler cleanup cycle with 2 items
dbug: Microsoft.Extensions.Http.DefaultHttpClientFactory[101]
      Ending HttpMessageHandler cleanup cycle after 0.0038ms - processed: 0 items - remaining: 2 items
dbug: Microsoft.Extensions.Http.DefaultHttpClientFactory[100]
      Starting HttpMessageHandler cleanup cycle with 2 items
dbug: Microsoft.Extensions.Http.DefaultHttpClientFactory[101]
      Ending HttpMessageHandler cleanup cycle after 0.0047ms - processed: 0 items - remaining: 2 items
dbug: Microsoft.Extensions.Http.DefaultHttpClientFactory[100]
      Starting HttpMessageHandler cleanup cycle with 2 items
dbug: Microsoft.Extensions.Http.DefaultHttpClientFactory[101]
      Ending HttpMessageHandler cleanup cycle after 0.0029ms - processed: 0 items - remaining: 2 items
dbug: Microsoft.Extensions.Http.DefaultHttpClientFactory[100]
      Starting HttpMessageHandler cleanup cycle with 2 items
dbug: Microsoft.Extensions.Http.DefaultHttpClientFactory[101]
      Ending HttpMessageHandler cleanup cycle after 0.0051ms - processed: 0 items - remaining: 2 items
dbug: Microsoft.Extensions.Http.DefaultHttpClientFactory[100]
      Starting HttpMessageHandler cleanup cycle with 2 items
dbug: Microsoft.Extensions.Http.DefaultHttpClientFactory[101]
      Ending HttpMessageHandler cleanup cycle after 0.0044ms - processed: 0 items - remaining: 2 items
dbug: Microsoft.Extensions.Http.DefaultHttpClientFactory[100]
      Starting HttpMessageHandler cleanup cycle with 2 items
dbug: Microsoft.Extensions.Http.DefaultHttpClientFactory[101]
      Ending HttpMessageHandler cleanup cycle after 0.0056ms - processed: 0 items - remaining: 2 items
dbug: Microsoft.Extensions.Http.DefaultHttpClientFactory[100]
      Starting HttpMessageHandler cleanup cycle with 2 items
dbug: Microsoft.Extensions.Http.DefaultHttpClientFactory[101]
      Ending HttpMessageHandler cleanup cycle after 0.0084ms - processed: 0 items - remaining: 2 items
dbug: Microsoft.Extensions.Http.DefaultHttpClientFactory[100]
      Starting HttpMessageHandler cleanup cycle with 2 items
dbug: Microsoft.Extensions.Http.DefaultHttpClientFactory[101]
      Ending HttpMessageHandler cleanup cycle after 0.0021ms - processed: 0 items - remaining: 2 items
dbug: Microsoft.Extensions.Http.DefaultHttpClientFactory[100]
      Starting HttpMessageHandler cleanup cycle with 2 items
dbug: Microsoft.Extensions.Http.DefaultHttpClientFactory[101]
      Ending HttpMessageHandler cleanup cycle after 0.004ms - processed: 0 items - remaining: 2 items
dbug: Microsoft.Extensions.Http.DefaultHttpClientFactory[100]
      Starting HttpMessageHandler cleanup cycle with 2 items
dbug: Microsoft.Extensions.Http.DefaultHttpClientFactory[101]
      Ending HttpMessageHandler cleanup cycle after 0.0022ms - processed: 0 items - remaining: 2 items
dbug: Microsoft.Extensions.Http.DefaultHttpClientFactory[100]
      Starting HttpMessageHandler cleanup cycle with 2 items
dbug: Microsoft.Extensions.Http.DefaultHttpClientFactory[101]
      Ending HttpMessageHandler cleanup cycle after 0.0027ms - processed: 0 items - remaining: 2 items
dbug: Microsoft.Extensions.Http.DefaultHttpClientFactory[100]
      Starting HttpMessageHandler cleanup cycle with 2 items
dbug: Microsoft.Extensions.Http.DefaultHttpClientFactory[101]
      Ending HttpMessageHandler cleanup cycle after 0.0039ms - processed: 0 items - remaining: 2 items
dbug: Microsoft.Extensions.Http.DefaultHttpClientFactory[100]
      Starting HttpMessageHandler cleanup cycle with 2 items
dbug: Microsoft.Extensions.Http.DefaultHttpClientFactory[101]
      Ending HttpMessageHandler cleanup cycle after 0.0039ms - processed: 0 items - remaining: 2 items
dbug: Microsoft.Extensions.Http.DefaultHttpClientFactory[100]
      Starting HttpMessageHandler cleanup cycle with 2 items
dbug: Microsoft.Extensions.Http.DefaultHttpClientFactory[101]
      Ending HttpMessageHandler cleanup cycle after 0.1142ms - processed: 0 items - remaining: 2 items
dbug: Microsoft.Extensions.Http.DefaultHttpClientFactory[100]
      Starting HttpMessageHandler cleanup cycle with 2 items
dbug: Microsoft.Extensions.Http.DefaultHttpClientFactory[101]
      Ending HttpMessageHandler cleanup cycle after 0.0068ms - processed: 0 items - remaining: 2 items
dbug: Microsoft.Extensions.Http.DefaultHttpClientFactory[100]
      Starting HttpMessageHandler cleanup cycle with 2 items
dbug: Microsoft.Extensions.Http.DefaultHttpClientFactory[101]
      Ending HttpMessageHandler cleanup cycle after 0.0039ms - processed: 0 items - remaining: 2 items
dbug: Microsoft.Extensions.Http.DefaultHttpClientFactory[100]
      Starting HttpMessageHandler cleanup cycle with 2 items
dbug: Microsoft.Extensions.Http.DefaultHttpClientFactory[101]
      Ending HttpMessageHandler cleanup cycle after 0.0015ms - processed: 0 items - remaining: 2 items
dbug: Microsoft.Extensions.Http.DefaultHttpClientFactory[100]
      Starting HttpMessageHandler cleanup cycle with 2 items
dbug: Microsoft.Extensions.Http.DefaultHttpClientFactory[101]
      Ending HttpMessageHandler cleanup cycle after 0.0029ms - processed: 0 items - remaining: 2 items
dbug: Microsoft.Extensions.Http.DefaultHttpClientFactory[100]
      Starting HttpMessageHandler cleanup cycle with 2 items
dbug: Microsoft.Extensions.Http.DefaultHttpClientFactory[101]
      Ending HttpMessageHandler cleanup cycle after 0.0031ms - processed: 0 items - remaining: 2 items
dbug: Microsoft.Extensions.Http.DefaultHttpClientFactory[100]
      Starting HttpMessageHandler cleanup cycle with 2 items
dbug: Microsoft.Extensions.Http.DefaultHttpClientFactory[101]
      Ending HttpMessageHandler cleanup cycle after 0.0017ms - processed: 0 items - remaining: 2 items
dbug: Microsoft.Extensions.Http.DefaultHttpClientFactory[100]
      Starting HttpMessageHandler cleanup cycle with 2 items
dbug: Microsoft.Extensions.Http.DefaultHttpClientFactory[101]
      Ending HttpMessageHandler cleanup cycle after 0.0017ms - processed: 0 items - remaining: 2 items
dbug: Microsoft.Extensions.Http.DefaultHttpClientFactory[100]
      Starting HttpMessageHandler cleanup cycle with 2 items
dbug: Microsoft.Extensions.Http.DefaultHttpClientFactory[101]
      Ending HttpMessageHandler cleanup cycle after 0.0022ms - processed: 0 items - remaining: 2 items
dbug: Microsoft.Extensions.Http.DefaultHttpClientFactory[100]
      Starting HttpMessageHandler cleanup cycle with 2 items
dbug: Microsoft.Extensions.Http.DefaultHttpClientFactory[101]
      Ending HttpMessageHandler cleanup cycle after 0.0019ms - processed: 0 items - remaining: 2 items
dbug: Microsoft.Extensions.Http.DefaultHttpClientFactory[100]
      Starting HttpMessageHandler cleanup cycle with 2 items
dbug: Microsoft.Extensions.Http.DefaultHttpClientFactory[101]
      Ending HttpMessageHandler cleanup cycle after 0.002ms - processed: 0 items - remaining: 2 items
dbug: Microsoft.Extensions.Http.DefaultHttpClientFactory[100]
      Starting HttpMessageHandler cleanup cycle with 2 items
dbug: Microsoft.Extensions.Http.DefaultHttpClientFactory[101]
      Ending HttpMessageHandler cleanup cycle after 0.0026ms - processed: 0 items - remaining: 2 items
dbug: Microsoft.Extensions.Http.DefaultHttpClientFactory[100]
      Starting HttpMessageHandler cleanup cycle with 2 items
dbug: Microsoft.Extensions.Http.DefaultHttpClientFactory[101]
      Ending HttpMessageHandler cleanup cycle after 0.0022ms - processed: 0 items - remaining: 2 items
dbug: Microsoft.Extensions.Http.DefaultHttpClientFactory[100]
      Starting HttpMessageHandler cleanup cycle with 2 items
dbug: Microsoft.Extensions.Http.DefaultHttpClientFactory[101]
      Ending HttpMessageHandler cleanup cycle after 0.0039ms - processed: 0 items - remaining: 2 items
dbug: Microsoft.Extensions.Http.DefaultHttpClientFactory[100]
      Starting HttpMessageHandler cleanup cycle with 2 items
dbug: Microsoft.Extensions.Http.DefaultHttpClientFactory[101]
      Ending HttpMessageHandler cleanup cycle after 0.0022ms - processed: 0 items - remaining: 2 items
dbug: Microsoft.Extensions.Http.DefaultHttpClientFactory[100]
      Starting HttpMessageHandler cleanup cycle with 2 items
dbug: Microsoft.Extensions.Http.DefaultHttpClientFactory[101]
      Ending HttpMessageHandler cleanup cycle after 0.0037ms - processed: 0 items - remaining: 2 items
dbug: Microsoft.Extensions.Http.DefaultHttpClientFactory[100]
      Starting HttpMessageHandler cleanup cycle with 2 items
dbug: Microsoft.Extensions.Http.DefaultHttpClientFactory[101]
      Ending HttpMessageHandler cleanup cycle after 0.004ms - processed: 0 items - remaining: 2 items
dbug: Microsoft.Extensions.Http.DefaultHttpClientFactory[100]
      Starting HttpMessageHandler cleanup cycle with 2 items
dbug: Microsoft.Extensions.Http.DefaultHttpClientFactory[101]
      Ending HttpMessageHandler cleanup cycle after 0.008ms - processed: 0 items - remaining: 2 items
dbug: Microsoft.Extensions.Http.DefaultHttpClientFactory[100]
      Starting HttpMessageHandler cleanup cycle with 2 items
dbug: Microsoft.Extensions.Http.DefaultHttpClientFactory[101]
      Ending HttpMessageHandler cleanup cycle after 0.0027ms - processed: 0 items - remaining: 2 items
dbug: Microsoft.Extensions.Http.DefaultHttpClientFactory[100]
      Starting HttpMessageHandler cleanup cycle with 2 items
dbug: Microsoft.Extensions.Http.DefaultHttpClientFactory[101]
      Ending HttpMessageHandler cleanup cycle after 0.0053ms - processed: 0 items - remaining: 2 items
dbug: Microsoft.Extensions.Http.DefaultHttpClientFactory[100]
      Starting HttpMessageHandler cleanup cycle with 2 items
dbug: Microsoft.Extensions.Http.DefaultHttpClientFactory[101]
      Ending HttpMessageHandler cleanup cycle after 0.0051ms - processed: 0 items - remaining: 2 items
dbug: Microsoft.Extensions.Http.DefaultHttpClientFactory[100]
      Starting HttpMessageHandler cleanup cycle with 2 items
dbug: Microsoft.Extensions.Http.DefaultHttpClientFactory[101]
      Ending HttpMessageHandler cleanup cycle after 0.0042ms - processed: 0 items - remaining: 2 items
dbug: Microsoft.Extensions.Http.DefaultHttpClientFactory[100]
      Starting HttpMessageHandler cleanup cycle with 2 items
dbug: Microsoft.Extensions.Http.DefaultHttpClientFactory[101]
      Ending HttpMessageHandler cleanup cycle after 0.0043ms - processed: 0 items - remaining: 2 items
dbug: Microsoft.Extensions.Http.DefaultHttpClientFactory[100]
      Starting HttpMessageHandler cleanup cycle with 2 items
dbug: Microsoft.Extensions.Http.DefaultHttpClientFactory[101]
      Ending HttpMessageHandler cleanup cycle after 0.0015ms - processed: 0 items - remaining: 2 items
dbug: Microsoft.Extensions.Http.DefaultHttpClientFactory[100]
      Starting HttpMessageHandler cleanup cycle with 2 items
dbug: Microsoft.Extensions.Http.DefaultHttpClientFactory[101]
      Ending HttpMessageHandler cleanup cycle after 0.0021ms - processed: 0 items - remaining: 2 items
dbug: Microsoft.Extensions.Http.DefaultHttpClientFactory[100]
      Starting HttpMessageHandler cleanup cycle with 2 items
dbug: Microsoft.Extensions.Http.DefaultHttpClientFactory[101]
      Ending HttpMessageHandler cleanup cycle after 0.0018ms - processed: 0 items - remaining: 2 items
dbug: Microsoft.Extensions.Http.DefaultHttpClientFactory[100]
      Starting HttpMessageHandler cleanup cycle with 2 items
dbug: Microsoft.Extensions.Http.DefaultHttpClientFactory[101]
      Ending HttpMessageHandler cleanup cycle after 0.0036ms - processed: 0 items - remaining: 2 items
dbug: Microsoft.Extensions.Http.DefaultHttpClientFactory[100]
      Starting HttpMessageHandler cleanup cycle with 2 items
dbug: Microsoft.Extensions.Http.DefaultHttpClientFactory[101]
      Ending HttpMessageHandler cleanup cycle after 0.0032ms - processed: 0 items - remaining: 2 items
info: Microsoft.AspNetCore.Hosting.Diagnostics[1]
      Request starting HTTP/2 GET https://localhost:44353/Home/Index - - -
dbug: Microsoft.AspNetCore.StaticFiles.StaticFileMiddleware[4]
      The request path /Home/Index does not match a supported file type
dbug: Microsoft.AspNetCore.Routing.Matching.DfaMatcher[1001]
      1 candidate(s) found for the request path '/Home/Index'
dbug: Microsoft.AspNetCore.Routing.Matching.DfaMatcher[1005]
      Endpoint 'ParcelManagement2.Controllers.HomeController.Index (ParcelProject)' with route pattern '{controller=Account}/{action=Login}/{id?}' is valid for the request path '/Home/Index'
dbug: Microsoft.AspNetCore.Routing.EndpointRoutingMiddleware[1]
      Request matched endpoint 'ParcelManagement2.Controllers.HomeController.Index (ParcelProject)'
dbug: Microsoft.AspNetCore.Authentication.Cookies.CookieAuthenticationHandler[8]
      AuthenticationScheme: Cookies was successfully authenticated.
dbug: Microsoft.AspNetCore.Authorization.DefaultAuthorizationService[1]
      Authorization was successful.
info: Microsoft.AspNetCore.Routing.EndpointMiddleware[0]
      Executing endpoint 'ParcelManagement2.Controllers.HomeController.Index (ParcelProject)'
info: Microsoft.AspNetCore.Mvc.Infrastructure.ControllerActionInvoker[102]
      Route matched with {action = "Index", controller = "Home"}. Executing controller action with signature Microsoft.AspNetCore.Mvc.IActionResult Index() on controller ParcelManagement2.Controllers.HomeController (ParcelProject).
dbug: Microsoft.AspNetCore.Mvc.Infrastructure.ControllerActionInvoker[1]
      Execution plan of authorization filters (in the following order): None
dbug: Microsoft.AspNetCore.Mvc.Infrastructure.ControllerActionInvoker[1]
      Execution plan of resource filters (in the following order): Microsoft.AspNetCore.Mvc.ViewFeatures.Filters.SaveTempDataFilter
dbug: Microsoft.AspNetCore.Mvc.Infrastructure.ControllerActionInvoker[1]
      Execution plan of action filters (in the following order): Microsoft.AspNetCore.Mvc.Filters.ControllerActionFilter (Order: -2147483648), Microsoft.AspNetCore.Mvc.ModelBinding.UnsupportedContentTypeFilter (Order: -3000)
dbug: Microsoft.AspNetCore.Mvc.Infrastructure.ControllerActionInvoker[1]
      Execution plan of exception filters (in the following order): None
dbug: Microsoft.AspNetCore.Mvc.Infrastructure.ControllerActionInvoker[1]
      Execution plan of result filters (in the following order): Microsoft.AspNetCore.Mvc.ViewFeatures.Filters.SaveTempDataFilter
dbug: Microsoft.AspNetCore.Mvc.Infrastructure.ControllerActionInvoker[1]
      Executing controller factory for controller ParcelManagement2.Controllers.HomeController (ParcelProject)
dbug: ParcelManagement2.Models.DBConn[0]
      資料庫連線字串已設定
dbug: Microsoft.AspNetCore.Mvc.Infrastructure.ControllerActionInvoker[2]
      Executed controller factory for controller ParcelManagement2.Controllers.HomeController (ParcelProject)
dbug: Microsoft.AspNetCore.Mvc.Razor.RazorViewEngine[1]
      View lookup cache miss for view 'Index' in controller 'Home'.
dbug: Microsoft.AspNetCore.Mvc.Razor.Compilation.DefaultViewCompiler[3]
      Initializing Razor view compiler with compiled view: '/Views/Account/AccessDenied.cshtml'.
dbug: Microsoft.AspNetCore.Mvc.Razor.Compilation.DefaultViewCompiler[3]
      Initializing Razor view compiler with compiled view: '/Views/Account/Login.cshtml'.
dbug: Microsoft.AspNetCore.Mvc.Razor.Compilation.DefaultViewCompiler[3]
      Initializing Razor view compiler with compiled view: '/Views/Home/Index.cshtml'.
dbug: Microsoft.AspNetCore.Mvc.Razor.Compilation.DefaultViewCompiler[3]
      Initializing Razor view compiler with compiled view: '/Views/Home/Index_back.cshtml'.
dbug: Microsoft.AspNetCore.Mvc.Razor.Compilation.DefaultViewCompiler[3]
      Initializing Razor view compiler with compiled view: '/Views/Home/Packages.cshtml'.
dbug: Microsoft.AspNetCore.Mvc.Razor.Compilation.DefaultViewCompiler[3]
      Initializing Razor view compiler with compiled view: '/Views/Home/Privacy.cshtml'.
dbug: Microsoft.AspNetCore.Mvc.Razor.Compilation.DefaultViewCompiler[3]
      Initializing Razor view compiler with compiled view: '/Views/Resident/Edit.cshtml'.
dbug: Microsoft.AspNetCore.Mvc.Razor.Compilation.DefaultViewCompiler[3]
      Initializing Razor view compiler with compiled view: '/Views/Resident/Home.cshtml'.
dbug: Microsoft.AspNetCore.Mvc.Razor.Compilation.DefaultViewCompiler[3]
      Initializing Razor view compiler with compiled view: '/Views/Resident/MyPackages.cshtml'.
dbug: Microsoft.AspNetCore.Mvc.Razor.Compilation.DefaultViewCompiler[3]
      Initializing Razor view compiler with compiled view: '/Views/Resident/PackagePhoto.cshtml'.
dbug: Microsoft.AspNetCore.Mvc.Razor.Compilation.DefaultViewCompiler[3]
      Initializing Razor view compiler with compiled view: '/Views/Shared/Error.cshtml'.
dbug: Microsoft.AspNetCore.Mvc.Razor.Compilation.DefaultViewCompiler[3]
      Initializing Razor view compiler with compiled view: '/Views/Shared/_AdminLayout.cshtml'.
dbug: Microsoft.AspNetCore.Mvc.Razor.Compilation.DefaultViewCompiler[3]
      Initializing Razor view compiler with compiled view: '/Views/Shared/_Layout.cshtml'.
dbug: Microsoft.AspNetCore.Mvc.Razor.Compilation.DefaultViewCompiler[3]
      Initializing Razor view compiler with compiled view: '/Views/Shared/_ResidentLayout.cshtml'.
dbug: Microsoft.AspNetCore.Mvc.Razor.Compilation.DefaultViewCompiler[3]
      Initializing Razor view compiler with compiled view: '/Views/Shared/_ValidationScriptsPartial.cshtml'.
dbug: Microsoft.AspNetCore.Mvc.Razor.Compilation.DefaultViewCompiler[3]
      Initializing Razor view compiler with compiled view: '/Views/_ViewImports.cshtml'.
dbug: Microsoft.AspNetCore.Mvc.Razor.Compilation.DefaultViewCompiler[3]
      Initializing Razor view compiler with compiled view: '/Views/_ViewStart.cshtml'.
dbug: Microsoft.AspNetCore.Mvc.Razor.Compilation.DefaultViewCompiler[3]
      Initializing Razor view compiler with compiled view: '/Views/Shared/_Layout_back.cshtml'.
info: Microsoft.AspNetCore.Mvc.ViewFeatures.ViewResultExecutor[1]
      Executing ViewResult, running view Index.
dbug: Microsoft.AspNetCore.Mvc.ViewFeatures.ViewResultExecutor[2]
      The view path '/Views/Home/Index.cshtml' was found in 24.2648ms.
dbug: Microsoft.AspNetCore.Antiforgery.DefaultAntiforgery[6]
      An antiforgery cookie token was reused.
dbug: Microsoft.WebTools.BrowserLink.Net.BrowserLinkMiddleware[1]
      Response markup is scheduled to include Browser Link script injection.
dbug: Microsoft.AspNetCore.Watch.BrowserRefresh.BrowserRefreshMiddleware[1]
      Response markup is scheduled to include browser refresh script injection.
info: Microsoft.AspNetCore.Mvc.ViewFeatures.ViewResultExecutor[4]
      Executed ViewResult - view Index executed in 39.3406ms.
info: Microsoft.AspNetCore.Mvc.Infrastructure.ControllerActionInvoker[105]
      Executed action ParcelManagement2.Controllers.HomeController.Index (ParcelProject) in 44.2147ms
info: Microsoft.AspNetCore.Routing.EndpointMiddleware[1]
      Executed endpoint 'ParcelManagement2.Controllers.HomeController.Index (ParcelProject)'
dbug: Microsoft.WebTools.BrowserLink.Net.BrowserLinkMiddleware[2]
      Response markup was updated to include Browser Link script injection.
dbug: Microsoft.AspNetCore.Watch.BrowserRefresh.BrowserRefreshMiddleware[2]
      Response markup was updated to include browser refresh script injection.
dbug: Microsoft.AspNetCore.Server.IIS.Core.IISHttpServer[1]
      Connection ID "18230571326760812638" disconnecting.
info: Microsoft.AspNetCore.Hosting.Diagnostics[2]
      Request finished HTTP/2 GET https://localhost:44353/Home/Index - 200 - text/html;+charset=utf-8 75.1345ms
info: Microsoft.AspNetCore.Hosting.Diagnostics[1]
      Request starting HTTP/2 GET https://localhost:44353/_framework/aspnetcore-browser-refresh.js - - -
info: Microsoft.AspNetCore.Hosting.Diagnostics[1]
      Request starting HTTP/2 GET https://localhost:44353/_vs/browserLink - - -
dbug: Microsoft.AspNetCore.Watch.BrowserRefresh.BrowserScriptMiddleware[0]
      Script injected: /_framework/aspnetcore-browser-refresh.js
info: Microsoft.AspNetCore.Hosting.Diagnostics[2]
      Request finished HTTP/2 GET https://localhost:44353/_framework/aspnetcore-browser-refresh.js - 200 16511 application/javascript;+charset=utf-8 4.3915ms
dbug: Microsoft.AspNetCore.Server.IIS.Core.IISHttpServer[1]
      Connection ID "18014398561826898044" disconnecting.
dbug: Microsoft.AspNetCore.Server.IIS.Core.IISHttpServer[1]
      Connection ID "18374686536311504933" disconnecting.
info: Microsoft.AspNetCore.Hosting.Diagnostics[2]
      Request finished HTTP/2 GET https://localhost:44353/_vs/browserLink - 200 - text/javascript;+charset=UTF-8 14.4360ms
info: Microsoft.AspNetCore.Hosting.Diagnostics[1]
      Request starting HTTP/2 POST https://localhost:44353/Home/GetResidentPackageStats - - 0
dbug: Microsoft.AspNetCore.StaticFiles.StaticFileMiddleware[1]
      POST requests are not supported
dbug: Microsoft.AspNetCore.Routing.Matching.DfaMatcher[1001]
      1 candidate(s) found for the request path '/Home/GetResidentPackageStats'
dbug: Microsoft.AspNetCore.Routing.Matching.DfaMatcher[1005]
      Endpoint 'ParcelManagement2.Controllers.HomeController.GetResidentPackageStats (ParcelProject)' with route pattern '{controller=Account}/{action=Login}/{id?}' is valid for the request path '/Home/GetResidentPackageStats'
dbug: Microsoft.AspNetCore.Routing.EndpointRoutingMiddleware[1]
      Request matched endpoint 'ParcelManagement2.Controllers.HomeController.GetResidentPackageStats (ParcelProject)'
dbug: Microsoft.AspNetCore.Authentication.Cookies.CookieAuthenticationHandler[8]
      AuthenticationScheme: Cookies was successfully authenticated.
dbug: Microsoft.AspNetCore.Authorization.DefaultAuthorizationService[1]
      Authorization was successful.
info: Microsoft.AspNetCore.Routing.EndpointMiddleware[0]
      Executing endpoint 'ParcelManagement2.Controllers.HomeController.GetResidentPackageStats (ParcelProject)'
info: Microsoft.AspNetCore.Mvc.Infrastructure.ControllerActionInvoker[102]
      Route matched with {action = "GetResidentPackageStats", controller = "Home"}. Executing controller action with signature Microsoft.AspNetCore.Mvc.IActionResult GetResidentPackageStats() on controller ParcelManagement2.Controllers.HomeController (ParcelProject).
dbug: Microsoft.AspNetCore.Mvc.Infrastructure.ControllerActionInvoker[1]
      Execution plan of authorization filters (in the following order): None
dbug: Microsoft.AspNetCore.Mvc.Infrastructure.ControllerActionInvoker[1]
      Execution plan of resource filters (in the following order): Microsoft.AspNetCore.Mvc.ViewFeatures.Filters.SaveTempDataFilter
dbug: Microsoft.AspNetCore.Mvc.Infrastructure.ControllerActionInvoker[1]
      Execution plan of action filters (in the following order): Microsoft.AspNetCore.Mvc.Filters.ControllerActionFilter (Order: -2147483648), Microsoft.AspNetCore.Mvc.ModelBinding.UnsupportedContentTypeFilter (Order: -3000)
dbug: Microsoft.AspNetCore.Mvc.Infrastructure.ControllerActionInvoker[1]
      Execution plan of exception filters (in the following order): None
dbug: Microsoft.AspNetCore.Mvc.Infrastructure.ControllerActionInvoker[1]
      Execution plan of result filters (in the following order): Microsoft.AspNetCore.Mvc.ViewFeatures.Filters.SaveTempDataFilter
dbug: Microsoft.AspNetCore.Mvc.Infrastructure.ControllerActionInvoker[1]
      Executing controller factory for controller ParcelManagement2.Controllers.HomeController (ParcelProject)
dbug: ParcelManagement2.Models.DBConn[0]
      資料庫連線字串已設定
dbug: Microsoft.AspNetCore.Mvc.Infrastructure.ControllerActionInvoker[2]
      Executed controller factory for controller ParcelManagement2.Controllers.HomeController (ParcelProject)
dbug: ParcelManagement2.Models.DBConn[0]
      查詢成功，返回 28 行數據
info: Microsoft.AspNetCore.Mvc.Infrastructure.ContentResultExecutor[1]
      Executing ContentResult with HTTP Response ContentType of application/json
info: Microsoft.AspNetCore.Mvc.Infrastructure.ControllerActionInvoker[105]
      Executed action ParcelManagement2.Controllers.HomeController.GetResidentPackageStats (ParcelProject) in 137.7384ms
info: Microsoft.AspNetCore.Routing.EndpointMiddleware[1]
      Executed endpoint 'ParcelManagement2.Controllers.HomeController.GetResidentPackageStats (ParcelProject)'
info: Microsoft.AspNetCore.Hosting.Diagnostics[2]
      Request finished HTTP/2 POST https://localhost:44353/Home/GetResidentPackageStats - 200 2790 application/json 165.9817ms
dbug: Microsoft.AspNetCore.Server.IIS.Core.IISHttpServer[1]
      Connection ID "18374686497656799325" disconnecting.
dbug: Microsoft.Extensions.Http.DefaultHttpClientFactory[100]
      Starting HttpMessageHandler cleanup cycle with 2 items
dbug: Microsoft.Extensions.Http.DefaultHttpClientFactory[101]
      Ending HttpMessageHandler cleanup cycle after 0.0017ms - processed: 0 items - remaining: 2 items
info: Microsoft.AspNetCore.Hosting.Diagnostics[1]
      Request starting HTTP/2 GET https://localhost:44353/Home/Packages - - -
dbug: Microsoft.AspNetCore.StaticFiles.StaticFileMiddleware[4]
      The request path /Home/Packages does not match a supported file type
dbug: Microsoft.AspNetCore.Routing.Matching.DfaMatcher[1001]
      1 candidate(s) found for the request path '/Home/Packages'
dbug: Microsoft.AspNetCore.Routing.Matching.DfaMatcher[1005]
      Endpoint 'ParcelManagement2.Controllers.HomeController.Packages (ParcelProject)' with route pattern '{controller=Account}/{action=Login}/{id?}' is valid for the request path '/Home/Packages'
dbug: Microsoft.AspNetCore.Routing.EndpointRoutingMiddleware[1]
      Request matched endpoint 'ParcelManagement2.Controllers.HomeController.Packages (ParcelProject)'
dbug: Microsoft.AspNetCore.Authentication.Cookies.CookieAuthenticationHandler[8]
      AuthenticationScheme: Cookies was successfully authenticated.
dbug: Microsoft.AspNetCore.Authorization.DefaultAuthorizationService[1]
      Authorization was successful.
info: Microsoft.AspNetCore.Routing.EndpointMiddleware[0]
      Executing endpoint 'ParcelManagement2.Controllers.HomeController.Packages (ParcelProject)'
info: Microsoft.AspNetCore.Mvc.Infrastructure.ControllerActionInvoker[102]
      Route matched with {action = "Packages", controller = "Home"}. Executing controller action with signature Microsoft.AspNetCore.Mvc.IActionResult Packages() on controller ParcelManagement2.Controllers.HomeController (ParcelProject).
dbug: Microsoft.AspNetCore.Mvc.Infrastructure.ControllerActionInvoker[1]
      Execution plan of authorization filters (in the following order): None
dbug: Microsoft.AspNetCore.Mvc.Infrastructure.ControllerActionInvoker[1]
      Execution plan of resource filters (in the following order): Microsoft.AspNetCore.Mvc.ViewFeatures.Filters.SaveTempDataFilter
dbug: Microsoft.AspNetCore.Mvc.Infrastructure.ControllerActionInvoker[1]
      Execution plan of action filters (in the following order): Microsoft.AspNetCore.Mvc.Filters.ControllerActionFilter (Order: -2147483648), Microsoft.AspNetCore.Mvc.ModelBinding.UnsupportedContentTypeFilter (Order: -3000)
dbug: Microsoft.AspNetCore.Mvc.Infrastructure.ControllerActionInvoker[1]
      Execution plan of exception filters (in the following order): None
dbug: Microsoft.AspNetCore.Mvc.Infrastructure.ControllerActionInvoker[1]
      Execution plan of result filters (in the following order): Microsoft.AspNetCore.Mvc.ViewFeatures.Filters.SaveTempDataFilter
dbug: Microsoft.AspNetCore.Mvc.Infrastructure.ControllerActionInvoker[1]
      Executing controller factory for controller ParcelManagement2.Controllers.HomeController (ParcelProject)
dbug: ParcelManagement2.Models.DBConn[0]
      資料庫連線字串已設定
dbug: Microsoft.AspNetCore.Mvc.Infrastructure.ControllerActionInvoker[2]
      Executed controller factory for controller ParcelManagement2.Controllers.HomeController (ParcelProject)
dbug: Microsoft.AspNetCore.Mvc.Razor.RazorViewEngine[1]
      View lookup cache miss for view 'Packages' in controller 'Home'.
info: Microsoft.AspNetCore.Mvc.ViewFeatures.ViewResultExecutor[1]
      Executing ViewResult, running view Packages.
dbug: Microsoft.AspNetCore.Mvc.ViewFeatures.ViewResultExecutor[2]
      The view path '/Views/Home/Packages.cshtml' was found in 12.1044ms.
dbug: Microsoft.AspNetCore.Antiforgery.DefaultAntiforgery[6]
      An antiforgery cookie token was reused.
dbug: Microsoft.WebTools.BrowserLink.Net.BrowserLinkMiddleware[1]
      Response markup is scheduled to include Browser Link script injection.
dbug: Microsoft.AspNetCore.Watch.BrowserRefresh.BrowserRefreshMiddleware[1]
      Response markup is scheduled to include browser refresh script injection.
info: Microsoft.AspNetCore.Mvc.ViewFeatures.ViewResultExecutor[4]
      Executed ViewResult - view Packages executed in 24.4909ms.
info: Microsoft.AspNetCore.Mvc.Infrastructure.ControllerActionInvoker[105]
      Executed action ParcelManagement2.Controllers.HomeController.Packages (ParcelProject) in 40.0597ms
info: Microsoft.AspNetCore.Routing.EndpointMiddleware[1]
      Executed endpoint 'ParcelManagement2.Controllers.HomeController.Packages (ParcelProject)'
dbug: Microsoft.WebTools.BrowserLink.Net.BrowserLinkMiddleware[2]
      Response markup was updated to include Browser Link script injection.
dbug: Microsoft.AspNetCore.Watch.BrowserRefresh.BrowserRefreshMiddleware[2]
      Response markup was updated to include browser refresh script injection.
dbug: Microsoft.AspNetCore.Server.IIS.Core.IISHttpServer[1]
      Connection ID "18230571292401074311" disconnecting.
info: Microsoft.AspNetCore.Hosting.Diagnostics[2]
      Request finished HTTP/2 GET https://localhost:44353/Home/Packages - 200 - text/html;+charset=utf-8 130.4283ms
info: Microsoft.AspNetCore.Hosting.Diagnostics[1]
      Request starting HTTP/2 POST https://localhost:44353/Home/GetAllProduct - - 0
info: Microsoft.AspNetCore.Hosting.Diagnostics[1]
      Request starting HTTP/2 POST https://localhost:44353/Home/BuildProdTypeList - - 0
info: Microsoft.AspNetCore.Hosting.Diagnostics[1]
      Request starting HTTP/2 POST https://localhost:44353/Home/GetAllProduct - - 0
dbug: Microsoft.AspNetCore.StaticFiles.StaticFileMiddleware[1]
      POST requests are not supported
dbug: Microsoft.AspNetCore.StaticFiles.StaticFileMiddleware[1]
      POST requests are not supported
info: Microsoft.AspNetCore.Hosting.Diagnostics[1]
      Request starting HTTP/2 POST https://localhost:44353/Home/BuildResidentList - - 0
dbug: Microsoft.AspNetCore.Routing.Matching.DfaMatcher[1001]
      1 candidate(s) found for the request path '/Home/GetAllProduct'
dbug: Microsoft.AspNetCore.Routing.Matching.DfaMatcher[1005]
      Endpoint 'ParcelManagement2.Controllers.HomeController.GetAllProduct (ParcelProject)' with route pattern '{controller=Account}/{action=Login}/{id?}' is valid for the request path '/Home/GetAllProduct'
dbug: Microsoft.AspNetCore.Routing.EndpointRoutingMiddleware[1]
      Request matched endpoint 'ParcelManagement2.Controllers.HomeController.GetAllProduct (ParcelProject)'
info: Microsoft.AspNetCore.Hosting.Diagnostics[1]
      Request starting HTTP/2 GET https://localhost:44353/_framework/aspnetcore-browser-refresh.js - - -
dbug: Microsoft.AspNetCore.StaticFiles.StaticFileMiddleware[1]
      POST requests are not supported
dbug: Microsoft.AspNetCore.Authentication.Cookies.CookieAuthenticationHandler[8]
      AuthenticationScheme: Cookies was successfully authenticated.
dbug: Microsoft.AspNetCore.Routing.Matching.DfaMatcher[1001]
      1 candidate(s) found for the request path '/Home/BuildResidentList'
dbug: Microsoft.AspNetCore.Authorization.DefaultAuthorizationService[1]
      Authorization was successful.
dbug: Microsoft.AspNetCore.Routing.Matching.DfaMatcher[1005]
      Endpoint 'ParcelManagement2.Controllers.HomeController.BuildResidentList (ParcelProject)' with route pattern '{controller=Account}/{action=Login}/{id?}' is valid for the request path '/Home/BuildResidentList'
info: Microsoft.AspNetCore.Routing.EndpointMiddleware[0]
      Executing endpoint 'ParcelManagement2.Controllers.HomeController.GetAllProduct (ParcelProject)'
dbug: Microsoft.AspNetCore.Routing.EndpointRoutingMiddleware[1]
      Request matched endpoint 'ParcelManagement2.Controllers.HomeController.BuildResidentList (ParcelProject)'
info: Microsoft.AspNetCore.Hosting.Diagnostics[1]
      Request starting HTTP/2 GET https://localhost:44353/_vs/browserLink - - -
dbug: Microsoft.AspNetCore.Authentication.Cookies.CookieAuthenticationHandler[8]
      AuthenticationScheme: Cookies was successfully authenticated.
dbug: Microsoft.AspNetCore.Authorization.DefaultAuthorizationService[1]
      Authorization was successful.
dbug: Microsoft.AspNetCore.Routing.Matching.DfaMatcher[1001]
      1 candidate(s) found for the request path '/Home/GetAllProduct'
info: Microsoft.AspNetCore.Routing.EndpointMiddleware[0]
      Executing endpoint 'ParcelManagement2.Controllers.HomeController.BuildResidentList (ParcelProject)'
info: Microsoft.AspNetCore.Mvc.Infrastructure.ControllerActionInvoker[102]
      Route matched with {action = "GetAllProduct", controller = "Home"}. Executing controller action with signature System.Threading.Tasks.Task`1[Microsoft.AspNetCore.Mvc.JsonResult] GetAllProduct() on controller ParcelManagement2.Controllers.HomeController (ParcelProject).
dbug: Microsoft.AspNetCore.Routing.Matching.DfaMatcher[1005]
      Endpoint 'ParcelManagement2.Controllers.HomeController.GetAllProduct (ParcelProject)' with route pattern '{controller=Account}/{action=Login}/{id?}' is valid for the request path '/Home/GetAllProduct'
dbug: Microsoft.AspNetCore.Routing.EndpointRoutingMiddleware[1]
      Request matched endpoint 'ParcelManagement2.Controllers.HomeController.GetAllProduct (ParcelProject)'
dbug: Microsoft.AspNetCore.Authentication.Cookies.CookieAuthenticationHandler[8]
      AuthenticationScheme: Cookies was successfully authenticated.
dbug: Microsoft.AspNetCore.Mvc.Infrastructure.ControllerActionInvoker[1]
      Execution plan of authorization filters (in the following order): None
info: Microsoft.AspNetCore.Mvc.Infrastructure.ControllerActionInvoker[102]
      Route matched with {action = "BuildResidentList", controller = "Home"}. Executing controller action with signature System.Threading.Tasks.Task`1[Microsoft.AspNetCore.Mvc.JsonResult] BuildResidentList() on controller ParcelManagement2.Controllers.HomeController (ParcelProject).
dbug: Microsoft.AspNetCore.Mvc.Infrastructure.ControllerActionInvoker[1]
      Execution plan of resource filters (in the following order): Microsoft.AspNetCore.Mvc.ViewFeatures.Filters.SaveTempDataFilter
dbug: Microsoft.AspNetCore.Mvc.Infrastructure.ControllerActionInvoker[1]
      Execution plan of authorization filters (in the following order): None
dbug: Microsoft.AspNetCore.Mvc.Infrastructure.ControllerActionInvoker[1]
      Execution plan of action filters (in the following order): Microsoft.AspNetCore.Mvc.Filters.ControllerActionFilter (Order: -2147483648), Microsoft.AspNetCore.Mvc.ModelBinding.UnsupportedContentTypeFilter (Order: -3000)
dbug: Microsoft.AspNetCore.Mvc.Infrastructure.ControllerActionInvoker[1]
      Execution plan of exception filters (in the following order): None
dbug: Microsoft.AspNetCore.Mvc.Infrastructure.ControllerActionInvoker[1]
      Execution plan of resource filters (in the following order): Microsoft.AspNetCore.Mvc.ViewFeatures.Filters.SaveTempDataFilter
dbug: Microsoft.AspNetCore.Mvc.Infrastructure.ControllerActionInvoker[1]
      Execution plan of result filters (in the following order): Microsoft.AspNetCore.Mvc.ViewFeatures.Filters.SaveTempDataFilter
dbug: Microsoft.AspNetCore.Mvc.Infrastructure.ControllerActionInvoker[1]
      Executing controller factory for controller ParcelManagement2.Controllers.HomeController (ParcelProject)
dbug: Microsoft.AspNetCore.Mvc.Infrastructure.ControllerActionInvoker[1]
      Execution plan of action filters (in the following order): Microsoft.AspNetCore.Mvc.Filters.ControllerActionFilter (Order: -2147483648), Microsoft.AspNetCore.Mvc.ModelBinding.UnsupportedContentTypeFilter (Order: -3000)
dbug: ParcelManagement2.Models.DBConn[0]
      資料庫連線字串已設定
dbug: Microsoft.AspNetCore.Mvc.Infrastructure.ControllerActionInvoker[1]
      Execution plan of exception filters (in the following order): None
dbug: Microsoft.AspNetCore.Mvc.Infrastructure.ControllerActionInvoker[2]
      Executed controller factory for controller ParcelManagement2.Controllers.HomeController (ParcelProject)
dbug: Microsoft.AspNetCore.Mvc.Infrastructure.ControllerActionInvoker[1]
      Execution plan of result filters (in the following order): Microsoft.AspNetCore.Mvc.ViewFeatures.Filters.SaveTempDataFilter
dbug: Microsoft.AspNetCore.Mvc.Infrastructure.ControllerActionInvoker[1]
      Executing controller factory for controller ParcelManagement2.Controllers.HomeController (ParcelProject)
dbug: Microsoft.AspNetCore.Authorization.DefaultAuthorizationService[1]
      Authorization was successful.
dbug: ParcelManagement2.Models.DBConn[0]
      資料庫連線字串已設定
info: Microsoft.AspNetCore.Routing.EndpointMiddleware[0]
      Executing endpoint 'ParcelManagement2.Controllers.HomeController.GetAllProduct (ParcelProject)'
dbug: Microsoft.AspNetCore.Mvc.Infrastructure.ControllerActionInvoker[2]
      Executed controller factory for controller ParcelManagement2.Controllers.HomeController (ParcelProject)
info: Microsoft.AspNetCore.Mvc.Infrastructure.ControllerActionInvoker[102]
      Route matched with {action = "GetAllProduct", controller = "Home"}. Executing controller action with signature System.Threading.Tasks.Task`1[Microsoft.AspNetCore.Mvc.JsonResult] GetAllProduct() on controller ParcelManagement2.Controllers.HomeController (ParcelProject).
dbug: Microsoft.AspNetCore.StaticFiles.StaticFileMiddleware[1]
      POST requests are not supported
dbug: Microsoft.AspNetCore.Mvc.Infrastructure.ControllerActionInvoker[1]
      Execution plan of authorization filters (in the following order): None
dbug: Microsoft.AspNetCore.Mvc.Infrastructure.ControllerActionInvoker[1]
      Execution plan of resource filters (in the following order): Microsoft.AspNetCore.Mvc.ViewFeatures.Filters.SaveTempDataFilter
dbug: Microsoft.AspNetCore.Mvc.Infrastructure.ControllerActionInvoker[1]
      Execution plan of action filters (in the following order): Microsoft.AspNetCore.Mvc.Filters.ControllerActionFilter (Order: -2147483648), Microsoft.AspNetCore.Mvc.ModelBinding.UnsupportedContentTypeFilter (Order: -3000)
dbug: Microsoft.AspNetCore.Mvc.Infrastructure.ControllerActionInvoker[1]
      Execution plan of exception filters (in the following order): None
dbug: Microsoft.AspNetCore.Routing.Matching.DfaMatcher[1001]
      1 candidate(s) found for the request path '/Home/BuildProdTypeList'
dbug: Microsoft.AspNetCore.Mvc.Infrastructure.ControllerActionInvoker[1]
      Execution plan of result filters (in the following order): Microsoft.AspNetCore.Mvc.ViewFeatures.Filters.SaveTempDataFilter
dbug: Microsoft.AspNetCore.Mvc.Infrastructure.ControllerActionInvoker[1]
      Executing controller factory for controller ParcelManagement2.Controllers.HomeController (ParcelProject)
dbug: Microsoft.AspNetCore.Routing.Matching.DfaMatcher[1005]
      Endpoint 'ParcelManagement2.Controllers.HomeController.BuildProdTypeList (ParcelProject)' with route pattern '{controller=Account}/{action=Login}/{id?}' is valid for the request path '/Home/BuildProdTypeList'
dbug: Microsoft.AspNetCore.Routing.EndpointRoutingMiddleware[1]
      Request matched endpoint 'ParcelManagement2.Controllers.HomeController.BuildProdTypeList (ParcelProject)'
dbug: ParcelManagement2.Models.DBConn[0]
      資料庫連線字串已設定
dbug: Microsoft.AspNetCore.Authentication.Cookies.CookieAuthenticationHandler[8]
      AuthenticationScheme: Cookies was successfully authenticated.
dbug: Microsoft.AspNetCore.Mvc.Infrastructure.ControllerActionInvoker[2]
      Executed controller factory for controller ParcelManagement2.Controllers.HomeController (ParcelProject)
dbug: Microsoft.AspNetCore.Authorization.DefaultAuthorizationService[1]
      Authorization was successful.
info: Microsoft.AspNetCore.Routing.EndpointMiddleware[0]
      Executing endpoint 'ParcelManagement2.Controllers.HomeController.BuildProdTypeList (ParcelProject)'
dbug: Microsoft.AspNetCore.Watch.BrowserRefresh.BrowserScriptMiddleware[0]
      Script injected: /_framework/aspnetcore-browser-refresh.js
info: Microsoft.AspNetCore.Mvc.Infrastructure.ControllerActionInvoker[102]
      Route matched with {action = "BuildProdTypeList", controller = "Home"}. Executing controller action with signature System.Threading.Tasks.Task`1[Microsoft.AspNetCore.Mvc.JsonResult] BuildProdTypeList() on controller ParcelManagement2.Controllers.HomeController (ParcelProject).
dbug: ParcelManagement2.Models.DBConn[0]
      查詢成功，返回 134 行數據
dbug: Microsoft.AspNetCore.Mvc.Infrastructure.ControllerActionInvoker[1]
      Execution plan of authorization filters (in the following order): None
dbug: Microsoft.AspNetCore.Mvc.Infrastructure.ControllerActionInvoker[1]
      Execution plan of resource filters (in the following order): Microsoft.AspNetCore.Mvc.ViewFeatures.Filters.SaveTempDataFilter
info: Microsoft.AspNetCore.Mvc.Infrastructure.SystemTextJsonResultExecutor[1]
      Executing JsonResult, writing value of type 'System.Text.Json.JsonElement'.
dbug: Microsoft.AspNetCore.Mvc.Infrastructure.ControllerActionInvoker[1]
      Execution plan of action filters (in the following order): Microsoft.AspNetCore.Mvc.Filters.ControllerActionFilter (Order: -2147483648), Microsoft.AspNetCore.Mvc.ModelBinding.UnsupportedContentTypeFilter (Order: -3000)
dbug: Microsoft.AspNetCore.Mvc.Infrastructure.ControllerActionInvoker[1]
      Execution plan of exception filters (in the following order): None
dbug: Microsoft.AspNetCore.Mvc.Infrastructure.ControllerActionInvoker[1]
      Execution plan of result filters (in the following order): Microsoft.AspNetCore.Mvc.ViewFeatures.Filters.SaveTempDataFilter
info: Microsoft.AspNetCore.Mvc.Infrastructure.ControllerActionInvoker[105]
      Executed action ParcelManagement2.Controllers.HomeController.GetAllProduct (ParcelProject) in 89.4213ms
dbug: Microsoft.AspNetCore.Mvc.Infrastructure.ControllerActionInvoker[1]
      Executing controller factory for controller ParcelManagement2.Controllers.HomeController (ParcelProject)
dbug: ParcelManagement2.Models.DBConn[0]
      資料庫連線字串已設定
info: Microsoft.AspNetCore.Routing.EndpointMiddleware[1]
      Executed endpoint 'ParcelManagement2.Controllers.HomeController.GetAllProduct (ParcelProject)'
dbug: Microsoft.AspNetCore.Server.IIS.Core.IISHttpServer[1]
      Connection ID "18230571352530616390" disconnecting.
info: Microsoft.AspNetCore.Hosting.Diagnostics[2]
      Request finished HTTP/2 POST https://localhost:44353/Home/GetAllProduct - 200 - application/json;+charset=utf-8 233.5081ms
dbug: Microsoft.AspNetCore.Mvc.Infrastructure.ControllerActionInvoker[2]
      Executed controller factory for controller ParcelManagement2.Controllers.HomeController (ParcelProject)
dbug: Microsoft.AspNetCore.Server.IIS.Core.IISHttpServer[1]
      Connection ID "18374686532016537644" disconnecting.
info: Microsoft.AspNetCore.Hosting.Diagnostics[2]
      Request finished HTTP/2 GET https://localhost:44353/_vs/browserLink - 200 - text/javascript;+charset=UTF-8 154.8599ms
dbug: ParcelManagement2.Models.DBConn[0]
      查詢成功，返回 28 行數據
dbug: Microsoft.AspNetCore.Server.IIS.Core.IISHttpServer[1]
      Connection ID "18158513724132950066" disconnecting.
info: Microsoft.AspNetCore.Hosting.Diagnostics[2]
      Request finished HTTP/2 GET https://localhost:44353/_framework/aspnetcore-browser-refresh.js - 200 16511 application/javascript;+charset=utf-8 212.8366ms
info: Microsoft.AspNetCore.Mvc.Infrastructure.SystemTextJsonResultExecutor[1]
      Executing JsonResult, writing value of type 'System.Text.Json.JsonElement'.
dbug: ParcelManagement2.Models.DBConn[0]
      查詢成功，返回 134 行數據
info: Microsoft.AspNetCore.Mvc.Infrastructure.ControllerActionInvoker[105]
      Executed action ParcelManagement2.Controllers.HomeController.BuildResidentList (ParcelProject) in 160.5359ms
info: Microsoft.AspNetCore.Mvc.Infrastructure.SystemTextJsonResultExecutor[1]
      Executing JsonResult, writing value of type 'System.Text.Json.JsonElement'.
info: Microsoft.AspNetCore.Routing.EndpointMiddleware[1]
      Executed endpoint 'ParcelManagement2.Controllers.HomeController.BuildResidentList (ParcelProject)'
info: Microsoft.AspNetCore.Mvc.Infrastructure.ControllerActionInvoker[105]
      Executed action ParcelManagement2.Controllers.HomeController.GetAllProduct (ParcelProject) in 143.2954ms
dbug: ParcelManagement2.Models.DBConn[0]
      查詢成功，返回 2 行數據
info: Microsoft.AspNetCore.Routing.EndpointMiddleware[1]
      Executed endpoint 'ParcelManagement2.Controllers.HomeController.GetAllProduct (ParcelProject)'
dbug: Microsoft.AspNetCore.Server.IIS.Core.IISHttpServer[1]
      Connection ID "17942340942019166222" disconnecting.
info: Microsoft.AspNetCore.Hosting.Diagnostics[2]
      Request finished HTTP/2 POST https://localhost:44353/Home/BuildResidentList - 200 - application/json;+charset=utf-8 272.6095ms
info: Microsoft.AspNetCore.Mvc.Infrastructure.SystemTextJsonResultExecutor[1]
      Executing JsonResult, writing value of type 'System.Text.Json.JsonElement'.
info: Microsoft.AspNetCore.Hosting.Diagnostics[2]
      Request finished HTTP/2 POST https://localhost:44353/Home/GetAllProduct - 200 - application/json;+charset=utf-8 326.9710ms
dbug: Microsoft.AspNetCore.Server.IIS.Core.IISHttpServer[1]
      Connection ID "18374686540606472320" disconnecting.
info: Microsoft.AspNetCore.Mvc.Infrastructure.ControllerActionInvoker[105]
      Executed action ParcelManagement2.Controllers.HomeController.BuildProdTypeList (ParcelProject) in 114.9084ms
info: Microsoft.AspNetCore.Routing.EndpointMiddleware[1]
      Executed endpoint 'ParcelManagement2.Controllers.HomeController.BuildProdTypeList (ParcelProject)'
info: Microsoft.AspNetCore.Hosting.Diagnostics[2]
      Request finished HTTP/2 POST https://localhost:44353/Home/BuildProdTypeList - 200 - application/json;+charset=utf-8 353.5526ms
dbug: Microsoft.AspNetCore.Server.IIS.Core.IISHttpServer[1]
      Connection ID "18302628895028936753" disconnecting.
dbug: Microsoft.Extensions.Http.DefaultHttpClientFactory[100]
      Starting HttpMessageHandler cleanup cycle with 2 items
dbug: Microsoft.Extensions.Http.DefaultHttpClientFactory[101]
      Ending HttpMessageHandler cleanup cycle after 0.0016ms - processed: 0 items - remaining: 2 items
info: Microsoft.AspNetCore.Hosting.Diagnostics[1]
      Request starting HTTP/2 GET https://localhost:44353/Home/Index - - -
dbug: Microsoft.AspNetCore.StaticFiles.StaticFileMiddleware[4]
      The request path /Home/Index does not match a supported file type
dbug: Microsoft.AspNetCore.Routing.Matching.DfaMatcher[1001]
      1 candidate(s) found for the request path '/Home/Index'
dbug: Microsoft.AspNetCore.Routing.Matching.DfaMatcher[1005]
      Endpoint 'ParcelManagement2.Controllers.HomeController.Index (ParcelProject)' with route pattern '{controller=Account}/{action=Login}/{id?}' is valid for the request path '/Home/Index'
dbug: Microsoft.AspNetCore.Routing.EndpointRoutingMiddleware[1]
      Request matched endpoint 'ParcelManagement2.Controllers.HomeController.Index (ParcelProject)'
dbug: Microsoft.AspNetCore.Authentication.Cookies.CookieAuthenticationHandler[8]
      AuthenticationScheme: Cookies was successfully authenticated.
dbug: Microsoft.AspNetCore.Authorization.DefaultAuthorizationService[1]
      Authorization was successful.
info: Microsoft.AspNetCore.Routing.EndpointMiddleware[0]
      Executing endpoint 'ParcelManagement2.Controllers.HomeController.Index (ParcelProject)'
info: Microsoft.AspNetCore.Mvc.Infrastructure.ControllerActionInvoker[102]
      Route matched with {action = "Index", controller = "Home"}. Executing controller action with signature Microsoft.AspNetCore.Mvc.IActionResult Index() on controller ParcelManagement2.Controllers.HomeController (ParcelProject).
dbug: Microsoft.AspNetCore.Mvc.Infrastructure.ControllerActionInvoker[1]
      Execution plan of authorization filters (in the following order): None
dbug: Microsoft.AspNetCore.Mvc.Infrastructure.ControllerActionInvoker[1]
      Execution plan of resource filters (in the following order): Microsoft.AspNetCore.Mvc.ViewFeatures.Filters.SaveTempDataFilter
dbug: Microsoft.AspNetCore.Mvc.Infrastructure.ControllerActionInvoker[1]
      Execution plan of action filters (in the following order): Microsoft.AspNetCore.Mvc.Filters.ControllerActionFilter (Order: -2147483648), Microsoft.AspNetCore.Mvc.ModelBinding.UnsupportedContentTypeFilter (Order: -3000)
dbug: Microsoft.AspNetCore.Mvc.Infrastructure.ControllerActionInvoker[1]
      Execution plan of exception filters (in the following order): None
dbug: Microsoft.AspNetCore.Mvc.Infrastructure.ControllerActionInvoker[1]
      Execution plan of result filters (in the following order): Microsoft.AspNetCore.Mvc.ViewFeatures.Filters.SaveTempDataFilter
dbug: Microsoft.AspNetCore.Mvc.Infrastructure.ControllerActionInvoker[1]
      Executing controller factory for controller ParcelManagement2.Controllers.HomeController (ParcelProject)
dbug: ParcelManagement2.Models.DBConn[0]
      資料庫連線字串已設定
dbug: Microsoft.AspNetCore.Mvc.Infrastructure.ControllerActionInvoker[2]
      Executed controller factory for controller ParcelManagement2.Controllers.HomeController (ParcelProject)
dbug: Microsoft.AspNetCore.Mvc.Razor.RazorViewEngine[2]
      View lookup cache hit for view 'Index' in controller 'Home'.
info: Microsoft.AspNetCore.Mvc.ViewFeatures.ViewResultExecutor[1]
      Executing ViewResult, running view Index.
dbug: Microsoft.AspNetCore.Mvc.ViewFeatures.ViewResultExecutor[2]
      The view path '/Views/Home/Index.cshtml' was found in 2.7403ms.
dbug: Microsoft.AspNetCore.Antiforgery.DefaultAntiforgery[6]
      An antiforgery cookie token was reused.
dbug: Microsoft.WebTools.BrowserLink.Net.BrowserLinkMiddleware[1]
      Response markup is scheduled to include Browser Link script injection.
dbug: Microsoft.AspNetCore.Watch.BrowserRefresh.BrowserRefreshMiddleware[1]
      Response markup is scheduled to include browser refresh script injection.
info: Microsoft.AspNetCore.Mvc.ViewFeatures.ViewResultExecutor[4]
      Executed ViewResult - view Index executed in 10.436ms.
info: Microsoft.AspNetCore.Mvc.Infrastructure.ControllerActionInvoker[105]
      Executed action ParcelManagement2.Controllers.HomeController.Index (ParcelProject) in 18.1327ms
info: Microsoft.AspNetCore.Routing.EndpointMiddleware[1]
      Executed endpoint 'ParcelManagement2.Controllers.HomeController.Index (ParcelProject)'
dbug: Microsoft.WebTools.BrowserLink.Net.BrowserLinkMiddleware[2]
      Response markup was updated to include Browser Link script injection.
dbug: Microsoft.AspNetCore.Watch.BrowserRefresh.BrowserRefreshMiddleware[2]
      Response markup was updated to include browser refresh script injection.
dbug: Microsoft.AspNetCore.Server.IIS.Core.IISHttpServer[1]
      Connection ID "18230571326760812642" disconnecting.
info: Microsoft.AspNetCore.Hosting.Diagnostics[2]
      Request finished HTTP/2 GET https://localhost:44353/Home/Index - 200 - text/html;+charset=utf-8 98.7278ms
info: Microsoft.AspNetCore.Hosting.Diagnostics[1]
      Request starting HTTP/2 POST https://localhost:44353/Home/GetResidentPackageStats - - 0
info: Microsoft.AspNetCore.Hosting.Diagnostics[1]
      Request starting HTTP/2 GET https://localhost:44353/_framework/aspnetcore-browser-refresh.js - - -
info: Microsoft.AspNetCore.Hosting.Diagnostics[1]
      Request starting HTTP/2 GET https://localhost:44353/_vs/browserLink - - -
dbug: Microsoft.AspNetCore.StaticFiles.StaticFileMiddleware[1]
      POST requests are not supported
dbug: Microsoft.AspNetCore.Routing.Matching.DfaMatcher[1001]
      1 candidate(s) found for the request path '/Home/GetResidentPackageStats'
dbug: Microsoft.AspNetCore.Routing.Matching.DfaMatcher[1005]
      Endpoint 'ParcelManagement2.Controllers.HomeController.GetResidentPackageStats (ParcelProject)' with route pattern '{controller=Account}/{action=Login}/{id?}' is valid for the request path '/Home/GetResidentPackageStats'
dbug: Microsoft.AspNetCore.Routing.EndpointRoutingMiddleware[1]
      Request matched endpoint 'ParcelManagement2.Controllers.HomeController.GetResidentPackageStats (ParcelProject)'
dbug: Microsoft.AspNetCore.Watch.BrowserRefresh.BrowserScriptMiddleware[0]
      Script injected: /_framework/aspnetcore-browser-refresh.js
dbug: Microsoft.AspNetCore.Authentication.Cookies.CookieAuthenticationHandler[8]
      AuthenticationScheme: Cookies was successfully authenticated.
info: Microsoft.AspNetCore.Hosting.Diagnostics[2]
      Request finished HTTP/2 GET https://localhost:44353/_framework/aspnetcore-browser-refresh.js - 200 16511 application/javascript;+charset=utf-8 60.9288ms
dbug: Microsoft.AspNetCore.Server.IIS.Core.IISHttpServer[1]
      Connection ID "18374686489066864762" disconnecting.
dbug: Microsoft.AspNetCore.Authorization.DefaultAuthorizationService[1]
      Authorization was successful.
info: Microsoft.AspNetCore.Routing.EndpointMiddleware[0]
      Executing endpoint 'ParcelManagement2.Controllers.HomeController.GetResidentPackageStats (ParcelProject)'
info: Microsoft.AspNetCore.Mvc.Infrastructure.ControllerActionInvoker[102]
      Route matched with {action = "GetResidentPackageStats", controller = "Home"}. Executing controller action with signature Microsoft.AspNetCore.Mvc.IActionResult GetResidentPackageStats() on controller ParcelManagement2.Controllers.HomeController (ParcelProject).
dbug: Microsoft.AspNetCore.Server.IIS.Core.IISHttpServer[1]
      Connection ID "18230571300991008838" disconnecting.
info: Microsoft.AspNetCore.Hosting.Diagnostics[2]
      Request finished HTTP/2 GET https://localhost:44353/_vs/browserLink - 200 - text/javascript;+charset=UTF-8 91.3489ms
dbug: Microsoft.AspNetCore.Mvc.Infrastructure.ControllerActionInvoker[1]
      Execution plan of authorization filters (in the following order): None
dbug: Microsoft.AspNetCore.Mvc.Infrastructure.ControllerActionInvoker[1]
      Execution plan of resource filters (in the following order): Microsoft.AspNetCore.Mvc.ViewFeatures.Filters.SaveTempDataFilter
dbug: Microsoft.AspNetCore.Mvc.Infrastructure.ControllerActionInvoker[1]
      Execution plan of action filters (in the following order): Microsoft.AspNetCore.Mvc.Filters.ControllerActionFilter (Order: -2147483648), Microsoft.AspNetCore.Mvc.ModelBinding.UnsupportedContentTypeFilter (Order: -3000)
dbug: Microsoft.AspNetCore.Mvc.Infrastructure.ControllerActionInvoker[1]
      Execution plan of exception filters (in the following order): None
dbug: Microsoft.AspNetCore.Mvc.Infrastructure.ControllerActionInvoker[1]
      Execution plan of result filters (in the following order): Microsoft.AspNetCore.Mvc.ViewFeatures.Filters.SaveTempDataFilter
dbug: Microsoft.AspNetCore.Mvc.Infrastructure.ControllerActionInvoker[1]
      Executing controller factory for controller ParcelManagement2.Controllers.HomeController (ParcelProject)
dbug: ParcelManagement2.Models.DBConn[0]
      資料庫連線字串已設定
dbug: Microsoft.AspNetCore.Mvc.Infrastructure.ControllerActionInvoker[2]
      Executed controller factory for controller ParcelManagement2.Controllers.HomeController (ParcelProject)
dbug: ParcelManagement2.Models.DBConn[0]
      查詢成功，返回 28 行數據
info: Microsoft.AspNetCore.Mvc.Infrastructure.ContentResultExecutor[1]
      Executing ContentResult with HTTP Response ContentType of application/json
info: Microsoft.AspNetCore.Mvc.Infrastructure.ControllerActionInvoker[105]
      Executed action ParcelManagement2.Controllers.HomeController.GetResidentPackageStats (ParcelProject) in 40.2881ms
info: Microsoft.AspNetCore.Routing.EndpointMiddleware[1]
      Executed endpoint 'ParcelManagement2.Controllers.HomeController.GetResidentPackageStats (ParcelProject)'
info: Microsoft.AspNetCore.Hosting.Diagnostics[2]
      Request finished HTTP/2 POST https://localhost:44353/Home/GetResidentPackageStats - 200 2790 application/json 208.6908ms
dbug: Microsoft.AspNetCore.Server.IIS.Core.IISHttpServer[1]
      Connection ID "18302628895028936755" disconnecting.
dbug: Microsoft.Extensions.Http.DefaultHttpClientFactory[100]
      Starting HttpMessageHandler cleanup cycle with 2 items
dbug: Microsoft.Extensions.Http.DefaultHttpClientFactory[101]
      Ending HttpMessageHandler cleanup cycle after 0.0057ms - processed: 0 items - remaining: 2 items
dbug: Microsoft.Extensions.Http.DefaultHttpClientFactory[100]
      Starting HttpMessageHandler cleanup cycle with 2 items
dbug: Microsoft.Extensions.Http.DefaultHttpClientFactory[101]
      Ending HttpMessageHandler cleanup cycle after 0.0019ms - processed: 0 items - remaining: 2 items
dbug: Microsoft.Extensions.Http.DefaultHttpClientFactory[100]
      Starting HttpMessageHandler cleanup cycle with 2 items
dbug: Microsoft.Extensions.Http.DefaultHttpClientFactory[101]
      Ending HttpMessageHandler cleanup cycle after 0.0023ms - processed: 0 items - remaining: 2 items
dbug: Microsoft.Extensions.Http.DefaultHttpClientFactory[100]
      Starting HttpMessageHandler cleanup cycle with 2 items
dbug: Microsoft.Extensions.Http.DefaultHttpClientFactory[101]
      Ending HttpMessageHandler cleanup cycle after 0.0086ms - processed: 0 items - remaining: 2 items
dbug: Microsoft.Extensions.Http.DefaultHttpClientFactory[100]
      Starting HttpMessageHandler cleanup cycle with 2 items
dbug: Microsoft.Extensions.Http.DefaultHttpClientFactory[101]
      Ending HttpMessageHandler cleanup cycle after 0.0018ms - processed: 0 items - remaining: 2 items
dbug: Microsoft.Extensions.Http.DefaultHttpClientFactory[100]
      Starting HttpMessageHandler cleanup cycle with 2 items
dbug: Microsoft.Extensions.Http.DefaultHttpClientFactory[101]
      Ending HttpMessageHandler cleanup cycle after 0.0018ms - processed: 0 items - remaining: 2 items
dbug: Microsoft.Extensions.Http.DefaultHttpClientFactory[100]
      Starting HttpMessageHandler cleanup cycle with 2 items
dbug: Microsoft.Extensions.Http.DefaultHttpClientFactory[101]
      Ending HttpMessageHandler cleanup cycle after 0.002ms - processed: 0 items - remaining: 2 items
dbug: Microsoft.Extensions.Http.DefaultHttpClientFactory[100]
      Starting HttpMessageHandler cleanup cycle with 2 items
dbug: Microsoft.Extensions.Http.DefaultHttpClientFactory[101]
      Ending HttpMessageHandler cleanup cycle after 0.0027ms - processed: 0 items - remaining: 2 items
dbug: Microsoft.Extensions.Http.DefaultHttpClientFactory[100]
      Starting HttpMessageHandler cleanup cycle with 2 items
dbug: Microsoft.Extensions.Http.DefaultHttpClientFactory[101]
      Ending HttpMessageHandler cleanup cycle after 0.0037ms - processed: 0 items - remaining: 2 items
dbug: Microsoft.Extensions.Http.DefaultHttpClientFactory[100]
      Starting HttpMessageHandler cleanup cycle with 2 items
dbug: Microsoft.Extensions.Http.DefaultHttpClientFactory[101]
      Ending HttpMessageHandler cleanup cycle after 0.0021ms - processed: 0 items - remaining: 2 items
dbug: Microsoft.Extensions.Http.DefaultHttpClientFactory[103]
      HttpMessageHandler expired after 120000ms for client ''
dbug: Microsoft.Extensions.Http.DefaultHttpClientFactory[100]
      Starting HttpMessageHandler cleanup cycle with 3 items
dbug: Microsoft.Extensions.Http.DefaultHttpClientFactory[101]
      Ending HttpMessageHandler cleanup cycle after 0.0029ms - processed: 0 items - remaining: 3 items
dbug: Microsoft.Extensions.Http.DefaultHttpClientFactory[100]
      Starting HttpMessageHandler cleanup cycle with 3 items
dbug: Microsoft.Extensions.Http.DefaultHttpClientFactory[101]
      Ending HttpMessageHandler cleanup cycle after 0.0063ms - processed: 0 items - remaining: 3 items
dbug: Microsoft.Extensions.Http.DefaultHttpClientFactory[100]
      Starting HttpMessageHandler cleanup cycle with 3 items
dbug: Microsoft.Extensions.Http.DefaultHttpClientFactory[101]
      Ending HttpMessageHandler cleanup cycle after 0.0025ms - processed: 0 items - remaining: 3 items
dbug: Microsoft.Extensions.Http.DefaultHttpClientFactory[100]
      Starting HttpMessageHandler cleanup cycle with 3 items
dbug: Microsoft.Extensions.Http.DefaultHttpClientFactory[101]
      Ending HttpMessageHandler cleanup cycle after 0.0022ms - processed: 0 items - remaining: 3 items
dbug: Microsoft.Extensions.Http.DefaultHttpClientFactory[100]
      Starting HttpMessageHandler cleanup cycle with 3 items
dbug: Microsoft.Extensions.Http.DefaultHttpClientFactory[101]
      Ending HttpMessageHandler cleanup cycle after 0.0034ms - processed: 0 items - remaining: 3 items
info: Microsoft.AspNetCore.Hosting.Diagnostics[1]
      Request starting HTTP/2 GET https://localhost:44353/Home/Index - - -
dbug: Microsoft.AspNetCore.StaticFiles.StaticFileMiddleware[4]
      The request path /Home/Index does not match a supported file type
dbug: Microsoft.AspNetCore.Routing.Matching.DfaMatcher[1001]
      1 candidate(s) found for the request path '/Home/Index'
dbug: Microsoft.AspNetCore.Routing.Matching.DfaMatcher[1005]
      Endpoint 'ParcelManagement2.Controllers.HomeController.Index (ParcelProject)' with route pattern '{controller=Account}/{action=Login}/{id?}' is valid for the request path '/Home/Index'
dbug: Microsoft.AspNetCore.Routing.EndpointRoutingMiddleware[1]
      Request matched endpoint 'ParcelManagement2.Controllers.HomeController.Index (ParcelProject)'
dbug: Microsoft.AspNetCore.Authentication.Cookies.CookieAuthenticationHandler[8]
      AuthenticationScheme: Cookies was successfully authenticated.
dbug: Microsoft.AspNetCore.Authorization.DefaultAuthorizationService[1]
      Authorization was successful.
info: Microsoft.AspNetCore.Routing.EndpointMiddleware[0]
      Executing endpoint 'ParcelManagement2.Controllers.HomeController.Index (ParcelProject)'
info: Microsoft.AspNetCore.Mvc.Infrastructure.ControllerActionInvoker[102]
      Route matched with {action = "Index", controller = "Home"}. Executing controller action with signature Microsoft.AspNetCore.Mvc.IActionResult Index() on controller ParcelManagement2.Controllers.HomeController (ParcelProject).
dbug: Microsoft.AspNetCore.Mvc.Infrastructure.ControllerActionInvoker[1]
      Execution plan of authorization filters (in the following order): None
dbug: Microsoft.AspNetCore.Mvc.Infrastructure.ControllerActionInvoker[1]
      Execution plan of resource filters (in the following order): Microsoft.AspNetCore.Mvc.ViewFeatures.Filters.SaveTempDataFilter
dbug: Microsoft.AspNetCore.Mvc.Infrastructure.ControllerActionInvoker[1]
      Execution plan of action filters (in the following order): Microsoft.AspNetCore.Mvc.Filters.ControllerActionFilter (Order: -2147483648), Microsoft.AspNetCore.Mvc.ModelBinding.UnsupportedContentTypeFilter (Order: -3000)
dbug: Microsoft.AspNetCore.Mvc.Infrastructure.ControllerActionInvoker[1]
      Execution plan of exception filters (in the following order): None
dbug: Microsoft.AspNetCore.Mvc.Infrastructure.ControllerActionInvoker[1]
      Execution plan of result filters (in the following order): Microsoft.AspNetCore.Mvc.ViewFeatures.Filters.SaveTempDataFilter
dbug: Microsoft.AspNetCore.Mvc.Infrastructure.ControllerActionInvoker[1]
      Executing controller factory for controller ParcelManagement2.Controllers.HomeController (ParcelProject)
dbug: ParcelManagement2.Models.DBConn[0]
      資料庫連線字串已設定
dbug: Microsoft.AspNetCore.Mvc.Infrastructure.ControllerActionInvoker[2]
      Executed controller factory for controller ParcelManagement2.Controllers.HomeController (ParcelProject)
dbug: Microsoft.AspNetCore.Mvc.Razor.RazorViewEngine[1]
      View lookup cache miss for view 'Index' in controller 'Home'.
dbug: Microsoft.AspNetCore.Mvc.Razor.Compilation.DefaultViewCompiler[3]
      Initializing Razor view compiler with compiled view: '/Views/Account/AccessDenied.cshtml'.
dbug: Microsoft.AspNetCore.Mvc.Razor.Compilation.DefaultViewCompiler[3]
      Initializing Razor view compiler with compiled view: '/Views/Account/Login.cshtml'.
dbug: Microsoft.AspNetCore.Mvc.Razor.Compilation.DefaultViewCompiler[3]
      Initializing Razor view compiler with compiled view: '/Views/Home/Index.cshtml'.
dbug: Microsoft.AspNetCore.Mvc.Razor.Compilation.DefaultViewCompiler[3]
      Initializing Razor view compiler with compiled view: '/Views/Home/Index_back.cshtml'.
dbug: Microsoft.AspNetCore.Mvc.Razor.Compilation.DefaultViewCompiler[3]
      Initializing Razor view compiler with compiled view: '/Views/Home/Packages.cshtml'.
dbug: Microsoft.AspNetCore.Mvc.Razor.Compilation.DefaultViewCompiler[3]
      Initializing Razor view compiler with compiled view: '/Views/Home/Privacy.cshtml'.
dbug: Microsoft.AspNetCore.Mvc.Razor.Compilation.DefaultViewCompiler[3]
      Initializing Razor view compiler with compiled view: '/Views/Resident/Edit.cshtml'.
dbug: Microsoft.AspNetCore.Mvc.Razor.Compilation.DefaultViewCompiler[3]
      Initializing Razor view compiler with compiled view: '/Views/Resident/Home.cshtml'.
dbug: Microsoft.AspNetCore.Mvc.Razor.Compilation.DefaultViewCompiler[3]
      Initializing Razor view compiler with compiled view: '/Views/Resident/MyPackages.cshtml'.
dbug: Microsoft.AspNetCore.Mvc.Razor.Compilation.DefaultViewCompiler[3]
      Initializing Razor view compiler with compiled view: '/Views/Resident/PackagePhoto.cshtml'.
dbug: Microsoft.AspNetCore.Mvc.Razor.Compilation.DefaultViewCompiler[3]
      Initializing Razor view compiler with compiled view: '/Views/Shared/Error.cshtml'.
dbug: Microsoft.AspNetCore.Mvc.Razor.Compilation.DefaultViewCompiler[3]
      Initializing Razor view compiler with compiled view: '/Views/Shared/_AdminLayout.cshtml'.
dbug: Microsoft.AspNetCore.Mvc.Razor.Compilation.DefaultViewCompiler[3]
      Initializing Razor view compiler with compiled view: '/Views/Shared/_Layout.cshtml'.
dbug: Microsoft.AspNetCore.Mvc.Razor.Compilation.DefaultViewCompiler[3]
      Initializing Razor view compiler with compiled view: '/Views/Shared/_ResidentLayout.cshtml'.
dbug: Microsoft.AspNetCore.Mvc.Razor.Compilation.DefaultViewCompiler[3]
      Initializing Razor view compiler with compiled view: '/Views/Shared/_ValidationScriptsPartial.cshtml'.
dbug: Microsoft.AspNetCore.Mvc.Razor.Compilation.DefaultViewCompiler[3]
      Initializing Razor view compiler with compiled view: '/Views/_ViewImports.cshtml'.
dbug: Microsoft.AspNetCore.Mvc.Razor.Compilation.DefaultViewCompiler[3]
      Initializing Razor view compiler with compiled view: '/Views/_ViewStart.cshtml'.
dbug: Microsoft.AspNetCore.Mvc.Razor.Compilation.DefaultViewCompiler[3]
      Initializing Razor view compiler with compiled view: '/Views/Shared/_Layout_back.cshtml'.
info: Microsoft.AspNetCore.Mvc.ViewFeatures.ViewResultExecutor[1]
      Executing ViewResult, running view Index.
dbug: Microsoft.AspNetCore.Mvc.ViewFeatures.ViewResultExecutor[2]
      The view path '/Views/Home/Index.cshtml' was found in 24.4063ms.
dbug: Microsoft.AspNetCore.Antiforgery.DefaultAntiforgery[6]
      An antiforgery cookie token was reused.
dbug: Microsoft.WebTools.BrowserLink.Net.BrowserLinkMiddleware[1]
      Response markup is scheduled to include Browser Link script injection.
dbug: Microsoft.AspNetCore.Watch.BrowserRefresh.BrowserRefreshMiddleware[1]
      Response markup is scheduled to include browser refresh script injection.
info: Microsoft.AspNetCore.Mvc.ViewFeatures.ViewResultExecutor[4]
      Executed ViewResult - view Index executed in 35.3415ms.
info: Microsoft.AspNetCore.Mvc.Infrastructure.ControllerActionInvoker[105]
      Executed action ParcelManagement2.Controllers.HomeController.Index (ParcelProject) in 40.3142ms
info: Microsoft.AspNetCore.Routing.EndpointMiddleware[1]
      Executed endpoint 'ParcelManagement2.Controllers.HomeController.Index (ParcelProject)'
dbug: Microsoft.WebTools.BrowserLink.Net.BrowserLinkMiddleware[2]
      Response markup was updated to include Browser Link script injection.
dbug: Microsoft.AspNetCore.Watch.BrowserRefresh.BrowserRefreshMiddleware[2]
      Response markup was updated to include browser refresh script injection.
dbug: Microsoft.AspNetCore.Server.IIS.Core.IISHttpServer[1]
      Connection ID "18374686540606472322" disconnecting.
info: Microsoft.AspNetCore.Hosting.Diagnostics[2]
      Request finished HTTP/2 GET https://localhost:44353/Home/Index - 200 - text/html;+charset=utf-8 69.8578ms
info: Microsoft.AspNetCore.Hosting.Diagnostics[1]
      Request starting HTTP/2 GET https://localhost:44353/_framework/aspnetcore-browser-refresh.js - - -
info: Microsoft.AspNetCore.Hosting.Diagnostics[1]
      Request starting HTTP/2 GET https://localhost:44353/_vs/browserLink - - -
dbug: Microsoft.AspNetCore.Watch.BrowserRefresh.BrowserScriptMiddleware[0]
      Script injected: /_framework/aspnetcore-browser-refresh.js
info: Microsoft.AspNetCore.Hosting.Diagnostics[2]
      Request finished HTTP/2 GET https://localhost:44353/_framework/aspnetcore-browser-refresh.js - 200 16511 application/javascript;+charset=utf-8 4.7832ms
dbug: Microsoft.AspNetCore.Server.IIS.Core.IISHttpServer[1]
      Connection ID "18302628946568544263" disconnecting.
dbug: Microsoft.AspNetCore.Server.IIS.Core.IISHttpServer[1]
      Connection ID "18374686540606472324" disconnecting.
info: Microsoft.AspNetCore.Hosting.Diagnostics[2]
      Request finished HTTP/2 GET https://localhost:44353/_vs/browserLink - 200 - text/javascript;+charset=UTF-8 11.9595ms
info: Microsoft.AspNetCore.Hosting.Diagnostics[1]
      Request starting HTTP/2 POST https://localhost:44353/Home/GetResidentPackageStats - - 0
dbug: Microsoft.AspNetCore.StaticFiles.StaticFileMiddleware[1]
      POST requests are not supported
dbug: Microsoft.AspNetCore.Routing.Matching.DfaMatcher[1001]
      1 candidate(s) found for the request path '/Home/GetResidentPackageStats'
dbug: Microsoft.AspNetCore.Routing.Matching.DfaMatcher[1005]
      Endpoint 'ParcelManagement2.Controllers.HomeController.GetResidentPackageStats (ParcelProject)' with route pattern '{controller=Account}/{action=Login}/{id?}' is valid for the request path '/Home/GetResidentPackageStats'
dbug: Microsoft.AspNetCore.Routing.EndpointRoutingMiddleware[1]
      Request matched endpoint 'ParcelManagement2.Controllers.HomeController.GetResidentPackageStats (ParcelProject)'
dbug: Microsoft.AspNetCore.Authentication.Cookies.CookieAuthenticationHandler[8]
      AuthenticationScheme: Cookies was successfully authenticated.
dbug: Microsoft.AspNetCore.Authorization.DefaultAuthorizationService[1]
      Authorization was successful.
info: Microsoft.AspNetCore.Routing.EndpointMiddleware[0]
      Executing endpoint 'ParcelManagement2.Controllers.HomeController.GetResidentPackageStats (ParcelProject)'
info: Microsoft.AspNetCore.Mvc.Infrastructure.ControllerActionInvoker[102]
      Route matched with {action = "GetResidentPackageStats", controller = "Home"}. Executing controller action with signature Microsoft.AspNetCore.Mvc.IActionResult GetResidentPackageStats() on controller ParcelManagement2.Controllers.HomeController (ParcelProject).
dbug: Microsoft.AspNetCore.Mvc.Infrastructure.ControllerActionInvoker[1]
      Execution plan of authorization filters (in the following order): None
dbug: Microsoft.AspNetCore.Mvc.Infrastructure.ControllerActionInvoker[1]
      Execution plan of resource filters (in the following order): Microsoft.AspNetCore.Mvc.ViewFeatures.Filters.SaveTempDataFilter
dbug: Microsoft.AspNetCore.Mvc.Infrastructure.ControllerActionInvoker[1]
      Execution plan of action filters (in the following order): Microsoft.AspNetCore.Mvc.Filters.ControllerActionFilter (Order: -2147483648), Microsoft.AspNetCore.Mvc.ModelBinding.UnsupportedContentTypeFilter (Order: -3000)
dbug: Microsoft.AspNetCore.Mvc.Infrastructure.ControllerActionInvoker[1]
      Execution plan of exception filters (in the following order): None
dbug: Microsoft.AspNetCore.Mvc.Infrastructure.ControllerActionInvoker[1]
      Execution plan of result filters (in the following order): Microsoft.AspNetCore.Mvc.ViewFeatures.Filters.SaveTempDataFilter
dbug: Microsoft.AspNetCore.Mvc.Infrastructure.ControllerActionInvoker[1]
      Executing controller factory for controller ParcelManagement2.Controllers.HomeController (ParcelProject)
dbug: ParcelManagement2.Models.DBConn[0]
      資料庫連線字串已設定
dbug: Microsoft.AspNetCore.Mvc.Infrastructure.ControllerActionInvoker[2]
      Executed controller factory for controller ParcelManagement2.Controllers.HomeController (ParcelProject)
dbug: ParcelManagement2.Models.DBConn[0]
      查詢成功，返回 28 行數據
info: Microsoft.AspNetCore.Mvc.Infrastructure.ContentResultExecutor[1]
      Executing ContentResult with HTTP Response ContentType of application/json
info: Microsoft.AspNetCore.Mvc.Infrastructure.ControllerActionInvoker[105]
      Executed action ParcelManagement2.Controllers.HomeController.GetResidentPackageStats (ParcelProject) in 36.0718ms
info: Microsoft.AspNetCore.Routing.EndpointMiddleware[1]
      Executed endpoint 'ParcelManagement2.Controllers.HomeController.GetResidentPackageStats (ParcelProject)'
info: Microsoft.AspNetCore.Hosting.Diagnostics[2]
      Request finished HTTP/2 POST https://localhost:44353/Home/GetResidentPackageStats - 200 2790 application/json 67.9938ms
dbug: Microsoft.AspNetCore.Server.IIS.Core.IISHttpServer[1]
      Connection ID "18374686497656799327" disconnecting.
info: Microsoft.AspNetCore.Hosting.Diagnostics[1]
      Request starting HTTP/2 GET https://localhost:44353/Home/Index - - -
dbug: Microsoft.AspNetCore.StaticFiles.StaticFileMiddleware[4]
      The request path /Home/Index does not match a supported file type
dbug: Microsoft.AspNetCore.Routing.Matching.DfaMatcher[1001]
      1 candidate(s) found for the request path '/Home/Index'
dbug: Microsoft.AspNetCore.Routing.Matching.DfaMatcher[1005]
      Endpoint 'ParcelManagement2.Controllers.HomeController.Index (ParcelProject)' with route pattern '{controller=Account}/{action=Login}/{id?}' is valid for the request path '/Home/Index'
dbug: Microsoft.AspNetCore.Routing.EndpointRoutingMiddleware[1]
      Request matched endpoint 'ParcelManagement2.Controllers.HomeController.Index (ParcelProject)'
dbug: Microsoft.AspNetCore.Authentication.Cookies.CookieAuthenticationHandler[8]
      AuthenticationScheme: Cookies was successfully authenticated.
dbug: Microsoft.AspNetCore.Authorization.DefaultAuthorizationService[1]
      Authorization was successful.
info: Microsoft.AspNetCore.Routing.EndpointMiddleware[0]
      Executing endpoint 'ParcelManagement2.Controllers.HomeController.Index (ParcelProject)'
info: Microsoft.AspNetCore.Mvc.Infrastructure.ControllerActionInvoker[102]
      Route matched with {action = "Index", controller = "Home"}. Executing controller action with signature Microsoft.AspNetCore.Mvc.IActionResult Index() on controller ParcelManagement2.Controllers.HomeController (ParcelProject).
dbug: Microsoft.AspNetCore.Mvc.Infrastructure.ControllerActionInvoker[1]
      Execution plan of authorization filters (in the following order): None
dbug: Microsoft.AspNetCore.Mvc.Infrastructure.ControllerActionInvoker[1]
      Execution plan of resource filters (in the following order): Microsoft.AspNetCore.Mvc.ViewFeatures.Filters.SaveTempDataFilter
dbug: Microsoft.AspNetCore.Mvc.Infrastructure.ControllerActionInvoker[1]
      Execution plan of action filters (in the following order): Microsoft.AspNetCore.Mvc.Filters.ControllerActionFilter (Order: -2147483648), Microsoft.AspNetCore.Mvc.ModelBinding.UnsupportedContentTypeFilter (Order: -3000)
dbug: Microsoft.AspNetCore.Mvc.Infrastructure.ControllerActionInvoker[1]
      Execution plan of exception filters (in the following order): None
dbug: Microsoft.AspNetCore.Mvc.Infrastructure.ControllerActionInvoker[1]
      Execution plan of result filters (in the following order): Microsoft.AspNetCore.Mvc.ViewFeatures.Filters.SaveTempDataFilter
dbug: Microsoft.AspNetCore.Mvc.Infrastructure.ControllerActionInvoker[1]
      Executing controller factory for controller ParcelManagement2.Controllers.HomeController (ParcelProject)
dbug: ParcelManagement2.Models.DBConn[0]
      資料庫連線字串已設定
dbug: Microsoft.AspNetCore.Mvc.Infrastructure.ControllerActionInvoker[2]
      Executed controller factory for controller ParcelManagement2.Controllers.HomeController (ParcelProject)
dbug: Microsoft.AspNetCore.Mvc.Razor.RazorViewEngine[2]
      View lookup cache hit for view 'Index' in controller 'Home'.
info: Microsoft.AspNetCore.Mvc.ViewFeatures.ViewResultExecutor[1]
      Executing ViewResult, running view Index.
dbug: Microsoft.AspNetCore.Mvc.ViewFeatures.ViewResultExecutor[2]
      The view path '/Views/Home/Index.cshtml' was found in 2.176ms.
dbug: Microsoft.AspNetCore.Antiforgery.DefaultAntiforgery[6]
      An antiforgery cookie token was reused.
dbug: Microsoft.WebTools.BrowserLink.Net.BrowserLinkMiddleware[1]
      Response markup is scheduled to include Browser Link script injection.
dbug: Microsoft.AspNetCore.Watch.BrowserRefresh.BrowserRefreshMiddleware[1]
      Response markup is scheduled to include browser refresh script injection.
info: Microsoft.AspNetCore.Mvc.ViewFeatures.ViewResultExecutor[4]
      Executed ViewResult - view Index executed in 7.5337ms.
info: Microsoft.AspNetCore.Mvc.Infrastructure.ControllerActionInvoker[105]
      Executed action ParcelManagement2.Controllers.HomeController.Index (ParcelProject) in 12.1309ms
info: Microsoft.AspNetCore.Routing.EndpointMiddleware[1]
      Executed endpoint 'ParcelManagement2.Controllers.HomeController.Index (ParcelProject)'
dbug: Microsoft.WebTools.BrowserLink.Net.BrowserLinkMiddleware[2]
      Response markup was updated to include Browser Link script injection.
dbug: Microsoft.AspNetCore.Watch.BrowserRefresh.BrowserRefreshMiddleware[2]
      Response markup was updated to include browser refresh script injection.
dbug: Microsoft.AspNetCore.Server.IIS.Core.IISHttpServer[1]
      Connection ID "18014398561826898048" disconnecting.
info: Microsoft.AspNetCore.Hosting.Diagnostics[2]
      Request finished HTTP/2 GET https://localhost:44353/Home/Index - 200 - text/html;+charset=utf-8 38.8503ms
info: Microsoft.AspNetCore.Hosting.Diagnostics[1]
      Request starting HTTP/2 POST https://localhost:44353/Home/GetResidentPackageStats - - 0
dbug: Microsoft.AspNetCore.StaticFiles.StaticFileMiddleware[1]
      POST requests are not supported
dbug: Microsoft.AspNetCore.Routing.Matching.DfaMatcher[1001]
      1 candidate(s) found for the request path '/Home/GetResidentPackageStats'
dbug: Microsoft.AspNetCore.Routing.Matching.DfaMatcher[1005]
      Endpoint 'ParcelManagement2.Controllers.HomeController.GetResidentPackageStats (ParcelProject)' with route pattern '{controller=Account}/{action=Login}/{id?}' is valid for the request path '/Home/GetResidentPackageStats'
dbug: Microsoft.AspNetCore.Routing.EndpointRoutingMiddleware[1]
      Request matched endpoint 'ParcelManagement2.Controllers.HomeController.GetResidentPackageStats (ParcelProject)'
info: Microsoft.AspNetCore.Hosting.Diagnostics[1]
      Request starting HTTP/2 GET https://localhost:44353/_vs/browserLink - - -
info: Microsoft.AspNetCore.Hosting.Diagnostics[1]
      Request starting HTTP/2 GET https://localhost:44353/_framework/aspnetcore-browser-refresh.js - - -
dbug: Microsoft.AspNetCore.Authentication.Cookies.CookieAuthenticationHandler[8]
      AuthenticationScheme: Cookies was successfully authenticated.
dbug: Microsoft.AspNetCore.Watch.BrowserRefresh.BrowserScriptMiddleware[0]
      Script injected: /_framework/aspnetcore-browser-refresh.js
dbug: Microsoft.AspNetCore.Authorization.DefaultAuthorizationService[1]
      Authorization was successful.
info: Microsoft.AspNetCore.Hosting.Diagnostics[2]
      Request finished HTTP/2 GET https://localhost:44353/_framework/aspnetcore-browser-refresh.js - 200 16511 application/javascript;+charset=utf-8 7.8943ms
dbug: Microsoft.AspNetCore.Server.IIS.Core.IISHttpServer[1]
      Connection ID "18302628895028936757" disconnecting.
info: Microsoft.AspNetCore.Routing.EndpointMiddleware[0]
      Executing endpoint 'ParcelManagement2.Controllers.HomeController.GetResidentPackageStats (ParcelProject)'
info: Microsoft.AspNetCore.Mvc.Infrastructure.ControllerActionInvoker[102]
      Route matched with {action = "GetResidentPackageStats", controller = "Home"}. Executing controller action with signature Microsoft.AspNetCore.Mvc.IActionResult GetResidentPackageStats() on controller ParcelManagement2.Controllers.HomeController (ParcelProject).
dbug: Microsoft.AspNetCore.Mvc.Infrastructure.ControllerActionInvoker[1]
      Execution plan of authorization filters (in the following order): None
dbug: Microsoft.AspNetCore.Mvc.Infrastructure.ControllerActionInvoker[1]
      Execution plan of resource filters (in the following order): Microsoft.AspNetCore.Mvc.ViewFeatures.Filters.SaveTempDataFilter
dbug: Microsoft.AspNetCore.Mvc.Infrastructure.ControllerActionInvoker[1]
      Execution plan of action filters (in the following order): Microsoft.AspNetCore.Mvc.Filters.ControllerActionFilter (Order: -2147483648), Microsoft.AspNetCore.Mvc.ModelBinding.UnsupportedContentTypeFilter (Order: -3000)
dbug: Microsoft.AspNetCore.Mvc.Infrastructure.ControllerActionInvoker[1]
      Execution plan of exception filters (in the following order): None
dbug: Microsoft.AspNetCore.Mvc.Infrastructure.ControllerActionInvoker[1]
      Execution plan of result filters (in the following order): Microsoft.AspNetCore.Mvc.ViewFeatures.Filters.SaveTempDataFilter
dbug: Microsoft.AspNetCore.Mvc.Infrastructure.ControllerActionInvoker[1]
      Executing controller factory for controller ParcelManagement2.Controllers.HomeController (ParcelProject)
dbug: ParcelManagement2.Models.DBConn[0]
      資料庫連線字串已設定
dbug: Microsoft.AspNetCore.Mvc.Infrastructure.ControllerActionInvoker[2]
      Executed controller factory for controller ParcelManagement2.Controllers.HomeController (ParcelProject)
dbug: Microsoft.AspNetCore.Server.IIS.Core.IISHttpServer[1]
      Connection ID "17942340942019166224" disconnecting.
info: Microsoft.AspNetCore.Hosting.Diagnostics[2]
      Request finished HTTP/2 GET https://localhost:44353/_vs/browserLink - 200 - text/javascript;+charset=UTF-8 37.5472ms
dbug: ParcelManagement2.Models.DBConn[0]
      查詢成功，返回 28 行數據
info: Microsoft.AspNetCore.Mvc.Infrastructure.ContentResultExecutor[1]
      Executing ContentResult with HTTP Response ContentType of application/json
info: Microsoft.AspNetCore.Mvc.Infrastructure.ControllerActionInvoker[105]
      Executed action ParcelManagement2.Controllers.HomeController.GetResidentPackageStats (ParcelProject) in 31.0342ms
info: Microsoft.AspNetCore.Routing.EndpointMiddleware[1]
      Executed endpoint 'ParcelManagement2.Controllers.HomeController.GetResidentPackageStats (ParcelProject)'
info: Microsoft.AspNetCore.Hosting.Diagnostics[2]
      Request finished HTTP/2 POST https://localhost:44353/Home/GetResidentPackageStats - 200 2790 application/json 67.4421ms
dbug: Microsoft.AspNetCore.Server.IIS.Core.IISHttpServer[1]
      Connection ID "17942340950609100810" disconnecting.
info: Microsoft.AspNetCore.Hosting.Diagnostics[1]
      Request starting HTTP/2 GET https://localhost:44353/Home/Packages - - -
dbug: Microsoft.AspNetCore.StaticFiles.StaticFileMiddleware[4]
      The request path /Home/Packages does not match a supported file type
dbug: Microsoft.AspNetCore.Routing.Matching.DfaMatcher[1001]
      1 candidate(s) found for the request path '/Home/Packages'
dbug: Microsoft.AspNetCore.Routing.Matching.DfaMatcher[1005]
      Endpoint 'ParcelManagement2.Controllers.HomeController.Packages (ParcelProject)' with route pattern '{controller=Account}/{action=Login}/{id?}' is valid for the request path '/Home/Packages'
dbug: Microsoft.AspNetCore.Routing.EndpointRoutingMiddleware[1]
      Request matched endpoint 'ParcelManagement2.Controllers.HomeController.Packages (ParcelProject)'
dbug: Microsoft.AspNetCore.Authentication.Cookies.CookieAuthenticationHandler[8]
      AuthenticationScheme: Cookies was successfully authenticated.
dbug: Microsoft.AspNetCore.Authorization.DefaultAuthorizationService[1]
      Authorization was successful.
info: Microsoft.AspNetCore.Routing.EndpointMiddleware[0]
      Executing endpoint 'ParcelManagement2.Controllers.HomeController.Packages (ParcelProject)'
info: Microsoft.AspNetCore.Mvc.Infrastructure.ControllerActionInvoker[102]
      Route matched with {action = "Packages", controller = "Home"}. Executing controller action with signature Microsoft.AspNetCore.Mvc.IActionResult Packages() on controller ParcelManagement2.Controllers.HomeController (ParcelProject).
dbug: Microsoft.AspNetCore.Mvc.Infrastructure.ControllerActionInvoker[1]
      Execution plan of authorization filters (in the following order): None
dbug: Microsoft.AspNetCore.Mvc.Infrastructure.ControllerActionInvoker[1]
      Execution plan of resource filters (in the following order): Microsoft.AspNetCore.Mvc.ViewFeatures.Filters.SaveTempDataFilter
dbug: Microsoft.AspNetCore.Mvc.Infrastructure.ControllerActionInvoker[1]
      Execution plan of action filters (in the following order): Microsoft.AspNetCore.Mvc.Filters.ControllerActionFilter (Order: -2147483648), Microsoft.AspNetCore.Mvc.ModelBinding.UnsupportedContentTypeFilter (Order: -3000)
dbug: Microsoft.AspNetCore.Mvc.Infrastructure.ControllerActionInvoker[1]
      Execution plan of exception filters (in the following order): None
dbug: Microsoft.AspNetCore.Mvc.Infrastructure.ControllerActionInvoker[1]
      Execution plan of result filters (in the following order): Microsoft.AspNetCore.Mvc.ViewFeatures.Filters.SaveTempDataFilter
dbug: Microsoft.AspNetCore.Mvc.Infrastructure.ControllerActionInvoker[1]
      Executing controller factory for controller ParcelManagement2.Controllers.HomeController (ParcelProject)
dbug: ParcelManagement2.Models.DBConn[0]
      資料庫連線字串已設定
dbug: Microsoft.AspNetCore.Mvc.Infrastructure.ControllerActionInvoker[2]
      Executed controller factory for controller ParcelManagement2.Controllers.HomeController (ParcelProject)
dbug: Microsoft.AspNetCore.Mvc.Razor.RazorViewEngine[1]
      View lookup cache miss for view 'Packages' in controller 'Home'.
info: Microsoft.AspNetCore.Mvc.ViewFeatures.ViewResultExecutor[1]
      Executing ViewResult, running view Packages.
dbug: Microsoft.AspNetCore.Mvc.ViewFeatures.ViewResultExecutor[2]
      The view path '/Views/Home/Packages.cshtml' was found in 3.5879ms.
dbug: Microsoft.AspNetCore.Antiforgery.DefaultAntiforgery[6]
      An antiforgery cookie token was reused.
dbug: Microsoft.WebTools.BrowserLink.Net.BrowserLinkMiddleware[1]
      Response markup is scheduled to include Browser Link script injection.
dbug: Microsoft.AspNetCore.Watch.BrowserRefresh.BrowserRefreshMiddleware[1]
      Response markup is scheduled to include browser refresh script injection.
info: Microsoft.AspNetCore.Mvc.ViewFeatures.ViewResultExecutor[4]
      Executed ViewResult - view Packages executed in 11.8423ms.
info: Microsoft.AspNetCore.Mvc.Infrastructure.ControllerActionInvoker[105]
      Executed action ParcelManagement2.Controllers.HomeController.Packages (ParcelProject) in 18.5974ms
info: Microsoft.AspNetCore.Routing.EndpointMiddleware[1]
      Executed endpoint 'ParcelManagement2.Controllers.HomeController.Packages (ParcelProject)'
dbug: Microsoft.WebTools.BrowserLink.Net.BrowserLinkMiddleware[2]
      Response markup was updated to include Browser Link script injection.
dbug: Microsoft.AspNetCore.Watch.BrowserRefresh.BrowserRefreshMiddleware[2]
      Response markup was updated to include browser refresh script injection.
dbug: Microsoft.AspNetCore.Server.IIS.Core.IISHttpServer[1]
      Connection ID "18158513698363146362" disconnecting.
info: Microsoft.AspNetCore.Hosting.Diagnostics[2]
      Request finished HTTP/2 GET https://localhost:44353/Home/Packages - 200 - text/html;+charset=utf-8 79.7842ms
info: Microsoft.AspNetCore.Hosting.Diagnostics[1]
      Request starting HTTP/2 POST https://localhost:44353/Home/GetAllProduct - - 0
info: Microsoft.AspNetCore.Hosting.Diagnostics[1]
      Request starting HTTP/2 POST https://localhost:44353/Home/BuildProdTypeList - - 0
info: Microsoft.AspNetCore.Hosting.Diagnostics[1]
      Request starting HTTP/2 POST https://localhost:44353/Home/BuildResidentList - - 0
dbug: Microsoft.AspNetCore.StaticFiles.StaticFileMiddleware[1]
      POST requests are not supported
info: Microsoft.AspNetCore.Hosting.Diagnostics[1]
      Request starting HTTP/2 POST https://localhost:44353/Home/GetAllProduct - - 0
dbug: Microsoft.AspNetCore.StaticFiles.StaticFileMiddleware[1]
      POST requests are not supported
dbug: Microsoft.AspNetCore.StaticFiles.StaticFileMiddleware[1]
      POST requests are not supported
info: Microsoft.AspNetCore.Hosting.Diagnostics[1]
      Request starting HTTP/2 GET https://localhost:44353/_vs/browserLink - - -
dbug: Microsoft.AspNetCore.Routing.Matching.DfaMatcher[1001]
      1 candidate(s) found for the request path '/Home/BuildResidentList'
dbug: Microsoft.AspNetCore.Routing.Matching.DfaMatcher[1005]
      Endpoint 'ParcelManagement2.Controllers.HomeController.BuildResidentList (ParcelProject)' with route pattern '{controller=Account}/{action=Login}/{id?}' is valid for the request path '/Home/BuildResidentList'
dbug: Microsoft.AspNetCore.Routing.Matching.DfaMatcher[1001]
      1 candidate(s) found for the request path '/Home/GetAllProduct'
dbug: Microsoft.AspNetCore.Routing.Matching.DfaMatcher[1005]
      Endpoint 'ParcelManagement2.Controllers.HomeController.GetAllProduct (ParcelProject)' with route pattern '{controller=Account}/{action=Login}/{id?}' is valid for the request path '/Home/GetAllProduct'
dbug: Microsoft.AspNetCore.Routing.EndpointRoutingMiddleware[1]
      Request matched endpoint 'ParcelManagement2.Controllers.HomeController.GetAllProduct (ParcelProject)'
info: Microsoft.AspNetCore.Hosting.Diagnostics[1]
      Request starting HTTP/2 GET https://localhost:44353/_framework/aspnetcore-browser-refresh.js - - -
dbug: Microsoft.AspNetCore.Authentication.Cookies.CookieAuthenticationHandler[8]
      AuthenticationScheme: Cookies was successfully authenticated.
dbug: Microsoft.AspNetCore.Routing.EndpointRoutingMiddleware[1]
      Request matched endpoint 'ParcelManagement2.Controllers.HomeController.BuildResidentList (ParcelProject)'
dbug: Microsoft.AspNetCore.Authorization.DefaultAuthorizationService[1]
      Authorization was successful.
dbug: Microsoft.AspNetCore.Authentication.Cookies.CookieAuthenticationHandler[8]
      AuthenticationScheme: Cookies was successfully authenticated.
info: Microsoft.AspNetCore.Routing.EndpointMiddleware[0]
      Executing endpoint 'ParcelManagement2.Controllers.HomeController.GetAllProduct (ParcelProject)'
dbug: Microsoft.AspNetCore.Authorization.DefaultAuthorizationService[1]
      Authorization was successful.
info: Microsoft.AspNetCore.Routing.EndpointMiddleware[0]
      Executing endpoint 'ParcelManagement2.Controllers.HomeController.BuildResidentList (ParcelProject)'
dbug: Microsoft.AspNetCore.Server.IIS.Core.IISHttpServer[1]
      Connection ID "18302628946568544265" disconnecting.
info: Microsoft.AspNetCore.Hosting.Diagnostics[2]
      Request finished HTTP/2 GET https://localhost:44353/_vs/browserLink - 200 - text/javascript;+charset=UTF-8 67.9545ms
info: Microsoft.AspNetCore.Mvc.Infrastructure.ControllerActionInvoker[102]
      Route matched with {action = "GetAllProduct", controller = "Home"}. Executing controller action with signature System.Threading.Tasks.Task`1[Microsoft.AspNetCore.Mvc.JsonResult] GetAllProduct() on controller ParcelManagement2.Controllers.HomeController (ParcelProject).
dbug: Microsoft.AspNetCore.StaticFiles.StaticFileMiddleware[1]
      POST requests are not supported
info: Microsoft.AspNetCore.Mvc.Infrastructure.ControllerActionInvoker[102]
      Route matched with {action = "BuildResidentList", controller = "Home"}. Executing controller action with signature System.Threading.Tasks.Task`1[Microsoft.AspNetCore.Mvc.JsonResult] BuildResidentList() on controller ParcelManagement2.Controllers.HomeController (ParcelProject).
dbug: Microsoft.AspNetCore.Mvc.Infrastructure.ControllerActionInvoker[1]
      Execution plan of authorization filters (in the following order): None
dbug: Microsoft.AspNetCore.Mvc.Infrastructure.ControllerActionInvoker[1]
      Execution plan of authorization filters (in the following order): None
dbug: Microsoft.AspNetCore.Mvc.Infrastructure.ControllerActionInvoker[1]
      Execution plan of resource filters (in the following order): Microsoft.AspNetCore.Mvc.ViewFeatures.Filters.SaveTempDataFilter
dbug: Microsoft.AspNetCore.Mvc.Infrastructure.ControllerActionInvoker[1]
      Execution plan of resource filters (in the following order): Microsoft.AspNetCore.Mvc.ViewFeatures.Filters.SaveTempDataFilter
dbug: Microsoft.AspNetCore.Mvc.Infrastructure.ControllerActionInvoker[1]
      Execution plan of action filters (in the following order): Microsoft.AspNetCore.Mvc.Filters.ControllerActionFilter (Order: -2147483648), Microsoft.AspNetCore.Mvc.ModelBinding.UnsupportedContentTypeFilter (Order: -3000)
dbug: Microsoft.AspNetCore.Mvc.Infrastructure.ControllerActionInvoker[1]
      Execution plan of action filters (in the following order): Microsoft.AspNetCore.Mvc.Filters.ControllerActionFilter (Order: -2147483648), Microsoft.AspNetCore.Mvc.ModelBinding.UnsupportedContentTypeFilter (Order: -3000)
dbug: Microsoft.AspNetCore.Mvc.Infrastructure.ControllerActionInvoker[1]
      Execution plan of exception filters (in the following order): None
dbug: Microsoft.AspNetCore.Mvc.Infrastructure.ControllerActionInvoker[1]
      Execution plan of exception filters (in the following order): None
dbug: Microsoft.AspNetCore.Mvc.Infrastructure.ControllerActionInvoker[1]
      Execution plan of result filters (in the following order): Microsoft.AspNetCore.Mvc.ViewFeatures.Filters.SaveTempDataFilter
dbug: Microsoft.AspNetCore.Mvc.Infrastructure.ControllerActionInvoker[1]
      Execution plan of result filters (in the following order): Microsoft.AspNetCore.Mvc.ViewFeatures.Filters.SaveTempDataFilter
dbug: Microsoft.AspNetCore.Mvc.Infrastructure.ControllerActionInvoker[1]
      Executing controller factory for controller ParcelManagement2.Controllers.HomeController (ParcelProject)
dbug: Microsoft.AspNetCore.Mvc.Infrastructure.ControllerActionInvoker[1]
      Executing controller factory for controller ParcelManagement2.Controllers.HomeController (ParcelProject)
dbug: ParcelManagement2.Models.DBConn[0]
      資料庫連線字串已設定
dbug: ParcelManagement2.Models.DBConn[0]
      資料庫連線字串已設定
dbug: Microsoft.AspNetCore.Mvc.Infrastructure.ControllerActionInvoker[2]
      Executed controller factory for controller ParcelManagement2.Controllers.HomeController (ParcelProject)
dbug: Microsoft.AspNetCore.Mvc.Infrastructure.ControllerActionInvoker[2]
      Executed controller factory for controller ParcelManagement2.Controllers.HomeController (ParcelProject)
dbug: Microsoft.AspNetCore.Routing.Matching.DfaMatcher[1001]
      1 candidate(s) found for the request path '/Home/BuildProdTypeList'
dbug: Microsoft.AspNetCore.Routing.Matching.DfaMatcher[1001]
      1 candidate(s) found for the request path '/Home/GetAllProduct'
dbug: Microsoft.AspNetCore.Routing.Matching.DfaMatcher[1005]
      Endpoint 'ParcelManagement2.Controllers.HomeController.BuildProdTypeList (ParcelProject)' with route pattern '{controller=Account}/{action=Login}/{id?}' is valid for the request path '/Home/BuildProdTypeList'
dbug: Microsoft.AspNetCore.Routing.Matching.DfaMatcher[1005]
      Endpoint 'ParcelManagement2.Controllers.HomeController.GetAllProduct (ParcelProject)' with route pattern '{controller=Account}/{action=Login}/{id?}' is valid for the request path '/Home/GetAllProduct'
dbug: Microsoft.AspNetCore.Routing.EndpointRoutingMiddleware[1]
      Request matched endpoint 'ParcelManagement2.Controllers.HomeController.BuildProdTypeList (ParcelProject)'
dbug: Microsoft.AspNetCore.Routing.EndpointRoutingMiddleware[1]
      Request matched endpoint 'ParcelManagement2.Controllers.HomeController.GetAllProduct (ParcelProject)'
dbug: ParcelManagement2.Models.DBConn[0]
      查詢成功，返回 28 行數據
dbug: Microsoft.AspNetCore.Authentication.Cookies.CookieAuthenticationHandler[8]
      AuthenticationScheme: Cookies was successfully authenticated.
info: Microsoft.AspNetCore.Mvc.Infrastructure.SystemTextJsonResultExecutor[1]
      Executing JsonResult, writing value of type 'System.Text.Json.JsonElement'.
dbug: Microsoft.AspNetCore.Authentication.Cookies.CookieAuthenticationHandler[8]
      AuthenticationScheme: Cookies was successfully authenticated.
dbug: Microsoft.AspNetCore.Authorization.DefaultAuthorizationService[1]
      Authorization was successful.
info: Microsoft.AspNetCore.Mvc.Infrastructure.ControllerActionInvoker[105]
      Executed action ParcelManagement2.Controllers.HomeController.BuildResidentList (ParcelProject) in 43.3443ms
info: Microsoft.AspNetCore.Routing.EndpointMiddleware[0]
      Executing endpoint 'ParcelManagement2.Controllers.HomeController.BuildProdTypeList (ParcelProject)'
info: Microsoft.AspNetCore.Routing.EndpointMiddleware[1]
      Executed endpoint 'ParcelManagement2.Controllers.HomeController.BuildResidentList (ParcelProject)'
info: Microsoft.AspNetCore.Hosting.Diagnostics[2]
      Request finished HTTP/2 POST https://localhost:44353/Home/BuildResidentList - 200 - application/json;+charset=utf-8 158.3722ms
dbug: Microsoft.AspNetCore.Server.IIS.Core.IISHttpServer[1]
      Connection ID "18086456147274891342" disconnecting.
dbug: ParcelManagement2.Models.DBConn[0]
      查詢成功，返回 134 行數據
info: Microsoft.AspNetCore.Mvc.Infrastructure.ControllerActionInvoker[102]
      Route matched with {action = "BuildProdTypeList", controller = "Home"}. Executing controller action with signature System.Threading.Tasks.Task`1[Microsoft.AspNetCore.Mvc.JsonResult] BuildProdTypeList() on controller ParcelManagement2.Controllers.HomeController (ParcelProject).
dbug: Microsoft.AspNetCore.Mvc.Infrastructure.ControllerActionInvoker[1]
      Execution plan of authorization filters (in the following order): None
info: Microsoft.AspNetCore.Mvc.Infrastructure.SystemTextJsonResultExecutor[1]
      Executing JsonResult, writing value of type 'System.Text.Json.JsonElement'.
dbug: Microsoft.AspNetCore.Authorization.DefaultAuthorizationService[1]
      Authorization was successful.
dbug: Microsoft.AspNetCore.Mvc.Infrastructure.ControllerActionInvoker[1]
      Execution plan of resource filters (in the following order): Microsoft.AspNetCore.Mvc.ViewFeatures.Filters.SaveTempDataFilter
info: Microsoft.AspNetCore.Mvc.Infrastructure.ControllerActionInvoker[105]
      Executed action ParcelManagement2.Controllers.HomeController.GetAllProduct (ParcelProject) in 62.862ms
info: Microsoft.AspNetCore.Routing.EndpointMiddleware[0]
      Executing endpoint 'ParcelManagement2.Controllers.HomeController.GetAllProduct (ParcelProject)'
info: Microsoft.AspNetCore.Routing.EndpointMiddleware[1]
      Executed endpoint 'ParcelManagement2.Controllers.HomeController.GetAllProduct (ParcelProject)'
dbug: Microsoft.AspNetCore.Mvc.Infrastructure.ControllerActionInvoker[1]
      Execution plan of action filters (in the following order): Microsoft.AspNetCore.Mvc.Filters.ControllerActionFilter (Order: -2147483648), Microsoft.AspNetCore.Mvc.ModelBinding.UnsupportedContentTypeFilter (Order: -3000)
info: Microsoft.AspNetCore.Hosting.Diagnostics[2]
      Request finished HTTP/2 POST https://localhost:44353/Home/GetAllProduct - 200 - application/json;+charset=utf-8 179.7969ms
dbug: Microsoft.AspNetCore.Server.IIS.Core.IISHttpServer[1]
      Connection ID "18158513741312819334" disconnecting.
dbug: Microsoft.AspNetCore.Mvc.Infrastructure.ControllerActionInvoker[1]
      Execution plan of exception filters (in the following order): None
dbug: Microsoft.AspNetCore.Mvc.Infrastructure.ControllerActionInvoker[1]
      Execution plan of result filters (in the following order): Microsoft.AspNetCore.Mvc.ViewFeatures.Filters.SaveTempDataFilter
dbug: Microsoft.AspNetCore.Mvc.Infrastructure.ControllerActionInvoker[1]
      Executing controller factory for controller ParcelManagement2.Controllers.HomeController (ParcelProject)
info: Microsoft.AspNetCore.Mvc.Infrastructure.ControllerActionInvoker[102]
      Route matched with {action = "GetAllProduct", controller = "Home"}. Executing controller action with signature System.Threading.Tasks.Task`1[Microsoft.AspNetCore.Mvc.JsonResult] GetAllProduct() on controller ParcelManagement2.Controllers.HomeController (ParcelProject).
dbug: ParcelManagement2.Models.DBConn[0]
      資料庫連線字串已設定
dbug: Microsoft.AspNetCore.Mvc.Infrastructure.ControllerActionInvoker[1]
      Execution plan of authorization filters (in the following order): None
dbug: Microsoft.AspNetCore.Mvc.Infrastructure.ControllerActionInvoker[2]
      Executed controller factory for controller ParcelManagement2.Controllers.HomeController (ParcelProject)
dbug: Microsoft.AspNetCore.Mvc.Infrastructure.ControllerActionInvoker[1]
      Execution plan of resource filters (in the following order): Microsoft.AspNetCore.Mvc.ViewFeatures.Filters.SaveTempDataFilter
dbug: Microsoft.AspNetCore.Mvc.Infrastructure.ControllerActionInvoker[1]
      Execution plan of action filters (in the following order): Microsoft.AspNetCore.Mvc.Filters.ControllerActionFilter (Order: -2147483648), Microsoft.AspNetCore.Mvc.ModelBinding.UnsupportedContentTypeFilter (Order: -3000)
dbug: Microsoft.AspNetCore.Watch.BrowserRefresh.BrowserScriptMiddleware[0]
      Script injected: /_framework/aspnetcore-browser-refresh.js
dbug: Microsoft.AspNetCore.Mvc.Infrastructure.ControllerActionInvoker[1]
      Execution plan of exception filters (in the following order): None
info: Microsoft.AspNetCore.Hosting.Diagnostics[2]
      Request finished HTTP/2 GET https://localhost:44353/_framework/aspnetcore-browser-refresh.js - 200 16511 application/javascript;+charset=utf-8 193.5911ms
dbug: Microsoft.AspNetCore.Server.IIS.Core.IISHttpServer[1]
      Connection ID "17942340950609100812" disconnecting.
dbug: Microsoft.AspNetCore.Mvc.Infrastructure.ControllerActionInvoker[1]
      Execution plan of result filters (in the following order): Microsoft.AspNetCore.Mvc.ViewFeatures.Filters.SaveTempDataFilter
dbug: ParcelManagement2.Models.DBConn[0]
      查詢成功，返回 2 行數據
info: Microsoft.AspNetCore.Mvc.Infrastructure.SystemTextJsonResultExecutor[1]
      Executing JsonResult, writing value of type 'System.Text.Json.JsonElement'.
dbug: Microsoft.AspNetCore.Mvc.Infrastructure.ControllerActionInvoker[1]
      Executing controller factory for controller ParcelManagement2.Controllers.HomeController (ParcelProject)
dbug: ParcelManagement2.Models.DBConn[0]
      資料庫連線字串已設定
dbug: Microsoft.AspNetCore.Mvc.Infrastructure.ControllerActionInvoker[2]
      Executed controller factory for controller ParcelManagement2.Controllers.HomeController (ParcelProject)
info: Microsoft.AspNetCore.Mvc.Infrastructure.ControllerActionInvoker[105]
      Executed action ParcelManagement2.Controllers.HomeController.BuildProdTypeList (ParcelProject) in 40.9589ms
info: Microsoft.AspNetCore.Routing.EndpointMiddleware[1]
      Executed endpoint 'ParcelManagement2.Controllers.HomeController.BuildProdTypeList (ParcelProject)'
info: Microsoft.AspNetCore.Hosting.Diagnostics[2]
      Request finished HTTP/2 POST https://localhost:44353/Home/BuildProdTypeList - 200 - application/json;+charset=utf-8 257.2724ms
dbug: Microsoft.AspNetCore.Server.IIS.Core.IISHttpServer[1]
      Connection ID "18230571300991008840" disconnecting.
dbug: ParcelManagement2.Models.DBConn[0]
      查詢成功，返回 134 行數據
info: Microsoft.AspNetCore.Mvc.Infrastructure.SystemTextJsonResultExecutor[1]
      Executing JsonResult, writing value of type 'System.Text.Json.JsonElement'.
info: Microsoft.AspNetCore.Mvc.Infrastructure.ControllerActionInvoker[105]
      Executed action ParcelManagement2.Controllers.HomeController.GetAllProduct (ParcelProject) in 30.9461ms
info: Microsoft.AspNetCore.Routing.EndpointMiddleware[1]
      Executed endpoint 'ParcelManagement2.Controllers.HomeController.GetAllProduct (ParcelProject)'
info: Microsoft.AspNetCore.Hosting.Diagnostics[2]
      Request finished HTTP/2 POST https://localhost:44353/Home/GetAllProduct - 200 - application/json;+charset=utf-8 281.1506ms
dbug: Microsoft.AspNetCore.Server.IIS.Core.IISHttpServer[1]
      Connection ID "18302628895028936759" disconnecting.
info: Microsoft.AspNetCore.Hosting.Diagnostics[1]
      Request starting HTTP/2 GET https://localhost:44353/Home/Index - - -
dbug: Microsoft.AspNetCore.StaticFiles.StaticFileMiddleware[4]
      The request path /Home/Index does not match a supported file type
dbug: Microsoft.AspNetCore.Routing.Matching.DfaMatcher[1001]
      1 candidate(s) found for the request path '/Home/Index'
dbug: Microsoft.AspNetCore.Routing.Matching.DfaMatcher[1005]
      Endpoint 'ParcelManagement2.Controllers.HomeController.Index (ParcelProject)' with route pattern '{controller=Account}/{action=Login}/{id?}' is valid for the request path '/Home/Index'
dbug: Microsoft.AspNetCore.Routing.EndpointRoutingMiddleware[1]
      Request matched endpoint 'ParcelManagement2.Controllers.HomeController.Index (ParcelProject)'
dbug: Microsoft.AspNetCore.Authentication.Cookies.CookieAuthenticationHandler[8]
      AuthenticationScheme: Cookies was successfully authenticated.
dbug: Microsoft.AspNetCore.Authorization.DefaultAuthorizationService[1]
      Authorization was successful.
info: Microsoft.AspNetCore.Routing.EndpointMiddleware[0]
      Executing endpoint 'ParcelManagement2.Controllers.HomeController.Index (ParcelProject)'
info: Microsoft.AspNetCore.Mvc.Infrastructure.ControllerActionInvoker[102]
      Route matched with {action = "Index", controller = "Home"}. Executing controller action with signature Microsoft.AspNetCore.Mvc.IActionResult Index() on controller ParcelManagement2.Controllers.HomeController (ParcelProject).
dbug: Microsoft.AspNetCore.Mvc.Infrastructure.ControllerActionInvoker[1]
      Execution plan of authorization filters (in the following order): None
dbug: Microsoft.AspNetCore.Mvc.Infrastructure.ControllerActionInvoker[1]
      Execution plan of resource filters (in the following order): Microsoft.AspNetCore.Mvc.ViewFeatures.Filters.SaveTempDataFilter
dbug: Microsoft.AspNetCore.Mvc.Infrastructure.ControllerActionInvoker[1]
      Execution plan of action filters (in the following order): Microsoft.AspNetCore.Mvc.Filters.ControllerActionFilter (Order: -2147483648), Microsoft.AspNetCore.Mvc.ModelBinding.UnsupportedContentTypeFilter (Order: -3000)
dbug: Microsoft.AspNetCore.Mvc.Infrastructure.ControllerActionInvoker[1]
      Execution plan of exception filters (in the following order): None
dbug: Microsoft.AspNetCore.Mvc.Infrastructure.ControllerActionInvoker[1]
      Execution plan of result filters (in the following order): Microsoft.AspNetCore.Mvc.ViewFeatures.Filters.SaveTempDataFilter
dbug: Microsoft.AspNetCore.Mvc.Infrastructure.ControllerActionInvoker[1]
      Executing controller factory for controller ParcelManagement2.Controllers.HomeController (ParcelProject)
dbug: ParcelManagement2.Models.DBConn[0]
      資料庫連線字串已設定
dbug: Microsoft.AspNetCore.Mvc.Infrastructure.ControllerActionInvoker[2]
      Executed controller factory for controller ParcelManagement2.Controllers.HomeController (ParcelProject)
dbug: Microsoft.AspNetCore.Mvc.Razor.RazorViewEngine[2]
      View lookup cache hit for view 'Index' in controller 'Home'.
info: Microsoft.AspNetCore.Mvc.ViewFeatures.ViewResultExecutor[1]
      Executing ViewResult, running view Index.
dbug: Microsoft.AspNetCore.Mvc.ViewFeatures.ViewResultExecutor[2]
      The view path '/Views/Home/Index.cshtml' was found in 3.112ms.
dbug: Microsoft.AspNetCore.Antiforgery.DefaultAntiforgery[6]
      An antiforgery cookie token was reused.
dbug: Microsoft.WebTools.BrowserLink.Net.BrowserLinkMiddleware[1]
      Response markup is scheduled to include Browser Link script injection.
dbug: Microsoft.AspNetCore.Watch.BrowserRefresh.BrowserRefreshMiddleware[1]
      Response markup is scheduled to include browser refresh script injection.
info: Microsoft.AspNetCore.Mvc.ViewFeatures.ViewResultExecutor[4]
      Executed ViewResult - view Index executed in 10.4244ms.
info: Microsoft.AspNetCore.Mvc.Infrastructure.ControllerActionInvoker[105]
      Executed action ParcelManagement2.Controllers.HomeController.Index (ParcelProject) in 16.5239ms
info: Microsoft.AspNetCore.Routing.EndpointMiddleware[1]
      Executed endpoint 'ParcelManagement2.Controllers.HomeController.Index (ParcelProject)'
dbug: Microsoft.WebTools.BrowserLink.Net.BrowserLinkMiddleware[2]
      Response markup was updated to include Browser Link script injection.
dbug: Microsoft.AspNetCore.Watch.BrowserRefresh.BrowserRefreshMiddleware[2]
      Response markup was updated to include browser refresh script injection.
dbug: Microsoft.AspNetCore.Server.IIS.Core.IISHttpServer[1]
      Connection ID "18014398561826898050" disconnecting.
info: Microsoft.AspNetCore.Hosting.Diagnostics[2]
      Request finished HTTP/2 GET https://localhost:44353/Home/Index - 200 - text/html;+charset=utf-8 75.5414ms
info: Microsoft.AspNetCore.Hosting.Diagnostics[1]
      Request starting HTTP/2 POST https://localhost:44353/Home/GetResidentPackageStats - - 0
info: Microsoft.AspNetCore.Hosting.Diagnostics[1]
      Request starting HTTP/2 GET https://localhost:44353/_framework/aspnetcore-browser-refresh.js - - -
info: Microsoft.AspNetCore.Hosting.Diagnostics[1]
      Request starting HTTP/2 GET https://localhost:44353/_vs/browserLink - - -
dbug: Microsoft.AspNetCore.StaticFiles.StaticFileMiddleware[1]
      POST requests are not supported
dbug: Microsoft.AspNetCore.Routing.Matching.DfaMatcher[1001]
      1 candidate(s) found for the request path '/Home/GetResidentPackageStats'
dbug: Microsoft.AspNetCore.Routing.Matching.DfaMatcher[1005]
      Endpoint 'ParcelManagement2.Controllers.HomeController.GetResidentPackageStats (ParcelProject)' with route pattern '{controller=Account}/{action=Login}/{id?}' is valid for the request path '/Home/GetResidentPackageStats'
dbug: Microsoft.AspNetCore.Routing.EndpointRoutingMiddleware[1]
      Request matched endpoint 'ParcelManagement2.Controllers.HomeController.GetResidentPackageStats (ParcelProject)'
dbug: Microsoft.AspNetCore.Watch.BrowserRefresh.BrowserScriptMiddleware[0]
      Script injected: /_framework/aspnetcore-browser-refresh.js
dbug: Microsoft.AspNetCore.Authentication.Cookies.CookieAuthenticationHandler[8]
      AuthenticationScheme: Cookies was successfully authenticated.
dbug: Microsoft.AspNetCore.Server.IIS.Core.IISHttpServer[1]
      Connection ID "18086456130095022122" disconnecting.
info: Microsoft.AspNetCore.Hosting.Diagnostics[2]
      Request finished HTTP/2 GET https://localhost:44353/_framework/aspnetcore-browser-refresh.js - 200 16511 application/javascript;+charset=utf-8 55.6053ms
dbug: Microsoft.AspNetCore.Server.IIS.Core.IISHttpServer[1]
      Connection ID "18158513724132950068" disconnecting.
info: Microsoft.AspNetCore.Hosting.Diagnostics[2]
      Request finished HTTP/2 GET https://localhost:44353/_vs/browserLink - 200 - text/javascript;+charset=UTF-8 51.4498ms
dbug: Microsoft.AspNetCore.Authorization.DefaultAuthorizationService[1]
      Authorization was successful.
info: Microsoft.AspNetCore.Routing.EndpointMiddleware[0]
      Executing endpoint 'ParcelManagement2.Controllers.HomeController.GetResidentPackageStats (ParcelProject)'
info: Microsoft.AspNetCore.Mvc.Infrastructure.ControllerActionInvoker[102]
      Route matched with {action = "GetResidentPackageStats", controller = "Home"}. Executing controller action with signature Microsoft.AspNetCore.Mvc.IActionResult GetResidentPackageStats() on controller ParcelManagement2.Controllers.HomeController (ParcelProject).
dbug: Microsoft.AspNetCore.Mvc.Infrastructure.ControllerActionInvoker[1]
      Execution plan of authorization filters (in the following order): None
dbug: Microsoft.AspNetCore.Mvc.Infrastructure.ControllerActionInvoker[1]
      Execution plan of resource filters (in the following order): Microsoft.AspNetCore.Mvc.ViewFeatures.Filters.SaveTempDataFilter
dbug: Microsoft.AspNetCore.Mvc.Infrastructure.ControllerActionInvoker[1]
      Execution plan of action filters (in the following order): Microsoft.AspNetCore.Mvc.Filters.ControllerActionFilter (Order: -2147483648), Microsoft.AspNetCore.Mvc.ModelBinding.UnsupportedContentTypeFilter (Order: -3000)
dbug: Microsoft.AspNetCore.Mvc.Infrastructure.ControllerActionInvoker[1]
      Execution plan of exception filters (in the following order): None
dbug: Microsoft.AspNetCore.Mvc.Infrastructure.ControllerActionInvoker[1]
      Execution plan of result filters (in the following order): Microsoft.AspNetCore.Mvc.ViewFeatures.Filters.SaveTempDataFilter
dbug: Microsoft.AspNetCore.Mvc.Infrastructure.ControllerActionInvoker[1]
      Executing controller factory for controller ParcelManagement2.Controllers.HomeController (ParcelProject)
dbug: ParcelManagement2.Models.DBConn[0]
      資料庫連線字串已設定
dbug: Microsoft.AspNetCore.Mvc.Infrastructure.ControllerActionInvoker[2]
      Executed controller factory for controller ParcelManagement2.Controllers.HomeController (ParcelProject)
dbug: ParcelManagement2.Models.DBConn[0]
      查詢成功，返回 28 行數據
info: Microsoft.AspNetCore.Mvc.Infrastructure.ContentResultExecutor[1]
      Executing ContentResult with HTTP Response ContentType of application/json
info: Microsoft.AspNetCore.Mvc.Infrastructure.ControllerActionInvoker[105]
      Executed action ParcelManagement2.Controllers.HomeController.GetResidentPackageStats (ParcelProject) in 33.4685ms
info: Microsoft.AspNetCore.Routing.EndpointMiddleware[1]
      Executed endpoint 'ParcelManagement2.Controllers.HomeController.GetResidentPackageStats (ParcelProject)'
info: Microsoft.AspNetCore.Hosting.Diagnostics[2]
      Request finished HTTP/2 POST https://localhost:44353/Home/GetResidentPackageStats - 200 2790 application/json 157.5994ms
dbug: Microsoft.AspNetCore.Server.IIS.Core.IISHttpServer[1]
      Connection ID "18302628895028936761" disconnecting.
info: Microsoft.AspNetCore.Hosting.Diagnostics[1]
      Request starting HTTP/2 GET https://localhost:44353/Home/Packages - - -
dbug: Microsoft.AspNetCore.StaticFiles.StaticFileMiddleware[4]
      The request path /Home/Packages does not match a supported file type
dbug: Microsoft.AspNetCore.Routing.Matching.DfaMatcher[1001]
      1 candidate(s) found for the request path '/Home/Packages'
dbug: Microsoft.AspNetCore.Routing.Matching.DfaMatcher[1005]
      Endpoint 'ParcelManagement2.Controllers.HomeController.Packages (ParcelProject)' with route pattern '{controller=Account}/{action=Login}/{id?}' is valid for the request path '/Home/Packages'
dbug: Microsoft.AspNetCore.Routing.EndpointRoutingMiddleware[1]
      Request matched endpoint 'ParcelManagement2.Controllers.HomeController.Packages (ParcelProject)'
dbug: Microsoft.AspNetCore.Authentication.Cookies.CookieAuthenticationHandler[8]
      AuthenticationScheme: Cookies was successfully authenticated.
dbug: Microsoft.AspNetCore.Authorization.DefaultAuthorizationService[1]
      Authorization was successful.
info: Microsoft.AspNetCore.Routing.EndpointMiddleware[0]
      Executing endpoint 'ParcelManagement2.Controllers.HomeController.Packages (ParcelProject)'
info: Microsoft.AspNetCore.Mvc.Infrastructure.ControllerActionInvoker[102]
      Route matched with {action = "Packages", controller = "Home"}. Executing controller action with signature Microsoft.AspNetCore.Mvc.IActionResult Packages() on controller ParcelManagement2.Controllers.HomeController (ParcelProject).
dbug: Microsoft.AspNetCore.Mvc.Infrastructure.ControllerActionInvoker[1]
      Execution plan of authorization filters (in the following order): None
dbug: Microsoft.AspNetCore.Mvc.Infrastructure.ControllerActionInvoker[1]
      Execution plan of resource filters (in the following order): Microsoft.AspNetCore.Mvc.ViewFeatures.Filters.SaveTempDataFilter
dbug: Microsoft.AspNetCore.Mvc.Infrastructure.ControllerActionInvoker[1]
      Execution plan of action filters (in the following order): Microsoft.AspNetCore.Mvc.Filters.ControllerActionFilter (Order: -2147483648), Microsoft.AspNetCore.Mvc.ModelBinding.UnsupportedContentTypeFilter (Order: -3000)
dbug: Microsoft.AspNetCore.Mvc.Infrastructure.ControllerActionInvoker[1]
      Execution plan of exception filters (in the following order): None
dbug: Microsoft.AspNetCore.Mvc.Infrastructure.ControllerActionInvoker[1]
      Execution plan of result filters (in the following order): Microsoft.AspNetCore.Mvc.ViewFeatures.Filters.SaveTempDataFilter
dbug: Microsoft.AspNetCore.Mvc.Infrastructure.ControllerActionInvoker[1]
      Executing controller factory for controller ParcelManagement2.Controllers.HomeController (ParcelProject)
dbug: ParcelManagement2.Models.DBConn[0]
      資料庫連線字串已設定
dbug: Microsoft.AspNetCore.Mvc.Infrastructure.ControllerActionInvoker[2]
      Executed controller factory for controller ParcelManagement2.Controllers.HomeController (ParcelProject)
dbug: Microsoft.AspNetCore.Mvc.Razor.RazorViewEngine[2]
      View lookup cache hit for view 'Packages' in controller 'Home'.
info: Microsoft.AspNetCore.Mvc.ViewFeatures.ViewResultExecutor[1]
      Executing ViewResult, running view Packages.
dbug: Microsoft.AspNetCore.Mvc.ViewFeatures.ViewResultExecutor[2]
      The view path '/Views/Home/Packages.cshtml' was found in 2.8668ms.
dbug: Microsoft.AspNetCore.Antiforgery.DefaultAntiforgery[6]
      An antiforgery cookie token was reused.
dbug: Microsoft.WebTools.BrowserLink.Net.BrowserLinkMiddleware[1]
      Response markup is scheduled to include Browser Link script injection.
dbug: Microsoft.AspNetCore.Watch.BrowserRefresh.BrowserRefreshMiddleware[1]
      Response markup is scheduled to include browser refresh script injection.
info: Microsoft.AspNetCore.Mvc.ViewFeatures.ViewResultExecutor[4]
      Executed ViewResult - view Packages executed in 9.8291ms.
info: Microsoft.AspNetCore.Mvc.Infrastructure.ControllerActionInvoker[105]
      Executed action ParcelManagement2.Controllers.HomeController.Packages (ParcelProject) in 16.2395ms
info: Microsoft.AspNetCore.Routing.EndpointMiddleware[1]
      Executed endpoint 'ParcelManagement2.Controllers.HomeController.Packages (ParcelProject)'
dbug: Microsoft.WebTools.BrowserLink.Net.BrowserLinkMiddleware[2]
      Response markup was updated to include Browser Link script injection.
dbug: Microsoft.AspNetCore.Watch.BrowserRefresh.BrowserRefreshMiddleware[2]
      Response markup was updated to include browser refresh script injection.
dbug: Microsoft.AspNetCore.Server.IIS.Core.IISHttpServer[1]
      Connection ID "18014398561826898052" disconnecting.
info: Microsoft.AspNetCore.Hosting.Diagnostics[2]
      Request finished HTTP/2 GET https://localhost:44353/Home/Packages - 200 - text/html;+charset=utf-8 99.5337ms
info: Microsoft.AspNetCore.Hosting.Diagnostics[1]
      Request starting HTTP/2 POST https://localhost:44353/Home/GetAllProduct - - 0
info: Microsoft.AspNetCore.Hosting.Diagnostics[1]
      Request starting HTTP/2 POST https://localhost:44353/Home/BuildProdTypeList - - 0
info: Microsoft.AspNetCore.Hosting.Diagnostics[1]
      Request starting HTTP/2 POST https://localhost:44353/Home/BuildResidentList - - 0
dbug: Microsoft.AspNetCore.StaticFiles.StaticFileMiddleware[1]
      POST requests are not supported
info: Microsoft.AspNetCore.Hosting.Diagnostics[1]
      Request starting HTTP/2 POST https://localhost:44353/Home/GetAllProduct - - 0
dbug: Microsoft.AspNetCore.StaticFiles.StaticFileMiddleware[1]
      POST requests are not supported
dbug: Microsoft.AspNetCore.Routing.Matching.DfaMatcher[1001]
      1 candidate(s) found for the request path '/Home/GetAllProduct'
info: Microsoft.AspNetCore.Hosting.Diagnostics[1]
      Request starting HTTP/2 GET https://localhost:44353/_framework/aspnetcore-browser-refresh.js - - -
info: Microsoft.AspNetCore.Hosting.Diagnostics[1]
      Request starting HTTP/2 GET https://localhost:44353/_vs/browserLink - - -
dbug: Microsoft.AspNetCore.StaticFiles.StaticFileMiddleware[1]
      POST requests are not supported
dbug: Microsoft.AspNetCore.Routing.Matching.DfaMatcher[1005]
      Endpoint 'ParcelManagement2.Controllers.HomeController.GetAllProduct (ParcelProject)' with route pattern '{controller=Account}/{action=Login}/{id?}' is valid for the request path '/Home/GetAllProduct'
dbug: Microsoft.AspNetCore.Routing.EndpointRoutingMiddleware[1]
      Request matched endpoint 'ParcelManagement2.Controllers.HomeController.GetAllProduct (ParcelProject)'
dbug: Microsoft.AspNetCore.Authentication.Cookies.CookieAuthenticationHandler[8]
      AuthenticationScheme: Cookies was successfully authenticated.
dbug: Microsoft.AspNetCore.Authorization.DefaultAuthorizationService[1]
      Authorization was successful.
info: Microsoft.AspNetCore.Routing.EndpointMiddleware[0]
      Executing endpoint 'ParcelManagement2.Controllers.HomeController.GetAllProduct (ParcelProject)'
dbug: Microsoft.AspNetCore.Watch.BrowserRefresh.BrowserScriptMiddleware[0]
      Script injected: /_framework/aspnetcore-browser-refresh.js
info: Microsoft.AspNetCore.Mvc.Infrastructure.ControllerActionInvoker[102]
      Route matched with {action = "GetAllProduct", controller = "Home"}. Executing controller action with signature System.Threading.Tasks.Task`1[Microsoft.AspNetCore.Mvc.JsonResult] GetAllProduct() on controller ParcelManagement2.Controllers.HomeController (ParcelProject).
info: Microsoft.AspNetCore.Hosting.Diagnostics[2]
      Request finished HTTP/2 GET https://localhost:44353/_framework/aspnetcore-browser-refresh.js - 200 16511 application/javascript;+charset=utf-8 34.6945ms
dbug: Microsoft.AspNetCore.Server.IIS.Core.IISHttpServer[1]
      Connection ID "18302628895028936763" disconnecting.
dbug: Microsoft.AspNetCore.Mvc.Infrastructure.ControllerActionInvoker[1]
      Execution plan of authorization filters (in the following order): None
dbug: Microsoft.AspNetCore.Mvc.Infrastructure.ControllerActionInvoker[1]
      Execution plan of resource filters (in the following order): Microsoft.AspNetCore.Mvc.ViewFeatures.Filters.SaveTempDataFilter
dbug: Microsoft.AspNetCore.Mvc.Infrastructure.ControllerActionInvoker[1]
      Execution plan of action filters (in the following order): Microsoft.AspNetCore.Mvc.Filters.ControllerActionFilter (Order: -2147483648), Microsoft.AspNetCore.Mvc.ModelBinding.UnsupportedContentTypeFilter (Order: -3000)
dbug: Microsoft.AspNetCore.Routing.Matching.DfaMatcher[1001]
      1 candidate(s) found for the request path '/Home/GetAllProduct'
dbug: Microsoft.AspNetCore.Mvc.Infrastructure.ControllerActionInvoker[1]
      Execution plan of exception filters (in the following order): None
dbug: Microsoft.AspNetCore.Server.IIS.Core.IISHttpServer[1]
      Connection ID "18302628946568544267" disconnecting.
dbug: Microsoft.AspNetCore.Mvc.Infrastructure.ControllerActionInvoker[1]
      Execution plan of result filters (in the following order): Microsoft.AspNetCore.Mvc.ViewFeatures.Filters.SaveTempDataFilter
info: Microsoft.AspNetCore.Hosting.Diagnostics[2]
      Request finished HTTP/2 GET https://localhost:44353/_vs/browserLink - 200 - text/javascript;+charset=UTF-8 65.7220ms
dbug: Microsoft.AspNetCore.Mvc.Infrastructure.ControllerActionInvoker[1]
      Executing controller factory for controller ParcelManagement2.Controllers.HomeController (ParcelProject)
dbug: Microsoft.AspNetCore.Routing.Matching.DfaMatcher[1005]
      Endpoint 'ParcelManagement2.Controllers.HomeController.GetAllProduct (ParcelProject)' with route pattern '{controller=Account}/{action=Login}/{id?}' is valid for the request path '/Home/GetAllProduct'
dbug: ParcelManagement2.Models.DBConn[0]
      資料庫連線字串已設定
dbug: Microsoft.AspNetCore.Routing.EndpointRoutingMiddleware[1]
      Request matched endpoint 'ParcelManagement2.Controllers.HomeController.GetAllProduct (ParcelProject)'
dbug: Microsoft.AspNetCore.Mvc.Infrastructure.ControllerActionInvoker[2]
      Executed controller factory for controller ParcelManagement2.Controllers.HomeController (ParcelProject)
dbug: Microsoft.AspNetCore.Authentication.Cookies.CookieAuthenticationHandler[8]
      AuthenticationScheme: Cookies was successfully authenticated.
dbug: Microsoft.AspNetCore.Authorization.DefaultAuthorizationService[1]
      Authorization was successful.
info: Microsoft.AspNetCore.Routing.EndpointMiddleware[0]
      Executing endpoint 'ParcelManagement2.Controllers.HomeController.GetAllProduct (ParcelProject)'
info: Microsoft.AspNetCore.Mvc.Infrastructure.ControllerActionInvoker[102]
      Route matched with {action = "GetAllProduct", controller = "Home"}. Executing controller action with signature System.Threading.Tasks.Task`1[Microsoft.AspNetCore.Mvc.JsonResult] GetAllProduct() on controller ParcelManagement2.Controllers.HomeController (ParcelProject).
dbug: Microsoft.AspNetCore.Mvc.Infrastructure.ControllerActionInvoker[1]
      Execution plan of authorization filters (in the following order): None
dbug: Microsoft.AspNetCore.Mvc.Infrastructure.ControllerActionInvoker[1]
      Execution plan of resource filters (in the following order): Microsoft.AspNetCore.Mvc.ViewFeatures.Filters.SaveTempDataFilter
dbug: Microsoft.AspNetCore.Routing.Matching.DfaMatcher[1001]
      1 candidate(s) found for the request path '/Home/BuildResidentList'
dbug: Microsoft.AspNetCore.Routing.Matching.DfaMatcher[1005]
      Endpoint 'ParcelManagement2.Controllers.HomeController.BuildResidentList (ParcelProject)' with route pattern '{controller=Account}/{action=Login}/{id?}' is valid for the request path '/Home/BuildResidentList'
dbug: Microsoft.AspNetCore.Routing.EndpointRoutingMiddleware[1]
      Request matched endpoint 'ParcelManagement2.Controllers.HomeController.BuildResidentList (ParcelProject)'
dbug: Microsoft.AspNetCore.Authentication.Cookies.CookieAuthenticationHandler[8]
      AuthenticationScheme: Cookies was successfully authenticated.
dbug: Microsoft.AspNetCore.Mvc.Infrastructure.ControllerActionInvoker[1]
      Execution plan of action filters (in the following order): Microsoft.AspNetCore.Mvc.Filters.ControllerActionFilter (Order: -2147483648), Microsoft.AspNetCore.Mvc.ModelBinding.UnsupportedContentTypeFilter (Order: -3000)
dbug: Microsoft.AspNetCore.Authorization.DefaultAuthorizationService[1]
      Authorization was successful.
dbug: Microsoft.AspNetCore.Mvc.Infrastructure.ControllerActionInvoker[1]
      Execution plan of exception filters (in the following order): None
dbug: Microsoft.AspNetCore.Mvc.Infrastructure.ControllerActionInvoker[1]
      Execution plan of result filters (in the following order): Microsoft.AspNetCore.Mvc.ViewFeatures.Filters.SaveTempDataFilter
dbug: ParcelManagement2.Models.DBConn[0]
      查詢成功，返回 134 行數據
info: Microsoft.AspNetCore.Routing.EndpointMiddleware[0]
      Executing endpoint 'ParcelManagement2.Controllers.HomeController.BuildResidentList (ParcelProject)'
info: Microsoft.AspNetCore.Mvc.Infrastructure.ControllerActionInvoker[102]
      Route matched with {action = "BuildResidentList", controller = "Home"}. Executing controller action with signature System.Threading.Tasks.Task`1[Microsoft.AspNetCore.Mvc.JsonResult] BuildResidentList() on controller ParcelManagement2.Controllers.HomeController (ParcelProject).
dbug: Microsoft.AspNetCore.Mvc.Infrastructure.ControllerActionInvoker[1]
      Execution plan of authorization filters (in the following order): None
dbug: Microsoft.AspNetCore.Mvc.Infrastructure.ControllerActionInvoker[1]
      Execution plan of resource filters (in the following order): Microsoft.AspNetCore.Mvc.ViewFeatures.Filters.SaveTempDataFilter
dbug: Microsoft.AspNetCore.Mvc.Infrastructure.ControllerActionInvoker[1]
      Execution plan of action filters (in the following order): Microsoft.AspNetCore.Mvc.Filters.ControllerActionFilter (Order: -2147483648), Microsoft.AspNetCore.Mvc.ModelBinding.UnsupportedContentTypeFilter (Order: -3000)
dbug: Microsoft.AspNetCore.Mvc.Infrastructure.ControllerActionInvoker[1]
      Execution plan of exception filters (in the following order): None
dbug: Microsoft.AspNetCore.Mvc.Infrastructure.ControllerActionInvoker[1]
      Execution plan of result filters (in the following order): Microsoft.AspNetCore.Mvc.ViewFeatures.Filters.SaveTempDataFilter
dbug: Microsoft.AspNetCore.Mvc.Infrastructure.ControllerActionInvoker[1]
      Executing controller factory for controller ParcelManagement2.Controllers.HomeController (ParcelProject)
info: Microsoft.AspNetCore.Mvc.Infrastructure.SystemTextJsonResultExecutor[1]
      Executing JsonResult, writing value of type 'System.Text.Json.JsonElement'.
dbug: Microsoft.AspNetCore.Mvc.Infrastructure.ControllerActionInvoker[1]
      Executing controller factory for controller ParcelManagement2.Controllers.HomeController (ParcelProject)
dbug: ParcelManagement2.Models.DBConn[0]
      資料庫連線字串已設定
info: Microsoft.AspNetCore.Mvc.Infrastructure.ControllerActionInvoker[105]
      Executed action ParcelManagement2.Controllers.HomeController.GetAllProduct (ParcelProject) in 75.1194ms
dbug: ParcelManagement2.Models.DBConn[0]
      資料庫連線字串已設定
info: Microsoft.AspNetCore.Routing.EndpointMiddleware[1]
      Executed endpoint 'ParcelManagement2.Controllers.HomeController.GetAllProduct (ParcelProject)'
dbug: Microsoft.AspNetCore.Mvc.Infrastructure.ControllerActionInvoker[2]
      Executed controller factory for controller ParcelManagement2.Controllers.HomeController (ParcelProject)
dbug: Microsoft.AspNetCore.Server.IIS.Core.IISHttpServer[1]
      Connection ID "18158513698363146364" disconnecting.
info: Microsoft.AspNetCore.Hosting.Diagnostics[2]
      Request finished HTTP/2 POST https://localhost:44353/Home/GetAllProduct - 200 - application/json;+charset=utf-8 173.4400ms
dbug: Microsoft.AspNetCore.Mvc.Infrastructure.ControllerActionInvoker[2]
      Executed controller factory for controller ParcelManagement2.Controllers.HomeController (ParcelProject)
dbug: ParcelManagement2.Models.DBConn[0]
      查詢成功，返回 134 行數據
info: Microsoft.AspNetCore.Mvc.Infrastructure.SystemTextJsonResultExecutor[1]
      Executing JsonResult, writing value of type 'System.Text.Json.JsonElement'.
dbug: Microsoft.AspNetCore.StaticFiles.StaticFileMiddleware[1]
      POST requests are not supported
info: Microsoft.AspNetCore.Mvc.Infrastructure.ControllerActionInvoker[105]
      Executed action ParcelManagement2.Controllers.HomeController.GetAllProduct (ParcelProject) in 51.9156ms
dbug: Microsoft.AspNetCore.Routing.Matching.DfaMatcher[1001]
      1 candidate(s) found for the request path '/Home/BuildProdTypeList'
info: Microsoft.AspNetCore.Routing.EndpointMiddleware[1]
      Executed endpoint 'ParcelManagement2.Controllers.HomeController.GetAllProduct (ParcelProject)'
dbug: Microsoft.AspNetCore.Routing.Matching.DfaMatcher[1005]
      Endpoint 'ParcelManagement2.Controllers.HomeController.BuildProdTypeList (ParcelProject)' with route pattern '{controller=Account}/{action=Login}/{id?}' is valid for the request path '/Home/BuildProdTypeList'
info: Microsoft.AspNetCore.Hosting.Diagnostics[2]
      Request finished HTTP/2 POST https://localhost:44353/Home/GetAllProduct - 200 - application/json;+charset=utf-8 220.4897ms
dbug: ParcelManagement2.Models.DBConn[0]
      查詢成功，返回 28 行數據
dbug: Microsoft.AspNetCore.Server.IIS.Core.IISHttpServer[1]
      Connection ID "18086456130095022124" disconnecting.
dbug: Microsoft.AspNetCore.Routing.EndpointRoutingMiddleware[1]
      Request matched endpoint 'ParcelManagement2.Controllers.HomeController.BuildProdTypeList (ParcelProject)'
info: Microsoft.AspNetCore.Mvc.Infrastructure.SystemTextJsonResultExecutor[1]
      Executing JsonResult, writing value of type 'System.Text.Json.JsonElement'.
dbug: Microsoft.AspNetCore.Authentication.Cookies.CookieAuthenticationHandler[8]
      AuthenticationScheme: Cookies was successfully authenticated.
dbug: Microsoft.AspNetCore.Authorization.DefaultAuthorizationService[1]
      Authorization was successful.
info: Microsoft.AspNetCore.Mvc.Infrastructure.ControllerActionInvoker[105]
      Executed action ParcelManagement2.Controllers.HomeController.BuildResidentList (ParcelProject) in 110.4794ms
info: Microsoft.AspNetCore.Routing.EndpointMiddleware[0]
      Executing endpoint 'ParcelManagement2.Controllers.HomeController.BuildProdTypeList (ParcelProject)'
info: Microsoft.AspNetCore.Routing.EndpointMiddleware[1]
      Executed endpoint 'ParcelManagement2.Controllers.HomeController.BuildResidentList (ParcelProject)'
info: Microsoft.AspNetCore.Mvc.Infrastructure.ControllerActionInvoker[102]
      Route matched with {action = "BuildProdTypeList", controller = "Home"}. Executing controller action with signature System.Threading.Tasks.Task`1[Microsoft.AspNetCore.Mvc.JsonResult] BuildProdTypeList() on controller ParcelManagement2.Controllers.HomeController (ParcelProject).
info: Microsoft.AspNetCore.Hosting.Diagnostics[2]
      Request finished HTTP/2 POST https://localhost:44353/Home/BuildResidentList - 200 - application/json;+charset=utf-8 277.8653ms
dbug: Microsoft.AspNetCore.Server.IIS.Core.IISHttpServer[1]
      Connection ID "18158513724132950070" disconnecting.
dbug: Microsoft.AspNetCore.Mvc.Infrastructure.ControllerActionInvoker[1]
      Execution plan of authorization filters (in the following order): None
dbug: Microsoft.AspNetCore.Mvc.Infrastructure.ControllerActionInvoker[1]
      Execution plan of resource filters (in the following order): Microsoft.AspNetCore.Mvc.ViewFeatures.Filters.SaveTempDataFilter
dbug: Microsoft.AspNetCore.Mvc.Infrastructure.ControllerActionInvoker[1]
      Execution plan of action filters (in the following order): Microsoft.AspNetCore.Mvc.Filters.ControllerActionFilter (Order: -2147483648), Microsoft.AspNetCore.Mvc.ModelBinding.UnsupportedContentTypeFilter (Order: -3000)
dbug: Microsoft.AspNetCore.Mvc.Infrastructure.ControllerActionInvoker[1]
      Execution plan of exception filters (in the following order): None
dbug: Microsoft.AspNetCore.Mvc.Infrastructure.ControllerActionInvoker[1]
      Execution plan of result filters (in the following order): Microsoft.AspNetCore.Mvc.ViewFeatures.Filters.SaveTempDataFilter
dbug: Microsoft.AspNetCore.Mvc.Infrastructure.ControllerActionInvoker[1]
      Executing controller factory for controller ParcelManagement2.Controllers.HomeController (ParcelProject)
dbug: ParcelManagement2.Models.DBConn[0]
      資料庫連線字串已設定
dbug: Microsoft.AspNetCore.Mvc.Infrastructure.ControllerActionInvoker[2]
      Executed controller factory for controller ParcelManagement2.Controllers.HomeController (ParcelProject)
dbug: ParcelManagement2.Models.DBConn[0]
      查詢成功，返回 2 行數據
info: Microsoft.AspNetCore.Hosting.Diagnostics[1]
      Request starting HTTP/2 GET https://localhost:44353/Home/Index - - -
info: Microsoft.AspNetCore.Mvc.Infrastructure.SystemTextJsonResultExecutor[1]
      Executing JsonResult, writing value of type 'System.Text.Json.JsonElement'.
info: Microsoft.AspNetCore.Mvc.Infrastructure.ControllerActionInvoker[105]
      Executed action ParcelManagement2.Controllers.HomeController.BuildProdTypeList (ParcelProject) in 100.6596ms
dbug: Microsoft.AspNetCore.StaticFiles.StaticFileMiddleware[4]
      The request path /Home/Index does not match a supported file type
info: Microsoft.AspNetCore.Routing.EndpointMiddleware[1]
      Executed endpoint 'ParcelManagement2.Controllers.HomeController.BuildProdTypeList (ParcelProject)'
dbug: Microsoft.AspNetCore.Routing.Matching.DfaMatcher[1001]
      1 candidate(s) found for the request path '/Home/Index'
dbug: Microsoft.AspNetCore.Routing.Matching.DfaMatcher[1005]
      Endpoint 'ParcelManagement2.Controllers.HomeController.Index (ParcelProject)' with route pattern '{controller=Account}/{action=Login}/{id?}' is valid for the request path '/Home/Index'
info: Microsoft.AspNetCore.Hosting.Diagnostics[2]
      Request finished HTTP/2 POST https://localhost:44353/Home/BuildProdTypeList - 200 - application/json;+charset=utf-8 407.8735ms
dbug: Microsoft.AspNetCore.Server.IIS.Core.IISHttpServer[1]
      Connection ID "18014398561826898054" disconnecting.
dbug: Microsoft.AspNetCore.Routing.EndpointRoutingMiddleware[1]
      Request matched endpoint 'ParcelManagement2.Controllers.HomeController.Index (ParcelProject)'
dbug: Microsoft.AspNetCore.Authentication.Cookies.CookieAuthenticationHandler[8]
      AuthenticationScheme: Cookies was successfully authenticated.
dbug: Microsoft.AspNetCore.Authorization.DefaultAuthorizationService[1]
      Authorization was successful.
info: Microsoft.AspNetCore.Routing.EndpointMiddleware[0]
      Executing endpoint 'ParcelManagement2.Controllers.HomeController.Index (ParcelProject)'
info: Microsoft.AspNetCore.Mvc.Infrastructure.ControllerActionInvoker[102]
      Route matched with {action = "Index", controller = "Home"}. Executing controller action with signature Microsoft.AspNetCore.Mvc.IActionResult Index() on controller ParcelManagement2.Controllers.HomeController (ParcelProject).
dbug: Microsoft.AspNetCore.Mvc.Infrastructure.ControllerActionInvoker[1]
      Execution plan of authorization filters (in the following order): None
dbug: Microsoft.AspNetCore.Mvc.Infrastructure.ControllerActionInvoker[1]
      Execution plan of resource filters (in the following order): Microsoft.AspNetCore.Mvc.ViewFeatures.Filters.SaveTempDataFilter
dbug: Microsoft.AspNetCore.Mvc.Infrastructure.ControllerActionInvoker[1]
      Execution plan of action filters (in the following order): Microsoft.AspNetCore.Mvc.Filters.ControllerActionFilter (Order: -2147483648), Microsoft.AspNetCore.Mvc.ModelBinding.UnsupportedContentTypeFilter (Order: -3000)
dbug: Microsoft.AspNetCore.Mvc.Infrastructure.ControllerActionInvoker[1]
      Execution plan of exception filters (in the following order): None
dbug: Microsoft.AspNetCore.Mvc.Infrastructure.ControllerActionInvoker[1]
      Execution plan of result filters (in the following order): Microsoft.AspNetCore.Mvc.ViewFeatures.Filters.SaveTempDataFilter
dbug: Microsoft.AspNetCore.Mvc.Infrastructure.ControllerActionInvoker[1]
      Executing controller factory for controller ParcelManagement2.Controllers.HomeController (ParcelProject)
dbug: ParcelManagement2.Models.DBConn[0]
      資料庫連線字串已設定
dbug: Microsoft.AspNetCore.Mvc.Infrastructure.ControllerActionInvoker[2]
      Executed controller factory for controller ParcelManagement2.Controllers.HomeController (ParcelProject)
dbug: Microsoft.AspNetCore.Mvc.Razor.RazorViewEngine[2]
      View lookup cache hit for view 'Index' in controller 'Home'.
info: Microsoft.AspNetCore.Mvc.ViewFeatures.ViewResultExecutor[1]
      Executing ViewResult, running view Index.
dbug: Microsoft.AspNetCore.Mvc.ViewFeatures.ViewResultExecutor[2]
      The view path '/Views/Home/Index.cshtml' was found in 2.575ms.
dbug: Microsoft.AspNetCore.Antiforgery.DefaultAntiforgery[6]
      An antiforgery cookie token was reused.
dbug: Microsoft.WebTools.BrowserLink.Net.BrowserLinkMiddleware[1]
      Response markup is scheduled to include Browser Link script injection.
dbug: Microsoft.AspNetCore.Watch.BrowserRefresh.BrowserRefreshMiddleware[1]
      Response markup is scheduled to include browser refresh script injection.
info: Microsoft.AspNetCore.Mvc.ViewFeatures.ViewResultExecutor[4]
      Executed ViewResult - view Index executed in 8.5955ms.
info: Microsoft.AspNetCore.Mvc.Infrastructure.ControllerActionInvoker[105]
      Executed action ParcelManagement2.Controllers.HomeController.Index (ParcelProject) in 14.4752ms
info: Microsoft.AspNetCore.Routing.EndpointMiddleware[1]
      Executed endpoint 'ParcelManagement2.Controllers.HomeController.Index (ParcelProject)'
dbug: Microsoft.WebTools.BrowserLink.Net.BrowserLinkMiddleware[2]
      Response markup was updated to include Browser Link script injection.
dbug: Microsoft.AspNetCore.Watch.BrowserRefresh.BrowserRefreshMiddleware[2]
      Response markup was updated to include browser refresh script injection.
dbug: Microsoft.AspNetCore.Server.IIS.Core.IISHttpServer[1]
      Connection ID "18374686532016537646" disconnecting.
info: Microsoft.AspNetCore.Hosting.Diagnostics[2]
      Request finished HTTP/2 GET https://localhost:44353/Home/Index - 200 - text/html;+charset=utf-8 74.1296ms
info: Microsoft.AspNetCore.Hosting.Diagnostics[1]
      Request starting HTTP/2 GET https://localhost:44353/_framework/aspnetcore-browser-refresh.js - - -
info: Microsoft.AspNetCore.Hosting.Diagnostics[1]
      Request starting HTTP/2 POST https://localhost:44353/Home/GetResidentPackageStats - - 0
info: Microsoft.AspNetCore.Hosting.Diagnostics[1]
      Request starting HTTP/2 GET https://localhost:44353/_vs/browserLink - - -
dbug: Microsoft.AspNetCore.StaticFiles.StaticFileMiddleware[1]
      POST requests are not supported
dbug: Microsoft.AspNetCore.Watch.BrowserRefresh.BrowserScriptMiddleware[0]
      Script injected: /_framework/aspnetcore-browser-refresh.js
dbug: Microsoft.AspNetCore.Routing.Matching.DfaMatcher[1001]
      1 candidate(s) found for the request path '/Home/GetResidentPackageStats'
dbug: Microsoft.AspNetCore.Routing.Matching.DfaMatcher[1005]
      Endpoint 'ParcelManagement2.Controllers.HomeController.GetResidentPackageStats (ParcelProject)' with route pattern '{controller=Account}/{action=Login}/{id?}' is valid for the request path '/Home/GetResidentPackageStats'
info: Microsoft.AspNetCore.Hosting.Diagnostics[2]
      Request finished HTTP/2 GET https://localhost:44353/_framework/aspnetcore-browser-refresh.js - 200 16511 application/javascript;+charset=utf-8 31.2980ms
dbug: Microsoft.AspNetCore.Server.IIS.Core.IISHttpServer[1]
      Connection ID "18230571300991008842" disconnecting.
dbug: Microsoft.AspNetCore.Routing.EndpointRoutingMiddleware[1]
      Request matched endpoint 'ParcelManagement2.Controllers.HomeController.GetResidentPackageStats (ParcelProject)'
dbug: Microsoft.AspNetCore.Authentication.Cookies.CookieAuthenticationHandler[8]
      AuthenticationScheme: Cookies was successfully authenticated.
dbug: Microsoft.AspNetCore.Authorization.DefaultAuthorizationService[1]
      Authorization was successful.
info: Microsoft.AspNetCore.Routing.EndpointMiddleware[0]
      Executing endpoint 'ParcelManagement2.Controllers.HomeController.GetResidentPackageStats (ParcelProject)'
info: Microsoft.AspNetCore.Mvc.Infrastructure.ControllerActionInvoker[102]
      Route matched with {action = "GetResidentPackageStats", controller = "Home"}. Executing controller action with signature Microsoft.AspNetCore.Mvc.IActionResult GetResidentPackageStats() on controller ParcelManagement2.Controllers.HomeController (ParcelProject).
dbug: Microsoft.AspNetCore.Mvc.Infrastructure.ControllerActionInvoker[1]
      Execution plan of authorization filters (in the following order): None
dbug: Microsoft.AspNetCore.Server.IIS.Core.IISHttpServer[1]
      Connection ID "18302628895028936765" disconnecting.
dbug: Microsoft.AspNetCore.Mvc.Infrastructure.ControllerActionInvoker[1]
      Execution plan of resource filters (in the following order): Microsoft.AspNetCore.Mvc.ViewFeatures.Filters.SaveTempDataFilter
info: Microsoft.AspNetCore.Hosting.Diagnostics[2]
      Request finished HTTP/2 GET https://localhost:44353/_vs/browserLink - 200 - text/javascript;+charset=UTF-8 59.0694ms
dbug: Microsoft.AspNetCore.Mvc.Infrastructure.ControllerActionInvoker[1]
      Execution plan of action filters (in the following order): Microsoft.AspNetCore.Mvc.Filters.ControllerActionFilter (Order: -2147483648), Microsoft.AspNetCore.Mvc.ModelBinding.UnsupportedContentTypeFilter (Order: -3000)
dbug: Microsoft.AspNetCore.Mvc.Infrastructure.ControllerActionInvoker[1]
      Execution plan of exception filters (in the following order): None
dbug: Microsoft.AspNetCore.Mvc.Infrastructure.ControllerActionInvoker[1]
      Execution plan of result filters (in the following order): Microsoft.AspNetCore.Mvc.ViewFeatures.Filters.SaveTempDataFilter
dbug: Microsoft.AspNetCore.Mvc.Infrastructure.ControllerActionInvoker[1]
      Executing controller factory for controller ParcelManagement2.Controllers.HomeController (ParcelProject)
dbug: ParcelManagement2.Models.DBConn[0]
      資料庫連線字串已設定
dbug: Microsoft.AspNetCore.Mvc.Infrastructure.ControllerActionInvoker[2]
      Executed controller factory for controller ParcelManagement2.Controllers.HomeController (ParcelProject)
dbug: ParcelManagement2.Models.DBConn[0]
      查詢成功，返回 28 行數據
info: Microsoft.AspNetCore.Mvc.Infrastructure.ContentResultExecutor[1]
      Executing ContentResult with HTTP Response ContentType of application/json
info: Microsoft.AspNetCore.Mvc.Infrastructure.ControllerActionInvoker[105]
      Executed action ParcelManagement2.Controllers.HomeController.GetResidentPackageStats (ParcelProject) in 35.7449ms
info: Microsoft.AspNetCore.Routing.EndpointMiddleware[1]
      Executed endpoint 'ParcelManagement2.Controllers.HomeController.GetResidentPackageStats (ParcelProject)'
info: Microsoft.AspNetCore.Hosting.Diagnostics[2]
      Request finished HTTP/2 POST https://localhost:44353/Home/GetResidentPackageStats - 200 2790 application/json 130.4268ms
dbug: Microsoft.AspNetCore.Server.IIS.Core.IISHttpServer[1]
      Connection ID "18374686497656799331" disconnecting.
dbug: Microsoft.Extensions.Http.DefaultHttpClientFactory[100]
      Starting HttpMessageHandler cleanup cycle with 3 items
dbug: Microsoft.Extensions.Http.DefaultHttpClientFactory[101]
      Ending HttpMessageHandler cleanup cycle after 0.0029ms - processed: 0 items - remaining: 3 items
dbug: Microsoft.Extensions.Http.DefaultHttpClientFactory[100]
      Starting HttpMessageHandler cleanup cycle with 3 items
dbug: Microsoft.Extensions.Http.DefaultHttpClientFactory[101]
      Ending HttpMessageHandler cleanup cycle after 0.0088ms - processed: 0 items - remaining: 3 items
info: Microsoft.AspNetCore.Hosting.Diagnostics[1]
      Request starting HTTP/2 GET https://localhost:44353/Home/Index - - -
dbug: Microsoft.AspNetCore.StaticFiles.StaticFileMiddleware[4]
      The request path /Home/Index does not match a supported file type
dbug: Microsoft.AspNetCore.Routing.Matching.DfaMatcher[1001]
      1 candidate(s) found for the request path '/Home/Index'
dbug: Microsoft.AspNetCore.Routing.Matching.DfaMatcher[1005]
      Endpoint 'ParcelManagement2.Controllers.HomeController.Index (ParcelProject)' with route pattern '{controller=Account}/{action=Login}/{id?}' is valid for the request path '/Home/Index'
dbug: Microsoft.AspNetCore.Routing.EndpointRoutingMiddleware[1]
      Request matched endpoint 'ParcelManagement2.Controllers.HomeController.Index (ParcelProject)'
dbug: Microsoft.AspNetCore.Authentication.Cookies.CookieAuthenticationHandler[8]
      AuthenticationScheme: Cookies was successfully authenticated.
dbug: Microsoft.AspNetCore.Authorization.DefaultAuthorizationService[1]
      Authorization was successful.
info: Microsoft.AspNetCore.Routing.EndpointMiddleware[0]
      Executing endpoint 'ParcelManagement2.Controllers.HomeController.Index (ParcelProject)'
info: Microsoft.AspNetCore.Mvc.Infrastructure.ControllerActionInvoker[102]
      Route matched with {action = "Index", controller = "Home"}. Executing controller action with signature Microsoft.AspNetCore.Mvc.IActionResult Index() on controller ParcelManagement2.Controllers.HomeController (ParcelProject).
dbug: Microsoft.AspNetCore.Mvc.Infrastructure.ControllerActionInvoker[1]
      Execution plan of authorization filters (in the following order): None
dbug: Microsoft.AspNetCore.Mvc.Infrastructure.ControllerActionInvoker[1]
      Execution plan of resource filters (in the following order): Microsoft.AspNetCore.Mvc.ViewFeatures.Filters.SaveTempDataFilter
dbug: Microsoft.AspNetCore.Mvc.Infrastructure.ControllerActionInvoker[1]
      Execution plan of action filters (in the following order): Microsoft.AspNetCore.Mvc.Filters.ControllerActionFilter (Order: -2147483648), Microsoft.AspNetCore.Mvc.ModelBinding.UnsupportedContentTypeFilter (Order: -3000)
dbug: Microsoft.AspNetCore.Mvc.Infrastructure.ControllerActionInvoker[1]
      Execution plan of exception filters (in the following order): None
dbug: Microsoft.AspNetCore.Mvc.Infrastructure.ControllerActionInvoker[1]
      Execution plan of result filters (in the following order): Microsoft.AspNetCore.Mvc.ViewFeatures.Filters.SaveTempDataFilter
dbug: Microsoft.AspNetCore.Mvc.Infrastructure.ControllerActionInvoker[1]
      Executing controller factory for controller ParcelManagement2.Controllers.HomeController (ParcelProject)
dbug: ParcelManagement2.Models.DBConn[0]
      資料庫連線字串已設定
dbug: Microsoft.AspNetCore.Mvc.Infrastructure.ControllerActionInvoker[2]
      Executed controller factory for controller ParcelManagement2.Controllers.HomeController (ParcelProject)
dbug: Microsoft.AspNetCore.Mvc.Razor.RazorViewEngine[1]
      View lookup cache miss for view 'Index' in controller 'Home'.
dbug: Microsoft.AspNetCore.Mvc.Razor.Compilation.DefaultViewCompiler[3]
      Initializing Razor view compiler with compiled view: '/Views/Account/AccessDenied.cshtml'.
dbug: Microsoft.AspNetCore.Mvc.Razor.Compilation.DefaultViewCompiler[3]
      Initializing Razor view compiler with compiled view: '/Views/Account/Login.cshtml'.
dbug: Microsoft.AspNetCore.Mvc.Razor.Compilation.DefaultViewCompiler[3]
      Initializing Razor view compiler with compiled view: '/Views/Home/Index.cshtml'.
dbug: Microsoft.AspNetCore.Mvc.Razor.Compilation.DefaultViewCompiler[3]
      Initializing Razor view compiler with compiled view: '/Views/Home/Index_back.cshtml'.
dbug: Microsoft.AspNetCore.Mvc.Razor.Compilation.DefaultViewCompiler[3]
      Initializing Razor view compiler with compiled view: '/Views/Home/Packages.cshtml'.
dbug: Microsoft.AspNetCore.Mvc.Razor.Compilation.DefaultViewCompiler[3]
      Initializing Razor view compiler with compiled view: '/Views/Home/Privacy.cshtml'.
dbug: Microsoft.AspNetCore.Mvc.Razor.Compilation.DefaultViewCompiler[3]
      Initializing Razor view compiler with compiled view: '/Views/Resident/Edit.cshtml'.
dbug: Microsoft.AspNetCore.Mvc.Razor.Compilation.DefaultViewCompiler[3]
      Initializing Razor view compiler with compiled view: '/Views/Resident/Home.cshtml'.
dbug: Microsoft.AspNetCore.Mvc.Razor.Compilation.DefaultViewCompiler[3]
      Initializing Razor view compiler with compiled view: '/Views/Resident/MyPackages.cshtml'.
dbug: Microsoft.AspNetCore.Mvc.Razor.Compilation.DefaultViewCompiler[3]
      Initializing Razor view compiler with compiled view: '/Views/Resident/PackagePhoto.cshtml'.
dbug: Microsoft.AspNetCore.Mvc.Razor.Compilation.DefaultViewCompiler[3]
      Initializing Razor view compiler with compiled view: '/Views/Shared/Error.cshtml'.
dbug: Microsoft.AspNetCore.Mvc.Razor.Compilation.DefaultViewCompiler[3]
      Initializing Razor view compiler with compiled view: '/Views/Shared/_AdminLayout.cshtml'.
dbug: Microsoft.AspNetCore.Mvc.Razor.Compilation.DefaultViewCompiler[3]
      Initializing Razor view compiler with compiled view: '/Views/Shared/_Layout.cshtml'.
dbug: Microsoft.AspNetCore.Mvc.Razor.Compilation.DefaultViewCompiler[3]
      Initializing Razor view compiler with compiled view: '/Views/Shared/_ResidentLayout.cshtml'.
dbug: Microsoft.AspNetCore.Mvc.Razor.Compilation.DefaultViewCompiler[3]
      Initializing Razor view compiler with compiled view: '/Views/Shared/_ValidationScriptsPartial.cshtml'.
dbug: Microsoft.AspNetCore.Mvc.Razor.Compilation.DefaultViewCompiler[3]
      Initializing Razor view compiler with compiled view: '/Views/_ViewImports.cshtml'.
dbug: Microsoft.AspNetCore.Mvc.Razor.Compilation.DefaultViewCompiler[3]
      Initializing Razor view compiler with compiled view: '/Views/_ViewStart.cshtml'.
dbug: Microsoft.AspNetCore.Mvc.Razor.Compilation.DefaultViewCompiler[3]
      Initializing Razor view compiler with compiled view: '/Views/Shared/_Layout_back.cshtml'.
info: Microsoft.AspNetCore.Mvc.ViewFeatures.ViewResultExecutor[1]
      Executing ViewResult, running view Index.
dbug: Microsoft.AspNetCore.Mvc.ViewFeatures.ViewResultExecutor[2]
      The view path '/Views/Home/Index.cshtml' was found in 25.3517ms.
dbug: Microsoft.AspNetCore.Antiforgery.DefaultAntiforgery[6]
      An antiforgery cookie token was reused.
dbug: Microsoft.WebTools.BrowserLink.Net.BrowserLinkMiddleware[1]
      Response markup is scheduled to include Browser Link script injection.
dbug: Microsoft.AspNetCore.Watch.BrowserRefresh.BrowserRefreshMiddleware[1]
      Response markup is scheduled to include browser refresh script injection.
info: Microsoft.AspNetCore.Mvc.ViewFeatures.ViewResultExecutor[4]
      Executed ViewResult - view Index executed in 35.5117ms.
info: Microsoft.AspNetCore.Mvc.Infrastructure.ControllerActionInvoker[105]
      Executed action ParcelManagement2.Controllers.HomeController.Index (ParcelProject) in 41.2981ms
info: Microsoft.AspNetCore.Routing.EndpointMiddleware[1]
      Executed endpoint 'ParcelManagement2.Controllers.HomeController.Index (ParcelProject)'
dbug: Microsoft.WebTools.BrowserLink.Net.BrowserLinkMiddleware[2]
      Response markup was updated to include Browser Link script injection.
dbug: Microsoft.AspNetCore.Watch.BrowserRefresh.BrowserRefreshMiddleware[2]
      Response markup was updated to include browser refresh script injection.
dbug: Microsoft.AspNetCore.Server.IIS.Core.IISHttpServer[1]
      Connection ID "18158513741312819338" disconnecting.
info: Microsoft.AspNetCore.Hosting.Diagnostics[2]
      Request finished HTTP/2 GET https://localhost:44353/Home/Index - 200 - text/html;+charset=utf-8 73.6393ms
info: Microsoft.AspNetCore.Hosting.Diagnostics[1]
      Request starting HTTP/2 POST https://localhost:44353/Home/GetResidentPackageStats - - 0
dbug: Microsoft.AspNetCore.StaticFiles.StaticFileMiddleware[1]
      POST requests are not supported
dbug: Microsoft.AspNetCore.Routing.Matching.DfaMatcher[1001]
      1 candidate(s) found for the request path '/Home/GetResidentPackageStats'
dbug: Microsoft.AspNetCore.Routing.Matching.DfaMatcher[1005]
      Endpoint 'ParcelManagement2.Controllers.HomeController.GetResidentPackageStats (ParcelProject)' with route pattern '{controller=Account}/{action=Login}/{id?}' is valid for the request path '/Home/GetResidentPackageStats'
info: Microsoft.AspNetCore.Hosting.Diagnostics[1]
      Request starting HTTP/2 GET https://localhost:44353/_vs/browserLink - - -
info: Microsoft.AspNetCore.Hosting.Diagnostics[1]
      Request starting HTTP/2 GET https://localhost:44353/_framework/aspnetcore-browser-refresh.js - - -
dbug: Microsoft.AspNetCore.Routing.EndpointRoutingMiddleware[1]
      Request matched endpoint 'ParcelManagement2.Controllers.HomeController.GetResidentPackageStats (ParcelProject)'
dbug: Microsoft.AspNetCore.Authentication.Cookies.CookieAuthenticationHandler[8]
      AuthenticationScheme: Cookies was successfully authenticated.
dbug: Microsoft.AspNetCore.Watch.BrowserRefresh.BrowserScriptMiddleware[0]
      Script injected: /_framework/aspnetcore-browser-refresh.js
dbug: Microsoft.AspNetCore.Authorization.DefaultAuthorizationService[1]
      Authorization was successful.
info: Microsoft.AspNetCore.Hosting.Diagnostics[2]
      Request finished HTTP/2 GET https://localhost:44353/_framework/aspnetcore-browser-refresh.js - 200 16511 application/javascript;+charset=utf-8 10.5803ms
dbug: Microsoft.AspNetCore.Server.IIS.Core.IISHttpServer[1]
      Connection ID "18086456142979924016" disconnecting.
info: Microsoft.AspNetCore.Routing.EndpointMiddleware[0]
      Executing endpoint 'ParcelManagement2.Controllers.HomeController.GetResidentPackageStats (ParcelProject)'
info: Microsoft.AspNetCore.Mvc.Infrastructure.ControllerActionInvoker[102]
      Route matched with {action = "GetResidentPackageStats", controller = "Home"}. Executing controller action with signature Microsoft.AspNetCore.Mvc.IActionResult GetResidentPackageStats() on controller ParcelManagement2.Controllers.HomeController (ParcelProject).
dbug: Microsoft.AspNetCore.Mvc.Infrastructure.ControllerActionInvoker[1]
      Execution plan of authorization filters (in the following order): None
dbug: Microsoft.AspNetCore.Mvc.Infrastructure.ControllerActionInvoker[1]
      Execution plan of resource filters (in the following order): Microsoft.AspNetCore.Mvc.ViewFeatures.Filters.SaveTempDataFilter
dbug: Microsoft.AspNetCore.Server.IIS.Core.IISHttpServer[1]
      Connection ID "18374686536311504935" disconnecting.
info: Microsoft.AspNetCore.Hosting.Diagnostics[2]
      Request finished HTTP/2 GET https://localhost:44353/_vs/browserLink - 200 - text/javascript;+charset=UTF-8 22.9398ms
dbug: Microsoft.AspNetCore.Mvc.Infrastructure.ControllerActionInvoker[1]
      Execution plan of action filters (in the following order): Microsoft.AspNetCore.Mvc.Filters.ControllerActionFilter (Order: -2147483648), Microsoft.AspNetCore.Mvc.ModelBinding.UnsupportedContentTypeFilter (Order: -3000)
dbug: Microsoft.AspNetCore.Mvc.Infrastructure.ControllerActionInvoker[1]
      Execution plan of exception filters (in the following order): None
dbug: Microsoft.AspNetCore.Mvc.Infrastructure.ControllerActionInvoker[1]
      Execution plan of result filters (in the following order): Microsoft.AspNetCore.Mvc.ViewFeatures.Filters.SaveTempDataFilter
dbug: Microsoft.AspNetCore.Mvc.Infrastructure.ControllerActionInvoker[1]
      Executing controller factory for controller ParcelManagement2.Controllers.HomeController (ParcelProject)
dbug: ParcelManagement2.Models.DBConn[0]
      資料庫連線字串已設定
dbug: Microsoft.AspNetCore.Mvc.Infrastructure.ControllerActionInvoker[2]
      Executed controller factory for controller ParcelManagement2.Controllers.HomeController (ParcelProject)
dbug: ParcelManagement2.Models.DBConn[0]
      查詢成功，返回 28 行數據
info: Microsoft.AspNetCore.Mvc.Infrastructure.ContentResultExecutor[1]
      Executing ContentResult with HTTP Response ContentType of application/json
info: Microsoft.AspNetCore.Mvc.Infrastructure.ControllerActionInvoker[105]
      Executed action ParcelManagement2.Controllers.HomeController.GetResidentPackageStats (ParcelProject) in 33.7835ms
info: Microsoft.AspNetCore.Routing.EndpointMiddleware[1]
      Executed endpoint 'ParcelManagement2.Controllers.HomeController.GetResidentPackageStats (ParcelProject)'
info: Microsoft.AspNetCore.Hosting.Diagnostics[2]
      Request finished HTTP/2 POST https://localhost:44353/Home/GetResidentPackageStats - 200 2790 application/json 76.9899ms
dbug: Microsoft.AspNetCore.Server.IIS.Core.IISHttpServer[1]
      Connection ID "18302628916503773196" disconnecting.
dbug: Microsoft.Extensions.Http.DefaultHttpClientFactory[100]
      Starting HttpMessageHandler cleanup cycle with 3 items
dbug: Microsoft.Extensions.Http.DefaultHttpClientFactory[101]
      Ending HttpMessageHandler cleanup cycle after 0.0018ms - processed: 0 items - remaining: 3 items
dbug: Microsoft.Extensions.Http.DefaultHttpClientFactory[100]
      Starting HttpMessageHandler cleanup cycle with 3 items
dbug: Microsoft.Extensions.Http.DefaultHttpClientFactory[101]
      Ending HttpMessageHandler cleanup cycle after 0.0051ms - processed: 0 items - remaining: 3 items
dbug: Microsoft.Extensions.Http.DefaultHttpClientFactory[100]
      Starting HttpMessageHandler cleanup cycle with 3 items
dbug: Microsoft.Extensions.Http.DefaultHttpClientFactory[101]
      Ending HttpMessageHandler cleanup cycle after 0.0045ms - processed: 0 items - remaining: 3 items
info: Microsoft.AspNetCore.Hosting.Diagnostics[1]
      Request starting HTTP/2 GET https://localhost:44353/Home/Packages - - -
dbug: Microsoft.AspNetCore.StaticFiles.StaticFileMiddleware[4]
      The request path /Home/Packages does not match a supported file type
dbug: Microsoft.AspNetCore.Routing.Matching.DfaMatcher[1001]
      1 candidate(s) found for the request path '/Home/Packages'
dbug: Microsoft.AspNetCore.Routing.Matching.DfaMatcher[1005]
      Endpoint 'ParcelManagement2.Controllers.HomeController.Packages (ParcelProject)' with route pattern '{controller=Account}/{action=Login}/{id?}' is valid for the request path '/Home/Packages'
dbug: Microsoft.AspNetCore.Routing.EndpointRoutingMiddleware[1]
      Request matched endpoint 'ParcelManagement2.Controllers.HomeController.Packages (ParcelProject)'
dbug: Microsoft.AspNetCore.Authentication.Cookies.CookieAuthenticationHandler[8]
      AuthenticationScheme: Cookies was successfully authenticated.
dbug: Microsoft.AspNetCore.Authorization.DefaultAuthorizationService[1]
      Authorization was successful.
info: Microsoft.AspNetCore.Routing.EndpointMiddleware[0]
      Executing endpoint 'ParcelManagement2.Controllers.HomeController.Packages (ParcelProject)'
info: Microsoft.AspNetCore.Mvc.Infrastructure.ControllerActionInvoker[102]
      Route matched with {action = "Packages", controller = "Home"}. Executing controller action with signature Microsoft.AspNetCore.Mvc.IActionResult Packages() on controller ParcelManagement2.Controllers.HomeController (ParcelProject).
dbug: Microsoft.AspNetCore.Mvc.Infrastructure.ControllerActionInvoker[1]
      Execution plan of authorization filters (in the following order): None
dbug: Microsoft.AspNetCore.Mvc.Infrastructure.ControllerActionInvoker[1]
      Execution plan of resource filters (in the following order): Microsoft.AspNetCore.Mvc.ViewFeatures.Filters.SaveTempDataFilter
dbug: Microsoft.AspNetCore.Mvc.Infrastructure.ControllerActionInvoker[1]
      Execution plan of action filters (in the following order): Microsoft.AspNetCore.Mvc.Filters.ControllerActionFilter (Order: -2147483648), Microsoft.AspNetCore.Mvc.ModelBinding.UnsupportedContentTypeFilter (Order: -3000)
dbug: Microsoft.AspNetCore.Mvc.Infrastructure.ControllerActionInvoker[1]
      Execution plan of exception filters (in the following order): None
dbug: Microsoft.AspNetCore.Mvc.Infrastructure.ControllerActionInvoker[1]
      Execution plan of result filters (in the following order): Microsoft.AspNetCore.Mvc.ViewFeatures.Filters.SaveTempDataFilter
dbug: Microsoft.AspNetCore.Mvc.Infrastructure.ControllerActionInvoker[1]
      Executing controller factory for controller ParcelManagement2.Controllers.HomeController (ParcelProject)
dbug: ParcelManagement2.Models.DBConn[0]
      資料庫連線字串已設定
dbug: Microsoft.AspNetCore.Mvc.Infrastructure.ControllerActionInvoker[2]
      Executed controller factory for controller ParcelManagement2.Controllers.HomeController (ParcelProject)
dbug: Microsoft.AspNetCore.Mvc.Razor.RazorViewEngine[1]
      View lookup cache miss for view 'Packages' in controller 'Home'.
info: Microsoft.AspNetCore.Mvc.ViewFeatures.ViewResultExecutor[1]
      Executing ViewResult, running view Packages.
dbug: Microsoft.AspNetCore.Mvc.ViewFeatures.ViewResultExecutor[2]
      The view path '/Views/Home/Packages.cshtml' was found in 4.0066ms.
dbug: Microsoft.AspNetCore.Antiforgery.DefaultAntiforgery[6]
      An antiforgery cookie token was reused.
dbug: Microsoft.WebTools.BrowserLink.Net.BrowserLinkMiddleware[1]
      Response markup is scheduled to include Browser Link script injection.
dbug: Microsoft.AspNetCore.Watch.BrowserRefresh.BrowserRefreshMiddleware[1]
      Response markup is scheduled to include browser refresh script injection.
info: Microsoft.AspNetCore.Mvc.ViewFeatures.ViewResultExecutor[4]
      Executed ViewResult - view Packages executed in 13.3279ms.
info: Microsoft.AspNetCore.Mvc.Infrastructure.ControllerActionInvoker[105]
      Executed action ParcelManagement2.Controllers.HomeController.Packages (ParcelProject) in 20.855ms
info: Microsoft.AspNetCore.Routing.EndpointMiddleware[1]
      Executed endpoint 'ParcelManagement2.Controllers.HomeController.Packages (ParcelProject)'
dbug: Microsoft.WebTools.BrowserLink.Net.BrowserLinkMiddleware[2]
      Response markup was updated to include Browser Link script injection.
dbug: Microsoft.AspNetCore.Watch.BrowserRefresh.BrowserRefreshMiddleware[2]
      Response markup was updated to include browser refresh script injection.
dbug: Microsoft.AspNetCore.Server.IIS.Core.IISHttpServer[1]
      Connection ID "18302628895028936767" disconnecting.
info: Microsoft.AspNetCore.Hosting.Diagnostics[2]
      Request finished HTTP/2 GET https://localhost:44353/Home/Packages - 200 - text/html;+charset=utf-8 93.9033ms
info: Microsoft.AspNetCore.Hosting.Diagnostics[1]
      Request starting HTTP/2 POST https://localhost:44353/Home/GetAllProduct - - 0
info: Microsoft.AspNetCore.Hosting.Diagnostics[1]
      Request starting HTTP/2 POST https://localhost:44353/Home/BuildResidentList - - 0
dbug: Microsoft.AspNetCore.StaticFiles.StaticFileMiddleware[1]
      POST requests are not supported
dbug: Microsoft.AspNetCore.StaticFiles.StaticFileMiddleware[1]
      POST requests are not supported
dbug: Microsoft.AspNetCore.Routing.Matching.DfaMatcher[1001]
      1 candidate(s) found for the request path '/Home/GetAllProduct'
dbug: Microsoft.AspNetCore.Routing.Matching.DfaMatcher[1001]
      1 candidate(s) found for the request path '/Home/BuildResidentList'
dbug: Microsoft.AspNetCore.Routing.Matching.DfaMatcher[1005]
      Endpoint 'ParcelManagement2.Controllers.HomeController.BuildResidentList (ParcelProject)' with route pattern '{controller=Account}/{action=Login}/{id?}' is valid for the request path '/Home/BuildResidentList'
dbug: Microsoft.AspNetCore.Routing.EndpointRoutingMiddleware[1]
      Request matched endpoint 'ParcelManagement2.Controllers.HomeController.BuildResidentList (ParcelProject)'
dbug: Microsoft.AspNetCore.Authentication.Cookies.CookieAuthenticationHandler[8]
      AuthenticationScheme: Cookies was successfully authenticated.
dbug: Microsoft.AspNetCore.Authorization.DefaultAuthorizationService[1]
      Authorization was successful.
dbug: Microsoft.AspNetCore.Routing.Matching.DfaMatcher[1005]
      Endpoint 'ParcelManagement2.Controllers.HomeController.GetAllProduct (ParcelProject)' with route pattern '{controller=Account}/{action=Login}/{id?}' is valid for the request path '/Home/GetAllProduct'
info: Microsoft.AspNetCore.Routing.EndpointMiddleware[0]
      Executing endpoint 'ParcelManagement2.Controllers.HomeController.BuildResidentList (ParcelProject)'
dbug: Microsoft.AspNetCore.Routing.EndpointRoutingMiddleware[1]
      Request matched endpoint 'ParcelManagement2.Controllers.HomeController.GetAllProduct (ParcelProject)'
dbug: Microsoft.AspNetCore.Authentication.Cookies.CookieAuthenticationHandler[8]
      AuthenticationScheme: Cookies was successfully authenticated.
info: Microsoft.AspNetCore.Hosting.Diagnostics[1]
      Request starting HTTP/2 POST https://localhost:44353/Home/BuildProdTypeList - - 0
info: Microsoft.AspNetCore.Mvc.Infrastructure.ControllerActionInvoker[102]
      Route matched with {action = "BuildResidentList", controller = "Home"}. Executing controller action with signature System.Threading.Tasks.Task`1[Microsoft.AspNetCore.Mvc.JsonResult] BuildResidentList() on controller ParcelManagement2.Controllers.HomeController (ParcelProject).
dbug: Microsoft.AspNetCore.Authorization.DefaultAuthorizationService[1]
      Authorization was successful.
dbug: Microsoft.AspNetCore.StaticFiles.StaticFileMiddleware[1]
      POST requests are not supported
info: Microsoft.AspNetCore.Routing.EndpointMiddleware[0]
      Executing endpoint 'ParcelManagement2.Controllers.HomeController.GetAllProduct (ParcelProject)'
dbug: Microsoft.AspNetCore.Routing.Matching.DfaMatcher[1001]
      1 candidate(s) found for the request path '/Home/BuildProdTypeList'
dbug: Microsoft.AspNetCore.Routing.Matching.DfaMatcher[1005]
      Endpoint 'ParcelManagement2.Controllers.HomeController.BuildProdTypeList (ParcelProject)' with route pattern '{controller=Account}/{action=Login}/{id?}' is valid for the request path '/Home/BuildProdTypeList'
info: Microsoft.AspNetCore.Mvc.Infrastructure.ControllerActionInvoker[102]
      Route matched with {action = "GetAllProduct", controller = "Home"}. Executing controller action with signature System.Threading.Tasks.Task`1[Microsoft.AspNetCore.Mvc.JsonResult] GetAllProduct() on controller ParcelManagement2.Controllers.HomeController (ParcelProject).
dbug: Microsoft.AspNetCore.Routing.EndpointRoutingMiddleware[1]
      Request matched endpoint 'ParcelManagement2.Controllers.HomeController.BuildProdTypeList (ParcelProject)'
dbug: Microsoft.AspNetCore.Mvc.Infrastructure.ControllerActionInvoker[1]
      Execution plan of authorization filters (in the following order): None
dbug: Microsoft.AspNetCore.Authentication.Cookies.CookieAuthenticationHandler[8]
      AuthenticationScheme: Cookies was successfully authenticated.
info: Microsoft.AspNetCore.Hosting.Diagnostics[1]
      Request starting HTTP/2 POST https://localhost:44353/Home/GetAllProduct - - 0
dbug: Microsoft.AspNetCore.Mvc.Infrastructure.ControllerActionInvoker[1]
      Execution plan of resource filters (in the following order): Microsoft.AspNetCore.Mvc.ViewFeatures.Filters.SaveTempDataFilter
dbug: Microsoft.AspNetCore.Mvc.Infrastructure.ControllerActionInvoker[1]
      Execution plan of action filters (in the following order): Microsoft.AspNetCore.Mvc.Filters.ControllerActionFilter (Order: -2147483648), Microsoft.AspNetCore.Mvc.ModelBinding.UnsupportedContentTypeFilter (Order: -3000)
dbug: Microsoft.AspNetCore.Mvc.Infrastructure.ControllerActionInvoker[1]
      Execution plan of exception filters (in the following order): None
dbug: Microsoft.AspNetCore.Mvc.Infrastructure.ControllerActionInvoker[1]
      Execution plan of result filters (in the following order): Microsoft.AspNetCore.Mvc.ViewFeatures.Filters.SaveTempDataFilter
info: Microsoft.AspNetCore.Hosting.Diagnostics[1]
      Request starting HTTP/2 GET https://localhost:44353/_vs/browserLink - - -
dbug: Microsoft.AspNetCore.Mvc.Infrastructure.ControllerActionInvoker[1]
      Executing controller factory for controller ParcelManagement2.Controllers.HomeController (ParcelProject)
dbug: Microsoft.AspNetCore.Authorization.DefaultAuthorizationService[1]
      Authorization was successful.
dbug: ParcelManagement2.Models.DBConn[0]
      資料庫連線字串已設定
info: Microsoft.AspNetCore.Hosting.Diagnostics[1]
      Request starting HTTP/2 GET https://localhost:44353/_framework/aspnetcore-browser-refresh.js - - -
info: Microsoft.AspNetCore.Routing.EndpointMiddleware[0]
      Executing endpoint 'ParcelManagement2.Controllers.HomeController.BuildProdTypeList (ParcelProject)'
dbug: Microsoft.AspNetCore.Mvc.Infrastructure.ControllerActionInvoker[2]
      Executed controller factory for controller ParcelManagement2.Controllers.HomeController (ParcelProject)
dbug: Microsoft.AspNetCore.Mvc.Infrastructure.ControllerActionInvoker[1]
      Execution plan of authorization filters (in the following order): None
dbug: Microsoft.AspNetCore.Mvc.Infrastructure.ControllerActionInvoker[1]
      Execution plan of resource filters (in the following order): Microsoft.AspNetCore.Mvc.ViewFeatures.Filters.SaveTempDataFilter
info: Microsoft.AspNetCore.Mvc.Infrastructure.ControllerActionInvoker[102]
      Route matched with {action = "BuildProdTypeList", controller = "Home"}. Executing controller action with signature System.Threading.Tasks.Task`1[Microsoft.AspNetCore.Mvc.JsonResult] BuildProdTypeList() on controller ParcelManagement2.Controllers.HomeController (ParcelProject).
dbug: Microsoft.AspNetCore.StaticFiles.StaticFileMiddleware[1]
      POST requests are not supported
dbug: Microsoft.AspNetCore.Mvc.Infrastructure.ControllerActionInvoker[1]
      Execution plan of authorization filters (in the following order): None
dbug: Microsoft.AspNetCore.Mvc.Infrastructure.ControllerActionInvoker[1]
      Execution plan of resource filters (in the following order): Microsoft.AspNetCore.Mvc.ViewFeatures.Filters.SaveTempDataFilter
dbug: Microsoft.AspNetCore.Mvc.Infrastructure.ControllerActionInvoker[1]
      Execution plan of action filters (in the following order): Microsoft.AspNetCore.Mvc.Filters.ControllerActionFilter (Order: -2147483648), Microsoft.AspNetCore.Mvc.ModelBinding.UnsupportedContentTypeFilter (Order: -3000)
dbug: Microsoft.AspNetCore.Mvc.Infrastructure.ControllerActionInvoker[1]
      Execution plan of exception filters (in the following order): None
dbug: Microsoft.AspNetCore.Mvc.Infrastructure.ControllerActionInvoker[1]
      Execution plan of result filters (in the following order): Microsoft.AspNetCore.Mvc.ViewFeatures.Filters.SaveTempDataFilter
dbug: Microsoft.AspNetCore.Mvc.Infrastructure.ControllerActionInvoker[1]
      Execution plan of action filters (in the following order): Microsoft.AspNetCore.Mvc.Filters.ControllerActionFilter (Order: -2147483648), Microsoft.AspNetCore.Mvc.ModelBinding.UnsupportedContentTypeFilter (Order: -3000)
dbug: Microsoft.AspNetCore.Mvc.Infrastructure.ControllerActionInvoker[1]
      Executing controller factory for controller ParcelManagement2.Controllers.HomeController (ParcelProject)
dbug: ParcelManagement2.Models.DBConn[0]
      查詢成功，返回 134 行數據
dbug: Microsoft.AspNetCore.Mvc.Infrastructure.ControllerActionInvoker[1]
      Execution plan of exception filters (in the following order): None
info: Microsoft.AspNetCore.Mvc.Infrastructure.SystemTextJsonResultExecutor[1]
      Executing JsonResult, writing value of type 'System.Text.Json.JsonElement'.
dbug: ParcelManagement2.Models.DBConn[0]
      資料庫連線字串已設定
dbug: Microsoft.AspNetCore.Mvc.Infrastructure.ControllerActionInvoker[2]
      Executed controller factory for controller ParcelManagement2.Controllers.HomeController (ParcelProject)
info: Microsoft.AspNetCore.Mvc.Infrastructure.ControllerActionInvoker[105]
      Executed action ParcelManagement2.Controllers.HomeController.GetAllProduct (ParcelProject) in 68.4241ms
dbug: Microsoft.AspNetCore.Mvc.Infrastructure.ControllerActionInvoker[1]
      Execution plan of result filters (in the following order): Microsoft.AspNetCore.Mvc.ViewFeatures.Filters.SaveTempDataFilter
dbug: Microsoft.AspNetCore.Mvc.Infrastructure.ControllerActionInvoker[1]
      Executing controller factory for controller ParcelManagement2.Controllers.HomeController (ParcelProject)
dbug: ParcelManagement2.Models.DBConn[0]
      資料庫連線字串已設定
info: Microsoft.AspNetCore.Routing.EndpointMiddleware[1]
      Executed endpoint 'ParcelManagement2.Controllers.HomeController.GetAllProduct (ParcelProject)'
dbug: Microsoft.AspNetCore.Server.IIS.Core.IISHttpServer[1]
      Connection ID "18302628895028936769" disconnecting.
info: Microsoft.AspNetCore.Hosting.Diagnostics[2]
      Request finished HTTP/2 POST https://localhost:44353/Home/GetAllProduct - 200 - application/json;+charset=utf-8 218.3534ms
dbug: Microsoft.AspNetCore.Mvc.Infrastructure.ControllerActionInvoker[2]
      Executed controller factory for controller ParcelManagement2.Controllers.HomeController (ParcelProject)
dbug: ParcelManagement2.Models.DBConn[0]
      查詢成功，返回 2 行數據
info: Microsoft.AspNetCore.Mvc.Infrastructure.SystemTextJsonResultExecutor[1]
      Executing JsonResult, writing value of type 'System.Text.Json.JsonElement'.
dbug: Microsoft.AspNetCore.Routing.Matching.DfaMatcher[1001]
      1 candidate(s) found for the request path '/Home/GetAllProduct'
info: Microsoft.AspNetCore.Mvc.Infrastructure.ControllerActionInvoker[105]
      Executed action ParcelManagement2.Controllers.HomeController.BuildProdTypeList (ParcelProject) in 95.0564ms
dbug: ParcelManagement2.Models.DBConn[0]
      查詢成功，返回 28 行數據
info: Microsoft.AspNetCore.Routing.EndpointMiddleware[1]
      Executed endpoint 'ParcelManagement2.Controllers.HomeController.BuildProdTypeList (ParcelProject)'
dbug: Microsoft.AspNetCore.Server.IIS.Core.IISHttpServer[1]
      Connection ID "18014398561826898056" disconnecting.
info: Microsoft.AspNetCore.Hosting.Diagnostics[2]
      Request finished HTTP/2 POST https://localhost:44353/Home/BuildProdTypeList - 200 - application/json;+charset=utf-8 227.0263ms
info: Microsoft.AspNetCore.Mvc.Infrastructure.SystemTextJsonResultExecutor[1]
      Executing JsonResult, writing value of type 'System.Text.Json.JsonElement'.
dbug: Microsoft.AspNetCore.Server.IIS.Core.IISHttpServer[1]
      Connection ID "18158513758492688385" disconnecting.
info: Microsoft.AspNetCore.Hosting.Diagnostics[2]
      Request finished HTTP/2 GET https://localhost:44353/_vs/browserLink - 200 - text/javascript;+charset=UTF-8 182.9418ms
info: Microsoft.AspNetCore.Mvc.Infrastructure.ControllerActionInvoker[105]
      Executed action ParcelManagement2.Controllers.HomeController.BuildResidentList (ParcelProject) in 114.0098ms
dbug: Microsoft.AspNetCore.Routing.Matching.DfaMatcher[1005]
      Endpoint 'ParcelManagement2.Controllers.HomeController.GetAllProduct (ParcelProject)' with route pattern '{controller=Account}/{action=Login}/{id?}' is valid for the request path '/Home/GetAllProduct'
info: Microsoft.AspNetCore.Routing.EndpointMiddleware[1]
      Executed endpoint 'ParcelManagement2.Controllers.HomeController.BuildResidentList (ParcelProject)'
dbug: Microsoft.AspNetCore.Routing.EndpointRoutingMiddleware[1]
      Request matched endpoint 'ParcelManagement2.Controllers.HomeController.GetAllProduct (ParcelProject)'
info: Microsoft.AspNetCore.Hosting.Diagnostics[2]
      Request finished HTTP/2 POST https://localhost:44353/Home/BuildResidentList - 200 - application/json;+charset=utf-8 322.8479ms
dbug: Microsoft.AspNetCore.Server.IIS.Core.IISHttpServer[1]
      Connection ID "18230571343940681837" disconnecting.
dbug: Microsoft.AspNetCore.Authentication.Cookies.CookieAuthenticationHandler[8]
      AuthenticationScheme: Cookies was successfully authenticated.
dbug: Microsoft.AspNetCore.Authorization.DefaultAuthorizationService[1]
      Authorization was successful.
info: Microsoft.AspNetCore.Routing.EndpointMiddleware[0]
      Executing endpoint 'ParcelManagement2.Controllers.HomeController.GetAllProduct (ParcelProject)'
dbug: Microsoft.AspNetCore.Watch.BrowserRefresh.BrowserScriptMiddleware[0]
      Script injected: /_framework/aspnetcore-browser-refresh.js
info: Microsoft.AspNetCore.Mvc.Infrastructure.ControllerActionInvoker[102]
      Route matched with {action = "GetAllProduct", controller = "Home"}. Executing controller action with signature System.Threading.Tasks.Task`1[Microsoft.AspNetCore.Mvc.JsonResult] GetAllProduct() on controller ParcelManagement2.Controllers.HomeController (ParcelProject).
info: Microsoft.AspNetCore.Hosting.Diagnostics[2]
      Request finished HTTP/2 GET https://localhost:44353/_framework/aspnetcore-browser-refresh.js - 200 16511 application/javascript;+charset=utf-8 209.3349ms
dbug: Microsoft.AspNetCore.Server.IIS.Core.IISHttpServer[1]
      Connection ID "18086456164454760449" disconnecting.
dbug: Microsoft.AspNetCore.Mvc.Infrastructure.ControllerActionInvoker[1]
      Execution plan of authorization filters (in the following order): None
dbug: Microsoft.AspNetCore.Mvc.Infrastructure.ControllerActionInvoker[1]
      Execution plan of resource filters (in the following order): Microsoft.AspNetCore.Mvc.ViewFeatures.Filters.SaveTempDataFilter
dbug: Microsoft.AspNetCore.Mvc.Infrastructure.ControllerActionInvoker[1]
      Execution plan of action filters (in the following order): Microsoft.AspNetCore.Mvc.Filters.ControllerActionFilter (Order: -2147483648), Microsoft.AspNetCore.Mvc.ModelBinding.UnsupportedContentTypeFilter (Order: -3000)
dbug: Microsoft.AspNetCore.Mvc.Infrastructure.ControllerActionInvoker[1]
      Execution plan of exception filters (in the following order): None
dbug: Microsoft.AspNetCore.Mvc.Infrastructure.ControllerActionInvoker[1]
      Execution plan of result filters (in the following order): Microsoft.AspNetCore.Mvc.ViewFeatures.Filters.SaveTempDataFilter
dbug: Microsoft.AspNetCore.Mvc.Infrastructure.ControllerActionInvoker[1]
      Executing controller factory for controller ParcelManagement2.Controllers.HomeController (ParcelProject)
dbug: ParcelManagement2.Models.DBConn[0]
      資料庫連線字串已設定
dbug: Microsoft.AspNetCore.Mvc.Infrastructure.ControllerActionInvoker[2]
      Executed controller factory for controller ParcelManagement2.Controllers.HomeController (ParcelProject)
dbug: ParcelManagement2.Models.DBConn[0]
      查詢成功，返回 134 行數據
info: Microsoft.AspNetCore.Mvc.Infrastructure.SystemTextJsonResultExecutor[1]
      Executing JsonResult, writing value of type 'System.Text.Json.JsonElement'.
info: Microsoft.AspNetCore.Mvc.Infrastructure.ControllerActionInvoker[105]
      Executed action ParcelManagement2.Controllers.HomeController.GetAllProduct (ParcelProject) in 34.3167ms
info: Microsoft.AspNetCore.Routing.EndpointMiddleware[1]
      Executed endpoint 'ParcelManagement2.Controllers.HomeController.GetAllProduct (ParcelProject)'
dbug: Microsoft.AspNetCore.Server.IIS.Core.IISHttpServer[1]
      Connection ID "18302628946568544269" disconnecting.
info: Microsoft.AspNetCore.Hosting.Diagnostics[2]
      Request finished HTTP/2 POST https://localhost:44353/Home/GetAllProduct - 200 - application/json;+charset=utf-8 307.5625ms
info: Microsoft.AspNetCore.Hosting.Diagnostics[1]
      Request starting HTTP/2 GET https://localhost:44353/Home/Index - - -
dbug: Microsoft.AspNetCore.StaticFiles.StaticFileMiddleware[4]
      The request path /Home/Index does not match a supported file type
dbug: Microsoft.AspNetCore.Routing.Matching.DfaMatcher[1001]
      1 candidate(s) found for the request path '/Home/Index'
dbug: Microsoft.AspNetCore.Routing.Matching.DfaMatcher[1005]
      Endpoint 'ParcelManagement2.Controllers.HomeController.Index (ParcelProject)' with route pattern '{controller=Account}/{action=Login}/{id?}' is valid for the request path '/Home/Index'
dbug: Microsoft.AspNetCore.Routing.EndpointRoutingMiddleware[1]
      Request matched endpoint 'ParcelManagement2.Controllers.HomeController.Index (ParcelProject)'
dbug: Microsoft.AspNetCore.Authentication.Cookies.CookieAuthenticationHandler[8]
      AuthenticationScheme: Cookies was successfully authenticated.
dbug: Microsoft.AspNetCore.Authorization.DefaultAuthorizationService[1]
      Authorization was successful.
info: Microsoft.AspNetCore.Routing.EndpointMiddleware[0]
      Executing endpoint 'ParcelManagement2.Controllers.HomeController.Index (ParcelProject)'
info: Microsoft.AspNetCore.Mvc.Infrastructure.ControllerActionInvoker[102]
      Route matched with {action = "Index", controller = "Home"}. Executing controller action with signature Microsoft.AspNetCore.Mvc.IActionResult Index() on controller ParcelManagement2.Controllers.HomeController (ParcelProject).
dbug: Microsoft.AspNetCore.Mvc.Infrastructure.ControllerActionInvoker[1]
      Execution plan of authorization filters (in the following order): None
dbug: Microsoft.AspNetCore.Mvc.Infrastructure.ControllerActionInvoker[1]
      Execution plan of resource filters (in the following order): Microsoft.AspNetCore.Mvc.ViewFeatures.Filters.SaveTempDataFilter
dbug: Microsoft.AspNetCore.Mvc.Infrastructure.ControllerActionInvoker[1]
      Execution plan of action filters (in the following order): Microsoft.AspNetCore.Mvc.Filters.ControllerActionFilter (Order: -2147483648), Microsoft.AspNetCore.Mvc.ModelBinding.UnsupportedContentTypeFilter (Order: -3000)
dbug: Microsoft.AspNetCore.Mvc.Infrastructure.ControllerActionInvoker[1]
      Execution plan of exception filters (in the following order): None
dbug: Microsoft.AspNetCore.Mvc.Infrastructure.ControllerActionInvoker[1]
      Execution plan of result filters (in the following order): Microsoft.AspNetCore.Mvc.ViewFeatures.Filters.SaveTempDataFilter
dbug: Microsoft.AspNetCore.Mvc.Infrastructure.ControllerActionInvoker[1]
      Executing controller factory for controller ParcelManagement2.Controllers.HomeController (ParcelProject)
dbug: ParcelManagement2.Models.DBConn[0]
      資料庫連線字串已設定
dbug: Microsoft.AspNetCore.Mvc.Infrastructure.ControllerActionInvoker[2]
      Executed controller factory for controller ParcelManagement2.Controllers.HomeController (ParcelProject)
dbug: Microsoft.AspNetCore.Mvc.Razor.RazorViewEngine[2]
      View lookup cache hit for view 'Index' in controller 'Home'.
info: Microsoft.AspNetCore.Mvc.ViewFeatures.ViewResultExecutor[1]
      Executing ViewResult, running view Index.
dbug: Microsoft.AspNetCore.Mvc.ViewFeatures.ViewResultExecutor[2]
      The view path '/Views/Home/Index.cshtml' was found in 5.7337ms.
dbug: Microsoft.AspNetCore.Antiforgery.DefaultAntiforgery[6]
      An antiforgery cookie token was reused.
dbug: Microsoft.WebTools.BrowserLink.Net.BrowserLinkMiddleware[1]
      Response markup is scheduled to include Browser Link script injection.
dbug: Microsoft.AspNetCore.Watch.BrowserRefresh.BrowserRefreshMiddleware[1]
      Response markup is scheduled to include browser refresh script injection.
info: Microsoft.AspNetCore.Mvc.ViewFeatures.ViewResultExecutor[4]
      Executed ViewResult - view Index executed in 15.3693ms.
info: Microsoft.AspNetCore.Mvc.Infrastructure.ControllerActionInvoker[105]
      Executed action ParcelManagement2.Controllers.HomeController.Index (ParcelProject) in 26.7186ms
info: Microsoft.AspNetCore.Routing.EndpointMiddleware[1]
      Executed endpoint 'ParcelManagement2.Controllers.HomeController.Index (ParcelProject)'
dbug: Microsoft.WebTools.BrowserLink.Net.BrowserLinkMiddleware[2]
      Response markup was updated to include Browser Link script injection.
dbug: Microsoft.AspNetCore.Watch.BrowserRefresh.BrowserRefreshMiddleware[2]
      Response markup was updated to include browser refresh script injection.
dbug: Microsoft.AspNetCore.Server.IIS.Core.IISHttpServer[1]
      Connection ID "18086456130095022126" disconnecting.
info: Microsoft.AspNetCore.Hosting.Diagnostics[2]
      Request finished HTTP/2 GET https://localhost:44353/Home/Index - 200 - text/html;+charset=utf-8 105.9084ms
info: Microsoft.AspNetCore.Hosting.Diagnostics[1]
      Request starting HTTP/2 POST https://localhost:44353/Home/GetResidentPackageStats - - 0
dbug: Microsoft.AspNetCore.StaticFiles.StaticFileMiddleware[1]
      POST requests are not supported
info: Microsoft.AspNetCore.Hosting.Diagnostics[1]
      Request starting HTTP/2 GET https://localhost:44353/_vs/browserLink - - -
info: Microsoft.AspNetCore.Hosting.Diagnostics[1]
      Request starting HTTP/2 GET https://localhost:44353/_framework/aspnetcore-browser-refresh.js - - -
dbug: Microsoft.AspNetCore.Routing.Matching.DfaMatcher[1001]
      1 candidate(s) found for the request path '/Home/GetResidentPackageStats'
dbug: Microsoft.AspNetCore.Watch.BrowserRefresh.BrowserScriptMiddleware[0]
      Script injected: /_framework/aspnetcore-browser-refresh.js
dbug: Microsoft.AspNetCore.Routing.Matching.DfaMatcher[1005]
      Endpoint 'ParcelManagement2.Controllers.HomeController.GetResidentPackageStats (ParcelProject)' with route pattern '{controller=Account}/{action=Login}/{id?}' is valid for the request path '/Home/GetResidentPackageStats'
info: Microsoft.AspNetCore.Hosting.Diagnostics[2]
      Request finished HTTP/2 GET https://localhost:44353/_framework/aspnetcore-browser-refresh.js - 200 16511 application/javascript;+charset=utf-8 30.2333ms
dbug: Microsoft.AspNetCore.Server.IIS.Core.IISHttpServer[1]
      Connection ID "18374686501951766544" disconnecting.
dbug: Microsoft.AspNetCore.Routing.EndpointRoutingMiddleware[1]
      Request matched endpoint 'ParcelManagement2.Controllers.HomeController.GetResidentPackageStats (ParcelProject)'
dbug: Microsoft.AspNetCore.Authentication.Cookies.CookieAuthenticationHandler[8]
      AuthenticationScheme: Cookies was successfully authenticated.
dbug: Microsoft.AspNetCore.Authorization.DefaultAuthorizationService[1]
      Authorization was successful.
info: Microsoft.AspNetCore.Routing.EndpointMiddleware[0]
      Executing endpoint 'ParcelManagement2.Controllers.HomeController.GetResidentPackageStats (ParcelProject)'
info: Microsoft.AspNetCore.Mvc.Infrastructure.ControllerActionInvoker[102]
      Route matched with {action = "GetResidentPackageStats", controller = "Home"}. Executing controller action with signature Microsoft.AspNetCore.Mvc.IActionResult GetResidentPackageStats() on controller ParcelManagement2.Controllers.HomeController (ParcelProject).
dbug: Microsoft.AspNetCore.Mvc.Infrastructure.ControllerActionInvoker[1]
      Execution plan of authorization filters (in the following order): None
dbug: Microsoft.AspNetCore.Mvc.Infrastructure.ControllerActionInvoker[1]
      Execution plan of resource filters (in the following order): Microsoft.AspNetCore.Mvc.ViewFeatures.Filters.SaveTempDataFilter
dbug: Microsoft.AspNetCore.Mvc.Infrastructure.ControllerActionInvoker[1]
      Execution plan of action filters (in the following order): Microsoft.AspNetCore.Mvc.Filters.ControllerActionFilter (Order: -2147483648), Microsoft.AspNetCore.Mvc.ModelBinding.UnsupportedContentTypeFilter (Order: -3000)
dbug: Microsoft.AspNetCore.Mvc.Infrastructure.ControllerActionInvoker[1]
      Execution plan of exception filters (in the following order): None
dbug: Microsoft.AspNetCore.Mvc.Infrastructure.ControllerActionInvoker[1]
      Execution plan of result filters (in the following order): Microsoft.AspNetCore.Mvc.ViewFeatures.Filters.SaveTempDataFilter
dbug: Microsoft.AspNetCore.Mvc.Infrastructure.ControllerActionInvoker[1]
      Executing controller factory for controller ParcelManagement2.Controllers.HomeController (ParcelProject)
dbug: ParcelManagement2.Models.DBConn[0]
      資料庫連線字串已設定
dbug: Microsoft.AspNetCore.Mvc.Infrastructure.ControllerActionInvoker[2]
      Executed controller factory for controller ParcelManagement2.Controllers.HomeController (ParcelProject)
dbug: Microsoft.AspNetCore.Server.IIS.Core.IISHttpServer[1]
      Connection ID "18302628907913838634" disconnecting.
info: Microsoft.AspNetCore.Hosting.Diagnostics[2]
      Request finished HTTP/2 GET https://localhost:44353/_vs/browserLink - 200 - text/javascript;+charset=UTF-8 88.5712ms
dbug: ParcelManagement2.Models.DBConn[0]
      查詢成功，返回 28 行數據
info: Microsoft.AspNetCore.Mvc.Infrastructure.ContentResultExecutor[1]
      Executing ContentResult with HTTP Response ContentType of application/json
info: Microsoft.AspNetCore.Mvc.Infrastructure.ControllerActionInvoker[105]
      Executed action ParcelManagement2.Controllers.HomeController.GetResidentPackageStats (ParcelProject) in 34.2642ms
info: Microsoft.AspNetCore.Routing.EndpointMiddleware[1]
      Executed endpoint 'ParcelManagement2.Controllers.HomeController.GetResidentPackageStats (ParcelProject)'
info: Microsoft.AspNetCore.Hosting.Diagnostics[2]
      Request finished HTTP/2 POST https://localhost:44353/Home/GetResidentPackageStats - 200 2790 application/json 125.7492ms
dbug: Microsoft.AspNetCore.Server.IIS.Core.IISHttpServer[1]
      Connection ID "18302628895028936771" disconnecting.
info: Microsoft.AspNetCore.Hosting.Diagnostics[1]
      Request starting HTTP/2 GET https://localhost:44353/Home/Packages - - -
dbug: Microsoft.AspNetCore.StaticFiles.StaticFileMiddleware[4]
      The request path /Home/Packages does not match a supported file type
dbug: Microsoft.AspNetCore.Routing.Matching.DfaMatcher[1001]
      1 candidate(s) found for the request path '/Home/Packages'
dbug: Microsoft.AspNetCore.Routing.Matching.DfaMatcher[1005]
      Endpoint 'ParcelManagement2.Controllers.HomeController.Packages (ParcelProject)' with route pattern '{controller=Account}/{action=Login}/{id?}' is valid for the request path '/Home/Packages'
dbug: Microsoft.AspNetCore.Routing.EndpointRoutingMiddleware[1]
      Request matched endpoint 'ParcelManagement2.Controllers.HomeController.Packages (ParcelProject)'
dbug: Microsoft.AspNetCore.Authentication.Cookies.CookieAuthenticationHandler[8]
      AuthenticationScheme: Cookies was successfully authenticated.
dbug: Microsoft.AspNetCore.Authorization.DefaultAuthorizationService[1]
      Authorization was successful.
info: Microsoft.AspNetCore.Routing.EndpointMiddleware[0]
      Executing endpoint 'ParcelManagement2.Controllers.HomeController.Packages (ParcelProject)'
info: Microsoft.AspNetCore.Mvc.Infrastructure.ControllerActionInvoker[102]
      Route matched with {action = "Packages", controller = "Home"}. Executing controller action with signature Microsoft.AspNetCore.Mvc.IActionResult Packages() on controller ParcelManagement2.Controllers.HomeController (ParcelProject).
dbug: Microsoft.AspNetCore.Mvc.Infrastructure.ControllerActionInvoker[1]
      Execution plan of authorization filters (in the following order): None
dbug: Microsoft.AspNetCore.Mvc.Infrastructure.ControllerActionInvoker[1]
      Execution plan of resource filters (in the following order): Microsoft.AspNetCore.Mvc.ViewFeatures.Filters.SaveTempDataFilter
dbug: Microsoft.AspNetCore.Mvc.Infrastructure.ControllerActionInvoker[1]
      Execution plan of action filters (in the following order): Microsoft.AspNetCore.Mvc.Filters.ControllerActionFilter (Order: -2147483648), Microsoft.AspNetCore.Mvc.ModelBinding.UnsupportedContentTypeFilter (Order: -3000)
dbug: Microsoft.AspNetCore.Mvc.Infrastructure.ControllerActionInvoker[1]
      Execution plan of exception filters (in the following order): None
dbug: Microsoft.AspNetCore.Mvc.Infrastructure.ControllerActionInvoker[1]
      Execution plan of result filters (in the following order): Microsoft.AspNetCore.Mvc.ViewFeatures.Filters.SaveTempDataFilter
dbug: Microsoft.AspNetCore.Mvc.Infrastructure.ControllerActionInvoker[1]
      Executing controller factory for controller ParcelManagement2.Controllers.HomeController (ParcelProject)
dbug: ParcelManagement2.Models.DBConn[0]
      資料庫連線字串已設定
dbug: Microsoft.AspNetCore.Mvc.Infrastructure.ControllerActionInvoker[2]
      Executed controller factory for controller ParcelManagement2.Controllers.HomeController (ParcelProject)
dbug: Microsoft.AspNetCore.Mvc.Razor.RazorViewEngine[2]
      View lookup cache hit for view 'Packages' in controller 'Home'.
info: Microsoft.AspNetCore.Mvc.ViewFeatures.ViewResultExecutor[1]
      Executing ViewResult, running view Packages.
dbug: Microsoft.AspNetCore.Mvc.ViewFeatures.ViewResultExecutor[2]
      The view path '/Views/Home/Packages.cshtml' was found in 4.1156ms.
dbug: Microsoft.AspNetCore.Antiforgery.DefaultAntiforgery[6]
      An antiforgery cookie token was reused.
dbug: Microsoft.WebTools.BrowserLink.Net.BrowserLinkMiddleware[1]
      Response markup is scheduled to include Browser Link script injection.
dbug: Microsoft.AspNetCore.Watch.BrowserRefresh.BrowserRefreshMiddleware[1]
      Response markup is scheduled to include browser refresh script injection.
info: Microsoft.AspNetCore.Mvc.ViewFeatures.ViewResultExecutor[4]
      Executed ViewResult - view Packages executed in 13.4224ms.
info: Microsoft.AspNetCore.Mvc.Infrastructure.ControllerActionInvoker[105]
      Executed action ParcelManagement2.Controllers.HomeController.Packages (ParcelProject) in 21.7463ms
info: Microsoft.AspNetCore.Routing.EndpointMiddleware[1]
      Executed endpoint 'ParcelManagement2.Controllers.HomeController.Packages (ParcelProject)'
dbug: Microsoft.WebTools.BrowserLink.Net.BrowserLinkMiddleware[2]
      Response markup was updated to include Browser Link script injection.
dbug: Microsoft.AspNetCore.Watch.BrowserRefresh.BrowserRefreshMiddleware[2]
      Response markup was updated to include browser refresh script injection.
dbug: Microsoft.AspNetCore.Server.IIS.Core.IISHttpServer[1]
      Connection ID "18158513741312819340" disconnecting.
info: Microsoft.AspNetCore.Hosting.Diagnostics[2]
      Request finished HTTP/2 GET https://localhost:44353/Home/Packages - 200 - text/html;+charset=utf-8 91.2461ms
info: Microsoft.AspNetCore.Hosting.Diagnostics[1]
      Request starting HTTP/2 POST https://localhost:44353/Home/GetAllProduct - - 0
info: Microsoft.AspNetCore.Hosting.Diagnostics[1]
      Request starting HTTP/2 POST https://localhost:44353/Home/BuildProdTypeList - - 0
info: Microsoft.AspNetCore.Hosting.Diagnostics[1]
      Request starting HTTP/2 POST https://localhost:44353/Home/BuildResidentList - - 0
info: Microsoft.AspNetCore.Hosting.Diagnostics[1]
      Request starting HTTP/2 POST https://localhost:44353/Home/GetAllProduct - - 0
dbug: Microsoft.AspNetCore.StaticFiles.StaticFileMiddleware[1]
      POST requests are not supported
dbug: Microsoft.AspNetCore.StaticFiles.StaticFileMiddleware[1]
      POST requests are not supported
info: Microsoft.AspNetCore.Hosting.Diagnostics[1]
      Request starting HTTP/2 GET https://localhost:44353/_vs/browserLink - - -
info: Microsoft.AspNetCore.Hosting.Diagnostics[1]
      Request starting HTTP/2 GET https://localhost:44353/_framework/aspnetcore-browser-refresh.js - - -
dbug: Microsoft.AspNetCore.Routing.Matching.DfaMatcher[1001]
      1 candidate(s) found for the request path '/Home/GetAllProduct'
dbug: Microsoft.AspNetCore.Watch.BrowserRefresh.BrowserScriptMiddleware[0]
      Script injected: /_framework/aspnetcore-browser-refresh.js
dbug: Microsoft.AspNetCore.Routing.Matching.DfaMatcher[1005]
      Endpoint 'ParcelManagement2.Controllers.HomeController.GetAllProduct (ParcelProject)' with route pattern '{controller=Account}/{action=Login}/{id?}' is valid for the request path '/Home/GetAllProduct'
info: Microsoft.AspNetCore.Hosting.Diagnostics[2]
      Request finished HTTP/2 GET https://localhost:44353/_framework/aspnetcore-browser-refresh.js - 200 16511 application/javascript;+charset=utf-8 22.9122ms
dbug: Microsoft.AspNetCore.Server.IIS.Core.IISHttpServer[1]
      Connection ID "18158513724132950074" disconnecting.
dbug: Microsoft.AspNetCore.Routing.EndpointRoutingMiddleware[1]
      Request matched endpoint 'ParcelManagement2.Controllers.HomeController.GetAllProduct (ParcelProject)'
dbug: Microsoft.AspNetCore.Authentication.Cookies.CookieAuthenticationHandler[8]
      AuthenticationScheme: Cookies was successfully authenticated.
dbug: Microsoft.AspNetCore.Authorization.DefaultAuthorizationService[1]
      Authorization was successful.
dbug: Microsoft.AspNetCore.Routing.Matching.DfaMatcher[1001]
      1 candidate(s) found for the request path '/Home/GetAllProduct'
info: Microsoft.AspNetCore.Routing.EndpointMiddleware[0]
      Executing endpoint 'ParcelManagement2.Controllers.HomeController.GetAllProduct (ParcelProject)'
dbug: Microsoft.AspNetCore.Routing.Matching.DfaMatcher[1005]
      Endpoint 'ParcelManagement2.Controllers.HomeController.GetAllProduct (ParcelProject)' with route pattern '{controller=Account}/{action=Login}/{id?}' is valid for the request path '/Home/GetAllProduct'
info: Microsoft.AspNetCore.Mvc.Infrastructure.ControllerActionInvoker[102]
      Route matched with {action = "GetAllProduct", controller = "Home"}. Executing controller action with signature System.Threading.Tasks.Task`1[Microsoft.AspNetCore.Mvc.JsonResult] GetAllProduct() on controller ParcelManagement2.Controllers.HomeController (ParcelProject).
dbug: Microsoft.AspNetCore.Routing.EndpointRoutingMiddleware[1]
      Request matched endpoint 'ParcelManagement2.Controllers.HomeController.GetAllProduct (ParcelProject)'
dbug: Microsoft.AspNetCore.Mvc.Infrastructure.ControllerActionInvoker[1]
      Execution plan of authorization filters (in the following order): None
dbug: Microsoft.AspNetCore.Authentication.Cookies.CookieAuthenticationHandler[8]
      AuthenticationScheme: Cookies was successfully authenticated.
dbug: Microsoft.AspNetCore.Mvc.Infrastructure.ControllerActionInvoker[1]
      Execution plan of resource filters (in the following order): Microsoft.AspNetCore.Mvc.ViewFeatures.Filters.SaveTempDataFilter
dbug: Microsoft.AspNetCore.Server.IIS.Core.IISHttpServer[1]
      Connection ID "18086456130095022128" disconnecting.
dbug: Microsoft.AspNetCore.Authorization.DefaultAuthorizationService[1]
      Authorization was successful.
info: Microsoft.AspNetCore.Hosting.Diagnostics[2]
      Request finished HTTP/2 GET https://localhost:44353/_vs/browserLink - 200 - text/javascript;+charset=UTF-8 65.7222ms
dbug: Microsoft.AspNetCore.Mvc.Infrastructure.ControllerActionInvoker[1]
      Execution plan of action filters (in the following order): Microsoft.AspNetCore.Mvc.Filters.ControllerActionFilter (Order: -2147483648), Microsoft.AspNetCore.Mvc.ModelBinding.UnsupportedContentTypeFilter (Order: -3000)
dbug: Microsoft.AspNetCore.Mvc.Infrastructure.ControllerActionInvoker[1]
      Execution plan of exception filters (in the following order): None
info: Microsoft.AspNetCore.Routing.EndpointMiddleware[0]
      Executing endpoint 'ParcelManagement2.Controllers.HomeController.GetAllProduct (ParcelProject)'
dbug: Microsoft.AspNetCore.Mvc.Infrastructure.ControllerActionInvoker[1]
      Execution plan of result filters (in the following order): Microsoft.AspNetCore.Mvc.ViewFeatures.Filters.SaveTempDataFilter
info: Microsoft.AspNetCore.Mvc.Infrastructure.ControllerActionInvoker[102]
      Route matched with {action = "GetAllProduct", controller = "Home"}. Executing controller action with signature System.Threading.Tasks.Task`1[Microsoft.AspNetCore.Mvc.JsonResult] GetAllProduct() on controller ParcelManagement2.Controllers.HomeController (ParcelProject).
dbug: Microsoft.AspNetCore.Mvc.Infrastructure.ControllerActionInvoker[1]
      Executing controller factory for controller ParcelManagement2.Controllers.HomeController (ParcelProject)
dbug: Microsoft.AspNetCore.Mvc.Infrastructure.ControllerActionInvoker[1]
      Execution plan of authorization filters (in the following order): None
dbug: ParcelManagement2.Models.DBConn[0]
      資料庫連線字串已設定
dbug: Microsoft.AspNetCore.Mvc.Infrastructure.ControllerActionInvoker[1]
      Execution plan of resource filters (in the following order): Microsoft.AspNetCore.Mvc.ViewFeatures.Filters.SaveTempDataFilter
dbug: Microsoft.AspNetCore.Mvc.Infrastructure.ControllerActionInvoker[2]
      Executed controller factory for controller ParcelManagement2.Controllers.HomeController (ParcelProject)
dbug: Microsoft.AspNetCore.Mvc.Infrastructure.ControllerActionInvoker[1]
      Execution plan of action filters (in the following order): Microsoft.AspNetCore.Mvc.Filters.ControllerActionFilter (Order: -2147483648), Microsoft.AspNetCore.Mvc.ModelBinding.UnsupportedContentTypeFilter (Order: -3000)
dbug: Microsoft.AspNetCore.Mvc.Infrastructure.ControllerActionInvoker[1]
      Execution plan of exception filters (in the following order): None
dbug: Microsoft.AspNetCore.Mvc.Infrastructure.ControllerActionInvoker[1]
      Execution plan of result filters (in the following order): Microsoft.AspNetCore.Mvc.ViewFeatures.Filters.SaveTempDataFilter
dbug: Microsoft.AspNetCore.StaticFiles.StaticFileMiddleware[1]
      POST requests are not supported
dbug: Microsoft.AspNetCore.Mvc.Infrastructure.ControllerActionInvoker[1]
      Executing controller factory for controller ParcelManagement2.Controllers.HomeController (ParcelProject)
dbug: Microsoft.AspNetCore.Routing.Matching.DfaMatcher[1001]
      1 candidate(s) found for the request path '/Home/BuildProdTypeList'
dbug: ParcelManagement2.Models.DBConn[0]
      資料庫連線字串已設定
dbug: Microsoft.AspNetCore.Routing.Matching.DfaMatcher[1005]
      Endpoint 'ParcelManagement2.Controllers.HomeController.BuildProdTypeList (ParcelProject)' with route pattern '{controller=Account}/{action=Login}/{id?}' is valid for the request path '/Home/BuildProdTypeList'
dbug: Microsoft.AspNetCore.Mvc.Infrastructure.ControllerActionInvoker[2]
      Executed controller factory for controller ParcelManagement2.Controllers.HomeController (ParcelProject)
dbug: Microsoft.AspNetCore.Routing.EndpointRoutingMiddleware[1]
      Request matched endpoint 'ParcelManagement2.Controllers.HomeController.BuildProdTypeList (ParcelProject)'
dbug: ParcelManagement2.Models.DBConn[0]
      查詢成功，返回 134 行數據
dbug: Microsoft.AspNetCore.Authentication.Cookies.CookieAuthenticationHandler[8]
      AuthenticationScheme: Cookies was successfully authenticated.
info: Microsoft.AspNetCore.Mvc.Infrastructure.SystemTextJsonResultExecutor[1]
      Executing JsonResult, writing value of type 'System.Text.Json.JsonElement'.
dbug: Microsoft.AspNetCore.StaticFiles.StaticFileMiddleware[1]
      POST requests are not supported
dbug: Microsoft.AspNetCore.Authorization.DefaultAuthorizationService[1]
      Authorization was successful.
info: Microsoft.AspNetCore.Mvc.Infrastructure.ControllerActionInvoker[105]
      Executed action ParcelManagement2.Controllers.HomeController.GetAllProduct (ParcelProject) in 52.3089ms
dbug: Microsoft.AspNetCore.Routing.Matching.DfaMatcher[1001]
      1 candidate(s) found for the request path '/Home/BuildResidentList'
info: Microsoft.AspNetCore.Routing.EndpointMiddleware[1]
      Executed endpoint 'ParcelManagement2.Controllers.HomeController.GetAllProduct (ParcelProject)'
info: Microsoft.AspNetCore.Routing.EndpointMiddleware[0]
      Executing endpoint 'ParcelManagement2.Controllers.HomeController.BuildProdTypeList (ParcelProject)'
info: Microsoft.AspNetCore.Mvc.Infrastructure.ControllerActionInvoker[102]
      Route matched with {action = "BuildProdTypeList", controller = "Home"}. Executing controller action with signature System.Threading.Tasks.Task`1[Microsoft.AspNetCore.Mvc.JsonResult] BuildProdTypeList() on controller ParcelManagement2.Controllers.HomeController (ParcelProject).
dbug: Microsoft.AspNetCore.Server.IIS.Core.IISHttpServer[1]
      Connection ID "18158513698363146366" disconnecting.
info: Microsoft.AspNetCore.Hosting.Diagnostics[2]
      Request finished HTTP/2 POST https://localhost:44353/Home/GetAllProduct - 200 - application/json;+charset=utf-8 165.1119ms
dbug: Microsoft.AspNetCore.Mvc.Infrastructure.ControllerActionInvoker[1]
      Execution plan of authorization filters (in the following order): None
dbug: ParcelManagement2.Models.DBConn[0]
      查詢成功，返回 134 行數據
info: Microsoft.AspNetCore.Mvc.Infrastructure.SystemTextJsonResultExecutor[1]
      Executing JsonResult, writing value of type 'System.Text.Json.JsonElement'.
dbug: Microsoft.AspNetCore.Mvc.Infrastructure.ControllerActionInvoker[1]
      Execution plan of resource filters (in the following order): Microsoft.AspNetCore.Mvc.ViewFeatures.Filters.SaveTempDataFilter
dbug: Microsoft.AspNetCore.Mvc.Infrastructure.ControllerActionInvoker[1]
      Execution plan of action filters (in the following order): Microsoft.AspNetCore.Mvc.Filters.ControllerActionFilter (Order: -2147483648), Microsoft.AspNetCore.Mvc.ModelBinding.UnsupportedContentTypeFilter (Order: -3000)
info: Microsoft.AspNetCore.Mvc.Infrastructure.ControllerActionInvoker[105]
      Executed action ParcelManagement2.Controllers.HomeController.GetAllProduct (ParcelProject) in 103.0739ms
dbug: Microsoft.AspNetCore.Routing.Matching.DfaMatcher[1005]
      Endpoint 'ParcelManagement2.Controllers.HomeController.BuildResidentList (ParcelProject)' with route pattern '{controller=Account}/{action=Login}/{id?}' is valid for the request path '/Home/BuildResidentList'
dbug: Microsoft.AspNetCore.Routing.EndpointRoutingMiddleware[1]
      Request matched endpoint 'ParcelManagement2.Controllers.HomeController.BuildResidentList (ParcelProject)'
info: Microsoft.AspNetCore.Routing.EndpointMiddleware[1]
      Executed endpoint 'ParcelManagement2.Controllers.HomeController.GetAllProduct (ParcelProject)'
dbug: Microsoft.AspNetCore.Mvc.Infrastructure.ControllerActionInvoker[1]
      Execution plan of exception filters (in the following order): None
info: Microsoft.AspNetCore.Hosting.Diagnostics[2]
      Request finished HTTP/2 POST https://localhost:44353/Home/GetAllProduct - 200 - application/json;+charset=utf-8 246.2508ms
dbug: Microsoft.AspNetCore.Server.IIS.Core.IISHttpServer[1]
      Connection ID "18158513741312819342" disconnecting.
dbug: Microsoft.AspNetCore.Mvc.Infrastructure.ControllerActionInvoker[1]
      Execution plan of result filters (in the following order): Microsoft.AspNetCore.Mvc.ViewFeatures.Filters.SaveTempDataFilter
dbug: Microsoft.AspNetCore.Mvc.Infrastructure.ControllerActionInvoker[1]
      Executing controller factory for controller ParcelManagement2.Controllers.HomeController (ParcelProject)
dbug: ParcelManagement2.Models.DBConn[0]
      資料庫連線字串已設定
dbug: Microsoft.AspNetCore.Authentication.Cookies.CookieAuthenticationHandler[8]
      AuthenticationScheme: Cookies was successfully authenticated.
dbug: Microsoft.AspNetCore.Mvc.Infrastructure.ControllerActionInvoker[2]
      Executed controller factory for controller ParcelManagement2.Controllers.HomeController (ParcelProject)
dbug: Microsoft.AspNetCore.Authorization.DefaultAuthorizationService[1]
      Authorization was successful.
info: Microsoft.AspNetCore.Routing.EndpointMiddleware[0]
      Executing endpoint 'ParcelManagement2.Controllers.HomeController.BuildResidentList (ParcelProject)'
dbug: ParcelManagement2.Models.DBConn[0]
      查詢成功，返回 2 行數據
info: Microsoft.AspNetCore.Mvc.Infrastructure.ControllerActionInvoker[102]
      Route matched with {action = "BuildResidentList", controller = "Home"}. Executing controller action with signature System.Threading.Tasks.Task`1[Microsoft.AspNetCore.Mvc.JsonResult] BuildResidentList() on controller ParcelManagement2.Controllers.HomeController (ParcelProject).
info: Microsoft.AspNetCore.Mvc.Infrastructure.SystemTextJsonResultExecutor[1]
      Executing JsonResult, writing value of type 'System.Text.Json.JsonElement'.
dbug: Microsoft.AspNetCore.Mvc.Infrastructure.ControllerActionInvoker[1]
      Execution plan of authorization filters (in the following order): None
dbug: Microsoft.AspNetCore.Mvc.Infrastructure.ControllerActionInvoker[1]
      Execution plan of resource filters (in the following order): Microsoft.AspNetCore.Mvc.ViewFeatures.Filters.SaveTempDataFilter
info: Microsoft.AspNetCore.Mvc.Infrastructure.ControllerActionInvoker[105]
      Executed action ParcelManagement2.Controllers.HomeController.BuildProdTypeList (ParcelProject) in 78.1095ms
dbug: Microsoft.AspNetCore.Mvc.Infrastructure.ControllerActionInvoker[1]
      Execution plan of action filters (in the following order): Microsoft.AspNetCore.Mvc.Filters.ControllerActionFilter (Order: -2147483648), Microsoft.AspNetCore.Mvc.ModelBinding.UnsupportedContentTypeFilter (Order: -3000)
info: Microsoft.AspNetCore.Routing.EndpointMiddleware[1]
      Executed endpoint 'ParcelManagement2.Controllers.HomeController.BuildProdTypeList (ParcelProject)'
dbug: Microsoft.AspNetCore.Mvc.Infrastructure.ControllerActionInvoker[1]
      Execution plan of exception filters (in the following order): None
info: Microsoft.AspNetCore.Hosting.Diagnostics[2]
      Request finished HTTP/2 POST https://localhost:44353/Home/BuildProdTypeList - 200 - application/json;+charset=utf-8 358.7156ms
dbug: Microsoft.AspNetCore.Server.IIS.Core.IISHttpServer[1]
      Connection ID "18374686519131635774" disconnecting.
dbug: Microsoft.AspNetCore.Mvc.Infrastructure.ControllerActionInvoker[1]
      Execution plan of result filters (in the following order): Microsoft.AspNetCore.Mvc.ViewFeatures.Filters.SaveTempDataFilter
dbug: Microsoft.AspNetCore.Mvc.Infrastructure.ControllerActionInvoker[1]
      Executing controller factory for controller ParcelManagement2.Controllers.HomeController (ParcelProject)
dbug: ParcelManagement2.Models.DBConn[0]
      資料庫連線字串已設定
dbug: Microsoft.AspNetCore.Mvc.Infrastructure.ControllerActionInvoker[2]
      Executed controller factory for controller ParcelManagement2.Controllers.HomeController (ParcelProject)
dbug: ParcelManagement2.Models.DBConn[0]
      查詢成功，返回 28 行數據
info: Microsoft.AspNetCore.Mvc.Infrastructure.SystemTextJsonResultExecutor[1]
      Executing JsonResult, writing value of type 'System.Text.Json.JsonElement'.
info: Microsoft.AspNetCore.Mvc.Infrastructure.ControllerActionInvoker[105]
      Executed action ParcelManagement2.Controllers.HomeController.BuildResidentList (ParcelProject) in 38.427ms
info: Microsoft.AspNetCore.Routing.EndpointMiddleware[1]
      Executed endpoint 'ParcelManagement2.Controllers.HomeController.BuildResidentList (ParcelProject)'
info: Microsoft.AspNetCore.Hosting.Diagnostics[2]
      Request finished HTTP/2 POST https://localhost:44353/Home/BuildResidentList - 200 - application/json;+charset=utf-8 410.7125ms
dbug: Microsoft.AspNetCore.Server.IIS.Core.IISHttpServer[1]
      Connection ID "18302628895028936773" disconnecting.
info: Microsoft.AspNetCore.Hosting.Diagnostics[1]
      Request starting HTTP/2 GET https://localhost:44353/Home/Index - - -
dbug: Microsoft.AspNetCore.StaticFiles.StaticFileMiddleware[4]
      The request path /Home/Index does not match a supported file type
dbug: Microsoft.AspNetCore.Routing.Matching.DfaMatcher[1001]
      1 candidate(s) found for the request path '/Home/Index'
dbug: Microsoft.AspNetCore.Routing.Matching.DfaMatcher[1005]
      Endpoint 'ParcelManagement2.Controllers.HomeController.Index (ParcelProject)' with route pattern '{controller=Account}/{action=Login}/{id?}' is valid for the request path '/Home/Index'
dbug: Microsoft.AspNetCore.Routing.EndpointRoutingMiddleware[1]
      Request matched endpoint 'ParcelManagement2.Controllers.HomeController.Index (ParcelProject)'
dbug: Microsoft.AspNetCore.Authentication.Cookies.CookieAuthenticationHandler[8]
      AuthenticationScheme: Cookies was successfully authenticated.
dbug: Microsoft.AspNetCore.Authorization.DefaultAuthorizationService[1]
      Authorization was successful.
info: Microsoft.AspNetCore.Routing.EndpointMiddleware[0]
      Executing endpoint 'ParcelManagement2.Controllers.HomeController.Index (ParcelProject)'
info: Microsoft.AspNetCore.Mvc.Infrastructure.ControllerActionInvoker[102]
      Route matched with {action = "Index", controller = "Home"}. Executing controller action with signature Microsoft.AspNetCore.Mvc.IActionResult Index() on controller ParcelManagement2.Controllers.HomeController (ParcelProject).
dbug: Microsoft.AspNetCore.Mvc.Infrastructure.ControllerActionInvoker[1]
      Execution plan of authorization filters (in the following order): None
dbug: Microsoft.AspNetCore.Mvc.Infrastructure.ControllerActionInvoker[1]
      Execution plan of resource filters (in the following order): Microsoft.AspNetCore.Mvc.ViewFeatures.Filters.SaveTempDataFilter
dbug: Microsoft.AspNetCore.Mvc.Infrastructure.ControllerActionInvoker[1]
      Execution plan of action filters (in the following order): Microsoft.AspNetCore.Mvc.Filters.ControllerActionFilter (Order: -2147483648), Microsoft.AspNetCore.Mvc.ModelBinding.UnsupportedContentTypeFilter (Order: -3000)
dbug: Microsoft.AspNetCore.Mvc.Infrastructure.ControllerActionInvoker[1]
      Execution plan of exception filters (in the following order): None
dbug: Microsoft.AspNetCore.Mvc.Infrastructure.ControllerActionInvoker[1]
      Execution plan of result filters (in the following order): Microsoft.AspNetCore.Mvc.ViewFeatures.Filters.SaveTempDataFilter
dbug: Microsoft.AspNetCore.Mvc.Infrastructure.ControllerActionInvoker[1]
      Executing controller factory for controller ParcelManagement2.Controllers.HomeController (ParcelProject)
dbug: ParcelManagement2.Models.DBConn[0]
      資料庫連線字串已設定
dbug: Microsoft.AspNetCore.Mvc.Infrastructure.ControllerActionInvoker[2]
      Executed controller factory for controller ParcelManagement2.Controllers.HomeController (ParcelProject)
dbug: Microsoft.AspNetCore.Mvc.Razor.RazorViewEngine[2]
      View lookup cache hit for view 'Index' in controller 'Home'.
info: Microsoft.AspNetCore.Mvc.ViewFeatures.ViewResultExecutor[1]
      Executing ViewResult, running view Index.
dbug: Microsoft.AspNetCore.Mvc.ViewFeatures.ViewResultExecutor[2]
      The view path '/Views/Home/Index.cshtml' was found in 4.2ms.
dbug: Microsoft.AspNetCore.Antiforgery.DefaultAntiforgery[6]
      An antiforgery cookie token was reused.
dbug: Microsoft.WebTools.BrowserLink.Net.BrowserLinkMiddleware[1]
      Response markup is scheduled to include Browser Link script injection.
dbug: Microsoft.AspNetCore.Watch.BrowserRefresh.BrowserRefreshMiddleware[1]
      Response markup is scheduled to include browser refresh script injection.
info: Microsoft.AspNetCore.Mvc.ViewFeatures.ViewResultExecutor[4]
      Executed ViewResult - view Index executed in 13.1371ms.
info: Microsoft.AspNetCore.Mvc.Infrastructure.ControllerActionInvoker[105]
      Executed action ParcelManagement2.Controllers.HomeController.Index (ParcelProject) in 20.9211ms
info: Microsoft.AspNetCore.Routing.EndpointMiddleware[1]
      Executed endpoint 'ParcelManagement2.Controllers.HomeController.Index (ParcelProject)'
dbug: Microsoft.WebTools.BrowserLink.Net.BrowserLinkMiddleware[2]
      Response markup was updated to include Browser Link script injection.
dbug: Microsoft.AspNetCore.Watch.BrowserRefresh.BrowserRefreshMiddleware[2]
      Response markup was updated to include browser refresh script injection.
dbug: Microsoft.AspNetCore.Server.IIS.Core.IISHttpServer[1]
      Connection ID "18230571343940681839" disconnecting.
info: Microsoft.AspNetCore.Hosting.Diagnostics[2]
      Request finished HTTP/2 GET https://localhost:44353/Home/Index - 200 - text/html;+charset=utf-8 93.2291ms
info: Microsoft.AspNetCore.Hosting.Diagnostics[1]
      Request starting HTTP/2 POST https://localhost:44353/Home/GetResidentPackageStats - - 0
dbug: Microsoft.AspNetCore.StaticFiles.StaticFileMiddleware[1]
      POST requests are not supported
info: Microsoft.AspNetCore.Hosting.Diagnostics[1]
      Request starting HTTP/2 GET https://localhost:44353/_vs/browserLink - - -
info: Microsoft.AspNetCore.Hosting.Diagnostics[1]
      Request starting HTTP/2 GET https://localhost:44353/_framework/aspnetcore-browser-refresh.js - - -
dbug: Microsoft.AspNetCore.Routing.Matching.DfaMatcher[1001]
      1 candidate(s) found for the request path '/Home/GetResidentPackageStats'
dbug: Microsoft.AspNetCore.Routing.Matching.DfaMatcher[1005]
      Endpoint 'ParcelManagement2.Controllers.HomeController.GetResidentPackageStats (ParcelProject)' with route pattern '{controller=Account}/{action=Login}/{id?}' is valid for the request path '/Home/GetResidentPackageStats'
dbug: Microsoft.AspNetCore.Watch.BrowserRefresh.BrowserScriptMiddleware[0]
      Script injected: /_framework/aspnetcore-browser-refresh.js
dbug: Microsoft.AspNetCore.Routing.EndpointRoutingMiddleware[1]
      Request matched endpoint 'ParcelManagement2.Controllers.HomeController.GetResidentPackageStats (ParcelProject)'
dbug: Microsoft.AspNetCore.Server.IIS.Core.IISHttpServer[1]
      Connection ID "18374686489066864764" disconnecting.
info: Microsoft.AspNetCore.Hosting.Diagnostics[2]
      Request finished HTTP/2 GET https://localhost:44353/_framework/aspnetcore-browser-refresh.js - 200 16511 application/javascript;+charset=utf-8 30.9667ms
dbug: Microsoft.AspNetCore.Authentication.Cookies.CookieAuthenticationHandler[8]
      AuthenticationScheme: Cookies was successfully authenticated.
dbug: Microsoft.AspNetCore.Authorization.DefaultAuthorizationService[1]
      Authorization was successful.
info: Microsoft.AspNetCore.Routing.EndpointMiddleware[0]
      Executing endpoint 'ParcelManagement2.Controllers.HomeController.GetResidentPackageStats (ParcelProject)'
info: Microsoft.AspNetCore.Mvc.Infrastructure.ControllerActionInvoker[102]
      Route matched with {action = "GetResidentPackageStats", controller = "Home"}. Executing controller action with signature Microsoft.AspNetCore.Mvc.IActionResult GetResidentPackageStats() on controller ParcelManagement2.Controllers.HomeController (ParcelProject).
dbug: Microsoft.AspNetCore.Mvc.Infrastructure.ControllerActionInvoker[1]
      Execution plan of authorization filters (in the following order): None
dbug: Microsoft.AspNetCore.Mvc.Infrastructure.ControllerActionInvoker[1]
      Execution plan of resource filters (in the following order): Microsoft.AspNetCore.Mvc.ViewFeatures.Filters.SaveTempDataFilter
dbug: Microsoft.AspNetCore.Server.IIS.Core.IISHttpServer[1]
      Connection ID "18302628895028936775" disconnecting.
dbug: Microsoft.AspNetCore.Mvc.Infrastructure.ControllerActionInvoker[1]
      Execution plan of action filters (in the following order): Microsoft.AspNetCore.Mvc.Filters.ControllerActionFilter (Order: -2147483648), Microsoft.AspNetCore.Mvc.ModelBinding.UnsupportedContentTypeFilter (Order: -3000)
info: Microsoft.AspNetCore.Hosting.Diagnostics[2]
      Request finished HTTP/2 GET https://localhost:44353/_vs/browserLink - 200 - text/javascript;+charset=UTF-8 63.7222ms
dbug: Microsoft.AspNetCore.Mvc.Infrastructure.ControllerActionInvoker[1]
      Execution plan of exception filters (in the following order): None
dbug: Microsoft.AspNetCore.Mvc.Infrastructure.ControllerActionInvoker[1]
      Execution plan of result filters (in the following order): Microsoft.AspNetCore.Mvc.ViewFeatures.Filters.SaveTempDataFilter
dbug: Microsoft.AspNetCore.Mvc.Infrastructure.ControllerActionInvoker[1]
      Executing controller factory for controller ParcelManagement2.Controllers.HomeController (ParcelProject)
dbug: ParcelManagement2.Models.DBConn[0]
      資料庫連線字串已設定
dbug: Microsoft.AspNetCore.Mvc.Infrastructure.ControllerActionInvoker[2]
      Executed controller factory for controller ParcelManagement2.Controllers.HomeController (ParcelProject)
dbug: ParcelManagement2.Models.DBConn[0]
      查詢成功，返回 28 行數據
info: Microsoft.AspNetCore.Mvc.Infrastructure.ContentResultExecutor[1]
      Executing ContentResult with HTTP Response ContentType of application/json
info: Microsoft.AspNetCore.Mvc.Infrastructure.ControllerActionInvoker[105]
      Executed action ParcelManagement2.Controllers.HomeController.GetResidentPackageStats (ParcelProject) in 32.8715ms
info: Microsoft.AspNetCore.Routing.EndpointMiddleware[1]
      Executed endpoint 'ParcelManagement2.Controllers.HomeController.GetResidentPackageStats (ParcelProject)'
info: Microsoft.AspNetCore.Hosting.Diagnostics[2]
      Request finished HTTP/2 POST https://localhost:44353/Home/GetResidentPackageStats - 200 2790 application/json 123.2842ms
dbug: Microsoft.AspNetCore.Server.IIS.Core.IISHttpServer[1]
      Connection ID "18302628907913838636" disconnecting.
dbug: Microsoft.Extensions.Http.DefaultHttpClientFactory[100]
      Starting HttpMessageHandler cleanup cycle with 3 items
dbug: Microsoft.Extensions.Http.DefaultHttpClientFactory[101]
      Ending HttpMessageHandler cleanup cycle after 0.0037ms - processed: 0 items - remaining: 3 items
info: Microsoft.AspNetCore.Hosting.Diagnostics[1]
      Request starting HTTP/2 POST https://localhost:44353/Home/GetResidentPackageStats - - 0
dbug: Microsoft.AspNetCore.StaticFiles.StaticFileMiddleware[1]
      POST requests are not supported
dbug: Microsoft.AspNetCore.Routing.Matching.DfaMatcher[1001]
      1 candidate(s) found for the request path '/Home/GetResidentPackageStats'
dbug: Microsoft.AspNetCore.Routing.Matching.DfaMatcher[1005]
      Endpoint 'ParcelManagement2.Controllers.HomeController.GetResidentPackageStats (ParcelProject)' with route pattern '{controller=Account}/{action=Login}/{id?}' is valid for the request path '/Home/GetResidentPackageStats'
dbug: Microsoft.AspNetCore.Routing.EndpointRoutingMiddleware[1]
      Request matched endpoint 'ParcelManagement2.Controllers.HomeController.GetResidentPackageStats (ParcelProject)'
dbug: Microsoft.AspNetCore.Authentication.Cookies.CookieAuthenticationHandler[8]
      AuthenticationScheme: Cookies was successfully authenticated.
dbug: Microsoft.AspNetCore.Authorization.DefaultAuthorizationService[1]
      Authorization was successful.
info: Microsoft.AspNetCore.Routing.EndpointMiddleware[0]
      Executing endpoint 'ParcelManagement2.Controllers.HomeController.GetResidentPackageStats (ParcelProject)'
info: Microsoft.AspNetCore.Mvc.Infrastructure.ControllerActionInvoker[102]
      Route matched with {action = "GetResidentPackageStats", controller = "Home"}. Executing controller action with signature Microsoft.AspNetCore.Mvc.IActionResult GetResidentPackageStats() on controller ParcelManagement2.Controllers.HomeController (ParcelProject).
dbug: Microsoft.AspNetCore.Mvc.Infrastructure.ControllerActionInvoker[1]
      Execution plan of authorization filters (in the following order): None
dbug: Microsoft.AspNetCore.Mvc.Infrastructure.ControllerActionInvoker[1]
      Execution plan of resource filters (in the following order): Microsoft.AspNetCore.Mvc.ViewFeatures.Filters.SaveTempDataFilter
dbug: Microsoft.AspNetCore.Mvc.Infrastructure.ControllerActionInvoker[1]
      Execution plan of action filters (in the following order): Microsoft.AspNetCore.Mvc.Filters.ControllerActionFilter (Order: -2147483648), Microsoft.AspNetCore.Mvc.ModelBinding.UnsupportedContentTypeFilter (Order: -3000)
dbug: Microsoft.AspNetCore.Mvc.Infrastructure.ControllerActionInvoker[1]
      Execution plan of exception filters (in the following order): None
dbug: Microsoft.AspNetCore.Mvc.Infrastructure.ControllerActionInvoker[1]
      Execution plan of result filters (in the following order): Microsoft.AspNetCore.Mvc.ViewFeatures.Filters.SaveTempDataFilter
dbug: Microsoft.AspNetCore.Mvc.Infrastructure.ControllerActionInvoker[1]
      Executing controller factory for controller ParcelManagement2.Controllers.HomeController (ParcelProject)
dbug: ParcelManagement2.Models.DBConn[0]
      資料庫連線字串已設定
dbug: Microsoft.AspNetCore.Mvc.Infrastructure.ControllerActionInvoker[2]
      Executed controller factory for controller ParcelManagement2.Controllers.HomeController (ParcelProject)
dbug: ParcelManagement2.Models.DBConn[0]
      查詢成功，返回 28 行數據
info: Microsoft.AspNetCore.Mvc.Infrastructure.ContentResultExecutor[1]
      Executing ContentResult with HTTP Response ContentType of application/json
info: Microsoft.AspNetCore.Mvc.Infrastructure.ControllerActionInvoker[105]
      Executed action ParcelManagement2.Controllers.HomeController.GetResidentPackageStats (ParcelProject) in 32.7321ms
info: Microsoft.AspNetCore.Routing.EndpointMiddleware[1]
      Executed endpoint 'ParcelManagement2.Controllers.HomeController.GetResidentPackageStats (ParcelProject)'
info: Microsoft.AspNetCore.Hosting.Diagnostics[2]
      Request finished HTTP/2 POST https://localhost:44353/Home/GetResidentPackageStats - 200 2790 application/json 80.3988ms
dbug: Microsoft.AspNetCore.Server.IIS.Core.IISHttpServer[1]
      Connection ID "18302628895028936777" disconnecting.
dbug: Microsoft.Extensions.Http.DefaultHttpClientFactory[100]
      Starting HttpMessageHandler cleanup cycle with 3 items
dbug: Microsoft.Extensions.Http.DefaultHttpClientFactory[101]
      Ending HttpMessageHandler cleanup cycle after 0.002ms - processed: 0 items - remaining: 3 items
dbug: Microsoft.Extensions.Http.DefaultHttpClientFactory[100]
      Starting HttpMessageHandler cleanup cycle with 3 items
dbug: Microsoft.Extensions.Http.DefaultHttpClientFactory[101]
      Ending HttpMessageHandler cleanup cycle after 0.0072ms - processed: 0 items - remaining: 3 items
info: Microsoft.AspNetCore.Hosting.Diagnostics[1]
      Request starting HTTP/2 GET https://localhost:44353/Home/Packages - - -
dbug: Microsoft.AspNetCore.StaticFiles.StaticFileMiddleware[4]
      The request path /Home/Packages does not match a supported file type
dbug: Microsoft.AspNetCore.Routing.Matching.DfaMatcher[1001]
      1 candidate(s) found for the request path '/Home/Packages'
dbug: Microsoft.AspNetCore.Routing.Matching.DfaMatcher[1005]
      Endpoint 'ParcelManagement2.Controllers.HomeController.Packages (ParcelProject)' with route pattern '{controller=Account}/{action=Login}/{id?}' is valid for the request path '/Home/Packages'
dbug: Microsoft.AspNetCore.Routing.EndpointRoutingMiddleware[1]
      Request matched endpoint 'ParcelManagement2.Controllers.HomeController.Packages (ParcelProject)'
dbug: Microsoft.AspNetCore.Authentication.Cookies.CookieAuthenticationHandler[8]
      AuthenticationScheme: Cookies was successfully authenticated.
dbug: Microsoft.AspNetCore.Authorization.DefaultAuthorizationService[1]
      Authorization was successful.
info: Microsoft.AspNetCore.Routing.EndpointMiddleware[0]
      Executing endpoint 'ParcelManagement2.Controllers.HomeController.Packages (ParcelProject)'
info: Microsoft.AspNetCore.Mvc.Infrastructure.ControllerActionInvoker[102]
      Route matched with {action = "Packages", controller = "Home"}. Executing controller action with signature Microsoft.AspNetCore.Mvc.IActionResult Packages() on controller ParcelManagement2.Controllers.HomeController (ParcelProject).
dbug: Microsoft.AspNetCore.Mvc.Infrastructure.ControllerActionInvoker[1]
      Execution plan of authorization filters (in the following order): None
dbug: Microsoft.AspNetCore.Mvc.Infrastructure.ControllerActionInvoker[1]
      Execution plan of resource filters (in the following order): Microsoft.AspNetCore.Mvc.ViewFeatures.Filters.SaveTempDataFilter
dbug: Microsoft.AspNetCore.Mvc.Infrastructure.ControllerActionInvoker[1]
      Execution plan of action filters (in the following order): Microsoft.AspNetCore.Mvc.Filters.ControllerActionFilter (Order: -2147483648), Microsoft.AspNetCore.Mvc.ModelBinding.UnsupportedContentTypeFilter (Order: -3000)
dbug: Microsoft.AspNetCore.Mvc.Infrastructure.ControllerActionInvoker[1]
      Execution plan of exception filters (in the following order): None
dbug: Microsoft.AspNetCore.Mvc.Infrastructure.ControllerActionInvoker[1]
      Execution plan of result filters (in the following order): Microsoft.AspNetCore.Mvc.ViewFeatures.Filters.SaveTempDataFilter
dbug: Microsoft.AspNetCore.Mvc.Infrastructure.ControllerActionInvoker[1]
      Executing controller factory for controller ParcelManagement2.Controllers.HomeController (ParcelProject)
dbug: ParcelManagement2.Models.DBConn[0]
      資料庫連線字串已設定
dbug: Microsoft.AspNetCore.Mvc.Infrastructure.ControllerActionInvoker[2]
      Executed controller factory for controller ParcelManagement2.Controllers.HomeController (ParcelProject)
dbug: Microsoft.AspNetCore.Mvc.Razor.RazorViewEngine[2]
      View lookup cache hit for view 'Packages' in controller 'Home'.
info: Microsoft.AspNetCore.Mvc.ViewFeatures.ViewResultExecutor[1]
      Executing ViewResult, running view Packages.
dbug: Microsoft.AspNetCore.Mvc.ViewFeatures.ViewResultExecutor[2]
      The view path '/Views/Home/Packages.cshtml' was found in 2.9248ms.
dbug: Microsoft.AspNetCore.Antiforgery.DefaultAntiforgery[6]
      An antiforgery cookie token was reused.
dbug: Microsoft.WebTools.BrowserLink.Net.BrowserLinkMiddleware[1]
      Response markup is scheduled to include Browser Link script injection.
dbug: Microsoft.AspNetCore.Watch.BrowserRefresh.BrowserRefreshMiddleware[1]
      Response markup is scheduled to include browser refresh script injection.
info: Microsoft.AspNetCore.Mvc.ViewFeatures.ViewResultExecutor[4]
      Executed ViewResult - view Packages executed in 9.4526ms.
info: Microsoft.AspNetCore.Mvc.Infrastructure.ControllerActionInvoker[105]
      Executed action ParcelManagement2.Controllers.HomeController.Packages (ParcelProject) in 15.304ms
info: Microsoft.AspNetCore.Routing.EndpointMiddleware[1]
      Executed endpoint 'ParcelManagement2.Controllers.HomeController.Packages (ParcelProject)'
dbug: Microsoft.WebTools.BrowserLink.Net.BrowserLinkMiddleware[2]
      Response markup was updated to include Browser Link script injection.
dbug: Microsoft.AspNetCore.Watch.BrowserRefresh.BrowserRefreshMiddleware[2]
      Response markup was updated to include browser refresh script injection.
dbug: Microsoft.AspNetCore.Server.IIS.Core.IISHttpServer[1]
      Connection ID "18374686497656799333" disconnecting.
info: Microsoft.AspNetCore.Hosting.Diagnostics[2]
      Request finished HTTP/2 GET https://localhost:44353/Home/Packages - 200 - text/html;+charset=utf-8 51.5655ms
info: Microsoft.AspNetCore.Hosting.Diagnostics[1]
      Request starting HTTP/2 GET https://localhost:44353/_vs/browserLink - - -
info: Microsoft.AspNetCore.Hosting.Diagnostics[1]
      Request starting HTTP/2 GET https://localhost:44353/_framework/aspnetcore-browser-refresh.js - - -
dbug: Microsoft.AspNetCore.Watch.BrowserRefresh.BrowserScriptMiddleware[0]
      Script injected: /_framework/aspnetcore-browser-refresh.js
dbug: Microsoft.AspNetCore.Server.IIS.Core.IISHttpServer[1]
      Connection ID "18302628895028936779" disconnecting.
info: Microsoft.AspNetCore.Hosting.Diagnostics[2]
      Request finished HTTP/2 GET https://localhost:44353/_framework/aspnetcore-browser-refresh.js - 200 16511 application/javascript;+charset=utf-8 6.2564ms
dbug: Microsoft.AspNetCore.Server.IIS.Core.IISHttpServer[1]
      Connection ID "18374686489066864766" disconnecting.
info: Microsoft.AspNetCore.Hosting.Diagnostics[2]
      Request finished HTTP/2 GET https://localhost:44353/_vs/browserLink - 200 - text/javascript;+charset=UTF-8 17.8116ms
info: Microsoft.AspNetCore.Hosting.Diagnostics[1]
      Request starting HTTP/2 POST https://localhost:44353/Home/GetAllProduct - - 0
info: Microsoft.AspNetCore.Hosting.Diagnostics[1]
      Request starting HTTP/2 POST https://localhost:44353/Home/BuildProdTypeList - - 0
info: Microsoft.AspNetCore.Hosting.Diagnostics[1]
      Request starting HTTP/2 POST https://localhost:44353/Home/BuildResidentList - - 0
dbug: Microsoft.AspNetCore.StaticFiles.StaticFileMiddleware[1]
      POST requests are not supported
info: Microsoft.AspNetCore.Hosting.Diagnostics[1]
      Request starting HTTP/2 POST https://localhost:44353/Home/GetAllProduct - - 0
dbug: Microsoft.AspNetCore.StaticFiles.StaticFileMiddleware[1]
      POST requests are not supported
dbug: Microsoft.AspNetCore.StaticFiles.StaticFileMiddleware[1]
      POST requests are not supported
dbug: Microsoft.AspNetCore.Routing.Matching.DfaMatcher[1001]
      1 candidate(s) found for the request path '/Home/BuildResidentList'
dbug: Microsoft.AspNetCore.Routing.Matching.DfaMatcher[1001]
      1 candidate(s) found for the request path '/Home/GetAllProduct'
dbug: Microsoft.AspNetCore.Routing.Matching.DfaMatcher[1005]
      Endpoint 'ParcelManagement2.Controllers.HomeController.BuildResidentList (ParcelProject)' with route pattern '{controller=Account}/{action=Login}/{id?}' is valid for the request path '/Home/BuildResidentList'
dbug: Microsoft.AspNetCore.Routing.Matching.DfaMatcher[1005]
      Endpoint 'ParcelManagement2.Controllers.HomeController.GetAllProduct (ParcelProject)' with route pattern '{controller=Account}/{action=Login}/{id?}' is valid for the request path '/Home/GetAllProduct'
dbug: Microsoft.AspNetCore.Routing.EndpointRoutingMiddleware[1]
      Request matched endpoint 'ParcelManagement2.Controllers.HomeController.BuildResidentList (ParcelProject)'
dbug: Microsoft.AspNetCore.Routing.EndpointRoutingMiddleware[1]
      Request matched endpoint 'ParcelManagement2.Controllers.HomeController.GetAllProduct (ParcelProject)'
dbug: Microsoft.AspNetCore.Authentication.Cookies.CookieAuthenticationHandler[8]
      AuthenticationScheme: Cookies was successfully authenticated.
dbug: Microsoft.AspNetCore.Authentication.Cookies.CookieAuthenticationHandler[8]
      AuthenticationScheme: Cookies was successfully authenticated.
dbug: Microsoft.AspNetCore.Authorization.DefaultAuthorizationService[1]
      Authorization was successful.
dbug: Microsoft.AspNetCore.Authorization.DefaultAuthorizationService[1]
      Authorization was successful.
info: Microsoft.AspNetCore.Routing.EndpointMiddleware[0]
      Executing endpoint 'ParcelManagement2.Controllers.HomeController.BuildResidentList (ParcelProject)'
info: Microsoft.AspNetCore.Routing.EndpointMiddleware[0]
      Executing endpoint 'ParcelManagement2.Controllers.HomeController.GetAllProduct (ParcelProject)'
info: Microsoft.AspNetCore.Mvc.Infrastructure.ControllerActionInvoker[102]
      Route matched with {action = "BuildResidentList", controller = "Home"}. Executing controller action with signature System.Threading.Tasks.Task`1[Microsoft.AspNetCore.Mvc.JsonResult] BuildResidentList() on controller ParcelManagement2.Controllers.HomeController (ParcelProject).
info: Microsoft.AspNetCore.Mvc.Infrastructure.ControllerActionInvoker[102]
      Route matched with {action = "GetAllProduct", controller = "Home"}. Executing controller action with signature System.Threading.Tasks.Task`1[Microsoft.AspNetCore.Mvc.JsonResult] GetAllProduct() on controller ParcelManagement2.Controllers.HomeController (ParcelProject).
dbug: Microsoft.AspNetCore.Mvc.Infrastructure.ControllerActionInvoker[1]
      Execution plan of authorization filters (in the following order): None
dbug: Microsoft.AspNetCore.Mvc.Infrastructure.ControllerActionInvoker[1]
      Execution plan of authorization filters (in the following order): None
dbug: Microsoft.AspNetCore.Mvc.Infrastructure.ControllerActionInvoker[1]
      Execution plan of resource filters (in the following order): Microsoft.AspNetCore.Mvc.ViewFeatures.Filters.SaveTempDataFilter
dbug: Microsoft.AspNetCore.Mvc.Infrastructure.ControllerActionInvoker[1]
      Execution plan of resource filters (in the following order): Microsoft.AspNetCore.Mvc.ViewFeatures.Filters.SaveTempDataFilter
dbug: Microsoft.AspNetCore.Mvc.Infrastructure.ControllerActionInvoker[1]
      Execution plan of action filters (in the following order): Microsoft.AspNetCore.Mvc.Filters.ControllerActionFilter (Order: -2147483648), Microsoft.AspNetCore.Mvc.ModelBinding.UnsupportedContentTypeFilter (Order: -3000)
dbug: Microsoft.AspNetCore.Mvc.Infrastructure.ControllerActionInvoker[1]
      Execution plan of action filters (in the following order): Microsoft.AspNetCore.Mvc.Filters.ControllerActionFilter (Order: -2147483648), Microsoft.AspNetCore.Mvc.ModelBinding.UnsupportedContentTypeFilter (Order: -3000)
dbug: Microsoft.AspNetCore.Mvc.Infrastructure.ControllerActionInvoker[1]
      Execution plan of exception filters (in the following order): None
dbug: Microsoft.AspNetCore.Mvc.Infrastructure.ControllerActionInvoker[1]
      Execution plan of exception filters (in the following order): None
dbug: Microsoft.AspNetCore.Mvc.Infrastructure.ControllerActionInvoker[1]
      Execution plan of result filters (in the following order): Microsoft.AspNetCore.Mvc.ViewFeatures.Filters.SaveTempDataFilter
dbug: Microsoft.AspNetCore.Mvc.Infrastructure.ControllerActionInvoker[1]
      Execution plan of result filters (in the following order): Microsoft.AspNetCore.Mvc.ViewFeatures.Filters.SaveTempDataFilter
dbug: Microsoft.AspNetCore.Mvc.Infrastructure.ControllerActionInvoker[1]
      Executing controller factory for controller ParcelManagement2.Controllers.HomeController (ParcelProject)
dbug: Microsoft.AspNetCore.Mvc.Infrastructure.ControllerActionInvoker[1]
      Executing controller factory for controller ParcelManagement2.Controllers.HomeController (ParcelProject)
dbug: ParcelManagement2.Models.DBConn[0]
      資料庫連線字串已設定
dbug: ParcelManagement2.Models.DBConn[0]
      資料庫連線字串已設定
dbug: Microsoft.AspNetCore.Mvc.Infrastructure.ControllerActionInvoker[2]
      Executed controller factory for controller ParcelManagement2.Controllers.HomeController (ParcelProject)
dbug: Microsoft.AspNetCore.Mvc.Infrastructure.ControllerActionInvoker[2]
      Executed controller factory for controller ParcelManagement2.Controllers.HomeController (ParcelProject)
dbug: Microsoft.AspNetCore.Routing.Matching.DfaMatcher[1001]
      1 candidate(s) found for the request path '/Home/GetAllProduct'
dbug: Microsoft.AspNetCore.StaticFiles.StaticFileMiddleware[1]
      POST requests are not supported
dbug: Microsoft.AspNetCore.Routing.Matching.DfaMatcher[1005]
      Endpoint 'ParcelManagement2.Controllers.HomeController.GetAllProduct (ParcelProject)' with route pattern '{controller=Account}/{action=Login}/{id?}' is valid for the request path '/Home/GetAllProduct'
dbug: Microsoft.AspNetCore.Routing.Matching.DfaMatcher[1001]
      1 candidate(s) found for the request path '/Home/BuildProdTypeList'
dbug: Microsoft.AspNetCore.Routing.EndpointRoutingMiddleware[1]
      Request matched endpoint 'ParcelManagement2.Controllers.HomeController.GetAllProduct (ParcelProject)'
dbug: Microsoft.AspNetCore.Routing.Matching.DfaMatcher[1005]
      Endpoint 'ParcelManagement2.Controllers.HomeController.BuildProdTypeList (ParcelProject)' with route pattern '{controller=Account}/{action=Login}/{id?}' is valid for the request path '/Home/BuildProdTypeList'
dbug: Microsoft.AspNetCore.Authentication.Cookies.CookieAuthenticationHandler[8]
      AuthenticationScheme: Cookies was successfully authenticated.
dbug: Microsoft.AspNetCore.Routing.EndpointRoutingMiddleware[1]
      Request matched endpoint 'ParcelManagement2.Controllers.HomeController.BuildProdTypeList (ParcelProject)'
dbug: Microsoft.AspNetCore.Authorization.DefaultAuthorizationService[1]
      Authorization was successful.
dbug: Microsoft.AspNetCore.Authentication.Cookies.CookieAuthenticationHandler[8]
      AuthenticationScheme: Cookies was successfully authenticated.
info: Microsoft.AspNetCore.Routing.EndpointMiddleware[0]
      Executing endpoint 'ParcelManagement2.Controllers.HomeController.GetAllProduct (ParcelProject)'
dbug: ParcelManagement2.Models.DBConn[0]
      查詢成功，返回 28 行數據
dbug: Microsoft.AspNetCore.Authorization.DefaultAuthorizationService[1]
      Authorization was successful.
info: Microsoft.AspNetCore.Mvc.Infrastructure.ControllerActionInvoker[102]
      Route matched with {action = "GetAllProduct", controller = "Home"}. Executing controller action with signature System.Threading.Tasks.Task`1[Microsoft.AspNetCore.Mvc.JsonResult] GetAllProduct() on controller ParcelManagement2.Controllers.HomeController (ParcelProject).
info: Microsoft.AspNetCore.Mvc.Infrastructure.SystemTextJsonResultExecutor[1]
      Executing JsonResult, writing value of type 'System.Text.Json.JsonElement'.
dbug: Microsoft.AspNetCore.Mvc.Infrastructure.ControllerActionInvoker[1]
      Execution plan of authorization filters (in the following order): None
dbug: Microsoft.AspNetCore.Mvc.Infrastructure.ControllerActionInvoker[1]
      Execution plan of resource filters (in the following order): Microsoft.AspNetCore.Mvc.ViewFeatures.Filters.SaveTempDataFilter
info: Microsoft.AspNetCore.Mvc.Infrastructure.ControllerActionInvoker[105]
      Executed action ParcelManagement2.Controllers.HomeController.BuildResidentList (ParcelProject) in 33.8719ms
info: Microsoft.AspNetCore.Routing.EndpointMiddleware[0]
      Executing endpoint 'ParcelManagement2.Controllers.HomeController.BuildProdTypeList (ParcelProject)'
info: Microsoft.AspNetCore.Routing.EndpointMiddleware[1]
      Executed endpoint 'ParcelManagement2.Controllers.HomeController.BuildResidentList (ParcelProject)'
dbug: Microsoft.AspNetCore.Mvc.Infrastructure.ControllerActionInvoker[1]
      Execution plan of action filters (in the following order): Microsoft.AspNetCore.Mvc.Filters.ControllerActionFilter (Order: -2147483648), Microsoft.AspNetCore.Mvc.ModelBinding.UnsupportedContentTypeFilter (Order: -3000)
info: Microsoft.AspNetCore.Hosting.Diagnostics[2]
      Request finished HTTP/2 POST https://localhost:44353/Home/BuildResidentList - 200 - application/json;+charset=utf-8 82.8764ms
dbug: Microsoft.AspNetCore.Server.IIS.Core.IISHttpServer[1]
      Connection ID "18086456138684956859" disconnecting.
dbug: Microsoft.AspNetCore.Mvc.Infrastructure.ControllerActionInvoker[1]
      Execution plan of exception filters (in the following order): None
dbug: ParcelManagement2.Models.DBConn[0]
      查詢成功，返回 134 行數據
dbug: Microsoft.AspNetCore.Mvc.Infrastructure.ControllerActionInvoker[1]
      Execution plan of result filters (in the following order): Microsoft.AspNetCore.Mvc.ViewFeatures.Filters.SaveTempDataFilter
info: Microsoft.AspNetCore.Mvc.Infrastructure.SystemTextJsonResultExecutor[1]
      Executing JsonResult, writing value of type 'System.Text.Json.JsonElement'.
info: Microsoft.AspNetCore.Mvc.Infrastructure.ControllerActionInvoker[102]
      Route matched with {action = "BuildProdTypeList", controller = "Home"}. Executing controller action with signature System.Threading.Tasks.Task`1[Microsoft.AspNetCore.Mvc.JsonResult] BuildProdTypeList() on controller ParcelManagement2.Controllers.HomeController (ParcelProject).
dbug: Microsoft.AspNetCore.Mvc.Infrastructure.ControllerActionInvoker[1]
      Executing controller factory for controller ParcelManagement2.Controllers.HomeController (ParcelProject)
info: Microsoft.AspNetCore.Mvc.Infrastructure.ControllerActionInvoker[105]
      Executed action ParcelManagement2.Controllers.HomeController.GetAllProduct (ParcelProject) in 54.3501ms
dbug: Microsoft.AspNetCore.Mvc.Infrastructure.ControllerActionInvoker[1]
      Execution plan of authorization filters (in the following order): None
info: Microsoft.AspNetCore.Routing.EndpointMiddleware[1]
      Executed endpoint 'ParcelManagement2.Controllers.HomeController.GetAllProduct (ParcelProject)'
dbug: ParcelManagement2.Models.DBConn[0]
      資料庫連線字串已設定
info: Microsoft.AspNetCore.Hosting.Diagnostics[2]
      Request finished HTTP/2 POST https://localhost:44353/Home/GetAllProduct - 200 - application/json;+charset=utf-8 102.6460ms
dbug: Microsoft.AspNetCore.Server.IIS.Core.IISHttpServer[1]
      Connection ID "18302628946568544271" disconnecting.
dbug: Microsoft.AspNetCore.Mvc.Infrastructure.ControllerActionInvoker[2]
      Executed controller factory for controller ParcelManagement2.Controllers.HomeController (ParcelProject)
dbug: Microsoft.AspNetCore.Mvc.Infrastructure.ControllerActionInvoker[1]
      Execution plan of resource filters (in the following order): Microsoft.AspNetCore.Mvc.ViewFeatures.Filters.SaveTempDataFilter
dbug: Microsoft.AspNetCore.Mvc.Infrastructure.ControllerActionInvoker[1]
      Execution plan of action filters (in the following order): Microsoft.AspNetCore.Mvc.Filters.ControllerActionFilter (Order: -2147483648), Microsoft.AspNetCore.Mvc.ModelBinding.UnsupportedContentTypeFilter (Order: -3000)
dbug: Microsoft.AspNetCore.Mvc.Infrastructure.ControllerActionInvoker[1]
      Execution plan of exception filters (in the following order): None
dbug: Microsoft.AspNetCore.Mvc.Infrastructure.ControllerActionInvoker[1]
      Execution plan of result filters (in the following order): Microsoft.AspNetCore.Mvc.ViewFeatures.Filters.SaveTempDataFilter
dbug: Microsoft.AspNetCore.Mvc.Infrastructure.ControllerActionInvoker[1]
      Executing controller factory for controller ParcelManagement2.Controllers.HomeController (ParcelProject)
dbug: ParcelManagement2.Models.DBConn[0]
      資料庫連線字串已設定
dbug: Microsoft.AspNetCore.Mvc.Infrastructure.ControllerActionInvoker[2]
      Executed controller factory for controller ParcelManagement2.Controllers.HomeController (ParcelProject)
dbug: ParcelManagement2.Models.DBConn[0]
      查詢成功，返回 2 行數據
info: Microsoft.AspNetCore.Mvc.Infrastructure.SystemTextJsonResultExecutor[1]
      Executing JsonResult, writing value of type 'System.Text.Json.JsonElement'.
info: Microsoft.AspNetCore.Mvc.Infrastructure.ControllerActionInvoker[105]
      Executed action ParcelManagement2.Controllers.HomeController.BuildProdTypeList (ParcelProject) in 23.5126ms
dbug: ParcelManagement2.Models.DBConn[0]
      查詢成功，返回 134 行數據
info: Microsoft.AspNetCore.Routing.EndpointMiddleware[1]
      Executed endpoint 'ParcelManagement2.Controllers.HomeController.BuildProdTypeList (ParcelProject)'
info: Microsoft.AspNetCore.Hosting.Diagnostics[2]
      Request finished HTTP/2 POST https://localhost:44353/Home/BuildProdTypeList - 200 - application/json;+charset=utf-8 148.6583ms
dbug: Microsoft.AspNetCore.Server.IIS.Core.IISHttpServer[1]
      Connection ID "18374686557786341405" disconnecting.
info: Microsoft.AspNetCore.Mvc.Infrastructure.SystemTextJsonResultExecutor[1]
      Executing JsonResult, writing value of type 'System.Text.Json.JsonElement'.
info: Microsoft.AspNetCore.Mvc.Infrastructure.ControllerActionInvoker[105]
      Executed action ParcelManagement2.Controllers.HomeController.GetAllProduct (ParcelProject) in 52.9717ms
info: Microsoft.AspNetCore.Routing.EndpointMiddleware[1]
      Executed endpoint 'ParcelManagement2.Controllers.HomeController.GetAllProduct (ParcelProject)'
info: Microsoft.AspNetCore.Hosting.Diagnostics[2]
      Request finished HTTP/2 POST https://localhost:44353/Home/GetAllProduct - 200 - application/json;+charset=utf-8 156.2520ms
dbug: Microsoft.AspNetCore.Server.IIS.Core.IISHttpServer[1]
      Connection ID "18230571326760812648" disconnecting.
info: Microsoft.AspNetCore.Hosting.Diagnostics[1]
      Request starting HTTP/2 GET https://localhost:44353/Home/Index - - -
dbug: Microsoft.AspNetCore.StaticFiles.StaticFileMiddleware[4]
      The request path /Home/Index does not match a supported file type
dbug: Microsoft.AspNetCore.Routing.Matching.DfaMatcher[1001]
      1 candidate(s) found for the request path '/Home/Index'
dbug: Microsoft.AspNetCore.Routing.Matching.DfaMatcher[1005]
      Endpoint 'ParcelManagement2.Controllers.HomeController.Index (ParcelProject)' with route pattern '{controller=Account}/{action=Login}/{id?}' is valid for the request path '/Home/Index'
dbug: Microsoft.AspNetCore.Routing.EndpointRoutingMiddleware[1]
      Request matched endpoint 'ParcelManagement2.Controllers.HomeController.Index (ParcelProject)'
dbug: Microsoft.AspNetCore.Authentication.Cookies.CookieAuthenticationHandler[8]
      AuthenticationScheme: Cookies was successfully authenticated.
dbug: Microsoft.AspNetCore.Authorization.DefaultAuthorizationService[1]
      Authorization was successful.
info: Microsoft.AspNetCore.Routing.EndpointMiddleware[0]
      Executing endpoint 'ParcelManagement2.Controllers.HomeController.Index (ParcelProject)'
info: Microsoft.AspNetCore.Mvc.Infrastructure.ControllerActionInvoker[102]
      Route matched with {action = "Index", controller = "Home"}. Executing controller action with signature Microsoft.AspNetCore.Mvc.IActionResult Index() on controller ParcelManagement2.Controllers.HomeController (ParcelProject).
dbug: Microsoft.AspNetCore.Mvc.Infrastructure.ControllerActionInvoker[1]
      Execution plan of authorization filters (in the following order): None
dbug: Microsoft.AspNetCore.Mvc.Infrastructure.ControllerActionInvoker[1]
      Execution plan of resource filters (in the following order): Microsoft.AspNetCore.Mvc.ViewFeatures.Filters.SaveTempDataFilter
dbug: Microsoft.AspNetCore.Mvc.Infrastructure.ControllerActionInvoker[1]
      Execution plan of action filters (in the following order): Microsoft.AspNetCore.Mvc.Filters.ControllerActionFilter (Order: -2147483648), Microsoft.AspNetCore.Mvc.ModelBinding.UnsupportedContentTypeFilter (Order: -3000)
dbug: Microsoft.AspNetCore.Mvc.Infrastructure.ControllerActionInvoker[1]
      Execution plan of exception filters (in the following order): None
dbug: Microsoft.AspNetCore.Mvc.Infrastructure.ControllerActionInvoker[1]
      Execution plan of result filters (in the following order): Microsoft.AspNetCore.Mvc.ViewFeatures.Filters.SaveTempDataFilter
dbug: Microsoft.AspNetCore.Mvc.Infrastructure.ControllerActionInvoker[1]
      Executing controller factory for controller ParcelManagement2.Controllers.HomeController (ParcelProject)
dbug: ParcelManagement2.Models.DBConn[0]
      資料庫連線字串已設定
dbug: Microsoft.AspNetCore.Mvc.Infrastructure.ControllerActionInvoker[2]
      Executed controller factory for controller ParcelManagement2.Controllers.HomeController (ParcelProject)
dbug: Microsoft.AspNetCore.Mvc.Razor.RazorViewEngine[2]
      View lookup cache hit for view 'Index' in controller 'Home'.
info: Microsoft.AspNetCore.Mvc.ViewFeatures.ViewResultExecutor[1]
      Executing ViewResult, running view Index.
dbug: Microsoft.AspNetCore.Mvc.ViewFeatures.ViewResultExecutor[2]
      The view path '/Views/Home/Index.cshtml' was found in 2.8009ms.
dbug: Microsoft.AspNetCore.Antiforgery.DefaultAntiforgery[6]
      An antiforgery cookie token was reused.
dbug: Microsoft.WebTools.BrowserLink.Net.BrowserLinkMiddleware[1]
      Response markup is scheduled to include Browser Link script injection.
dbug: Microsoft.AspNetCore.Watch.BrowserRefresh.BrowserRefreshMiddleware[1]
      Response markup is scheduled to include browser refresh script injection.
info: Microsoft.AspNetCore.Mvc.ViewFeatures.ViewResultExecutor[4]
      Executed ViewResult - view Index executed in 8.0669ms.
info: Microsoft.AspNetCore.Mvc.Infrastructure.ControllerActionInvoker[105]
      Executed action ParcelManagement2.Controllers.HomeController.Index (ParcelProject) in 13.2273ms
info: Microsoft.AspNetCore.Routing.EndpointMiddleware[1]
      Executed endpoint 'ParcelManagement2.Controllers.HomeController.Index (ParcelProject)'
dbug: Microsoft.WebTools.BrowserLink.Net.BrowserLinkMiddleware[2]
      Response markup was updated to include Browser Link script injection.
dbug: Microsoft.AspNetCore.Watch.BrowserRefresh.BrowserRefreshMiddleware[2]
      Response markup was updated to include browser refresh script injection.
dbug: Microsoft.AspNetCore.Server.IIS.Core.IISHttpServer[1]
      Connection ID "18230571343940681841" disconnecting.
info: Microsoft.AspNetCore.Hosting.Diagnostics[2]
      Request finished HTTP/2 GET https://localhost:44353/Home/Index - 200 - text/html;+charset=utf-8 40.8509ms
info: Microsoft.AspNetCore.Hosting.Diagnostics[1]
      Request starting HTTP/2 POST https://localhost:44353/Home/GetResidentPackageStats - - 0
dbug: Microsoft.AspNetCore.StaticFiles.StaticFileMiddleware[1]
      POST requests are not supported
info: Microsoft.AspNetCore.Hosting.Diagnostics[1]
      Request starting HTTP/2 GET https://localhost:44353/_framework/aspnetcore-browser-refresh.js - - -
dbug: Microsoft.AspNetCore.Routing.Matching.DfaMatcher[1001]
      1 candidate(s) found for the request path '/Home/GetResidentPackageStats'
info: Microsoft.AspNetCore.Hosting.Diagnostics[1]
      Request starting HTTP/2 GET https://localhost:44353/_vs/browserLink - - -
dbug: Microsoft.AspNetCore.Watch.BrowserRefresh.BrowserScriptMiddleware[0]
      Script injected: /_framework/aspnetcore-browser-refresh.js
dbug: Microsoft.AspNetCore.Routing.Matching.DfaMatcher[1005]
      Endpoint 'ParcelManagement2.Controllers.HomeController.GetResidentPackageStats (ParcelProject)' with route pattern '{controller=Account}/{action=Login}/{id?}' is valid for the request path '/Home/GetResidentPackageStats'
info: Microsoft.AspNetCore.Hosting.Diagnostics[2]
      Request finished HTTP/2 GET https://localhost:44353/_framework/aspnetcore-browser-refresh.js - 200 16511 application/javascript;+charset=utf-8 8.5384ms
dbug: Microsoft.AspNetCore.Server.IIS.Core.IISHttpServer[1]
      Connection ID "18230571309580943483" disconnecting.
dbug: Microsoft.AspNetCore.Routing.EndpointRoutingMiddleware[1]
      Request matched endpoint 'ParcelManagement2.Controllers.HomeController.GetResidentPackageStats (ParcelProject)'
dbug: Microsoft.AspNetCore.Authentication.Cookies.CookieAuthenticationHandler[8]
      AuthenticationScheme: Cookies was successfully authenticated.
dbug: Microsoft.AspNetCore.Authorization.DefaultAuthorizationService[1]
      Authorization was successful.
info: Microsoft.AspNetCore.Routing.EndpointMiddleware[0]
      Executing endpoint 'ParcelManagement2.Controllers.HomeController.GetResidentPackageStats (ParcelProject)'
info: Microsoft.AspNetCore.Mvc.Infrastructure.ControllerActionInvoker[102]
      Route matched with {action = "GetResidentPackageStats", controller = "Home"}. Executing controller action with signature Microsoft.AspNetCore.Mvc.IActionResult GetResidentPackageStats() on controller ParcelManagement2.Controllers.HomeController (ParcelProject).
dbug: Microsoft.AspNetCore.Mvc.Infrastructure.ControllerActionInvoker[1]
      Execution plan of authorization filters (in the following order): None
dbug: Microsoft.AspNetCore.Mvc.Infrastructure.ControllerActionInvoker[1]
      Execution plan of resource filters (in the following order): Microsoft.AspNetCore.Mvc.ViewFeatures.Filters.SaveTempDataFilter
dbug: Microsoft.AspNetCore.Mvc.Infrastructure.ControllerActionInvoker[1]
      Execution plan of action filters (in the following order): Microsoft.AspNetCore.Mvc.Filters.ControllerActionFilter (Order: -2147483648), Microsoft.AspNetCore.Mvc.ModelBinding.UnsupportedContentTypeFilter (Order: -3000)
dbug: Microsoft.AspNetCore.Mvc.Infrastructure.ControllerActionInvoker[1]
      Execution plan of exception filters (in the following order): None
dbug: Microsoft.AspNetCore.Mvc.Infrastructure.ControllerActionInvoker[1]
      Execution plan of result filters (in the following order): Microsoft.AspNetCore.Mvc.ViewFeatures.Filters.SaveTempDataFilter
dbug: Microsoft.AspNetCore.Mvc.Infrastructure.ControllerActionInvoker[1]
      Executing controller factory for controller ParcelManagement2.Controllers.HomeController (ParcelProject)
dbug: Microsoft.AspNetCore.Server.IIS.Core.IISHttpServer[1]
      Connection ID "18086456121505087489" disconnecting.
info: Microsoft.AspNetCore.Hosting.Diagnostics[2]
      Request finished HTTP/2 GET https://localhost:44353/_vs/browserLink - 200 - text/javascript;+charset=UTF-8 32.5297ms
dbug: ParcelManagement2.Models.DBConn[0]
      資料庫連線字串已設定
dbug: Microsoft.AspNetCore.Mvc.Infrastructure.ControllerActionInvoker[2]
      Executed controller factory for controller ParcelManagement2.Controllers.HomeController (ParcelProject)
dbug: ParcelManagement2.Models.DBConn[0]
      查詢成功，返回 28 行數據
info: Microsoft.AspNetCore.Mvc.Infrastructure.ContentResultExecutor[1]
      Executing ContentResult with HTTP Response ContentType of application/json
info: Microsoft.AspNetCore.Mvc.Infrastructure.ControllerActionInvoker[105]
      Executed action ParcelManagement2.Controllers.HomeController.GetResidentPackageStats (ParcelProject) in 27.8313ms
info: Microsoft.AspNetCore.Routing.EndpointMiddleware[1]
      Executed endpoint 'ParcelManagement2.Controllers.HomeController.GetResidentPackageStats (ParcelProject)'
info: Microsoft.AspNetCore.Hosting.Diagnostics[2]
      Request finished HTTP/2 POST https://localhost:44353/Home/GetResidentPackageStats - 200 2790 application/json 66.2829ms
dbug: Microsoft.AspNetCore.Server.IIS.Core.IISHttpServer[1]
      Connection ID "18374686497656799335" disconnecting.
dbug: Microsoft.Extensions.Http.DefaultHttpClientFactory[100]
      Starting HttpMessageHandler cleanup cycle with 3 items
dbug: Microsoft.Extensions.Http.DefaultHttpClientFactory[101]
      Ending HttpMessageHandler cleanup cycle after 0.0045ms - processed: 0 items - remaining: 3 items
dbug: Microsoft.Extensions.Http.DefaultHttpClientFactory[100]
      Starting HttpMessageHandler cleanup cycle with 3 items
dbug: Microsoft.Extensions.Http.DefaultHttpClientFactory[101]
      Ending HttpMessageHandler cleanup cycle after 0.0092ms - processed: 0 items - remaining: 3 items
dbug: Microsoft.Extensions.Http.DefaultHttpClientFactory[100]
      Starting HttpMessageHandler cleanup cycle with 3 items
dbug: Microsoft.Extensions.Http.DefaultHttpClientFactory[101]
      Ending HttpMessageHandler cleanup cycle after 0.0021ms - processed: 0 items - remaining: 3 items
dbug: Microsoft.Extensions.Http.DefaultHttpClientFactory[103]
      HttpMessageHandler expired after 120000ms for client ''
dbug: Microsoft.Extensions.Http.DefaultHttpClientFactory[100]
      Starting HttpMessageHandler cleanup cycle with 4 items
dbug: Microsoft.Extensions.Http.DefaultHttpClientFactory[101]
      Ending HttpMessageHandler cleanup cycle after 0.0105ms - processed: 0 items - remaining: 4 items
dbug: Microsoft.Extensions.Http.DefaultHttpClientFactory[100]
      Starting HttpMessageHandler cleanup cycle with 4 items
dbug: Microsoft.Extensions.Http.DefaultHttpClientFactory[101]
      Ending HttpMessageHandler cleanup cycle after 0.0033ms - processed: 0 items - remaining: 4 items
dbug: Microsoft.Extensions.Http.DefaultHttpClientFactory[100]
      Starting HttpMessageHandler cleanup cycle with 4 items
dbug: Microsoft.Extensions.Http.DefaultHttpClientFactory[101]
      Ending HttpMessageHandler cleanup cycle after 0.0073ms - processed: 0 items - remaining: 4 items
dbug: Microsoft.Extensions.Http.DefaultHttpClientFactory[100]
      Starting HttpMessageHandler cleanup cycle with 4 items
dbug: Microsoft.Extensions.Http.DefaultHttpClientFactory[101]
      Ending HttpMessageHandler cleanup cycle after 0.0035ms - processed: 0 items - remaining: 4 items
dbug: Microsoft.Extensions.Http.DefaultHttpClientFactory[100]
      Starting HttpMessageHandler cleanup cycle with 4 items
dbug: Microsoft.Extensions.Http.DefaultHttpClientFactory[101]
      Ending HttpMessageHandler cleanup cycle after 0.0073ms - processed: 0 items - remaining: 4 items
dbug: Microsoft.Extensions.Http.DefaultHttpClientFactory[100]
      Starting HttpMessageHandler cleanup cycle with 4 items
dbug: Microsoft.Extensions.Http.DefaultHttpClientFactory[101]
      Ending HttpMessageHandler cleanup cycle after 0.004ms - processed: 0 items - remaining: 4 items
dbug: Microsoft.Extensions.Http.DefaultHttpClientFactory[100]
      Starting HttpMessageHandler cleanup cycle with 4 items
dbug: Microsoft.Extensions.Http.DefaultHttpClientFactory[101]
      Ending HttpMessageHandler cleanup cycle after 0.0053ms - processed: 0 items - remaining: 4 items
dbug: Microsoft.Extensions.Http.DefaultHttpClientFactory[100]
      Starting HttpMessageHandler cleanup cycle with 4 items
dbug: Microsoft.Extensions.Http.DefaultHttpClientFactory[101]
      Ending HttpMessageHandler cleanup cycle after 0.0068ms - processed: 0 items - remaining: 4 items
dbug: Microsoft.Extensions.Http.DefaultHttpClientFactory[100]
      Starting HttpMessageHandler cleanup cycle with 4 items
dbug: Microsoft.Extensions.Http.DefaultHttpClientFactory[101]
      Ending HttpMessageHandler cleanup cycle after 0.0022ms - processed: 0 items - remaining: 4 items
dbug: Microsoft.Extensions.Http.DefaultHttpClientFactory[100]
      Starting HttpMessageHandler cleanup cycle with 4 items
dbug: Microsoft.Extensions.Http.DefaultHttpClientFactory[101]
      Ending HttpMessageHandler cleanup cycle after 0.0068ms - processed: 0 items - remaining: 4 items
dbug: Microsoft.Extensions.Http.DefaultHttpClientFactory[100]
      Starting HttpMessageHandler cleanup cycle with 4 items
dbug: Microsoft.Extensions.Http.DefaultHttpClientFactory[101]
      Ending HttpMessageHandler cleanup cycle after 0.0028ms - processed: 0 items - remaining: 4 items
dbug: Microsoft.Extensions.Http.DefaultHttpClientFactory[100]
      Starting HttpMessageHandler cleanup cycle with 4 items
dbug: Microsoft.Extensions.Http.DefaultHttpClientFactory[101]
      Ending HttpMessageHandler cleanup cycle after 0.0029ms - processed: 0 items - remaining: 4 items
dbug: Microsoft.Extensions.Http.DefaultHttpClientFactory[100]
      Starting HttpMessageHandler cleanup cycle with 4 items
dbug: Microsoft.Extensions.Http.DefaultHttpClientFactory[101]
      Ending HttpMessageHandler cleanup cycle after 0.0024ms - processed: 0 items - remaining: 4 items
dbug: Microsoft.Extensions.Http.DefaultHttpClientFactory[100]
      Starting HttpMessageHandler cleanup cycle with 4 items
dbug: Microsoft.Extensions.Http.DefaultHttpClientFactory[101]
      Ending HttpMessageHandler cleanup cycle after 0.0041ms - processed: 0 items - remaining: 4 items
dbug: Microsoft.Extensions.Http.DefaultHttpClientFactory[100]
      Starting HttpMessageHandler cleanup cycle with 4 items
dbug: Microsoft.Extensions.Http.DefaultHttpClientFactory[101]
      Ending HttpMessageHandler cleanup cycle after 0.0026ms - processed: 0 items - remaining: 4 items
dbug: Microsoft.Extensions.Http.DefaultHttpClientFactory[100]
      Starting HttpMessageHandler cleanup cycle with 4 items
dbug: Microsoft.Extensions.Http.DefaultHttpClientFactory[101]
      Ending HttpMessageHandler cleanup cycle after 0.003ms - processed: 0 items - remaining: 4 items
dbug: Microsoft.Extensions.Http.DefaultHttpClientFactory[100]
      Starting HttpMessageHandler cleanup cycle with 4 items
dbug: Microsoft.Extensions.Http.DefaultHttpClientFactory[101]
      Ending HttpMessageHandler cleanup cycle after 0.0024ms - processed: 0 items - remaining: 4 items
dbug: Microsoft.Extensions.Http.DefaultHttpClientFactory[100]
      Starting HttpMessageHandler cleanup cycle with 4 items
dbug: Microsoft.Extensions.Http.DefaultHttpClientFactory[101]
      Ending HttpMessageHandler cleanup cycle after 0.0075ms - processed: 0 items - remaining: 4 items
dbug: Microsoft.Extensions.Http.DefaultHttpClientFactory[100]
      Starting HttpMessageHandler cleanup cycle with 4 items
dbug: Microsoft.Extensions.Http.DefaultHttpClientFactory[101]
      Ending HttpMessageHandler cleanup cycle after 0.0026ms - processed: 0 items - remaining: 4 items
dbug: Microsoft.Extensions.Http.DefaultHttpClientFactory[100]
      Starting HttpMessageHandler cleanup cycle with 4 items
dbug: Microsoft.Extensions.Http.DefaultHttpClientFactory[101]
      Ending HttpMessageHandler cleanup cycle after 0.0021ms - processed: 0 items - remaining: 4 items
dbug: Microsoft.Extensions.Http.DefaultHttpClientFactory[100]
      Starting HttpMessageHandler cleanup cycle with 4 items
dbug: Microsoft.Extensions.Http.DefaultHttpClientFactory[101]
      Ending HttpMessageHandler cleanup cycle after 0.0043ms - processed: 0 items - remaining: 4 items
dbug: Microsoft.Extensions.Http.DefaultHttpClientFactory[100]
      Starting HttpMessageHandler cleanup cycle with 4 items
dbug: Microsoft.Extensions.Http.DefaultHttpClientFactory[101]
      Ending HttpMessageHandler cleanup cycle after 0.0098ms - processed: 0 items - remaining: 4 items
dbug: Microsoft.Extensions.Http.DefaultHttpClientFactory[100]
      Starting HttpMessageHandler cleanup cycle with 4 items
dbug: Microsoft.Extensions.Http.DefaultHttpClientFactory[101]
      Ending HttpMessageHandler cleanup cycle after 0.0031ms - processed: 0 items - remaining: 4 items
dbug: Microsoft.Extensions.Http.DefaultHttpClientFactory[100]
      Starting HttpMessageHandler cleanup cycle with 4 items
dbug: Microsoft.Extensions.Http.DefaultHttpClientFactory[101]
      Ending HttpMessageHandler cleanup cycle after 0.002ms - processed: 0 items - remaining: 4 items
dbug: Microsoft.Extensions.Http.DefaultHttpClientFactory[100]
      Starting HttpMessageHandler cleanup cycle with 4 items
dbug: Microsoft.Extensions.Http.DefaultHttpClientFactory[101]
      Ending HttpMessageHandler cleanup cycle after 0.003ms - processed: 0 items - remaining: 4 items
dbug: Microsoft.Extensions.Http.DefaultHttpClientFactory[100]
      Starting HttpMessageHandler cleanup cycle with 4 items
dbug: Microsoft.Extensions.Http.DefaultHttpClientFactory[101]
      Ending HttpMessageHandler cleanup cycle after 0.0088ms - processed: 0 items - remaining: 4 items
dbug: Microsoft.Extensions.Http.DefaultHttpClientFactory[100]
      Starting HttpMessageHandler cleanup cycle with 4 items
dbug: Microsoft.Extensions.Http.DefaultHttpClientFactory[101]
      Ending HttpMessageHandler cleanup cycle after 0.0077ms - processed: 0 items - remaining: 4 items
dbug: Microsoft.Extensions.Http.DefaultHttpClientFactory[100]
      Starting HttpMessageHandler cleanup cycle with 4 items
dbug: Microsoft.Extensions.Http.DefaultHttpClientFactory[101]
      Ending HttpMessageHandler cleanup cycle after 0.0046ms - processed: 0 items - remaining: 4 items
dbug: Microsoft.Extensions.Http.DefaultHttpClientFactory[100]
      Starting HttpMessageHandler cleanup cycle with 4 items
dbug: Microsoft.Extensions.Http.DefaultHttpClientFactory[101]
      Ending HttpMessageHandler cleanup cycle after 0.0089ms - processed: 0 items - remaining: 4 items
dbug: Microsoft.Extensions.Http.DefaultHttpClientFactory[100]
      Starting HttpMessageHandler cleanup cycle with 4 items
dbug: Microsoft.Extensions.Http.DefaultHttpClientFactory[101]
      Ending HttpMessageHandler cleanup cycle after 0.0041ms - processed: 0 items - remaining: 4 items
dbug: Microsoft.Extensions.Http.DefaultHttpClientFactory[100]
      Starting HttpMessageHandler cleanup cycle with 4 items
dbug: Microsoft.Extensions.Http.DefaultHttpClientFactory[101]
      Ending HttpMessageHandler cleanup cycle after 0.0064ms - processed: 0 items - remaining: 4 items
dbug: Microsoft.Extensions.Http.DefaultHttpClientFactory[100]
      Starting HttpMessageHandler cleanup cycle with 4 items
dbug: Microsoft.Extensions.Http.DefaultHttpClientFactory[101]
      Ending HttpMessageHandler cleanup cycle after 0.0036ms - processed: 0 items - remaining: 4 items
dbug: Microsoft.Extensions.Http.DefaultHttpClientFactory[100]
      Starting HttpMessageHandler cleanup cycle with 4 items
dbug: Microsoft.Extensions.Http.DefaultHttpClientFactory[101]
      Ending HttpMessageHandler cleanup cycle after 0.0034ms - processed: 0 items - remaining: 4 items
dbug: Microsoft.Extensions.Http.DefaultHttpClientFactory[100]
      Starting HttpMessageHandler cleanup cycle with 4 items
dbug: Microsoft.Extensions.Http.DefaultHttpClientFactory[101]
      Ending HttpMessageHandler cleanup cycle after 0.0097ms - processed: 0 items - remaining: 4 items
dbug: Microsoft.Extensions.Http.DefaultHttpClientFactory[100]
      Starting HttpMessageHandler cleanup cycle with 4 items
dbug: Microsoft.Extensions.Http.DefaultHttpClientFactory[101]
      Ending HttpMessageHandler cleanup cycle after 0.0085ms - processed: 0 items - remaining: 4 items
dbug: Microsoft.Extensions.Http.DefaultHttpClientFactory[100]
      Starting HttpMessageHandler cleanup cycle with 4 items
dbug: Microsoft.Extensions.Http.DefaultHttpClientFactory[101]
      Ending HttpMessageHandler cleanup cycle after 0.0025ms - processed: 0 items - remaining: 4 items
dbug: Microsoft.Extensions.Http.DefaultHttpClientFactory[100]
      Starting HttpMessageHandler cleanup cycle with 4 items
dbug: Microsoft.Extensions.Http.DefaultHttpClientFactory[101]
      Ending HttpMessageHandler cleanup cycle after 0.0029ms - processed: 0 items - remaining: 4 items
dbug: Microsoft.Extensions.Http.DefaultHttpClientFactory[100]
      Starting HttpMessageHandler cleanup cycle with 4 items
dbug: Microsoft.Extensions.Http.DefaultHttpClientFactory[101]
      Ending HttpMessageHandler cleanup cycle after 0.004ms - processed: 0 items - remaining: 4 items
dbug: Microsoft.Extensions.Http.DefaultHttpClientFactory[100]
      Starting HttpMessageHandler cleanup cycle with 4 items
dbug: Microsoft.Extensions.Http.DefaultHttpClientFactory[101]
      Ending HttpMessageHandler cleanup cycle after 0.0092ms - processed: 0 items - remaining: 4 items
dbug: Microsoft.Extensions.Http.DefaultHttpClientFactory[100]
      Starting HttpMessageHandler cleanup cycle with 4 items
dbug: Microsoft.Extensions.Http.DefaultHttpClientFactory[101]
      Ending HttpMessageHandler cleanup cycle after 0.0068ms - processed: 0 items - remaining: 4 items
dbug: Microsoft.Extensions.Http.DefaultHttpClientFactory[100]
      Starting HttpMessageHandler cleanup cycle with 4 items
dbug: Microsoft.Extensions.Http.DefaultHttpClientFactory[101]
      Ending HttpMessageHandler cleanup cycle after 0.0028ms - processed: 0 items - remaining: 4 items
dbug: Microsoft.Extensions.Http.DefaultHttpClientFactory[100]
      Starting HttpMessageHandler cleanup cycle with 4 items
dbug: Microsoft.Extensions.Http.DefaultHttpClientFactory[101]
      Ending HttpMessageHandler cleanup cycle after 0.0021ms - processed: 0 items - remaining: 4 items
dbug: Microsoft.Extensions.Http.DefaultHttpClientFactory[100]
      Starting HttpMessageHandler cleanup cycle with 4 items
dbug: Microsoft.Extensions.Http.DefaultHttpClientFactory[101]
      Ending HttpMessageHandler cleanup cycle after 0.0025ms - processed: 0 items - remaining: 4 items
dbug: Microsoft.Extensions.Http.DefaultHttpClientFactory[100]
      Starting HttpMessageHandler cleanup cycle with 4 items
dbug: Microsoft.Extensions.Http.DefaultHttpClientFactory[101]
      Ending HttpMessageHandler cleanup cycle after 0.0024ms - processed: 0 items - remaining: 4 items
dbug: Microsoft.Extensions.Http.DefaultHttpClientFactory[100]
      Starting HttpMessageHandler cleanup cycle with 4 items
dbug: Microsoft.Extensions.Http.DefaultHttpClientFactory[101]
      Ending HttpMessageHandler cleanup cycle after 0.0035ms - processed: 0 items - remaining: 4 items
dbug: Microsoft.Extensions.Http.DefaultHttpClientFactory[100]
      Starting HttpMessageHandler cleanup cycle with 4 items
dbug: Microsoft.Extensions.Http.DefaultHttpClientFactory[101]
      Ending HttpMessageHandler cleanup cycle after 0.0026ms - processed: 0 items - remaining: 4 items
info: Microsoft.AspNetCore.Hosting.Diagnostics[1]
      Request starting HTTP/2 GET https://localhost:44353/Home/Index - - -
dbug: Microsoft.AspNetCore.StaticFiles.StaticFileMiddleware[4]
      The request path /Home/Index does not match a supported file type
dbug: Microsoft.AspNetCore.Routing.Matching.DfaMatcher[1001]
      1 candidate(s) found for the request path '/Home/Index'
dbug: Microsoft.AspNetCore.Routing.Matching.DfaMatcher[1005]
      Endpoint 'ParcelManagement2.Controllers.HomeController.Index (ParcelProject)' with route pattern '{controller=Account}/{action=Login}/{id?}' is valid for the request path '/Home/Index'
dbug: Microsoft.AspNetCore.Routing.EndpointRoutingMiddleware[1]
      Request matched endpoint 'ParcelManagement2.Controllers.HomeController.Index (ParcelProject)'
dbug: Microsoft.AspNetCore.Authentication.Cookies.CookieAuthenticationHandler[8]
      AuthenticationScheme: Cookies was successfully authenticated.
dbug: Microsoft.AspNetCore.Authorization.DefaultAuthorizationService[1]
      Authorization was successful.
info: Microsoft.AspNetCore.Routing.EndpointMiddleware[0]
      Executing endpoint 'ParcelManagement2.Controllers.HomeController.Index (ParcelProject)'
info: Microsoft.AspNetCore.Mvc.Infrastructure.ControllerActionInvoker[102]
      Route matched with {action = "Index", controller = "Home"}. Executing controller action with signature Microsoft.AspNetCore.Mvc.IActionResult Index() on controller ParcelManagement2.Controllers.HomeController (ParcelProject).
dbug: Microsoft.AspNetCore.Mvc.Infrastructure.ControllerActionInvoker[1]
      Execution plan of authorization filters (in the following order): None
dbug: Microsoft.AspNetCore.Mvc.Infrastructure.ControllerActionInvoker[1]
      Execution plan of resource filters (in the following order): Microsoft.AspNetCore.Mvc.ViewFeatures.Filters.SaveTempDataFilter
dbug: Microsoft.AspNetCore.Mvc.Infrastructure.ControllerActionInvoker[1]
      Execution plan of action filters (in the following order): Microsoft.AspNetCore.Mvc.Filters.ControllerActionFilter (Order: -2147483648), Microsoft.AspNetCore.Mvc.ModelBinding.UnsupportedContentTypeFilter (Order: -3000)
dbug: Microsoft.AspNetCore.Mvc.Infrastructure.ControllerActionInvoker[1]
      Execution plan of exception filters (in the following order): None
dbug: Microsoft.AspNetCore.Mvc.Infrastructure.ControllerActionInvoker[1]
      Execution plan of result filters (in the following order): Microsoft.AspNetCore.Mvc.ViewFeatures.Filters.SaveTempDataFilter
dbug: Microsoft.AspNetCore.Mvc.Infrastructure.ControllerActionInvoker[1]
      Executing controller factory for controller ParcelManagement2.Controllers.HomeController (ParcelProject)
dbug: ParcelManagement2.Models.DBConn[0]
      資料庫連線字串已設定
dbug: Microsoft.AspNetCore.Mvc.Infrastructure.ControllerActionInvoker[2]
      Executed controller factory for controller ParcelManagement2.Controllers.HomeController (ParcelProject)
dbug: Microsoft.AspNetCore.Mvc.Razor.RazorViewEngine[1]
      View lookup cache miss for view 'Index' in controller 'Home'.
dbug: Microsoft.AspNetCore.Mvc.Razor.Compilation.DefaultViewCompiler[3]
      Initializing Razor view compiler with compiled view: '/Views/Account/AccessDenied.cshtml'.
dbug: Microsoft.AspNetCore.Mvc.Razor.Compilation.DefaultViewCompiler[3]
      Initializing Razor view compiler with compiled view: '/Views/Account/Login.cshtml'.
dbug: Microsoft.AspNetCore.Mvc.Razor.Compilation.DefaultViewCompiler[3]
      Initializing Razor view compiler with compiled view: '/Views/Home/Index.cshtml'.
dbug: Microsoft.AspNetCore.Mvc.Razor.Compilation.DefaultViewCompiler[3]
      Initializing Razor view compiler with compiled view: '/Views/Home/Index_back.cshtml'.
dbug: Microsoft.AspNetCore.Mvc.Razor.Compilation.DefaultViewCompiler[3]
      Initializing Razor view compiler with compiled view: '/Views/Home/Packages.cshtml'.
dbug: Microsoft.AspNetCore.Mvc.Razor.Compilation.DefaultViewCompiler[3]
      Initializing Razor view compiler with compiled view: '/Views/Home/Privacy.cshtml'.
dbug: Microsoft.AspNetCore.Mvc.Razor.Compilation.DefaultViewCompiler[3]
      Initializing Razor view compiler with compiled view: '/Views/Resident/Edit.cshtml'.
dbug: Microsoft.AspNetCore.Mvc.Razor.Compilation.DefaultViewCompiler[3]
      Initializing Razor view compiler with compiled view: '/Views/Resident/Home.cshtml'.
dbug: Microsoft.AspNetCore.Mvc.Razor.Compilation.DefaultViewCompiler[3]
      Initializing Razor view compiler with compiled view: '/Views/Resident/MyPackages.cshtml'.
dbug: Microsoft.AspNetCore.Mvc.Razor.Compilation.DefaultViewCompiler[3]
      Initializing Razor view compiler with compiled view: '/Views/Resident/PackagePhoto.cshtml'.
dbug: Microsoft.AspNetCore.Mvc.Razor.Compilation.DefaultViewCompiler[3]
      Initializing Razor view compiler with compiled view: '/Views/Shared/Error.cshtml'.
dbug: Microsoft.AspNetCore.Mvc.Razor.Compilation.DefaultViewCompiler[3]
      Initializing Razor view compiler with compiled view: '/Views/Shared/_AdminLayout.cshtml'.
dbug: Microsoft.AspNetCore.Mvc.Razor.Compilation.DefaultViewCompiler[3]
      Initializing Razor view compiler with compiled view: '/Views/Shared/_Layout.cshtml'.
dbug: Microsoft.AspNetCore.Mvc.Razor.Compilation.DefaultViewCompiler[3]
      Initializing Razor view compiler with compiled view: '/Views/Shared/_ResidentLayout.cshtml'.
dbug: Microsoft.AspNetCore.Mvc.Razor.Compilation.DefaultViewCompiler[3]
      Initializing Razor view compiler with compiled view: '/Views/Shared/_ValidationScriptsPartial.cshtml'.
dbug: Microsoft.AspNetCore.Mvc.Razor.Compilation.DefaultViewCompiler[3]
      Initializing Razor view compiler with compiled view: '/Views/_ViewImports.cshtml'.
dbug: Microsoft.AspNetCore.Mvc.Razor.Compilation.DefaultViewCompiler[3]
      Initializing Razor view compiler with compiled view: '/Views/_ViewStart.cshtml'.
dbug: Microsoft.AspNetCore.Mvc.Razor.Compilation.DefaultViewCompiler[3]
      Initializing Razor view compiler with compiled view: '/Views/Shared/_Layout_back.cshtml'.
info: Microsoft.AspNetCore.Mvc.ViewFeatures.ViewResultExecutor[1]
      Executing ViewResult, running view Index.
dbug: Microsoft.AspNetCore.Mvc.ViewFeatures.ViewResultExecutor[2]
      The view path '/Views/Home/Index.cshtml' was found in 28.0508ms.
dbug: Microsoft.AspNetCore.Antiforgery.DefaultAntiforgery[6]
      An antiforgery cookie token was reused.
dbug: Microsoft.WebTools.BrowserLink.Net.BrowserLinkMiddleware[1]
      Response markup is scheduled to include Browser Link script injection.
dbug: Microsoft.AspNetCore.Watch.BrowserRefresh.BrowserRefreshMiddleware[1]
      Response markup is scheduled to include browser refresh script injection.
info: Microsoft.AspNetCore.Mvc.ViewFeatures.ViewResultExecutor[4]
      Executed ViewResult - view Index executed in 41.6251ms.
info: Microsoft.AspNetCore.Mvc.Infrastructure.ControllerActionInvoker[105]
      Executed action ParcelManagement2.Controllers.HomeController.Index (ParcelProject) in 47.2503ms
info: Microsoft.AspNetCore.Routing.EndpointMiddleware[1]
      Executed endpoint 'ParcelManagement2.Controllers.HomeController.Index (ParcelProject)'
dbug: Microsoft.WebTools.BrowserLink.Net.BrowserLinkMiddleware[2]
      Response markup was updated to include Browser Link script injection.
dbug: Microsoft.AspNetCore.Watch.BrowserRefresh.BrowserRefreshMiddleware[2]
      Response markup was updated to include browser refresh script injection.
dbug: Microsoft.AspNetCore.Server.IIS.Core.IISHttpServer[1]
      Connection ID "18230571300991008846" disconnecting.
info: Microsoft.AspNetCore.Hosting.Diagnostics[2]
      Request finished HTTP/2 GET https://localhost:44353/Home/Index - 200 - text/html;+charset=utf-8 79.4330ms
info: Microsoft.AspNetCore.Hosting.Diagnostics[1]
      Request starting HTTP/2 GET https://localhost:44353/_framework/aspnetcore-browser-refresh.js - - -
info: Microsoft.AspNetCore.Hosting.Diagnostics[1]
      Request starting HTTP/2 GET https://localhost:44353/_vs/browserLink - - -
dbug: Microsoft.AspNetCore.Watch.BrowserRefresh.BrowserScriptMiddleware[0]
      Script injected: /_framework/aspnetcore-browser-refresh.js
info: Microsoft.AspNetCore.Hosting.Diagnostics[2]
      Request finished HTTP/2 GET https://localhost:44353/_framework/aspnetcore-browser-refresh.js - 200 16511 application/javascript;+charset=utf-8 5.6978ms
dbug: Microsoft.AspNetCore.Server.IIS.Core.IISHttpServer[1]
      Connection ID "18374686497656799337" disconnecting.
dbug: Microsoft.AspNetCore.Server.IIS.Core.IISHttpServer[1]
      Connection ID "18230571309580943487" disconnecting.
info: Microsoft.AspNetCore.Hosting.Diagnostics[2]
      Request finished HTTP/2 GET https://localhost:44353/_vs/browserLink - 200 - text/javascript;+charset=UTF-8 13.2097ms
info: Microsoft.AspNetCore.Hosting.Diagnostics[1]
      Request starting HTTP/2 POST https://localhost:44353/Home/GetResidentPackageStats - - 0
dbug: Microsoft.AspNetCore.StaticFiles.StaticFileMiddleware[1]
      POST requests are not supported
dbug: Microsoft.AspNetCore.Routing.Matching.DfaMatcher[1001]
      1 candidate(s) found for the request path '/Home/GetResidentPackageStats'
dbug: Microsoft.AspNetCore.Routing.Matching.DfaMatcher[1005]
      Endpoint 'ParcelManagement2.Controllers.HomeController.GetResidentPackageStats (ParcelProject)' with route pattern '{controller=Account}/{action=Login}/{id?}' is valid for the request path '/Home/GetResidentPackageStats'
dbug: Microsoft.AspNetCore.Routing.EndpointRoutingMiddleware[1]
      Request matched endpoint 'ParcelManagement2.Controllers.HomeController.GetResidentPackageStats (ParcelProject)'
dbug: Microsoft.AspNetCore.Authentication.Cookies.CookieAuthenticationHandler[8]
      AuthenticationScheme: Cookies was successfully authenticated.
dbug: Microsoft.AspNetCore.Authorization.DefaultAuthorizationService[1]
      Authorization was successful.
info: Microsoft.AspNetCore.Routing.EndpointMiddleware[0]
      Executing endpoint 'ParcelManagement2.Controllers.HomeController.GetResidentPackageStats (ParcelProject)'
info: Microsoft.AspNetCore.Mvc.Infrastructure.ControllerActionInvoker[102]
      Route matched with {action = "GetResidentPackageStats", controller = "Home"}. Executing controller action with signature Microsoft.AspNetCore.Mvc.IActionResult GetResidentPackageStats() on controller ParcelManagement2.Controllers.HomeController (ParcelProject).
dbug: Microsoft.AspNetCore.Mvc.Infrastructure.ControllerActionInvoker[1]
      Execution plan of authorization filters (in the following order): None
dbug: Microsoft.AspNetCore.Mvc.Infrastructure.ControllerActionInvoker[1]
      Execution plan of resource filters (in the following order): Microsoft.AspNetCore.Mvc.ViewFeatures.Filters.SaveTempDataFilter
dbug: Microsoft.AspNetCore.Mvc.Infrastructure.ControllerActionInvoker[1]
      Execution plan of action filters (in the following order): Microsoft.AspNetCore.Mvc.Filters.ControllerActionFilter (Order: -2147483648), Microsoft.AspNetCore.Mvc.ModelBinding.UnsupportedContentTypeFilter (Order: -3000)
dbug: Microsoft.AspNetCore.Mvc.Infrastructure.ControllerActionInvoker[1]
      Execution plan of exception filters (in the following order): None
dbug: Microsoft.AspNetCore.Mvc.Infrastructure.ControllerActionInvoker[1]
      Execution plan of result filters (in the following order): Microsoft.AspNetCore.Mvc.ViewFeatures.Filters.SaveTempDataFilter
dbug: Microsoft.AspNetCore.Mvc.Infrastructure.ControllerActionInvoker[1]
      Executing controller factory for controller ParcelManagement2.Controllers.HomeController (ParcelProject)
dbug: ParcelManagement2.Models.DBConn[0]
      資料庫連線字串已設定
dbug: Microsoft.AspNetCore.Mvc.Infrastructure.ControllerActionInvoker[2]
      Executed controller factory for controller ParcelManagement2.Controllers.HomeController (ParcelProject)
dbug: ParcelManagement2.Models.DBConn[0]
      查詢成功，返回 28 行數據
info: Microsoft.AspNetCore.Mvc.Infrastructure.ContentResultExecutor[1]
      Executing ContentResult with HTTP Response ContentType of application/json
info: Microsoft.AspNetCore.Mvc.Infrastructure.ControllerActionInvoker[105]
      Executed action ParcelManagement2.Controllers.HomeController.GetResidentPackageStats (ParcelProject) in 124.5849ms
info: Microsoft.AspNetCore.Routing.EndpointMiddleware[1]
      Executed endpoint 'ParcelManagement2.Controllers.HomeController.GetResidentPackageStats (ParcelProject)'
info: Microsoft.AspNetCore.Hosting.Diagnostics[2]
      Request finished HTTP/2 POST https://localhost:44353/Home/GetResidentPackageStats - 200 2790 application/json 152.8351ms
dbug: Microsoft.AspNetCore.Server.IIS.Core.IISHttpServer[1]
      Connection ID "18230571343940681845" disconnecting.
dbug: Microsoft.Extensions.Http.DefaultHttpClientFactory[100]
      Starting HttpMessageHandler cleanup cycle with 4 items
dbug: Microsoft.Extensions.Http.DefaultHttpClientFactory[101]
      Ending HttpMessageHandler cleanup cycle after 0.0026ms - processed: 0 items - remaining: 4 items
info: Microsoft.AspNetCore.Hosting.Diagnostics[1]
      Request starting HTTP/2 GET https://localhost:44353/Home/Packages - - -
dbug: Microsoft.AspNetCore.StaticFiles.StaticFileMiddleware[4]
      The request path /Home/Packages does not match a supported file type
dbug: Microsoft.AspNetCore.Routing.Matching.DfaMatcher[1001]
      1 candidate(s) found for the request path '/Home/Packages'
dbug: Microsoft.AspNetCore.Routing.Matching.DfaMatcher[1005]
      Endpoint 'ParcelManagement2.Controllers.HomeController.Packages (ParcelProject)' with route pattern '{controller=Account}/{action=Login}/{id?}' is valid for the request path '/Home/Packages'
dbug: Microsoft.AspNetCore.Routing.EndpointRoutingMiddleware[1]
      Request matched endpoint 'ParcelManagement2.Controllers.HomeController.Packages (ParcelProject)'
dbug: Microsoft.AspNetCore.Authentication.Cookies.CookieAuthenticationHandler[8]
      AuthenticationScheme: Cookies was successfully authenticated.
dbug: Microsoft.AspNetCore.Authorization.DefaultAuthorizationService[1]
      Authorization was successful.
info: Microsoft.AspNetCore.Routing.EndpointMiddleware[0]
      Executing endpoint 'ParcelManagement2.Controllers.HomeController.Packages (ParcelProject)'
info: Microsoft.AspNetCore.Mvc.Infrastructure.ControllerActionInvoker[102]
      Route matched with {action = "Packages", controller = "Home"}. Executing controller action with signature Microsoft.AspNetCore.Mvc.IActionResult Packages() on controller ParcelManagement2.Controllers.HomeController (ParcelProject).
dbug: Microsoft.AspNetCore.Mvc.Infrastructure.ControllerActionInvoker[1]
      Execution plan of authorization filters (in the following order): None
dbug: Microsoft.AspNetCore.Mvc.Infrastructure.ControllerActionInvoker[1]
      Execution plan of resource filters (in the following order): Microsoft.AspNetCore.Mvc.ViewFeatures.Filters.SaveTempDataFilter
dbug: Microsoft.AspNetCore.Mvc.Infrastructure.ControllerActionInvoker[1]
      Execution plan of action filters (in the following order): Microsoft.AspNetCore.Mvc.Filters.ControllerActionFilter (Order: -2147483648), Microsoft.AspNetCore.Mvc.ModelBinding.UnsupportedContentTypeFilter (Order: -3000)
dbug: Microsoft.AspNetCore.Mvc.Infrastructure.ControllerActionInvoker[1]
      Execution plan of exception filters (in the following order): None
dbug: Microsoft.AspNetCore.Mvc.Infrastructure.ControllerActionInvoker[1]
      Execution plan of result filters (in the following order): Microsoft.AspNetCore.Mvc.ViewFeatures.Filters.SaveTempDataFilter
dbug: Microsoft.AspNetCore.Mvc.Infrastructure.ControllerActionInvoker[1]
      Executing controller factory for controller ParcelManagement2.Controllers.HomeController (ParcelProject)
dbug: ParcelManagement2.Models.DBConn[0]
      資料庫連線字串已設定
dbug: Microsoft.AspNetCore.Mvc.Infrastructure.ControllerActionInvoker[2]
      Executed controller factory for controller ParcelManagement2.Controllers.HomeController (ParcelProject)
dbug: Microsoft.AspNetCore.Mvc.Razor.RazorViewEngine[1]
      View lookup cache miss for view 'Packages' in controller 'Home'.
info: Microsoft.AspNetCore.Mvc.ViewFeatures.ViewResultExecutor[1]
      Executing ViewResult, running view Packages.
dbug: Microsoft.AspNetCore.Mvc.ViewFeatures.ViewResultExecutor[2]
      The view path '/Views/Home/Packages.cshtml' was found in 3.154ms.
dbug: Microsoft.AspNetCore.Antiforgery.DefaultAntiforgery[6]
      An antiforgery cookie token was reused.
dbug: Microsoft.WebTools.BrowserLink.Net.BrowserLinkMiddleware[1]
      Response markup is scheduled to include Browser Link script injection.
dbug: Microsoft.AspNetCore.Watch.BrowserRefresh.BrowserRefreshMiddleware[1]
      Response markup is scheduled to include browser refresh script injection.
info: Microsoft.AspNetCore.Mvc.ViewFeatures.ViewResultExecutor[4]
      Executed ViewResult - view Packages executed in 10.2401ms.
info: Microsoft.AspNetCore.Mvc.Infrastructure.ControllerActionInvoker[105]
      Executed action ParcelManagement2.Controllers.HomeController.Packages (ParcelProject) in 16.1294ms
info: Microsoft.AspNetCore.Routing.EndpointMiddleware[1]
      Executed endpoint 'ParcelManagement2.Controllers.HomeController.Packages (ParcelProject)'
dbug: Microsoft.WebTools.BrowserLink.Net.BrowserLinkMiddleware[2]
      Response markup was updated to include Browser Link script injection.
dbug: Microsoft.AspNetCore.Watch.BrowserRefresh.BrowserRefreshMiddleware[2]
      Response markup was updated to include browser refresh script injection.
dbug: Microsoft.AspNetCore.Server.IIS.Core.IISHttpServer[1]
      Connection ID "18086456104325218329" disconnecting.
info: Microsoft.AspNetCore.Hosting.Diagnostics[2]
      Request finished HTTP/2 GET https://localhost:44353/Home/Packages - 200 - text/html;+charset=utf-8 48.9407ms
info: Microsoft.AspNetCore.Hosting.Diagnostics[1]
      Request starting HTTP/2 POST https://localhost:44353/Home/GetAllProduct - - 0
info: Microsoft.AspNetCore.Hosting.Diagnostics[1]
      Request starting HTTP/2 POST https://localhost:44353/Home/BuildResidentList - - 0
info: Microsoft.AspNetCore.Hosting.Diagnostics[1]
      Request starting HTTP/2 POST https://localhost:44353/Home/BuildProdTypeList - - 0
dbug: Microsoft.AspNetCore.StaticFiles.StaticFileMiddleware[1]
      POST requests are not supported
dbug: Microsoft.AspNetCore.StaticFiles.StaticFileMiddleware[1]
      POST requests are not supported
info: Microsoft.AspNetCore.Hosting.Diagnostics[1]
      Request starting HTTP/2 POST https://localhost:44353/Home/GetAllProduct - - 0
dbug: Microsoft.AspNetCore.StaticFiles.StaticFileMiddleware[1]
      POST requests are not supported
dbug: Microsoft.AspNetCore.Routing.Matching.DfaMatcher[1001]
      1 candidate(s) found for the request path '/Home/GetAllProduct'
dbug: Microsoft.AspNetCore.StaticFiles.StaticFileMiddleware[1]
      POST requests are not supported
dbug: Microsoft.AspNetCore.Routing.Matching.DfaMatcher[1001]
      1 candidate(s) found for the request path '/Home/BuildProdTypeList'
dbug: Microsoft.AspNetCore.Routing.Matching.DfaMatcher[1001]
      1 candidate(s) found for the request path '/Home/GetAllProduct'
dbug: Microsoft.AspNetCore.Routing.Matching.DfaMatcher[1005]
      Endpoint 'ParcelManagement2.Controllers.HomeController.BuildProdTypeList (ParcelProject)' with route pattern '{controller=Account}/{action=Login}/{id?}' is valid for the request path '/Home/BuildProdTypeList'
dbug: Microsoft.AspNetCore.Routing.Matching.DfaMatcher[1005]
      Endpoint 'ParcelManagement2.Controllers.HomeController.GetAllProduct (ParcelProject)' with route pattern '{controller=Account}/{action=Login}/{id?}' is valid for the request path '/Home/GetAllProduct'
info: Microsoft.AspNetCore.Hosting.Diagnostics[1]
      Request starting HTTP/2 GET https://localhost:44353/_vs/browserLink - - -
dbug: Microsoft.AspNetCore.Routing.EndpointRoutingMiddleware[1]
      Request matched endpoint 'ParcelManagement2.Controllers.HomeController.BuildProdTypeList (ParcelProject)'
info: Microsoft.AspNetCore.Hosting.Diagnostics[1]
      Request starting HTTP/2 GET https://localhost:44353/_framework/aspnetcore-browser-refresh.js - - -
dbug: Microsoft.AspNetCore.Routing.EndpointRoutingMiddleware[1]
      Request matched endpoint 'ParcelManagement2.Controllers.HomeController.GetAllProduct (ParcelProject)'
dbug: Microsoft.AspNetCore.Authentication.Cookies.CookieAuthenticationHandler[8]
      AuthenticationScheme: Cookies was successfully authenticated.
dbug: Microsoft.AspNetCore.Watch.BrowserRefresh.BrowserScriptMiddleware[0]
      Script injected: /_framework/aspnetcore-browser-refresh.js
dbug: Microsoft.AspNetCore.Authentication.Cookies.CookieAuthenticationHandler[8]
      AuthenticationScheme: Cookies was successfully authenticated.
info: Microsoft.AspNetCore.Hosting.Diagnostics[2]
      Request finished HTTP/2 GET https://localhost:44353/_framework/aspnetcore-browser-refresh.js - 200 16511 application/javascript;+charset=utf-8 18.9212ms
dbug: Microsoft.AspNetCore.Server.IIS.Core.IISHttpServer[1]
      Connection ID "18086456104325218331" disconnecting.
dbug: Microsoft.AspNetCore.Authorization.DefaultAuthorizationService[1]
      Authorization was successful.
info: Microsoft.AspNetCore.Routing.EndpointMiddleware[0]
      Executing endpoint 'ParcelManagement2.Controllers.HomeController.GetAllProduct (ParcelProject)'
dbug: Microsoft.AspNetCore.Authorization.DefaultAuthorizationService[1]
      Authorization was successful.
info: Microsoft.AspNetCore.Routing.EndpointMiddleware[0]
      Executing endpoint 'ParcelManagement2.Controllers.HomeController.BuildProdTypeList (ParcelProject)'
dbug: Microsoft.AspNetCore.Routing.Matching.DfaMatcher[1005]
      Endpoint 'ParcelManagement2.Controllers.HomeController.GetAllProduct (ParcelProject)' with route pattern '{controller=Account}/{action=Login}/{id?}' is valid for the request path '/Home/GetAllProduct'
dbug: Microsoft.AspNetCore.Routing.EndpointRoutingMiddleware[1]
      Request matched endpoint 'ParcelManagement2.Controllers.HomeController.GetAllProduct (ParcelProject)'
dbug: Microsoft.AspNetCore.Routing.Matching.DfaMatcher[1001]
      1 candidate(s) found for the request path '/Home/BuildResidentList'
dbug: Microsoft.AspNetCore.Authentication.Cookies.CookieAuthenticationHandler[8]
      AuthenticationScheme: Cookies was successfully authenticated.
info: Microsoft.AspNetCore.Mvc.Infrastructure.ControllerActionInvoker[102]
      Route matched with {action = "GetAllProduct", controller = "Home"}. Executing controller action with signature System.Threading.Tasks.Task`1[Microsoft.AspNetCore.Mvc.JsonResult] GetAllProduct() on controller ParcelManagement2.Controllers.HomeController (ParcelProject).
dbug: Microsoft.AspNetCore.Routing.Matching.DfaMatcher[1005]
      Endpoint 'ParcelManagement2.Controllers.HomeController.BuildResidentList (ParcelProject)' with route pattern '{controller=Account}/{action=Login}/{id?}' is valid for the request path '/Home/BuildResidentList'
info: Microsoft.AspNetCore.Mvc.Infrastructure.ControllerActionInvoker[102]
      Route matched with {action = "BuildProdTypeList", controller = "Home"}. Executing controller action with signature System.Threading.Tasks.Task`1[Microsoft.AspNetCore.Mvc.JsonResult] BuildProdTypeList() on controller ParcelManagement2.Controllers.HomeController (ParcelProject).
dbug: Microsoft.AspNetCore.Mvc.Infrastructure.ControllerActionInvoker[1]
      Execution plan of authorization filters (in the following order): None
dbug: Microsoft.AspNetCore.Mvc.Infrastructure.ControllerActionInvoker[1]
      Execution plan of authorization filters (in the following order): None
dbug: Microsoft.AspNetCore.Mvc.Infrastructure.ControllerActionInvoker[1]
      Execution plan of resource filters (in the following order): Microsoft.AspNetCore.Mvc.ViewFeatures.Filters.SaveTempDataFilter
dbug: Microsoft.AspNetCore.Server.IIS.Core.IISHttpServer[1]
      Connection ID "18302628895028936781" disconnecting.
dbug: Microsoft.AspNetCore.Mvc.Infrastructure.ControllerActionInvoker[1]
      Execution plan of resource filters (in the following order): Microsoft.AspNetCore.Mvc.ViewFeatures.Filters.SaveTempDataFilter
info: Microsoft.AspNetCore.Hosting.Diagnostics[2]
      Request finished HTTP/2 GET https://localhost:44353/_vs/browserLink - 200 - text/javascript;+charset=UTF-8 53.5156ms
dbug: Microsoft.AspNetCore.Mvc.Infrastructure.ControllerActionInvoker[1]
      Execution plan of action filters (in the following order): Microsoft.AspNetCore.Mvc.Filters.ControllerActionFilter (Order: -2147483648), Microsoft.AspNetCore.Mvc.ModelBinding.UnsupportedContentTypeFilter (Order: -3000)
dbug: Microsoft.AspNetCore.Mvc.Infrastructure.ControllerActionInvoker[1]
      Execution plan of exception filters (in the following order): None
dbug: Microsoft.AspNetCore.Mvc.Infrastructure.ControllerActionInvoker[1]
      Execution plan of action filters (in the following order): Microsoft.AspNetCore.Mvc.Filters.ControllerActionFilter (Order: -2147483648), Microsoft.AspNetCore.Mvc.ModelBinding.UnsupportedContentTypeFilter (Order: -3000)
dbug: Microsoft.AspNetCore.Mvc.Infrastructure.ControllerActionInvoker[1]
      Execution plan of result filters (in the following order): Microsoft.AspNetCore.Mvc.ViewFeatures.Filters.SaveTempDataFilter
dbug: Microsoft.AspNetCore.Mvc.Infrastructure.ControllerActionInvoker[1]
      Execution plan of exception filters (in the following order): None
dbug: Microsoft.AspNetCore.Mvc.Infrastructure.ControllerActionInvoker[1]
      Executing controller factory for controller ParcelManagement2.Controllers.HomeController (ParcelProject)
dbug: Microsoft.AspNetCore.Mvc.Infrastructure.ControllerActionInvoker[1]
      Execution plan of result filters (in the following order): Microsoft.AspNetCore.Mvc.ViewFeatures.Filters.SaveTempDataFilter
dbug: ParcelManagement2.Models.DBConn[0]
      資料庫連線字串已設定
dbug: Microsoft.AspNetCore.Mvc.Infrastructure.ControllerActionInvoker[1]
      Executing controller factory for controller ParcelManagement2.Controllers.HomeController (ParcelProject)
dbug: Microsoft.AspNetCore.Mvc.Infrastructure.ControllerActionInvoker[2]
      Executed controller factory for controller ParcelManagement2.Controllers.HomeController (ParcelProject)
dbug: ParcelManagement2.Models.DBConn[0]
      資料庫連線字串已設定
dbug: Microsoft.AspNetCore.Mvc.Infrastructure.ControllerActionInvoker[2]
      Executed controller factory for controller ParcelManagement2.Controllers.HomeController (ParcelProject)
dbug: Microsoft.AspNetCore.Authorization.DefaultAuthorizationService[1]
      Authorization was successful.
info: Microsoft.AspNetCore.Routing.EndpointMiddleware[0]
      Executing endpoint 'ParcelManagement2.Controllers.HomeController.GetAllProduct (ParcelProject)'
dbug: Microsoft.AspNetCore.Routing.EndpointRoutingMiddleware[1]
      Request matched endpoint 'ParcelManagement2.Controllers.HomeController.BuildResidentList (ParcelProject)'
info: Microsoft.AspNetCore.Mvc.Infrastructure.ControllerActionInvoker[102]
      Route matched with {action = "GetAllProduct", controller = "Home"}. Executing controller action with signature System.Threading.Tasks.Task`1[Microsoft.AspNetCore.Mvc.JsonResult] GetAllProduct() on controller ParcelManagement2.Controllers.HomeController (ParcelProject).
dbug: Microsoft.AspNetCore.Authentication.Cookies.CookieAuthenticationHandler[8]
      AuthenticationScheme: Cookies was successfully authenticated.
dbug: Microsoft.AspNetCore.Mvc.Infrastructure.ControllerActionInvoker[1]
      Execution plan of authorization filters (in the following order): None
dbug: Microsoft.AspNetCore.Authorization.DefaultAuthorizationService[1]
      Authorization was successful.
dbug: Microsoft.AspNetCore.Mvc.Infrastructure.ControllerActionInvoker[1]
      Execution plan of resource filters (in the following order): Microsoft.AspNetCore.Mvc.ViewFeatures.Filters.SaveTempDataFilter
info: Microsoft.AspNetCore.Routing.EndpointMiddleware[0]
      Executing endpoint 'ParcelManagement2.Controllers.HomeController.BuildResidentList (ParcelProject)'
dbug: Microsoft.AspNetCore.Mvc.Infrastructure.ControllerActionInvoker[1]
      Execution plan of action filters (in the following order): Microsoft.AspNetCore.Mvc.Filters.ControllerActionFilter (Order: -2147483648), Microsoft.AspNetCore.Mvc.ModelBinding.UnsupportedContentTypeFilter (Order: -3000)
dbug: Microsoft.AspNetCore.Mvc.Infrastructure.ControllerActionInvoker[1]
      Execution plan of exception filters (in the following order): None
dbug: Microsoft.AspNetCore.Mvc.Infrastructure.ControllerActionInvoker[1]
      Execution plan of result filters (in the following order): Microsoft.AspNetCore.Mvc.ViewFeatures.Filters.SaveTempDataFilter
dbug: Microsoft.AspNetCore.Mvc.Infrastructure.ControllerActionInvoker[1]
      Executing controller factory for controller ParcelManagement2.Controllers.HomeController (ParcelProject)
dbug: ParcelManagement2.Models.DBConn[0]
      資料庫連線字串已設定
dbug: Microsoft.AspNetCore.Mvc.Infrastructure.ControllerActionInvoker[2]
      Executed controller factory for controller ParcelManagement2.Controllers.HomeController (ParcelProject)
info: Microsoft.AspNetCore.Mvc.Infrastructure.ControllerActionInvoker[102]
      Route matched with {action = "BuildResidentList", controller = "Home"}. Executing controller action with signature System.Threading.Tasks.Task`1[Microsoft.AspNetCore.Mvc.JsonResult] BuildResidentList() on controller ParcelManagement2.Controllers.HomeController (ParcelProject).
dbug: ParcelManagement2.Models.DBConn[0]
      查詢成功，返回 134 行數據
dbug: Microsoft.AspNetCore.Mvc.Infrastructure.ControllerActionInvoker[1]
      Execution plan of authorization filters (in the following order): None
dbug: Microsoft.AspNetCore.Mvc.Infrastructure.ControllerActionInvoker[1]
      Execution plan of resource filters (in the following order): Microsoft.AspNetCore.Mvc.ViewFeatures.Filters.SaveTempDataFilter
dbug: Microsoft.AspNetCore.Mvc.Infrastructure.ControllerActionInvoker[1]
      Execution plan of action filters (in the following order): Microsoft.AspNetCore.Mvc.Filters.ControllerActionFilter (Order: -2147483648), Microsoft.AspNetCore.Mvc.ModelBinding.UnsupportedContentTypeFilter (Order: -3000)
dbug: Microsoft.AspNetCore.Mvc.Infrastructure.ControllerActionInvoker[1]
      Execution plan of exception filters (in the following order): None
info: Microsoft.AspNetCore.Mvc.Infrastructure.SystemTextJsonResultExecutor[1]
      Executing JsonResult, writing value of type 'System.Text.Json.JsonElement'.
dbug: Microsoft.AspNetCore.Mvc.Infrastructure.ControllerActionInvoker[1]
      Execution plan of result filters (in the following order): Microsoft.AspNetCore.Mvc.ViewFeatures.Filters.SaveTempDataFilter
dbug: Microsoft.AspNetCore.Mvc.Infrastructure.ControllerActionInvoker[1]
      Executing controller factory for controller ParcelManagement2.Controllers.HomeController (ParcelProject)
info: Microsoft.AspNetCore.Mvc.Infrastructure.ControllerActionInvoker[105]
      Executed action ParcelManagement2.Controllers.HomeController.GetAllProduct (ParcelProject) in 74.6728ms
dbug: ParcelManagement2.Models.DBConn[0]
      資料庫連線字串已設定
info: Microsoft.AspNetCore.Routing.EndpointMiddleware[1]
      Executed endpoint 'ParcelManagement2.Controllers.HomeController.GetAllProduct (ParcelProject)'
dbug: Microsoft.AspNetCore.Mvc.Infrastructure.ControllerActionInvoker[2]
      Executed controller factory for controller ParcelManagement2.Controllers.HomeController (ParcelProject)
info: Microsoft.AspNetCore.Hosting.Diagnostics[2]
      Request finished HTTP/2 POST https://localhost:44353/Home/GetAllProduct - 200 - application/json;+charset=utf-8 156.0472ms
dbug: Microsoft.AspNetCore.Server.IIS.Core.IISHttpServer[1]
      Connection ID "18374686489066864768" disconnecting.
dbug: ParcelManagement2.Models.DBConn[0]
      查詢成功，返回 28 行數據
info: Microsoft.AspNetCore.Mvc.Infrastructure.SystemTextJsonResultExecutor[1]
      Executing JsonResult, writing value of type 'System.Text.Json.JsonElement'.
info: Microsoft.AspNetCore.Mvc.Infrastructure.ControllerActionInvoker[105]
      Executed action ParcelManagement2.Controllers.HomeController.BuildResidentList (ParcelProject) in 26.6303ms
info: Microsoft.AspNetCore.Routing.EndpointMiddleware[1]
      Executed endpoint 'ParcelManagement2.Controllers.HomeController.BuildResidentList (ParcelProject)'
info: Microsoft.AspNetCore.Hosting.Diagnostics[2]
      Request finished HTTP/2 POST https://localhost:44353/Home/BuildResidentList - 200 - application/json;+charset=utf-8 183.8046ms
dbug: Microsoft.AspNetCore.Server.IIS.Core.IISHttpServer[1]
      Connection ID "17942340942019166230" disconnecting.
dbug: ParcelManagement2.Models.DBConn[0]
      查詢成功，返回 2 行數據
info: Microsoft.AspNetCore.Mvc.Infrastructure.SystemTextJsonResultExecutor[1]
      Executing JsonResult, writing value of type 'System.Text.Json.JsonElement'.
info: Microsoft.AspNetCore.Mvc.Infrastructure.ControllerActionInvoker[105]
      Executed action ParcelManagement2.Controllers.HomeController.BuildProdTypeList (ParcelProject) in 139.91ms
info: Microsoft.AspNetCore.Routing.EndpointMiddleware[1]
      Executed endpoint 'ParcelManagement2.Controllers.HomeController.BuildProdTypeList (ParcelProject)'
dbug: Microsoft.AspNetCore.Server.IIS.Core.IISHttpServer[1]
      Connection ID "18374686549196406812" disconnecting.
info: Microsoft.AspNetCore.Hosting.Diagnostics[2]
      Request finished HTTP/2 POST https://localhost:44353/Home/BuildProdTypeList - 200 - application/json;+charset=utf-8 227.5091ms
dbug: ParcelManagement2.Models.DBConn[0]
      查詢成功，返回 134 行數據
info: Microsoft.AspNetCore.Mvc.Infrastructure.SystemTextJsonResultExecutor[1]
      Executing JsonResult, writing value of type 'System.Text.Json.JsonElement'.
info: Microsoft.AspNetCore.Mvc.Infrastructure.ControllerActionInvoker[105]
      Executed action ParcelManagement2.Controllers.HomeController.GetAllProduct (ParcelProject) in 100.7719ms
info: Microsoft.AspNetCore.Routing.EndpointMiddleware[1]
      Executed endpoint 'ParcelManagement2.Controllers.HomeController.GetAllProduct (ParcelProject)'
info: Microsoft.AspNetCore.Hosting.Diagnostics[2]
      Request finished HTTP/2 POST https://localhost:44353/Home/GetAllProduct - 200 - application/json;+charset=utf-8 240.2649ms
dbug: Microsoft.AspNetCore.Server.IIS.Core.IISHttpServer[1]
      Connection ID "18230571343940681847" disconnecting.
info: Microsoft.AspNetCore.Hosting.Diagnostics[1]
      Request starting HTTP/2 GET https://localhost:44353/Home/Index - - -
dbug: Microsoft.AspNetCore.StaticFiles.StaticFileMiddleware[4]
      The request path /Home/Index does not match a supported file type
dbug: Microsoft.AspNetCore.Routing.Matching.DfaMatcher[1001]
      1 candidate(s) found for the request path '/Home/Index'
dbug: Microsoft.AspNetCore.Routing.Matching.DfaMatcher[1005]
      Endpoint 'ParcelManagement2.Controllers.HomeController.Index (ParcelProject)' with route pattern '{controller=Account}/{action=Login}/{id?}' is valid for the request path '/Home/Index'
dbug: Microsoft.AspNetCore.Routing.EndpointRoutingMiddleware[1]
      Request matched endpoint 'ParcelManagement2.Controllers.HomeController.Index (ParcelProject)'
dbug: Microsoft.AspNetCore.Authentication.Cookies.CookieAuthenticationHandler[8]
      AuthenticationScheme: Cookies was successfully authenticated.
dbug: Microsoft.AspNetCore.Authorization.DefaultAuthorizationService[1]
      Authorization was successful.
info: Microsoft.AspNetCore.Routing.EndpointMiddleware[0]
      Executing endpoint 'ParcelManagement2.Controllers.HomeController.Index (ParcelProject)'
info: Microsoft.AspNetCore.Mvc.Infrastructure.ControllerActionInvoker[102]
      Route matched with {action = "Index", controller = "Home"}. Executing controller action with signature Microsoft.AspNetCore.Mvc.IActionResult Index() on controller ParcelManagement2.Controllers.HomeController (ParcelProject).
dbug: Microsoft.AspNetCore.Mvc.Infrastructure.ControllerActionInvoker[1]
      Execution plan of authorization filters (in the following order): None
dbug: Microsoft.AspNetCore.Mvc.Infrastructure.ControllerActionInvoker[1]
      Execution plan of resource filters (in the following order): Microsoft.AspNetCore.Mvc.ViewFeatures.Filters.SaveTempDataFilter
dbug: Microsoft.AspNetCore.Mvc.Infrastructure.ControllerActionInvoker[1]
      Execution plan of action filters (in the following order): Microsoft.AspNetCore.Mvc.Filters.ControllerActionFilter (Order: -2147483648), Microsoft.AspNetCore.Mvc.ModelBinding.UnsupportedContentTypeFilter (Order: -3000)
dbug: Microsoft.AspNetCore.Mvc.Infrastructure.ControllerActionInvoker[1]
      Execution plan of exception filters (in the following order): None
dbug: Microsoft.AspNetCore.Mvc.Infrastructure.ControllerActionInvoker[1]
      Execution plan of result filters (in the following order): Microsoft.AspNetCore.Mvc.ViewFeatures.Filters.SaveTempDataFilter
dbug: Microsoft.AspNetCore.Mvc.Infrastructure.ControllerActionInvoker[1]
      Executing controller factory for controller ParcelManagement2.Controllers.HomeController (ParcelProject)
dbug: ParcelManagement2.Models.DBConn[0]
      資料庫連線字串已設定
dbug: Microsoft.AspNetCore.Mvc.Infrastructure.ControllerActionInvoker[2]
      Executed controller factory for controller ParcelManagement2.Controllers.HomeController (ParcelProject)
dbug: Microsoft.AspNetCore.Mvc.Razor.RazorViewEngine[2]
      View lookup cache hit for view 'Index' in controller 'Home'.
info: Microsoft.AspNetCore.Mvc.ViewFeatures.ViewResultExecutor[1]
      Executing ViewResult, running view Index.
dbug: Microsoft.AspNetCore.Mvc.ViewFeatures.ViewResultExecutor[2]
      The view path '/Views/Home/Index.cshtml' was found in 3.0529ms.
dbug: Microsoft.AspNetCore.Antiforgery.DefaultAntiforgery[6]
      An antiforgery cookie token was reused.
dbug: Microsoft.WebTools.BrowserLink.Net.BrowserLinkMiddleware[1]
      Response markup is scheduled to include Browser Link script injection.
dbug: Microsoft.AspNetCore.Watch.BrowserRefresh.BrowserRefreshMiddleware[1]
      Response markup is scheduled to include browser refresh script injection.
info: Microsoft.AspNetCore.Mvc.ViewFeatures.ViewResultExecutor[4]
      Executed ViewResult - view Index executed in 9.6093ms.
info: Microsoft.AspNetCore.Mvc.Infrastructure.ControllerActionInvoker[105]
      Executed action ParcelManagement2.Controllers.HomeController.Index (ParcelProject) in 15.3873ms
info: Microsoft.AspNetCore.Routing.EndpointMiddleware[1]
      Executed endpoint 'ParcelManagement2.Controllers.HomeController.Index (ParcelProject)'
dbug: Microsoft.WebTools.BrowserLink.Net.BrowserLinkMiddleware[2]
      Response markup was updated to include Browser Link script injection.
dbug: Microsoft.AspNetCore.Watch.BrowserRefresh.BrowserRefreshMiddleware[2]
      Response markup was updated to include browser refresh script injection.
dbug: Microsoft.AspNetCore.Server.IIS.Core.IISHttpServer[1]
      Connection ID "18302628899323904040" disconnecting.
info: Microsoft.AspNetCore.Hosting.Diagnostics[2]
      Request finished HTTP/2 GET https://localhost:44353/Home/Index - 200 - text/html;+charset=utf-8 45.6763ms
info: Microsoft.AspNetCore.Hosting.Diagnostics[1]
      Request starting HTTP/2 POST https://localhost:44353/Home/GetResidentPackageStats - - 0
dbug: Microsoft.AspNetCore.StaticFiles.StaticFileMiddleware[1]
      POST requests are not supported
dbug: Microsoft.AspNetCore.Routing.Matching.DfaMatcher[1001]
      1 candidate(s) found for the request path '/Home/GetResidentPackageStats'
dbug: Microsoft.AspNetCore.Routing.Matching.DfaMatcher[1005]
      Endpoint 'ParcelManagement2.Controllers.HomeController.GetResidentPackageStats (ParcelProject)' with route pattern '{controller=Account}/{action=Login}/{id?}' is valid for the request path '/Home/GetResidentPackageStats'
info: Microsoft.AspNetCore.Hosting.Diagnostics[1]
      Request starting HTTP/2 GET https://localhost:44353/_framework/aspnetcore-browser-refresh.js - - -
info: Microsoft.AspNetCore.Hosting.Diagnostics[1]
      Request starting HTTP/2 GET https://localhost:44353/_vs/browserLink - - -
dbug: Microsoft.AspNetCore.Routing.EndpointRoutingMiddleware[1]
      Request matched endpoint 'ParcelManagement2.Controllers.HomeController.GetResidentPackageStats (ParcelProject)'
dbug: Microsoft.AspNetCore.Watch.BrowserRefresh.BrowserScriptMiddleware[0]
      Script injected: /_framework/aspnetcore-browser-refresh.js
dbug: Microsoft.AspNetCore.Authentication.Cookies.CookieAuthenticationHandler[8]
      AuthenticationScheme: Cookies was successfully authenticated.
info: Microsoft.AspNetCore.Hosting.Diagnostics[2]
      Request finished HTTP/2 GET https://localhost:44353/_framework/aspnetcore-browser-refresh.js - 200 16511 application/javascript;+charset=utf-8 8.8128ms
dbug: Microsoft.AspNetCore.Server.IIS.Core.IISHttpServer[1]
      Connection ID "18302628950863511616" disconnecting.
dbug: Microsoft.AspNetCore.Authorization.DefaultAuthorizationService[1]
      Authorization was successful.
info: Microsoft.AspNetCore.Routing.EndpointMiddleware[0]
      Executing endpoint 'ParcelManagement2.Controllers.HomeController.GetResidentPackageStats (ParcelProject)'
info: Microsoft.AspNetCore.Mvc.Infrastructure.ControllerActionInvoker[102]
      Route matched with {action = "GetResidentPackageStats", controller = "Home"}. Executing controller action with signature Microsoft.AspNetCore.Mvc.IActionResult GetResidentPackageStats() on controller ParcelManagement2.Controllers.HomeController (ParcelProject).
dbug: Microsoft.AspNetCore.Mvc.Infrastructure.ControllerActionInvoker[1]
      Execution plan of authorization filters (in the following order): None
dbug: Microsoft.AspNetCore.Mvc.Infrastructure.ControllerActionInvoker[1]
      Execution plan of resource filters (in the following order): Microsoft.AspNetCore.Mvc.ViewFeatures.Filters.SaveTempDataFilter
dbug: Microsoft.AspNetCore.Mvc.Infrastructure.ControllerActionInvoker[1]
      Execution plan of action filters (in the following order): Microsoft.AspNetCore.Mvc.Filters.ControllerActionFilter (Order: -2147483648), Microsoft.AspNetCore.Mvc.ModelBinding.UnsupportedContentTypeFilter (Order: -3000)
dbug: Microsoft.AspNetCore.Mvc.Infrastructure.ControllerActionInvoker[1]
      Execution plan of exception filters (in the following order): None
dbug: Microsoft.AspNetCore.Mvc.Infrastructure.ControllerActionInvoker[1]
      Execution plan of result filters (in the following order): Microsoft.AspNetCore.Mvc.ViewFeatures.Filters.SaveTempDataFilter
dbug: Microsoft.AspNetCore.Server.IIS.Core.IISHttpServer[1]
      Connection ID "18158513724132950080" disconnecting.
info: Microsoft.AspNetCore.Hosting.Diagnostics[2]
      Request finished HTTP/2 GET https://localhost:44353/_vs/browserLink - 200 - text/javascript;+charset=UTF-8 30.0361ms
dbug: Microsoft.AspNetCore.Mvc.Infrastructure.ControllerActionInvoker[1]
      Executing controller factory for controller ParcelManagement2.Controllers.HomeController (ParcelProject)
dbug: ParcelManagement2.Models.DBConn[0]
      資料庫連線字串已設定
dbug: Microsoft.AspNetCore.Mvc.Infrastructure.ControllerActionInvoker[2]
      Executed controller factory for controller ParcelManagement2.Controllers.HomeController (ParcelProject)
dbug: ParcelManagement2.Models.DBConn[0]
      查詢成功，返回 28 行數據
info: Microsoft.AspNetCore.Mvc.Infrastructure.ContentResultExecutor[1]
      Executing ContentResult with HTTP Response ContentType of application/json
info: Microsoft.AspNetCore.Mvc.Infrastructure.ControllerActionInvoker[105]
      Executed action ParcelManagement2.Controllers.HomeController.GetResidentPackageStats (ParcelProject) in 41.0667ms
info: Microsoft.AspNetCore.Routing.EndpointMiddleware[1]
      Executed endpoint 'ParcelManagement2.Controllers.HomeController.GetResidentPackageStats (ParcelProject)'
info: Microsoft.AspNetCore.Hosting.Diagnostics[2]
      Request finished HTTP/2 POST https://localhost:44353/Home/GetResidentPackageStats - 200 2790 application/json 82.1418ms
dbug: Microsoft.AspNetCore.Server.IIS.Core.IISHttpServer[1]
      Connection ID "18374686489066864770" disconnecting.
dbug: Microsoft.Extensions.Http.DefaultHttpClientFactory[100]
      Starting HttpMessageHandler cleanup cycle with 4 items
dbug: Microsoft.Extensions.Http.DefaultHttpClientFactory[101]
      Ending HttpMessageHandler cleanup cycle after 0.0027ms - processed: 0 items - remaining: 4 items
dbug: Microsoft.Extensions.Http.DefaultHttpClientFactory[100]
      Starting HttpMessageHandler cleanup cycle with 4 items
dbug: Microsoft.Extensions.Http.DefaultHttpClientFactory[101]
      Ending HttpMessageHandler cleanup cycle after 0.0011ms - processed: 0 items - remaining: 4 items
dbug: Microsoft.Extensions.Http.DefaultHttpClientFactory[100]
      Starting HttpMessageHandler cleanup cycle with 4 items
dbug: Microsoft.Extensions.Http.DefaultHttpClientFactory[101]
      Ending HttpMessageHandler cleanup cycle after 0.002ms - processed: 0 items - remaining: 4 items
dbug: Microsoft.Extensions.Http.DefaultHttpClientFactory[100]
      Starting HttpMessageHandler cleanup cycle with 4 items
dbug: Microsoft.Extensions.Http.DefaultHttpClientFactory[101]
      Ending HttpMessageHandler cleanup cycle after 0.002ms - processed: 0 items - remaining: 4 items
dbug: Microsoft.Extensions.Http.DefaultHttpClientFactory[100]
      Starting HttpMessageHandler cleanup cycle with 4 items
dbug: Microsoft.Extensions.Http.DefaultHttpClientFactory[101]
      Ending HttpMessageHandler cleanup cycle after 0.002ms - processed: 0 items - remaining: 4 items
info: Microsoft.AspNetCore.Hosting.Diagnostics[1]
      Request starting HTTP/2 GET https://localhost:44353/Home/Index - - -
dbug: Microsoft.AspNetCore.StaticFiles.StaticFileMiddleware[4]
      The request path /Home/Index does not match a supported file type
dbug: Microsoft.AspNetCore.Routing.Matching.DfaMatcher[1001]
      1 candidate(s) found for the request path '/Home/Index'
dbug: Microsoft.AspNetCore.Routing.Matching.DfaMatcher[1005]
      Endpoint 'ParcelManagement2.Controllers.HomeController.Index (ParcelProject)' with route pattern '{controller=Account}/{action=Login}/{id?}' is valid for the request path '/Home/Index'
dbug: Microsoft.AspNetCore.Routing.EndpointRoutingMiddleware[1]
      Request matched endpoint 'ParcelManagement2.Controllers.HomeController.Index (ParcelProject)'
dbug: Microsoft.AspNetCore.Authentication.Cookies.CookieAuthenticationHandler[8]
      AuthenticationScheme: Cookies was successfully authenticated.
dbug: Microsoft.AspNetCore.Authorization.DefaultAuthorizationService[1]
      Authorization was successful.
info: Microsoft.AspNetCore.Routing.EndpointMiddleware[0]
      Executing endpoint 'ParcelManagement2.Controllers.HomeController.Index (ParcelProject)'
info: Microsoft.AspNetCore.Mvc.Infrastructure.ControllerActionInvoker[102]
      Route matched with {action = "Index", controller = "Home"}. Executing controller action with signature Microsoft.AspNetCore.Mvc.IActionResult Index() on controller ParcelManagement2.Controllers.HomeController (ParcelProject).
dbug: Microsoft.AspNetCore.Mvc.Infrastructure.ControllerActionInvoker[1]
      Execution plan of authorization filters (in the following order): None
dbug: Microsoft.AspNetCore.Mvc.Infrastructure.ControllerActionInvoker[1]
      Execution plan of resource filters (in the following order): Microsoft.AspNetCore.Mvc.ViewFeatures.Filters.SaveTempDataFilter
dbug: Microsoft.AspNetCore.Mvc.Infrastructure.ControllerActionInvoker[1]
      Execution plan of action filters (in the following order): Microsoft.AspNetCore.Mvc.Filters.ControllerActionFilter (Order: -2147483648), Microsoft.AspNetCore.Mvc.ModelBinding.UnsupportedContentTypeFilter (Order: -3000)
dbug: Microsoft.AspNetCore.Mvc.Infrastructure.ControllerActionInvoker[1]
      Execution plan of exception filters (in the following order): None
dbug: Microsoft.AspNetCore.Mvc.Infrastructure.ControllerActionInvoker[1]
      Execution plan of result filters (in the following order): Microsoft.AspNetCore.Mvc.ViewFeatures.Filters.SaveTempDataFilter
dbug: Microsoft.AspNetCore.Mvc.Infrastructure.ControllerActionInvoker[1]
      Executing controller factory for controller ParcelManagement2.Controllers.HomeController (ParcelProject)
dbug: ParcelManagement2.Models.DBConn[0]
      資料庫連線字串已設定
dbug: Microsoft.AspNetCore.Mvc.Infrastructure.ControllerActionInvoker[2]
      Executed controller factory for controller ParcelManagement2.Controllers.HomeController (ParcelProject)
dbug: Microsoft.AspNetCore.Mvc.Razor.RazorViewEngine[1]
      View lookup cache miss for view 'Index' in controller 'Home'.
dbug: Microsoft.AspNetCore.Mvc.Razor.Compilation.DefaultViewCompiler[3]
      Initializing Razor view compiler with compiled view: '/Views/Account/AccessDenied.cshtml'.
dbug: Microsoft.AspNetCore.Mvc.Razor.Compilation.DefaultViewCompiler[3]
      Initializing Razor view compiler with compiled view: '/Views/Account/Login.cshtml'.
dbug: Microsoft.AspNetCore.Mvc.Razor.Compilation.DefaultViewCompiler[3]
      Initializing Razor view compiler with compiled view: '/Views/Home/Index.cshtml'.
dbug: Microsoft.AspNetCore.Mvc.Razor.Compilation.DefaultViewCompiler[3]
      Initializing Razor view compiler with compiled view: '/Views/Home/Index_back.cshtml'.
dbug: Microsoft.AspNetCore.Mvc.Razor.Compilation.DefaultViewCompiler[3]
      Initializing Razor view compiler with compiled view: '/Views/Home/Packages.cshtml'.
dbug: Microsoft.AspNetCore.Mvc.Razor.Compilation.DefaultViewCompiler[3]
      Initializing Razor view compiler with compiled view: '/Views/Home/Privacy.cshtml'.
dbug: Microsoft.AspNetCore.Mvc.Razor.Compilation.DefaultViewCompiler[3]
      Initializing Razor view compiler with compiled view: '/Views/Resident/Edit.cshtml'.
dbug: Microsoft.AspNetCore.Mvc.Razor.Compilation.DefaultViewCompiler[3]
      Initializing Razor view compiler with compiled view: '/Views/Resident/Home.cshtml'.
dbug: Microsoft.AspNetCore.Mvc.Razor.Compilation.DefaultViewCompiler[3]
      Initializing Razor view compiler with compiled view: '/Views/Resident/MyPackages.cshtml'.
dbug: Microsoft.AspNetCore.Mvc.Razor.Compilation.DefaultViewCompiler[3]
      Initializing Razor view compiler with compiled view: '/Views/Resident/PackagePhoto.cshtml'.
dbug: Microsoft.AspNetCore.Mvc.Razor.Compilation.DefaultViewCompiler[3]
      Initializing Razor view compiler with compiled view: '/Views/Shared/Error.cshtml'.
dbug: Microsoft.AspNetCore.Mvc.Razor.Compilation.DefaultViewCompiler[3]
      Initializing Razor view compiler with compiled view: '/Views/Shared/_AdminLayout.cshtml'.
dbug: Microsoft.AspNetCore.Mvc.Razor.Compilation.DefaultViewCompiler[3]
      Initializing Razor view compiler with compiled view: '/Views/Shared/_Layout.cshtml'.
dbug: Microsoft.AspNetCore.Mvc.Razor.Compilation.DefaultViewCompiler[3]
      Initializing Razor view compiler with compiled view: '/Views/Shared/_ResidentLayout.cshtml'.
dbug: Microsoft.AspNetCore.Mvc.Razor.Compilation.DefaultViewCompiler[3]
      Initializing Razor view compiler with compiled view: '/Views/Shared/_ValidationScriptsPartial.cshtml'.
dbug: Microsoft.AspNetCore.Mvc.Razor.Compilation.DefaultViewCompiler[3]
      Initializing Razor view compiler with compiled view: '/Views/_ViewImports.cshtml'.
dbug: Microsoft.AspNetCore.Mvc.Razor.Compilation.DefaultViewCompiler[3]
      Initializing Razor view compiler with compiled view: '/Views/_ViewStart.cshtml'.
dbug: Microsoft.AspNetCore.Mvc.Razor.Compilation.DefaultViewCompiler[3]
      Initializing Razor view compiler with compiled view: '/Views/Shared/_Layout_back.cshtml'.
info: Microsoft.AspNetCore.Mvc.ViewFeatures.ViewResultExecutor[1]
      Executing ViewResult, running view Index.
dbug: Microsoft.AspNetCore.Mvc.ViewFeatures.ViewResultExecutor[2]
      The view path '/Views/Home/Index.cshtml' was found in 24.3023ms.
dbug: Microsoft.AspNetCore.Antiforgery.DefaultAntiforgery[6]
      An antiforgery cookie token was reused.
dbug: Microsoft.WebTools.BrowserLink.Net.BrowserLinkMiddleware[1]
      Response markup is scheduled to include Browser Link script injection.
dbug: Microsoft.AspNetCore.Watch.BrowserRefresh.BrowserRefreshMiddleware[1]
      Response markup is scheduled to include browser refresh script injection.
info: Microsoft.AspNetCore.Mvc.ViewFeatures.ViewResultExecutor[4]
      Executed ViewResult - view Index executed in 34.3296ms.
info: Microsoft.AspNetCore.Mvc.Infrastructure.ControllerActionInvoker[105]
      Executed action ParcelManagement2.Controllers.HomeController.Index (ParcelProject) in 39.1755ms
info: Microsoft.AspNetCore.Routing.EndpointMiddleware[1]
      Executed endpoint 'ParcelManagement2.Controllers.HomeController.Index (ParcelProject)'
dbug: Microsoft.WebTools.BrowserLink.Net.BrowserLinkMiddleware[2]
      Response markup was updated to include Browser Link script injection.
dbug: Microsoft.AspNetCore.Watch.BrowserRefresh.BrowserRefreshMiddleware[2]
      Response markup was updated to include browser refresh script injection.
dbug: Microsoft.AspNetCore.Server.IIS.Core.IISHttpServer[1]
      Connection ID "17654110583047323735" disconnecting.
info: Microsoft.AspNetCore.Hosting.Diagnostics[2]
      Request finished HTTP/2 GET https://localhost:44353/Home/Index - 200 - text/html;+charset=utf-8 66.6932ms
info: Microsoft.AspNetCore.Hosting.Diagnostics[1]
      Request starting HTTP/2 POST https://localhost:44353/Home/GetResidentPackageStats - - 0
dbug: Microsoft.AspNetCore.StaticFiles.StaticFileMiddleware[1]
      POST requests are not supported
dbug: Microsoft.AspNetCore.Routing.Matching.DfaMatcher[1001]
      1 candidate(s) found for the request path '/Home/GetResidentPackageStats'
dbug: Microsoft.AspNetCore.Routing.Matching.DfaMatcher[1005]
      Endpoint 'ParcelManagement2.Controllers.HomeController.GetResidentPackageStats (ParcelProject)' with route pattern '{controller=Account}/{action=Login}/{id?}' is valid for the request path '/Home/GetResidentPackageStats'
info: Microsoft.AspNetCore.Hosting.Diagnostics[1]
      Request starting HTTP/2 GET https://localhost:44353/_vs/browserLink - - -
info: Microsoft.AspNetCore.Hosting.Diagnostics[1]
      Request starting HTTP/2 GET https://localhost:44353/_framework/aspnetcore-browser-refresh.js - - -
dbug: Microsoft.AspNetCore.Routing.EndpointRoutingMiddleware[1]
      Request matched endpoint 'ParcelManagement2.Controllers.HomeController.GetResidentPackageStats (ParcelProject)'
dbug: Microsoft.AspNetCore.Authentication.Cookies.CookieAuthenticationHandler[8]
      AuthenticationScheme: Cookies was successfully authenticated.
dbug: Microsoft.AspNetCore.Watch.BrowserRefresh.BrowserScriptMiddleware[0]
      Script injected: /_framework/aspnetcore-browser-refresh.js
dbug: Microsoft.AspNetCore.Authorization.DefaultAuthorizationService[1]
      Authorization was successful.
info: Microsoft.AspNetCore.Hosting.Diagnostics[2]
      Request finished HTTP/2 GET https://localhost:44353/_framework/aspnetcore-browser-refresh.js - 200 16511 application/javascript;+charset=utf-8 12.6108ms
dbug: Microsoft.AspNetCore.Server.IIS.Core.IISHttpServer[1]
      Connection ID "18374686540606472328" disconnecting.
info: Microsoft.AspNetCore.Routing.EndpointMiddleware[0]
      Executing endpoint 'ParcelManagement2.Controllers.HomeController.GetResidentPackageStats (ParcelProject)'
info: Microsoft.AspNetCore.Mvc.Infrastructure.ControllerActionInvoker[102]
      Route matched with {action = "GetResidentPackageStats", controller = "Home"}. Executing controller action with signature Microsoft.AspNetCore.Mvc.IActionResult GetResidentPackageStats() on controller ParcelManagement2.Controllers.HomeController (ParcelProject).
dbug: Microsoft.AspNetCore.Server.IIS.Core.IISHttpServer[1]
      Connection ID "18230571339645714498" disconnecting.
info: Microsoft.AspNetCore.Hosting.Diagnostics[2]
      Request finished HTTP/2 GET https://localhost:44353/_vs/browserLink - 200 - text/javascript;+charset=UTF-8 31.7672ms
dbug: Microsoft.AspNetCore.Mvc.Infrastructure.ControllerActionInvoker[1]
      Execution plan of authorization filters (in the following order): None
dbug: Microsoft.AspNetCore.Mvc.Infrastructure.ControllerActionInvoker[1]
      Execution plan of resource filters (in the following order): Microsoft.AspNetCore.Mvc.ViewFeatures.Filters.SaveTempDataFilter
dbug: Microsoft.AspNetCore.Mvc.Infrastructure.ControllerActionInvoker[1]
      Execution plan of action filters (in the following order): Microsoft.AspNetCore.Mvc.Filters.ControllerActionFilter (Order: -2147483648), Microsoft.AspNetCore.Mvc.ModelBinding.UnsupportedContentTypeFilter (Order: -3000)
dbug: Microsoft.AspNetCore.Mvc.Infrastructure.ControllerActionInvoker[1]
      Execution plan of exception filters (in the following order): None
dbug: Microsoft.AspNetCore.Mvc.Infrastructure.ControllerActionInvoker[1]
      Execution plan of result filters (in the following order): Microsoft.AspNetCore.Mvc.ViewFeatures.Filters.SaveTempDataFilter
dbug: Microsoft.AspNetCore.Mvc.Infrastructure.ControllerActionInvoker[1]
      Executing controller factory for controller ParcelManagement2.Controllers.HomeController (ParcelProject)
dbug: ParcelManagement2.Models.DBConn[0]
      資料庫連線字串已設定
dbug: Microsoft.AspNetCore.Mvc.Infrastructure.ControllerActionInvoker[2]
      Executed controller factory for controller ParcelManagement2.Controllers.HomeController (ParcelProject)
dbug: ParcelManagement2.Models.DBConn[0]
      查詢成功，返回 28 行數據
info: Microsoft.AspNetCore.Mvc.Infrastructure.ContentResultExecutor[1]
      Executing ContentResult with HTTP Response ContentType of application/json
info: Microsoft.AspNetCore.Mvc.Infrastructure.ControllerActionInvoker[105]
      Executed action ParcelManagement2.Controllers.HomeController.GetResidentPackageStats (ParcelProject) in 38.7362ms
info: Microsoft.AspNetCore.Routing.EndpointMiddleware[1]
      Executed endpoint 'ParcelManagement2.Controllers.HomeController.GetResidentPackageStats (ParcelProject)'
info: Microsoft.AspNetCore.Hosting.Diagnostics[2]
      Request finished HTTP/2 POST https://localhost:44353/Home/GetResidentPackageStats - 200 2790 application/json 94.4064ms
dbug: Microsoft.AspNetCore.Server.IIS.Core.IISHttpServer[1]
      Connection ID "18374686484771897383" disconnecting.
dbug: Microsoft.Extensions.Http.DefaultHttpClientFactory[100]
      Starting HttpMessageHandler cleanup cycle with 4 items
dbug: Microsoft.Extensions.Http.DefaultHttpClientFactory[101]
      Ending HttpMessageHandler cleanup cycle after 0.0026ms - processed: 0 items - remaining: 4 items
dbug: Microsoft.Extensions.Http.DefaultHttpClientFactory[100]
      Starting HttpMessageHandler cleanup cycle with 4 items
dbug: Microsoft.Extensions.Http.DefaultHttpClientFactory[101]
      Ending HttpMessageHandler cleanup cycle after 0.002ms - processed: 0 items - remaining: 4 items
info: Microsoft.AspNetCore.Hosting.Diagnostics[1]
      Request starting HTTP/2 GET https://localhost:44353/Home/Packages - - -
dbug: Microsoft.AspNetCore.StaticFiles.StaticFileMiddleware[4]
      The request path /Home/Packages does not match a supported file type
dbug: Microsoft.AspNetCore.Routing.Matching.DfaMatcher[1001]
      1 candidate(s) found for the request path '/Home/Packages'
dbug: Microsoft.AspNetCore.Routing.Matching.DfaMatcher[1005]
      Endpoint 'ParcelManagement2.Controllers.HomeController.Packages (ParcelProject)' with route pattern '{controller=Account}/{action=Login}/{id?}' is valid for the request path '/Home/Packages'
dbug: Microsoft.AspNetCore.Routing.EndpointRoutingMiddleware[1]
      Request matched endpoint 'ParcelManagement2.Controllers.HomeController.Packages (ParcelProject)'
dbug: Microsoft.AspNetCore.Authentication.Cookies.CookieAuthenticationHandler[8]
      AuthenticationScheme: Cookies was successfully authenticated.
dbug: Microsoft.AspNetCore.Authorization.DefaultAuthorizationService[1]
      Authorization was successful.
info: Microsoft.AspNetCore.Routing.EndpointMiddleware[0]
      Executing endpoint 'ParcelManagement2.Controllers.HomeController.Packages (ParcelProject)'
info: Microsoft.AspNetCore.Mvc.Infrastructure.ControllerActionInvoker[102]
      Route matched with {action = "Packages", controller = "Home"}. Executing controller action with signature Microsoft.AspNetCore.Mvc.IActionResult Packages() on controller ParcelManagement2.Controllers.HomeController (ParcelProject).
dbug: Microsoft.AspNetCore.Mvc.Infrastructure.ControllerActionInvoker[1]
      Execution plan of authorization filters (in the following order): None
dbug: Microsoft.AspNetCore.Mvc.Infrastructure.ControllerActionInvoker[1]
      Execution plan of resource filters (in the following order): Microsoft.AspNetCore.Mvc.ViewFeatures.Filters.SaveTempDataFilter
dbug: Microsoft.AspNetCore.Mvc.Infrastructure.ControllerActionInvoker[1]
      Execution plan of action filters (in the following order): Microsoft.AspNetCore.Mvc.Filters.ControllerActionFilter (Order: -2147483648), Microsoft.AspNetCore.Mvc.ModelBinding.UnsupportedContentTypeFilter (Order: -3000)
dbug: Microsoft.AspNetCore.Mvc.Infrastructure.ControllerActionInvoker[1]
      Execution plan of exception filters (in the following order): None
dbug: Microsoft.AspNetCore.Mvc.Infrastructure.ControllerActionInvoker[1]
      Execution plan of result filters (in the following order): Microsoft.AspNetCore.Mvc.ViewFeatures.Filters.SaveTempDataFilter
dbug: Microsoft.AspNetCore.Mvc.Infrastructure.ControllerActionInvoker[1]
      Executing controller factory for controller ParcelManagement2.Controllers.HomeController (ParcelProject)
dbug: ParcelManagement2.Models.DBConn[0]
      資料庫連線字串已設定
dbug: Microsoft.AspNetCore.Mvc.Infrastructure.ControllerActionInvoker[2]
      Executed controller factory for controller ParcelManagement2.Controllers.HomeController (ParcelProject)
dbug: Microsoft.AspNetCore.Mvc.Razor.RazorViewEngine[1]
      View lookup cache miss for view 'Packages' in controller 'Home'.
info: Microsoft.AspNetCore.Mvc.ViewFeatures.ViewResultExecutor[1]
      Executing ViewResult, running view Packages.
dbug: Microsoft.AspNetCore.Mvc.ViewFeatures.ViewResultExecutor[2]
      The view path '/Views/Home/Packages.cshtml' was found in 3.8567ms.
dbug: Microsoft.AspNetCore.Antiforgery.DefaultAntiforgery[6]
      An antiforgery cookie token was reused.
dbug: Microsoft.WebTools.BrowserLink.Net.BrowserLinkMiddleware[1]
      Response markup is scheduled to include Browser Link script injection.
dbug: Microsoft.AspNetCore.Watch.BrowserRefresh.BrowserRefreshMiddleware[1]
      Response markup is scheduled to include browser refresh script injection.
info: Microsoft.AspNetCore.Mvc.ViewFeatures.ViewResultExecutor[4]
      Executed ViewResult - view Packages executed in 13.9776ms.
info: Microsoft.AspNetCore.Mvc.Infrastructure.ControllerActionInvoker[105]
      Executed action ParcelManagement2.Controllers.HomeController.Packages (ParcelProject) in 20.3821ms
info: Microsoft.AspNetCore.Routing.EndpointMiddleware[1]
      Executed endpoint 'ParcelManagement2.Controllers.HomeController.Packages (ParcelProject)'
dbug: Microsoft.WebTools.BrowserLink.Net.BrowserLinkMiddleware[2]
      Response markup was updated to include Browser Link script injection.
dbug: Microsoft.AspNetCore.Watch.BrowserRefresh.BrowserRefreshMiddleware[2]
      Response markup was updated to include browser refresh script injection.
dbug: Microsoft.AspNetCore.Server.IIS.Core.IISHttpServer[1]
      Connection ID "17654110583047323737" disconnecting.
info: Microsoft.AspNetCore.Hosting.Diagnostics[2]
      Request finished HTTP/2 GET https://localhost:44353/Home/Packages - 200 - text/html;+charset=utf-8 86.9755ms
info: Microsoft.AspNetCore.Hosting.Diagnostics[1]
      Request starting HTTP/2 GET https://localhost:44353/_framework/aspnetcore-browser-refresh.js - - -
dbug: Microsoft.AspNetCore.Watch.BrowserRefresh.BrowserScriptMiddleware[0]
      Script injected: /_framework/aspnetcore-browser-refresh.js
info: Microsoft.AspNetCore.Hosting.Diagnostics[1]
      Request starting HTTP/2 GET https://localhost:44353/_vs/browserLink - - -
info: Microsoft.AspNetCore.Hosting.Diagnostics[2]
      Request finished HTTP/2 GET https://localhost:44353/_framework/aspnetcore-browser-refresh.js - 200 16511 application/javascript;+charset=utf-8 23.1203ms
dbug: Microsoft.AspNetCore.Server.IIS.Core.IISHttpServer[1]
      Connection ID "18374686497656799339" disconnecting.
info: Microsoft.AspNetCore.Hosting.Diagnostics[1]
      Request starting HTTP/2 POST https://localhost:44353/Home/GetAllProduct - - 0
info: Microsoft.AspNetCore.Hosting.Diagnostics[1]
      Request starting HTTP/2 POST https://localhost:44353/Home/GetAllProduct - - 0
dbug: Microsoft.AspNetCore.StaticFiles.StaticFileMiddleware[1]
      POST requests are not supported
info: Microsoft.AspNetCore.Hosting.Diagnostics[1]
      Request starting HTTP/2 POST https://localhost:44353/Home/BuildProdTypeList - - 0
dbug: Microsoft.AspNetCore.Server.IIS.Core.IISHttpServer[1]
      Connection ID "18230571309580943489" disconnecting.
info: Microsoft.AspNetCore.Hosting.Diagnostics[1]
      Request starting HTTP/2 POST https://localhost:44353/Home/BuildResidentList - - 0
dbug: Microsoft.AspNetCore.StaticFiles.StaticFileMiddleware[1]
      POST requests are not supported
dbug: Microsoft.AspNetCore.Routing.Matching.DfaMatcher[1001]
      1 candidate(s) found for the request path '/Home/GetAllProduct'
dbug: Microsoft.AspNetCore.Routing.Matching.DfaMatcher[1001]
      1 candidate(s) found for the request path '/Home/GetAllProduct'
dbug: Microsoft.AspNetCore.Routing.Matching.DfaMatcher[1005]
      Endpoint 'ParcelManagement2.Controllers.HomeController.GetAllProduct (ParcelProject)' with route pattern '{controller=Account}/{action=Login}/{id?}' is valid for the request path '/Home/GetAllProduct'
dbug: Microsoft.AspNetCore.Routing.Matching.DfaMatcher[1005]
      Endpoint 'ParcelManagement2.Controllers.HomeController.GetAllProduct (ParcelProject)' with route pattern '{controller=Account}/{action=Login}/{id?}' is valid for the request path '/Home/GetAllProduct'
dbug: Microsoft.AspNetCore.Routing.EndpointRoutingMiddleware[1]
      Request matched endpoint 'ParcelManagement2.Controllers.HomeController.GetAllProduct (ParcelProject)'
dbug: Microsoft.AspNetCore.Authentication.Cookies.CookieAuthenticationHandler[8]
      AuthenticationScheme: Cookies was successfully authenticated.
info: Microsoft.AspNetCore.Hosting.Diagnostics[2]
      Request finished HTTP/2 GET https://localhost:44353/_vs/browserLink - 200 - text/javascript;+charset=UTF-8 276.9151ms
dbug: Microsoft.AspNetCore.Routing.EndpointRoutingMiddleware[1]
      Request matched endpoint 'ParcelManagement2.Controllers.HomeController.GetAllProduct (ParcelProject)'
dbug: Microsoft.AspNetCore.Authentication.Cookies.CookieAuthenticationHandler[8]
      AuthenticationScheme: Cookies was successfully authenticated.
dbug: Microsoft.AspNetCore.Authorization.DefaultAuthorizationService[1]
      Authorization was successful.
dbug: Microsoft.AspNetCore.Authorization.DefaultAuthorizationService[1]
      Authorization was successful.
info: Microsoft.AspNetCore.Routing.EndpointMiddleware[0]
      Executing endpoint 'ParcelManagement2.Controllers.HomeController.GetAllProduct (ParcelProject)'
info: Microsoft.AspNetCore.Routing.EndpointMiddleware[0]
      Executing endpoint 'ParcelManagement2.Controllers.HomeController.GetAllProduct (ParcelProject)'
dbug: Microsoft.AspNetCore.StaticFiles.StaticFileMiddleware[1]
      POST requests are not supported
info: Microsoft.AspNetCore.Mvc.Infrastructure.ControllerActionInvoker[102]
      Route matched with {action = "GetAllProduct", controller = "Home"}. Executing controller action with signature System.Threading.Tasks.Task`1[Microsoft.AspNetCore.Mvc.JsonResult] GetAllProduct() on controller ParcelManagement2.Controllers.HomeController (ParcelProject).
info: Microsoft.AspNetCore.Mvc.Infrastructure.ControllerActionInvoker[102]
      Route matched with {action = "GetAllProduct", controller = "Home"}. Executing controller action with signature System.Threading.Tasks.Task`1[Microsoft.AspNetCore.Mvc.JsonResult] GetAllProduct() on controller ParcelManagement2.Controllers.HomeController (ParcelProject).
dbug: Microsoft.AspNetCore.Routing.Matching.DfaMatcher[1001]
      1 candidate(s) found for the request path '/Home/BuildProdTypeList'
dbug: Microsoft.AspNetCore.Routing.Matching.DfaMatcher[1005]
      Endpoint 'ParcelManagement2.Controllers.HomeController.BuildProdTypeList (ParcelProject)' with route pattern '{controller=Account}/{action=Login}/{id?}' is valid for the request path '/Home/BuildProdTypeList'
dbug: Microsoft.AspNetCore.Mvc.Infrastructure.ControllerActionInvoker[1]
      Execution plan of authorization filters (in the following order): None
dbug: Microsoft.AspNetCore.Mvc.Infrastructure.ControllerActionInvoker[1]
      Execution plan of authorization filters (in the following order): None
dbug: Microsoft.AspNetCore.Mvc.Infrastructure.ControllerActionInvoker[1]
      Execution plan of resource filters (in the following order): Microsoft.AspNetCore.Mvc.ViewFeatures.Filters.SaveTempDataFilter
dbug: Microsoft.AspNetCore.Mvc.Infrastructure.ControllerActionInvoker[1]
      Execution plan of resource filters (in the following order): Microsoft.AspNetCore.Mvc.ViewFeatures.Filters.SaveTempDataFilter
dbug: Microsoft.AspNetCore.Mvc.Infrastructure.ControllerActionInvoker[1]
      Execution plan of action filters (in the following order): Microsoft.AspNetCore.Mvc.Filters.ControllerActionFilter (Order: -2147483648), Microsoft.AspNetCore.Mvc.ModelBinding.UnsupportedContentTypeFilter (Order: -3000)
dbug: Microsoft.AspNetCore.Mvc.Infrastructure.ControllerActionInvoker[1]
      Execution plan of action filters (in the following order): Microsoft.AspNetCore.Mvc.Filters.ControllerActionFilter (Order: -2147483648), Microsoft.AspNetCore.Mvc.ModelBinding.UnsupportedContentTypeFilter (Order: -3000)
dbug: Microsoft.AspNetCore.Mvc.Infrastructure.ControllerActionInvoker[1]
      Execution plan of exception filters (in the following order): None
dbug: Microsoft.AspNetCore.Mvc.Infrastructure.ControllerActionInvoker[1]
      Execution plan of exception filters (in the following order): None
dbug: Microsoft.AspNetCore.Mvc.Infrastructure.ControllerActionInvoker[1]
      Execution plan of result filters (in the following order): Microsoft.AspNetCore.Mvc.ViewFeatures.Filters.SaveTempDataFilter
dbug: Microsoft.AspNetCore.Mvc.Infrastructure.ControllerActionInvoker[1]
      Executing controller factory for controller ParcelManagement2.Controllers.HomeController (ParcelProject)
dbug: Microsoft.AspNetCore.Mvc.Infrastructure.ControllerActionInvoker[1]
      Execution plan of result filters (in the following order): Microsoft.AspNetCore.Mvc.ViewFeatures.Filters.SaveTempDataFilter
dbug: ParcelManagement2.Models.DBConn[0]
      資料庫連線字串已設定
dbug: Microsoft.AspNetCore.Mvc.Infrastructure.ControllerActionInvoker[1]
      Executing controller factory for controller ParcelManagement2.Controllers.HomeController (ParcelProject)
dbug: Microsoft.AspNetCore.Mvc.Infrastructure.ControllerActionInvoker[2]
      Executed controller factory for controller ParcelManagement2.Controllers.HomeController (ParcelProject)
dbug: ParcelManagement2.Models.DBConn[0]
      資料庫連線字串已設定
dbug: Microsoft.AspNetCore.Mvc.Infrastructure.ControllerActionInvoker[2]
      Executed controller factory for controller ParcelManagement2.Controllers.HomeController (ParcelProject)
dbug: Microsoft.AspNetCore.Routing.EndpointRoutingMiddleware[1]
      Request matched endpoint 'ParcelManagement2.Controllers.HomeController.BuildProdTypeList (ParcelProject)'
dbug: Microsoft.AspNetCore.Authentication.Cookies.CookieAuthenticationHandler[8]
      AuthenticationScheme: Cookies was successfully authenticated.
dbug: Microsoft.AspNetCore.StaticFiles.StaticFileMiddleware[1]
      POST requests are not supported
dbug: Microsoft.AspNetCore.Routing.Matching.DfaMatcher[1001]
      1 candidate(s) found for the request path '/Home/BuildResidentList'
dbug: Microsoft.AspNetCore.Authorization.DefaultAuthorizationService[1]
      Authorization was successful.
dbug: Microsoft.AspNetCore.Routing.Matching.DfaMatcher[1005]
      Endpoint 'ParcelManagement2.Controllers.HomeController.BuildResidentList (ParcelProject)' with route pattern '{controller=Account}/{action=Login}/{id?}' is valid for the request path '/Home/BuildResidentList'
dbug: Microsoft.AspNetCore.Routing.EndpointRoutingMiddleware[1]
      Request matched endpoint 'ParcelManagement2.Controllers.HomeController.BuildResidentList (ParcelProject)'
dbug: Microsoft.AspNetCore.Authentication.Cookies.CookieAuthenticationHandler[8]
      AuthenticationScheme: Cookies was successfully authenticated.
dbug: Microsoft.AspNetCore.Authorization.DefaultAuthorizationService[1]
      Authorization was successful.
dbug: ParcelManagement2.Models.DBConn[0]
      查詢成功，返回 134 行數據
info: Microsoft.AspNetCore.Routing.EndpointMiddleware[0]
      Executing endpoint 'ParcelManagement2.Controllers.HomeController.BuildProdTypeList (ParcelProject)'
info: Microsoft.AspNetCore.Mvc.Infrastructure.SystemTextJsonResultExecutor[1]
      Executing JsonResult, writing value of type 'System.Text.Json.JsonElement'.
info: Microsoft.AspNetCore.Mvc.Infrastructure.ControllerActionInvoker[102]
      Route matched with {action = "BuildProdTypeList", controller = "Home"}. Executing controller action with signature System.Threading.Tasks.Task`1[Microsoft.AspNetCore.Mvc.JsonResult] BuildProdTypeList() on controller ParcelManagement2.Controllers.HomeController (ParcelProject).
info: Microsoft.AspNetCore.Routing.EndpointMiddleware[0]
      Executing endpoint 'ParcelManagement2.Controllers.HomeController.BuildResidentList (ParcelProject)'
info: Microsoft.AspNetCore.Mvc.Infrastructure.ControllerActionInvoker[102]
      Route matched with {action = "BuildResidentList", controller = "Home"}. Executing controller action with signature System.Threading.Tasks.Task`1[Microsoft.AspNetCore.Mvc.JsonResult] BuildResidentList() on controller ParcelManagement2.Controllers.HomeController (ParcelProject).
dbug: ParcelManagement2.Models.DBConn[0]
      查詢成功，返回 134 行數據
info: Microsoft.AspNetCore.Mvc.Infrastructure.ControllerActionInvoker[105]
      Executed action ParcelManagement2.Controllers.HomeController.GetAllProduct (ParcelProject) in 70.6849ms
info: Microsoft.AspNetCore.Mvc.Infrastructure.SystemTextJsonResultExecutor[1]
      Executing JsonResult, writing value of type 'System.Text.Json.JsonElement'.
info: Microsoft.AspNetCore.Routing.EndpointMiddleware[1]
      Executed endpoint 'ParcelManagement2.Controllers.HomeController.GetAllProduct (ParcelProject)'
info: Microsoft.AspNetCore.Hosting.Diagnostics[2]
      Request finished HTTP/2 POST https://localhost:44353/Home/GetAllProduct - 200 - application/json;+charset=utf-8 252.7725ms
dbug: Microsoft.AspNetCore.Server.IIS.Core.IISHttpServer[1]
      Connection ID "18374686484771897385" disconnecting.
dbug: Microsoft.AspNetCore.Mvc.Infrastructure.ControllerActionInvoker[1]
      Execution plan of authorization filters (in the following order): None
info: Microsoft.AspNetCore.Mvc.Infrastructure.ControllerActionInvoker[105]
      Executed action ParcelManagement2.Controllers.HomeController.GetAllProduct (ParcelProject) in 95.7092ms
dbug: Microsoft.AspNetCore.Mvc.Infrastructure.ControllerActionInvoker[1]
      Execution plan of resource filters (in the following order): Microsoft.AspNetCore.Mvc.ViewFeatures.Filters.SaveTempDataFilter
info: Microsoft.AspNetCore.Routing.EndpointMiddleware[1]
      Executed endpoint 'ParcelManagement2.Controllers.HomeController.GetAllProduct (ParcelProject)'
dbug: Microsoft.AspNetCore.Mvc.Infrastructure.ControllerActionInvoker[1]
      Execution plan of action filters (in the following order): Microsoft.AspNetCore.Mvc.Filters.ControllerActionFilter (Order: -2147483648), Microsoft.AspNetCore.Mvc.ModelBinding.UnsupportedContentTypeFilter (Order: -3000)
info: Microsoft.AspNetCore.Hosting.Diagnostics[2]
      Request finished HTTP/2 POST https://localhost:44353/Home/GetAllProduct - 200 - application/json;+charset=utf-8 416.6019ms
dbug: Microsoft.AspNetCore.Server.IIS.Core.IISHttpServer[1]
      Connection ID "18302628925093707838" disconnecting.
dbug: Microsoft.AspNetCore.Mvc.Infrastructure.ControllerActionInvoker[1]
      Execution plan of exception filters (in the following order): None
dbug: Microsoft.AspNetCore.Mvc.Infrastructure.ControllerActionInvoker[1]
      Execution plan of result filters (in the following order): Microsoft.AspNetCore.Mvc.ViewFeatures.Filters.SaveTempDataFilter
dbug: Microsoft.AspNetCore.Mvc.Infrastructure.ControllerActionInvoker[1]
      Executing controller factory for controller ParcelManagement2.Controllers.HomeController (ParcelProject)
dbug: Microsoft.AspNetCore.Mvc.Infrastructure.ControllerActionInvoker[1]
      Execution plan of authorization filters (in the following order): None
dbug: ParcelManagement2.Models.DBConn[0]
      資料庫連線字串已設定
dbug: Microsoft.AspNetCore.Mvc.Infrastructure.ControllerActionInvoker[1]
      Execution plan of resource filters (in the following order): Microsoft.AspNetCore.Mvc.ViewFeatures.Filters.SaveTempDataFilter
dbug: Microsoft.AspNetCore.Mvc.Infrastructure.ControllerActionInvoker[1]
      Execution plan of action filters (in the following order): Microsoft.AspNetCore.Mvc.Filters.ControllerActionFilter (Order: -2147483648), Microsoft.AspNetCore.Mvc.ModelBinding.UnsupportedContentTypeFilter (Order: -3000)
dbug: Microsoft.AspNetCore.Mvc.Infrastructure.ControllerActionInvoker[2]
      Executed controller factory for controller ParcelManagement2.Controllers.HomeController (ParcelProject)
dbug: Microsoft.AspNetCore.Mvc.Infrastructure.ControllerActionInvoker[1]
      Execution plan of exception filters (in the following order): None
dbug: Microsoft.AspNetCore.Mvc.Infrastructure.ControllerActionInvoker[1]
      Execution plan of result filters (in the following order): Microsoft.AspNetCore.Mvc.ViewFeatures.Filters.SaveTempDataFilter
dbug: Microsoft.AspNetCore.Mvc.Infrastructure.ControllerActionInvoker[1]
      Executing controller factory for controller ParcelManagement2.Controllers.HomeController (ParcelProject)
dbug: ParcelManagement2.Models.DBConn[0]
      資料庫連線字串已設定
dbug: ParcelManagement2.Models.DBConn[0]
      查詢成功，返回 2 行數據
dbug: Microsoft.AspNetCore.Mvc.Infrastructure.ControllerActionInvoker[2]
      Executed controller factory for controller ParcelManagement2.Controllers.HomeController (ParcelProject)
info: Microsoft.AspNetCore.Mvc.Infrastructure.SystemTextJsonResultExecutor[1]
      Executing JsonResult, writing value of type 'System.Text.Json.JsonElement'.
info: Microsoft.AspNetCore.Mvc.Infrastructure.ControllerActionInvoker[105]
      Executed action ParcelManagement2.Controllers.HomeController.BuildProdTypeList (ParcelProject) in 58.5031ms
info: Microsoft.AspNetCore.Routing.EndpointMiddleware[1]
      Executed endpoint 'ParcelManagement2.Controllers.HomeController.BuildProdTypeList (ParcelProject)'
dbug: ParcelManagement2.Models.DBConn[0]
      查詢成功，返回 28 行數據
info: Microsoft.AspNetCore.Hosting.Diagnostics[2]
      Request finished HTTP/2 POST https://localhost:44353/Home/BuildProdTypeList - 200 - application/json;+charset=utf-8 368.9630ms
dbug: Microsoft.AspNetCore.Server.IIS.Core.IISHttpServer[1]
      Connection ID "18374686540606472330" disconnecting.
info: Microsoft.AspNetCore.Mvc.Infrastructure.SystemTextJsonResultExecutor[1]
      Executing JsonResult, writing value of type 'System.Text.Json.JsonElement'.
info: Microsoft.AspNetCore.Mvc.Infrastructure.ControllerActionInvoker[105]
      Executed action ParcelManagement2.Controllers.HomeController.BuildResidentList (ParcelProject) in 59.8581ms
info: Microsoft.AspNetCore.Routing.EndpointMiddleware[1]
      Executed endpoint 'ParcelManagement2.Controllers.HomeController.BuildResidentList (ParcelProject)'
info: Microsoft.AspNetCore.Hosting.Diagnostics[2]
      Request finished HTTP/2 POST https://localhost:44353/Home/BuildResidentList - 200 - application/json;+charset=utf-8 398.6354ms
dbug: Microsoft.AspNetCore.Server.IIS.Core.IISHttpServer[1]
      Connection ID "18374686497656799341" disconnecting.
dbug: Microsoft.Extensions.Http.DefaultHttpClientFactory[100]
      Starting HttpMessageHandler cleanup cycle with 4 items
dbug: Microsoft.Extensions.Http.DefaultHttpClientFactory[101]
      Ending HttpMessageHandler cleanup cycle after 0.0031ms - processed: 0 items - remaining: 4 items
info: Microsoft.AspNetCore.Hosting.Diagnostics[1]
      Request starting HTTP/2 GET https://localhost:44353/Home/Index - - -
dbug: Microsoft.AspNetCore.StaticFiles.StaticFileMiddleware[4]
      The request path /Home/Index does not match a supported file type
dbug: Microsoft.AspNetCore.Routing.Matching.DfaMatcher[1001]
      1 candidate(s) found for the request path '/Home/Index'
dbug: Microsoft.AspNetCore.Routing.Matching.DfaMatcher[1005]
      Endpoint 'ParcelManagement2.Controllers.HomeController.Index (ParcelProject)' with route pattern '{controller=Account}/{action=Login}/{id?}' is valid for the request path '/Home/Index'
dbug: Microsoft.AspNetCore.Routing.EndpointRoutingMiddleware[1]
      Request matched endpoint 'ParcelManagement2.Controllers.HomeController.Index (ParcelProject)'
dbug: Microsoft.AspNetCore.Authentication.Cookies.CookieAuthenticationHandler[8]
      AuthenticationScheme: Cookies was successfully authenticated.
dbug: Microsoft.AspNetCore.Authorization.DefaultAuthorizationService[1]
      Authorization was successful.
info: Microsoft.AspNetCore.Routing.EndpointMiddleware[0]
      Executing endpoint 'ParcelManagement2.Controllers.HomeController.Index (ParcelProject)'
info: Microsoft.AspNetCore.Mvc.Infrastructure.ControllerActionInvoker[102]
      Route matched with {action = "Index", controller = "Home"}. Executing controller action with signature Microsoft.AspNetCore.Mvc.IActionResult Index() on controller ParcelManagement2.Controllers.HomeController (ParcelProject).
dbug: Microsoft.AspNetCore.Mvc.Infrastructure.ControllerActionInvoker[1]
      Execution plan of authorization filters (in the following order): None
dbug: Microsoft.AspNetCore.Mvc.Infrastructure.ControllerActionInvoker[1]
      Execution plan of resource filters (in the following order): Microsoft.AspNetCore.Mvc.ViewFeatures.Filters.SaveTempDataFilter
dbug: Microsoft.AspNetCore.Mvc.Infrastructure.ControllerActionInvoker[1]
      Execution plan of action filters (in the following order): Microsoft.AspNetCore.Mvc.Filters.ControllerActionFilter (Order: -2147483648), Microsoft.AspNetCore.Mvc.ModelBinding.UnsupportedContentTypeFilter (Order: -3000)
dbug: Microsoft.AspNetCore.Mvc.Infrastructure.ControllerActionInvoker[1]
      Execution plan of exception filters (in the following order): None
dbug: Microsoft.AspNetCore.Mvc.Infrastructure.ControllerActionInvoker[1]
      Execution plan of result filters (in the following order): Microsoft.AspNetCore.Mvc.ViewFeatures.Filters.SaveTempDataFilter
dbug: Microsoft.AspNetCore.Mvc.Infrastructure.ControllerActionInvoker[1]
      Executing controller factory for controller ParcelManagement2.Controllers.HomeController (ParcelProject)
dbug: ParcelManagement2.Models.DBConn[0]
      資料庫連線字串已設定
dbug: Microsoft.AspNetCore.Mvc.Infrastructure.ControllerActionInvoker[2]
      Executed controller factory for controller ParcelManagement2.Controllers.HomeController (ParcelProject)
dbug: Microsoft.AspNetCore.Mvc.Razor.RazorViewEngine[2]
      View lookup cache hit for view 'Index' in controller 'Home'.
info: Microsoft.AspNetCore.Mvc.ViewFeatures.ViewResultExecutor[1]
      Executing ViewResult, running view Index.
dbug: Microsoft.AspNetCore.Mvc.ViewFeatures.ViewResultExecutor[2]
      The view path '/Views/Home/Index.cshtml' was found in 3.7898ms.
dbug: Microsoft.AspNetCore.Antiforgery.DefaultAntiforgery[6]
      An antiforgery cookie token was reused.
dbug: Microsoft.WebTools.BrowserLink.Net.BrowserLinkMiddleware[1]
      Response markup is scheduled to include Browser Link script injection.
dbug: Microsoft.AspNetCore.Watch.BrowserRefresh.BrowserRefreshMiddleware[1]
      Response markup is scheduled to include browser refresh script injection.
info: Microsoft.AspNetCore.Mvc.ViewFeatures.ViewResultExecutor[4]
      Executed ViewResult - view Index executed in 12.6566ms.
info: Microsoft.AspNetCore.Mvc.Infrastructure.ControllerActionInvoker[105]
      Executed action ParcelManagement2.Controllers.HomeController.Index (ParcelProject) in 19.6723ms
info: Microsoft.AspNetCore.Routing.EndpointMiddleware[1]
      Executed endpoint 'ParcelManagement2.Controllers.HomeController.Index (ParcelProject)'
dbug: Microsoft.WebTools.BrowserLink.Net.BrowserLinkMiddleware[2]
      Response markup was updated to include Browser Link script injection.
dbug: Microsoft.AspNetCore.Watch.BrowserRefresh.BrowserRefreshMiddleware[2]
      Response markup was updated to include browser refresh script injection.
dbug: Microsoft.AspNetCore.Server.IIS.Core.IISHttpServer[1]
      Connection ID "18374686484771897387" disconnecting.
info: Microsoft.AspNetCore.Hosting.Diagnostics[2]
      Request finished HTTP/2 GET https://localhost:44353/Home/Index - 200 - text/html;+charset=utf-8 101.4997ms
info: Microsoft.AspNetCore.Hosting.Diagnostics[1]
      Request starting HTTP/2 GET https://localhost:44353/_framework/aspnetcore-browser-refresh.js - - -
info: Microsoft.AspNetCore.Hosting.Diagnostics[1]
      Request starting HTTP/2 GET https://localhost:44353/_vs/browserLink - - -
info: Microsoft.AspNetCore.Hosting.Diagnostics[1]
      Request starting HTTP/2 POST https://localhost:44353/Home/GetResidentPackageStats - - 0
dbug: Microsoft.AspNetCore.Watch.BrowserRefresh.BrowserScriptMiddleware[0]
      Script injected: /_framework/aspnetcore-browser-refresh.js
dbug: Microsoft.AspNetCore.Server.IIS.Core.IISHttpServer[1]
      Connection ID "18374686489066864772" disconnecting.
info: Microsoft.AspNetCore.Hosting.Diagnostics[2]
      Request finished HTTP/2 GET https://localhost:44353/_framework/aspnetcore-browser-refresh.js - 200 16511 application/javascript;+charset=utf-8 53.8204ms
dbug: Microsoft.AspNetCore.StaticFiles.StaticFileMiddleware[1]
      POST requests are not supported
dbug: Microsoft.AspNetCore.Server.IIS.Core.IISHttpServer[1]
      Connection ID "18302628895028936783" disconnecting.
dbug: Microsoft.AspNetCore.Routing.Matching.DfaMatcher[1001]
      1 candidate(s) found for the request path '/Home/GetResidentPackageStats'
info: Microsoft.AspNetCore.Hosting.Diagnostics[2]
      Request finished HTTP/2 GET https://localhost:44353/_vs/browserLink - 200 - text/javascript;+charset=UTF-8 65.7217ms
dbug: Microsoft.AspNetCore.Routing.Matching.DfaMatcher[1005]
      Endpoint 'ParcelManagement2.Controllers.HomeController.GetResidentPackageStats (ParcelProject)' with route pattern '{controller=Account}/{action=Login}/{id?}' is valid for the request path '/Home/GetResidentPackageStats'
dbug: Microsoft.AspNetCore.Routing.EndpointRoutingMiddleware[1]
      Request matched endpoint 'ParcelManagement2.Controllers.HomeController.GetResidentPackageStats (ParcelProject)'
dbug: Microsoft.AspNetCore.Authentication.Cookies.CookieAuthenticationHandler[8]
      AuthenticationScheme: Cookies was successfully authenticated.
dbug: Microsoft.AspNetCore.Authorization.DefaultAuthorizationService[1]
      Authorization was successful.
info: Microsoft.AspNetCore.Routing.EndpointMiddleware[0]
      Executing endpoint 'ParcelManagement2.Controllers.HomeController.GetResidentPackageStats (ParcelProject)'
info: Microsoft.AspNetCore.Mvc.Infrastructure.ControllerActionInvoker[102]
      Route matched with {action = "GetResidentPackageStats", controller = "Home"}. Executing controller action with signature Microsoft.AspNetCore.Mvc.IActionResult GetResidentPackageStats() on controller ParcelManagement2.Controllers.HomeController (ParcelProject).
dbug: Microsoft.AspNetCore.Mvc.Infrastructure.ControllerActionInvoker[1]
      Execution plan of authorization filters (in the following order): None
dbug: Microsoft.AspNetCore.Mvc.Infrastructure.ControllerActionInvoker[1]
      Execution plan of resource filters (in the following order): Microsoft.AspNetCore.Mvc.ViewFeatures.Filters.SaveTempDataFilter
dbug: Microsoft.AspNetCore.Mvc.Infrastructure.ControllerActionInvoker[1]
      Execution plan of action filters (in the following order): Microsoft.AspNetCore.Mvc.Filters.ControllerActionFilter (Order: -2147483648), Microsoft.AspNetCore.Mvc.ModelBinding.UnsupportedContentTypeFilter (Order: -3000)
dbug: Microsoft.AspNetCore.Mvc.Infrastructure.ControllerActionInvoker[1]
      Execution plan of exception filters (in the following order): None
dbug: Microsoft.AspNetCore.Mvc.Infrastructure.ControllerActionInvoker[1]
      Execution plan of result filters (in the following order): Microsoft.AspNetCore.Mvc.ViewFeatures.Filters.SaveTempDataFilter
dbug: Microsoft.AspNetCore.Mvc.Infrastructure.ControllerActionInvoker[1]
      Executing controller factory for controller ParcelManagement2.Controllers.HomeController (ParcelProject)
dbug: ParcelManagement2.Models.DBConn[0]
      資料庫連線字串已設定
dbug: Microsoft.AspNetCore.Mvc.Infrastructure.ControllerActionInvoker[2]
      Executed controller factory for controller ParcelManagement2.Controllers.HomeController (ParcelProject)
dbug: ParcelManagement2.Models.DBConn[0]
      查詢成功，返回 28 行數據
info: Microsoft.AspNetCore.Mvc.Infrastructure.ContentResultExecutor[1]
      Executing ContentResult with HTTP Response ContentType of application/json
info: Microsoft.AspNetCore.Mvc.Infrastructure.ControllerActionInvoker[105]
      Executed action ParcelManagement2.Controllers.HomeController.GetResidentPackageStats (ParcelProject) in 40.5933ms
info: Microsoft.AspNetCore.Routing.EndpointMiddleware[1]
      Executed endpoint 'ParcelManagement2.Controllers.HomeController.GetResidentPackageStats (ParcelProject)'
info: Microsoft.AspNetCore.Hosting.Diagnostics[2]
      Request finished HTTP/2 POST https://localhost:44353/Home/GetResidentPackageStats - 200 2790 application/json 183.9911ms
dbug: Microsoft.AspNetCore.Server.IIS.Core.IISHttpServer[1]
      Connection ID "18374686484771897389" disconnecting.
dbug: Microsoft.Extensions.Http.DefaultHttpClientFactory[100]
      Starting HttpMessageHandler cleanup cycle with 4 items
dbug: Microsoft.Extensions.Http.DefaultHttpClientFactory[101]
      Ending HttpMessageHandler cleanup cycle after 0.0037ms - processed: 0 items - remaining: 4 items
dbug: Microsoft.Extensions.Http.DefaultHttpClientFactory[100]
      Starting HttpMessageHandler cleanup cycle with 4 items
dbug: Microsoft.Extensions.Http.DefaultHttpClientFactory[101]
      Ending HttpMessageHandler cleanup cycle after 0.0023ms - processed: 0 items - remaining: 4 items
dbug: Microsoft.Extensions.Http.DefaultHttpClientFactory[100]
      Starting HttpMessageHandler cleanup cycle with 4 items
dbug: Microsoft.Extensions.Http.DefaultHttpClientFactory[101]
      Ending HttpMessageHandler cleanup cycle after 0.0088ms - processed: 0 items - remaining: 4 items
dbug: Microsoft.Extensions.Http.DefaultHttpClientFactory[103]
      HttpMessageHandler expired after 120000ms for client ''
dbug: Microsoft.Extensions.Http.DefaultHttpClientFactory[100]
      Starting HttpMessageHandler cleanup cycle with 5 items
dbug: Microsoft.Extensions.Http.DefaultHttpClientFactory[101]
      Ending HttpMessageHandler cleanup cycle after 0.0031ms - processed: 0 items - remaining: 5 items
dbug: Microsoft.Extensions.Http.DefaultHttpClientFactory[100]
      Starting HttpMessageHandler cleanup cycle with 5 items
dbug: Microsoft.Extensions.Http.DefaultHttpClientFactory[101]
      Ending HttpMessageHandler cleanup cycle after 0.0023ms - processed: 0 items - remaining: 5 items
info: Microsoft.AspNetCore.Hosting.Diagnostics[1]
      Request starting HTTP/2 GET https://localhost:44353/.well-known/appspecific/com.chrome.devtools.json - - -
dbug: Microsoft.AspNetCore.StaticFiles.StaticFileMiddleware[5]
      The request path /.well-known/appspecific/com.chrome.devtools.json does not match an existing file
dbug: Microsoft.AspNetCore.Routing.Matching.DfaMatcher[1000]
      No candidates found for the request path '/.well-known/appspecific/com.chrome.devtools.json'
dbug: Microsoft.AspNetCore.Routing.EndpointRoutingMiddleware[2]
      Request did not match any endpoints
dbug: Microsoft.AspNetCore.Authentication.Cookies.CookieAuthenticationHandler[8]
      AuthenticationScheme: Cookies was successfully authenticated.
info: Microsoft.AspNetCore.Hosting.Diagnostics[2]
      Request finished HTTP/2 GET https://localhost:44353/.well-known/appspecific/com.chrome.devtools.json - 404 - - 8.3175ms
dbug: Microsoft.AspNetCore.Server.IIS.Core.IISHttpServer[1]
      Connection ID "18302628925093707842" disconnecting.
info: Microsoft.AspNetCore.Hosting.Diagnostics[16]
      Request reached the end of the middleware pipeline without being handled by application code. Request path: GET https://localhost:44353/.well-known/appspecific/com.chrome.devtools.json, Response status code: 404
dbug: Microsoft.Extensions.Http.DefaultHttpClientFactory[100]
      Starting HttpMessageHandler cleanup cycle with 5 items
dbug: Microsoft.Extensions.Http.DefaultHttpClientFactory[101]
      Ending HttpMessageHandler cleanup cycle after 0.0031ms - processed: 0 items - remaining: 5 items
dbug: Microsoft.Extensions.Http.DefaultHttpClientFactory[100]
      Starting HttpMessageHandler cleanup cycle with 5 items
dbug: Microsoft.Extensions.Http.DefaultHttpClientFactory[101]
      Ending HttpMessageHandler cleanup cycle after 0.0059ms - processed: 0 items - remaining: 5 items
dbug: Microsoft.Extensions.Http.DefaultHttpClientFactory[100]
      Starting HttpMessageHandler cleanup cycle with 5 items
dbug: Microsoft.Extensions.Http.DefaultHttpClientFactory[101]
      Ending HttpMessageHandler cleanup cycle after 0.0073ms - processed: 0 items - remaining: 5 items
dbug: Microsoft.Extensions.Http.DefaultHttpClientFactory[100]
      Starting HttpMessageHandler cleanup cycle with 5 items
dbug: Microsoft.Extensions.Http.DefaultHttpClientFactory[101]
      Ending HttpMessageHandler cleanup cycle after 0.0106ms - processed: 0 items - remaining: 5 items
dbug: Microsoft.Extensions.Http.DefaultHttpClientFactory[100]
      Starting HttpMessageHandler cleanup cycle with 5 items
dbug: Microsoft.Extensions.Http.DefaultHttpClientFactory[101]
      Ending HttpMessageHandler cleanup cycle after 0.0028ms - processed: 0 items - remaining: 5 items
dbug: Microsoft.Extensions.Http.DefaultHttpClientFactory[100]
      Starting HttpMessageHandler cleanup cycle with 5 items
dbug: Microsoft.Extensions.Http.DefaultHttpClientFactory[101]
      Ending HttpMessageHandler cleanup cycle after 0.0052ms - processed: 0 items - remaining: 5 items
dbug: Microsoft.Extensions.Http.DefaultHttpClientFactory[100]
      Starting HttpMessageHandler cleanup cycle with 5 items
dbug: Microsoft.Extensions.Http.DefaultHttpClientFactory[101]
      Ending HttpMessageHandler cleanup cycle after 0.0021ms - processed: 0 items - remaining: 5 items
info: Microsoft.AspNetCore.Hosting.Diagnostics[1]
      Request starting HTTP/2 GET https://localhost:44353/Home/Index - - -
dbug: Microsoft.AspNetCore.StaticFiles.StaticFileMiddleware[4]
      The request path /Home/Index does not match a supported file type
dbug: Microsoft.AspNetCore.Routing.Matching.DfaMatcher[1001]
      1 candidate(s) found for the request path '/Home/Index'
dbug: Microsoft.AspNetCore.Routing.Matching.DfaMatcher[1005]
      Endpoint 'ParcelManagement2.Controllers.HomeController.Index (ParcelProject)' with route pattern '{controller=Account}/{action=Login}/{id?}' is valid for the request path '/Home/Index'
dbug: Microsoft.AspNetCore.Routing.EndpointRoutingMiddleware[1]
      Request matched endpoint 'ParcelManagement2.Controllers.HomeController.Index (ParcelProject)'
dbug: Microsoft.AspNetCore.Authentication.Cookies.CookieAuthenticationHandler[8]
      AuthenticationScheme: Cookies was successfully authenticated.
dbug: Microsoft.AspNetCore.Authorization.DefaultAuthorizationService[1]
      Authorization was successful.
info: Microsoft.AspNetCore.Routing.EndpointMiddleware[0]
      Executing endpoint 'ParcelManagement2.Controllers.HomeController.Index (ParcelProject)'
info: Microsoft.AspNetCore.Mvc.Infrastructure.ControllerActionInvoker[102]
      Route matched with {action = "Index", controller = "Home"}. Executing controller action with signature Microsoft.AspNetCore.Mvc.IActionResult Index() on controller ParcelManagement2.Controllers.HomeController (ParcelProject).
dbug: Microsoft.AspNetCore.Mvc.Infrastructure.ControllerActionInvoker[1]
      Execution plan of authorization filters (in the following order): None
dbug: Microsoft.AspNetCore.Mvc.Infrastructure.ControllerActionInvoker[1]
      Execution plan of resource filters (in the following order): Microsoft.AspNetCore.Mvc.ViewFeatures.Filters.SaveTempDataFilter
dbug: Microsoft.AspNetCore.Mvc.Infrastructure.ControllerActionInvoker[1]
      Execution plan of action filters (in the following order): Microsoft.AspNetCore.Mvc.Filters.ControllerActionFilter (Order: -2147483648), Microsoft.AspNetCore.Mvc.ModelBinding.UnsupportedContentTypeFilter (Order: -3000)
dbug: Microsoft.AspNetCore.Mvc.Infrastructure.ControllerActionInvoker[1]
      Execution plan of exception filters (in the following order): None
dbug: Microsoft.AspNetCore.Mvc.Infrastructure.ControllerActionInvoker[1]
      Execution plan of result filters (in the following order): Microsoft.AspNetCore.Mvc.ViewFeatures.Filters.SaveTempDataFilter
dbug: Microsoft.AspNetCore.Mvc.Infrastructure.ControllerActionInvoker[1]
      Executing controller factory for controller ParcelManagement2.Controllers.HomeController (ParcelProject)
dbug: ParcelManagement2.Models.DBConn[0]
      資料庫連線字串已設定
dbug: Microsoft.AspNetCore.Mvc.Infrastructure.ControllerActionInvoker[2]
      Executed controller factory for controller ParcelManagement2.Controllers.HomeController (ParcelProject)
dbug: Microsoft.AspNetCore.Mvc.Razor.RazorViewEngine[1]
      View lookup cache miss for view 'Index' in controller 'Home'.
dbug: Microsoft.AspNetCore.Mvc.Razor.Compilation.DefaultViewCompiler[3]
      Initializing Razor view compiler with compiled view: '/Views/Account/AccessDenied.cshtml'.
dbug: Microsoft.AspNetCore.Mvc.Razor.Compilation.DefaultViewCompiler[3]
      Initializing Razor view compiler with compiled view: '/Views/Account/Login.cshtml'.
dbug: Microsoft.AspNetCore.Mvc.Razor.Compilation.DefaultViewCompiler[3]
      Initializing Razor view compiler with compiled view: '/Views/Home/Index.cshtml'.
dbug: Microsoft.AspNetCore.Mvc.Razor.Compilation.DefaultViewCompiler[3]
      Initializing Razor view compiler with compiled view: '/Views/Home/Index_back.cshtml'.
dbug: Microsoft.AspNetCore.Mvc.Razor.Compilation.DefaultViewCompiler[3]
      Initializing Razor view compiler with compiled view: '/Views/Home/Packages.cshtml'.
dbug: Microsoft.AspNetCore.Mvc.Razor.Compilation.DefaultViewCompiler[3]
      Initializing Razor view compiler with compiled view: '/Views/Home/Privacy.cshtml'.
dbug: Microsoft.AspNetCore.Mvc.Razor.Compilation.DefaultViewCompiler[3]
      Initializing Razor view compiler with compiled view: '/Views/Resident/Edit.cshtml'.
dbug: Microsoft.AspNetCore.Mvc.Razor.Compilation.DefaultViewCompiler[3]
      Initializing Razor view compiler with compiled view: '/Views/Resident/Home.cshtml'.
dbug: Microsoft.AspNetCore.Mvc.Razor.Compilation.DefaultViewCompiler[3]
      Initializing Razor view compiler with compiled view: '/Views/Resident/MyPackages.cshtml'.
dbug: Microsoft.AspNetCore.Mvc.Razor.Compilation.DefaultViewCompiler[3]
      Initializing Razor view compiler with compiled view: '/Views/Resident/PackagePhoto.cshtml'.
dbug: Microsoft.AspNetCore.Mvc.Razor.Compilation.DefaultViewCompiler[3]
      Initializing Razor view compiler with compiled view: '/Views/Shared/Error.cshtml'.
dbug: Microsoft.AspNetCore.Mvc.Razor.Compilation.DefaultViewCompiler[3]
      Initializing Razor view compiler with compiled view: '/Views/Shared/_AdminLayout.cshtml'.
dbug: Microsoft.AspNetCore.Mvc.Razor.Compilation.DefaultViewCompiler[3]
      Initializing Razor view compiler with compiled view: '/Views/Shared/_Layout.cshtml'.
dbug: Microsoft.AspNetCore.Mvc.Razor.Compilation.DefaultViewCompiler[3]
      Initializing Razor view compiler with compiled view: '/Views/Shared/_ResidentLayout.cshtml'.
dbug: Microsoft.AspNetCore.Mvc.Razor.Compilation.DefaultViewCompiler[3]
      Initializing Razor view compiler with compiled view: '/Views/Shared/_ValidationScriptsPartial.cshtml'.
dbug: Microsoft.AspNetCore.Mvc.Razor.Compilation.DefaultViewCompiler[3]
      Initializing Razor view compiler with compiled view: '/Views/_ViewImports.cshtml'.
dbug: Microsoft.AspNetCore.Mvc.Razor.Compilation.DefaultViewCompiler[3]
      Initializing Razor view compiler with compiled view: '/Views/_ViewStart.cshtml'.
dbug: Microsoft.AspNetCore.Mvc.Razor.Compilation.DefaultViewCompiler[3]
      Initializing Razor view compiler with compiled view: '/Views/Shared/_Layout_back.cshtml'.
info: Microsoft.AspNetCore.Mvc.ViewFeatures.ViewResultExecutor[1]
      Executing ViewResult, running view Index.
dbug: Microsoft.AspNetCore.Mvc.ViewFeatures.ViewResultExecutor[2]
      The view path '/Views/Home/Index.cshtml' was found in 23.4892ms.
dbug: Microsoft.AspNetCore.Antiforgery.DefaultAntiforgery[6]
      An antiforgery cookie token was reused.
dbug: Microsoft.WebTools.BrowserLink.Net.BrowserLinkMiddleware[1]
      Response markup is scheduled to include Browser Link script injection.
dbug: Microsoft.AspNetCore.Watch.BrowserRefresh.BrowserRefreshMiddleware[1]
      Response markup is scheduled to include browser refresh script injection.
info: Microsoft.AspNetCore.Mvc.ViewFeatures.ViewResultExecutor[4]
      Executed ViewResult - view Index executed in 33.9957ms.
info: Microsoft.AspNetCore.Mvc.Infrastructure.ControllerActionInvoker[105]
      Executed action ParcelManagement2.Controllers.HomeController.Index (ParcelProject) in 39.001ms
info: Microsoft.AspNetCore.Routing.EndpointMiddleware[1]
      Executed endpoint 'ParcelManagement2.Controllers.HomeController.Index (ParcelProject)'
dbug: Microsoft.WebTools.BrowserLink.Net.BrowserLinkMiddleware[2]
      Response markup was updated to include Browser Link script injection.
dbug: Microsoft.AspNetCore.Watch.BrowserRefresh.BrowserRefreshMiddleware[2]
      Response markup was updated to include browser refresh script injection.
dbug: Microsoft.AspNetCore.Server.IIS.Core.IISHttpServer[1]
      Connection ID "17654110583047323739" disconnecting.
info: Microsoft.AspNetCore.Hosting.Diagnostics[2]
      Request finished HTTP/2 GET https://localhost:44353/Home/Index - 200 - text/html;+charset=utf-8 66.3843ms
info: Microsoft.AspNetCore.Hosting.Diagnostics[1]
      Request starting HTTP/2 GET https://localhost:44353/_framework/aspnetcore-browser-refresh.js - - -
info: Microsoft.AspNetCore.Hosting.Diagnostics[1]
      Request starting HTTP/2 GET https://localhost:44353/_vs/browserLink - - -
dbug: Microsoft.AspNetCore.Watch.BrowserRefresh.BrowserScriptMiddleware[0]
      Script injected: /_framework/aspnetcore-browser-refresh.js
info: Microsoft.AspNetCore.Hosting.Diagnostics[2]
      Request finished HTTP/2 GET https://localhost:44353/_framework/aspnetcore-browser-refresh.js - 200 16511 application/javascript;+charset=utf-8 4.8584ms
dbug: Microsoft.AspNetCore.Server.IIS.Core.IISHttpServer[1]
      Connection ID "18302628968043380773" disconnecting.
dbug: Microsoft.AspNetCore.Server.IIS.Core.IISHttpServer[1]
      Connection ID "18374686562081308749" disconnecting.
info: Microsoft.AspNetCore.Hosting.Diagnostics[2]
      Request finished HTTP/2 GET https://localhost:44353/_vs/browserLink - 200 - text/javascript;+charset=UTF-8 11.6014ms
info: Microsoft.AspNetCore.Hosting.Diagnostics[1]
      Request starting HTTP/2 POST https://localhost:44353/Home/GetResidentPackageStats - - 0
dbug: Microsoft.AspNetCore.StaticFiles.StaticFileMiddleware[1]
      POST requests are not supported
dbug: Microsoft.AspNetCore.Routing.Matching.DfaMatcher[1001]
      1 candidate(s) found for the request path '/Home/GetResidentPackageStats'
dbug: Microsoft.AspNetCore.Routing.Matching.DfaMatcher[1005]
      Endpoint 'ParcelManagement2.Controllers.HomeController.GetResidentPackageStats (ParcelProject)' with route pattern '{controller=Account}/{action=Login}/{id?}' is valid for the request path '/Home/GetResidentPackageStats'
dbug: Microsoft.AspNetCore.Routing.EndpointRoutingMiddleware[1]
      Request matched endpoint 'ParcelManagement2.Controllers.HomeController.GetResidentPackageStats (ParcelProject)'
dbug: Microsoft.AspNetCore.Authentication.Cookies.CookieAuthenticationHandler[8]
      AuthenticationScheme: Cookies was successfully authenticated.
dbug: Microsoft.AspNetCore.Authorization.DefaultAuthorizationService[1]
      Authorization was successful.
info: Microsoft.AspNetCore.Routing.EndpointMiddleware[0]
      Executing endpoint 'ParcelManagement2.Controllers.HomeController.GetResidentPackageStats (ParcelProject)'
info: Microsoft.AspNetCore.Mvc.Infrastructure.ControllerActionInvoker[102]
      Route matched with {action = "GetResidentPackageStats", controller = "Home"}. Executing controller action with signature Microsoft.AspNetCore.Mvc.IActionResult GetResidentPackageStats() on controller ParcelManagement2.Controllers.HomeController (ParcelProject).
dbug: Microsoft.AspNetCore.Mvc.Infrastructure.ControllerActionInvoker[1]
      Execution plan of authorization filters (in the following order): None
dbug: Microsoft.AspNetCore.Mvc.Infrastructure.ControllerActionInvoker[1]
      Execution plan of resource filters (in the following order): Microsoft.AspNetCore.Mvc.ViewFeatures.Filters.SaveTempDataFilter
dbug: Microsoft.AspNetCore.Mvc.Infrastructure.ControllerActionInvoker[1]
      Execution plan of action filters (in the following order): Microsoft.AspNetCore.Mvc.Filters.ControllerActionFilter (Order: -2147483648), Microsoft.AspNetCore.Mvc.ModelBinding.UnsupportedContentTypeFilter (Order: -3000)
dbug: Microsoft.AspNetCore.Mvc.Infrastructure.ControllerActionInvoker[1]
      Execution plan of exception filters (in the following order): None
dbug: Microsoft.AspNetCore.Mvc.Infrastructure.ControllerActionInvoker[1]
      Execution plan of result filters (in the following order): Microsoft.AspNetCore.Mvc.ViewFeatures.Filters.SaveTempDataFilter
dbug: Microsoft.AspNetCore.Mvc.Infrastructure.ControllerActionInvoker[1]
      Executing controller factory for controller ParcelManagement2.Controllers.HomeController (ParcelProject)
dbug: ParcelManagement2.Models.DBConn[0]
      資料庫連線字串已設定
dbug: Microsoft.AspNetCore.Mvc.Infrastructure.ControllerActionInvoker[2]
      Executed controller factory for controller ParcelManagement2.Controllers.HomeController (ParcelProject)
dbug: ParcelManagement2.Models.DBConn[0]
      查詢成功，返回 28 行數據
info: Microsoft.AspNetCore.Mvc.Infrastructure.ContentResultExecutor[1]
      Executing ContentResult with HTTP Response ContentType of application/json
info: Microsoft.AspNetCore.Mvc.Infrastructure.ControllerActionInvoker[105]
      Executed action ParcelManagement2.Controllers.HomeController.GetResidentPackageStats (ParcelProject) in 34.3617ms
info: Microsoft.AspNetCore.Routing.EndpointMiddleware[1]
      Executed endpoint 'ParcelManagement2.Controllers.HomeController.GetResidentPackageStats (ParcelProject)'
info: Microsoft.AspNetCore.Hosting.Diagnostics[2]
      Request finished HTTP/2 POST https://localhost:44353/Home/GetResidentPackageStats - 200 2790 application/json 66.6115ms
dbug: Microsoft.AspNetCore.Server.IIS.Core.IISHttpServer[1]
      Connection ID "18086456104325218333" disconnecting.
dbug: Microsoft.Extensions.Http.DefaultHttpClientFactory[100]
      Starting HttpMessageHandler cleanup cycle with 5 items
dbug: Microsoft.Extensions.Http.DefaultHttpClientFactory[101]
      Ending HttpMessageHandler cleanup cycle after 0.0039ms - processed: 0 items - remaining: 5 items
dbug: Microsoft.Extensions.Http.DefaultHttpClientFactory[100]
      Starting HttpMessageHandler cleanup cycle with 5 items
dbug: Microsoft.Extensions.Http.DefaultHttpClientFactory[101]
      Ending HttpMessageHandler cleanup cycle after 0.0061ms - processed: 0 items - remaining: 5 items
dbug: Microsoft.Extensions.Http.DefaultHttpClientFactory[100]
      Starting HttpMessageHandler cleanup cycle with 5 items
dbug: Microsoft.Extensions.Http.DefaultHttpClientFactory[101]
      Ending HttpMessageHandler cleanup cycle after 0.0021ms - processed: 0 items - remaining: 5 items
dbug: Microsoft.Extensions.Http.DefaultHttpClientFactory[100]
      Starting HttpMessageHandler cleanup cycle with 5 items
dbug: Microsoft.Extensions.Http.DefaultHttpClientFactory[101]
      Ending HttpMessageHandler cleanup cycle after 0.0029ms - processed: 0 items - remaining: 5 items
dbug: Microsoft.Extensions.Http.DefaultHttpClientFactory[100]
      Starting HttpMessageHandler cleanup cycle with 5 items
dbug: Microsoft.Extensions.Http.DefaultHttpClientFactory[101]
      Ending HttpMessageHandler cleanup cycle after 0.0062ms - processed: 0 items - remaining: 5 items
dbug: Microsoft.Extensions.Http.DefaultHttpClientFactory[100]
      Starting HttpMessageHandler cleanup cycle with 5 items
dbug: Microsoft.Extensions.Http.DefaultHttpClientFactory[101]
      Ending HttpMessageHandler cleanup cycle after 0.0029ms - processed: 0 items - remaining: 5 items
dbug: Microsoft.Extensions.Http.DefaultHttpClientFactory[100]
      Starting HttpMessageHandler cleanup cycle with 5 items
dbug: Microsoft.Extensions.Http.DefaultHttpClientFactory[101]
      Ending HttpMessageHandler cleanup cycle after 0.0092ms - processed: 0 items - remaining: 5 items
dbug: Microsoft.Extensions.Http.DefaultHttpClientFactory[100]
      Starting HttpMessageHandler cleanup cycle with 5 items
dbug: Microsoft.Extensions.Http.DefaultHttpClientFactory[101]
      Ending HttpMessageHandler cleanup cycle after 0.0095ms - processed: 0 items - remaining: 5 items
dbug: Microsoft.Extensions.Http.DefaultHttpClientFactory[100]
      Starting HttpMessageHandler cleanup cycle with 5 items
dbug: Microsoft.Extensions.Http.DefaultHttpClientFactory[101]
      Ending HttpMessageHandler cleanup cycle after 0.0092ms - processed: 0 items - remaining: 5 items
dbug: Microsoft.Extensions.Http.DefaultHttpClientFactory[100]
      Starting HttpMessageHandler cleanup cycle with 5 items
dbug: Microsoft.Extensions.Http.DefaultHttpClientFactory[101]
      Ending HttpMessageHandler cleanup cycle after 0.0039ms - processed: 0 items - remaining: 5 items
dbug: Microsoft.Extensions.Http.DefaultHttpClientFactory[100]
      Starting HttpMessageHandler cleanup cycle with 5 items
dbug: Microsoft.Extensions.Http.DefaultHttpClientFactory[101]
      Ending HttpMessageHandler cleanup cycle after 0.0094ms - processed: 0 items - remaining: 5 items
dbug: Microsoft.Extensions.Http.DefaultHttpClientFactory[100]
      Starting HttpMessageHandler cleanup cycle with 5 items
dbug: Microsoft.Extensions.Http.DefaultHttpClientFactory[101]
      Ending HttpMessageHandler cleanup cycle after 0.0069ms - processed: 0 items - remaining: 5 items
dbug: Microsoft.Extensions.Http.DefaultHttpClientFactory[103]
      HttpMessageHandler expired after 120000ms for client ''
dbug: Microsoft.Extensions.Http.DefaultHttpClientFactory[100]
      Starting HttpMessageHandler cleanup cycle with 6 items
dbug: Microsoft.Extensions.Http.DefaultHttpClientFactory[101]
      Ending HttpMessageHandler cleanup cycle after 0.0099ms - processed: 0 items - remaining: 6 items
dbug: Microsoft.Extensions.Http.DefaultHttpClientFactory[100]
      Starting HttpMessageHandler cleanup cycle with 6 items
dbug: Microsoft.Extensions.Http.DefaultHttpClientFactory[101]
      Ending HttpMessageHandler cleanup cycle after 0.0037ms - processed: 0 items - remaining: 6 items
dbug: Microsoft.Extensions.Http.DefaultHttpClientFactory[100]
      Starting HttpMessageHandler cleanup cycle with 6 items
dbug: Microsoft.Extensions.Http.DefaultHttpClientFactory[101]
      Ending HttpMessageHandler cleanup cycle after 0.0037ms - processed: 0 items - remaining: 6 items
dbug: Microsoft.Extensions.Http.DefaultHttpClientFactory[100]
      Starting HttpMessageHandler cleanup cycle with 6 items
dbug: Microsoft.Extensions.Http.DefaultHttpClientFactory[101]
      Ending HttpMessageHandler cleanup cycle after 0.0027ms - processed: 0 items - remaining: 6 items
dbug: Microsoft.Extensions.Http.DefaultHttpClientFactory[100]
      Starting HttpMessageHandler cleanup cycle with 6 items
dbug: Microsoft.Extensions.Http.DefaultHttpClientFactory[101]
      Ending HttpMessageHandler cleanup cycle after 0.0029ms - processed: 0 items - remaining: 6 items
dbug: Microsoft.Extensions.Http.DefaultHttpClientFactory[100]
      Starting HttpMessageHandler cleanup cycle with 6 items
dbug: Microsoft.Extensions.Http.DefaultHttpClientFactory[101]
      Ending HttpMessageHandler cleanup cycle after 0.0025ms - processed: 0 items - remaining: 6 items
dbug: Microsoft.Extensions.Http.DefaultHttpClientFactory[100]
      Starting HttpMessageHandler cleanup cycle with 6 items
dbug: Microsoft.Extensions.Http.DefaultHttpClientFactory[101]
      Ending HttpMessageHandler cleanup cycle after 0.0059ms - processed: 0 items - remaining: 6 items
info: Microsoft.AspNetCore.Hosting.Diagnostics[1]
      Request starting HTTP/2 GET https://localhost:44353/Home/Index - - -
dbug: Microsoft.AspNetCore.StaticFiles.StaticFileMiddleware[4]
      The request path /Home/Index does not match a supported file type
dbug: Microsoft.AspNetCore.Routing.Matching.DfaMatcher[1001]
      1 candidate(s) found for the request path '/Home/Index'
dbug: Microsoft.AspNetCore.Routing.Matching.DfaMatcher[1005]
      Endpoint 'ParcelManagement2.Controllers.HomeController.Index (ParcelProject)' with route pattern '{controller=Account}/{action=Login}/{id?}' is valid for the request path '/Home/Index'
dbug: Microsoft.AspNetCore.Routing.EndpointRoutingMiddleware[1]
      Request matched endpoint 'ParcelManagement2.Controllers.HomeController.Index (ParcelProject)'
dbug: Microsoft.AspNetCore.Authentication.Cookies.CookieAuthenticationHandler[8]
      AuthenticationScheme: Cookies was successfully authenticated.
dbug: Microsoft.AspNetCore.Authorization.DefaultAuthorizationService[1]
      Authorization was successful.
info: Microsoft.AspNetCore.Routing.EndpointMiddleware[0]
      Executing endpoint 'ParcelManagement2.Controllers.HomeController.Index (ParcelProject)'
info: Microsoft.AspNetCore.Mvc.Infrastructure.ControllerActionInvoker[102]
      Route matched with {action = "Index", controller = "Home"}. Executing controller action with signature Microsoft.AspNetCore.Mvc.IActionResult Index() on controller ParcelManagement2.Controllers.HomeController (ParcelProject).
dbug: Microsoft.AspNetCore.Mvc.Infrastructure.ControllerActionInvoker[1]
      Execution plan of authorization filters (in the following order): None
dbug: Microsoft.AspNetCore.Mvc.Infrastructure.ControllerActionInvoker[1]
      Execution plan of resource filters (in the following order): Microsoft.AspNetCore.Mvc.ViewFeatures.Filters.SaveTempDataFilter
dbug: Microsoft.AspNetCore.Mvc.Infrastructure.ControllerActionInvoker[1]
      Execution plan of action filters (in the following order): Microsoft.AspNetCore.Mvc.Filters.ControllerActionFilter (Order: -2147483648), Microsoft.AspNetCore.Mvc.ModelBinding.UnsupportedContentTypeFilter (Order: -3000)
dbug: Microsoft.AspNetCore.Mvc.Infrastructure.ControllerActionInvoker[1]
      Execution plan of exception filters (in the following order): None
dbug: Microsoft.AspNetCore.Mvc.Infrastructure.ControllerActionInvoker[1]
      Execution plan of result filters (in the following order): Microsoft.AspNetCore.Mvc.ViewFeatures.Filters.SaveTempDataFilter
dbug: Microsoft.AspNetCore.Mvc.Infrastructure.ControllerActionInvoker[1]
      Executing controller factory for controller ParcelManagement2.Controllers.HomeController (ParcelProject)
dbug: ParcelManagement2.Models.DBConn[0]
      資料庫連線字串已設定
dbug: Microsoft.AspNetCore.Mvc.Infrastructure.ControllerActionInvoker[2]
      Executed controller factory for controller ParcelManagement2.Controllers.HomeController (ParcelProject)
dbug: Microsoft.AspNetCore.Mvc.Razor.RazorViewEngine[1]
      View lookup cache miss for view 'Index' in controller 'Home'.
dbug: Microsoft.AspNetCore.Mvc.Razor.Compilation.DefaultViewCompiler[3]
      Initializing Razor view compiler with compiled view: '/Views/Account/AccessDenied.cshtml'.
dbug: Microsoft.AspNetCore.Mvc.Razor.Compilation.DefaultViewCompiler[3]
      Initializing Razor view compiler with compiled view: '/Views/Account/Login.cshtml'.
dbug: Microsoft.AspNetCore.Mvc.Razor.Compilation.DefaultViewCompiler[3]
      Initializing Razor view compiler with compiled view: '/Views/Home/Index.cshtml'.
dbug: Microsoft.AspNetCore.Mvc.Razor.Compilation.DefaultViewCompiler[3]
      Initializing Razor view compiler with compiled view: '/Views/Home/Index_back.cshtml'.
dbug: Microsoft.AspNetCore.Mvc.Razor.Compilation.DefaultViewCompiler[3]
      Initializing Razor view compiler with compiled view: '/Views/Home/Packages.cshtml'.
dbug: Microsoft.AspNetCore.Mvc.Razor.Compilation.DefaultViewCompiler[3]
      Initializing Razor view compiler with compiled view: '/Views/Home/Privacy.cshtml'.
dbug: Microsoft.AspNetCore.Mvc.Razor.Compilation.DefaultViewCompiler[3]
      Initializing Razor view compiler with compiled view: '/Views/Resident/Edit.cshtml'.
dbug: Microsoft.AspNetCore.Mvc.Razor.Compilation.DefaultViewCompiler[3]
      Initializing Razor view compiler with compiled view: '/Views/Resident/Home.cshtml'.
dbug: Microsoft.AspNetCore.Mvc.Razor.Compilation.DefaultViewCompiler[3]
      Initializing Razor view compiler with compiled view: '/Views/Resident/MyPackages.cshtml'.
dbug: Microsoft.AspNetCore.Mvc.Razor.Compilation.DefaultViewCompiler[3]
      Initializing Razor view compiler with compiled view: '/Views/Resident/PackagePhoto.cshtml'.
dbug: Microsoft.AspNetCore.Mvc.Razor.Compilation.DefaultViewCompiler[3]
      Initializing Razor view compiler with compiled view: '/Views/Shared/Error.cshtml'.
dbug: Microsoft.AspNetCore.Mvc.Razor.Compilation.DefaultViewCompiler[3]
      Initializing Razor view compiler with compiled view: '/Views/Shared/_AdminLayout.cshtml'.
dbug: Microsoft.AspNetCore.Mvc.Razor.Compilation.DefaultViewCompiler[3]
      Initializing Razor view compiler with compiled view: '/Views/Shared/_Layout.cshtml'.
dbug: Microsoft.AspNetCore.Mvc.Razor.Compilation.DefaultViewCompiler[3]
      Initializing Razor view compiler with compiled view: '/Views/Shared/_ResidentLayout.cshtml'.
dbug: Microsoft.AspNetCore.Mvc.Razor.Compilation.DefaultViewCompiler[3]
      Initializing Razor view compiler with compiled view: '/Views/Shared/_ValidationScriptsPartial.cshtml'.
dbug: Microsoft.AspNetCore.Mvc.Razor.Compilation.DefaultViewCompiler[3]
      Initializing Razor view compiler with compiled view: '/Views/_ViewImports.cshtml'.
dbug: Microsoft.AspNetCore.Mvc.Razor.Compilation.DefaultViewCompiler[3]
      Initializing Razor view compiler with compiled view: '/Views/_ViewStart.cshtml'.
dbug: Microsoft.AspNetCore.Mvc.Razor.Compilation.DefaultViewCompiler[3]
      Initializing Razor view compiler with compiled view: '/Views/Shared/_Layout_back.cshtml'.
info: Microsoft.AspNetCore.Mvc.ViewFeatures.ViewResultExecutor[1]
      Executing ViewResult, running view Index.
dbug: Microsoft.AspNetCore.Mvc.ViewFeatures.ViewResultExecutor[2]
      The view path '/Views/Home/Index.cshtml' was found in 24.1581ms.
dbug: Microsoft.AspNetCore.Antiforgery.DefaultAntiforgery[6]
      An antiforgery cookie token was reused.
dbug: Microsoft.WebTools.BrowserLink.Net.BrowserLinkMiddleware[1]
      Response markup is scheduled to include Browser Link script injection.
dbug: Microsoft.AspNetCore.Watch.BrowserRefresh.BrowserRefreshMiddleware[1]
      Response markup is scheduled to include browser refresh script injection.
info: Microsoft.AspNetCore.Mvc.ViewFeatures.ViewResultExecutor[4]
      Executed ViewResult - view Index executed in 34.3697ms.
info: Microsoft.AspNetCore.Mvc.Infrastructure.ControllerActionInvoker[105]
      Executed action ParcelManagement2.Controllers.HomeController.Index (ParcelProject) in 39.3941ms
info: Microsoft.AspNetCore.Routing.EndpointMiddleware[1]
      Executed endpoint 'ParcelManagement2.Controllers.HomeController.Index (ParcelProject)'
dbug: Microsoft.WebTools.BrowserLink.Net.BrowserLinkMiddleware[2]
      Response markup was updated to include Browser Link script injection.
dbug: Microsoft.AspNetCore.Watch.BrowserRefresh.BrowserRefreshMiddleware[2]
      Response markup was updated to include browser refresh script injection.
dbug: Microsoft.AspNetCore.Server.IIS.Core.IISHttpServer[1]
      Connection ID "18302628895028936787" disconnecting.
info: Microsoft.AspNetCore.Hosting.Diagnostics[2]
      Request finished HTTP/2 GET https://localhost:44353/Home/Index - 200 - text/html;+charset=utf-8 68.2386ms
info: Microsoft.AspNetCore.Hosting.Diagnostics[1]
      Request starting HTTP/2 GET https://localhost:44353/_vs/browserLink - - -
info: Microsoft.AspNetCore.Hosting.Diagnostics[1]
      Request starting HTTP/2 GET https://localhost:44353/_framework/aspnetcore-browser-refresh.js - - -
dbug: Microsoft.AspNetCore.Watch.BrowserRefresh.BrowserScriptMiddleware[0]
      Script injected: /_framework/aspnetcore-browser-refresh.js
info: Microsoft.AspNetCore.Hosting.Diagnostics[2]
      Request finished HTTP/2 GET https://localhost:44353/_framework/aspnetcore-browser-refresh.js - 200 16511 application/javascript;+charset=utf-8 5.9290ms
dbug: Microsoft.AspNetCore.Server.IIS.Core.IISHttpServer[1]
      Connection ID "18374686540606472334" disconnecting.
dbug: Microsoft.AspNetCore.Server.IIS.Core.IISHttpServer[1]
      Connection ID "17942340963494002790" disconnecting.
info: Microsoft.AspNetCore.Hosting.Diagnostics[2]
      Request finished HTTP/2 GET https://localhost:44353/_vs/browserLink - 200 - text/javascript;+charset=UTF-8 12.9691ms
info: Microsoft.AspNetCore.Hosting.Diagnostics[1]
      Request starting HTTP/2 POST https://localhost:44353/Home/GetResidentPackageStats - - 0
dbug: Microsoft.AspNetCore.StaticFiles.StaticFileMiddleware[1]
      POST requests are not supported
dbug: Microsoft.AspNetCore.Routing.Matching.DfaMatcher[1001]
      1 candidate(s) found for the request path '/Home/GetResidentPackageStats'
dbug: Microsoft.AspNetCore.Routing.Matching.DfaMatcher[1005]
      Endpoint 'ParcelManagement2.Controllers.HomeController.GetResidentPackageStats (ParcelProject)' with route pattern '{controller=Account}/{action=Login}/{id?}' is valid for the request path '/Home/GetResidentPackageStats'
dbug: Microsoft.AspNetCore.Routing.EndpointRoutingMiddleware[1]
      Request matched endpoint 'ParcelManagement2.Controllers.HomeController.GetResidentPackageStats (ParcelProject)'
dbug: Microsoft.AspNetCore.Authentication.Cookies.CookieAuthenticationHandler[8]
      AuthenticationScheme: Cookies was successfully authenticated.
dbug: Microsoft.AspNetCore.Authorization.DefaultAuthorizationService[1]
      Authorization was successful.
info: Microsoft.AspNetCore.Routing.EndpointMiddleware[0]
      Executing endpoint 'ParcelManagement2.Controllers.HomeController.GetResidentPackageStats (ParcelProject)'
info: Microsoft.AspNetCore.Mvc.Infrastructure.ControllerActionInvoker[102]
      Route matched with {action = "GetResidentPackageStats", controller = "Home"}. Executing controller action with signature Microsoft.AspNetCore.Mvc.IActionResult GetResidentPackageStats() on controller ParcelManagement2.Controllers.HomeController (ParcelProject).
dbug: Microsoft.AspNetCore.Mvc.Infrastructure.ControllerActionInvoker[1]
      Execution plan of authorization filters (in the following order): None
dbug: Microsoft.AspNetCore.Mvc.Infrastructure.ControllerActionInvoker[1]
      Execution plan of resource filters (in the following order): Microsoft.AspNetCore.Mvc.ViewFeatures.Filters.SaveTempDataFilter
dbug: Microsoft.AspNetCore.Mvc.Infrastructure.ControllerActionInvoker[1]
      Execution plan of action filters (in the following order): Microsoft.AspNetCore.Mvc.Filters.ControllerActionFilter (Order: -2147483648), Microsoft.AspNetCore.Mvc.ModelBinding.UnsupportedContentTypeFilter (Order: -3000)
dbug: Microsoft.AspNetCore.Mvc.Infrastructure.ControllerActionInvoker[1]
      Execution plan of exception filters (in the following order): None
dbug: Microsoft.AspNetCore.Mvc.Infrastructure.ControllerActionInvoker[1]
      Execution plan of result filters (in the following order): Microsoft.AspNetCore.Mvc.ViewFeatures.Filters.SaveTempDataFilter
dbug: Microsoft.AspNetCore.Mvc.Infrastructure.ControllerActionInvoker[1]
      Executing controller factory for controller ParcelManagement2.Controllers.HomeController (ParcelProject)
dbug: ParcelManagement2.Models.DBConn[0]
      資料庫連線字串已設定
dbug: Microsoft.AspNetCore.Mvc.Infrastructure.ControllerActionInvoker[2]
      Executed controller factory for controller ParcelManagement2.Controllers.HomeController (ParcelProject)
dbug: ParcelManagement2.Models.DBConn[0]
      查詢成功，返回 28 行數據
info: Microsoft.AspNetCore.Mvc.Infrastructure.ContentResultExecutor[1]
      Executing ContentResult with HTTP Response ContentType of application/json
info: Microsoft.AspNetCore.Mvc.Infrastructure.ControllerActionInvoker[105]
      Executed action ParcelManagement2.Controllers.HomeController.GetResidentPackageStats (ParcelProject) in 33.3863ms
info: Microsoft.AspNetCore.Routing.EndpointMiddleware[1]
      Executed endpoint 'ParcelManagement2.Controllers.HomeController.GetResidentPackageStats (ParcelProject)'
info: Microsoft.AspNetCore.Hosting.Diagnostics[2]
      Request finished HTTP/2 POST https://localhost:44353/Home/GetResidentPackageStats - 200 2790 application/json 63.5644ms
dbug: Microsoft.AspNetCore.Server.IIS.Core.IISHttpServer[1]
      Connection ID "18374686532016537654" disconnecting.
info: Microsoft.AspNetCore.Hosting.Diagnostics[1]
      Request starting HTTP/2 GET https://localhost:44353/Home/Packages?red_id=R1010101&status=%E6%9C%AA%E5%8F%96 - - -
dbug: Microsoft.AspNetCore.StaticFiles.StaticFileMiddleware[4]
      The request path /Home/Packages does not match a supported file type
dbug: Microsoft.AspNetCore.Routing.Matching.DfaMatcher[1001]
      1 candidate(s) found for the request path '/Home/Packages'
dbug: Microsoft.AspNetCore.Routing.Matching.DfaMatcher[1005]
      Endpoint 'ParcelManagement2.Controllers.HomeController.Packages (ParcelProject)' with route pattern '{controller=Account}/{action=Login}/{id?}' is valid for the request path '/Home/Packages'
dbug: Microsoft.Extensions.Http.DefaultHttpClientFactory[100]
      Starting HttpMessageHandler cleanup cycle with 6 items
dbug: Microsoft.AspNetCore.Routing.EndpointRoutingMiddleware[1]
      Request matched endpoint 'ParcelManagement2.Controllers.HomeController.Packages (ParcelProject)'
dbug: Microsoft.Extensions.Http.DefaultHttpClientFactory[101]
      Ending HttpMessageHandler cleanup cycle after 0.0052ms - processed: 0 items - remaining: 6 items
dbug: Microsoft.AspNetCore.Authentication.Cookies.CookieAuthenticationHandler[8]
      AuthenticationScheme: Cookies was successfully authenticated.
dbug: Microsoft.AspNetCore.Authorization.DefaultAuthorizationService[1]
      Authorization was successful.
info: Microsoft.AspNetCore.Routing.EndpointMiddleware[0]
      Executing endpoint 'ParcelManagement2.Controllers.HomeController.Packages (ParcelProject)'
info: Microsoft.AspNetCore.Mvc.Infrastructure.ControllerActionInvoker[102]
      Route matched with {action = "Packages", controller = "Home"}. Executing controller action with signature Microsoft.AspNetCore.Mvc.IActionResult Packages() on controller ParcelManagement2.Controllers.HomeController (ParcelProject).
dbug: Microsoft.AspNetCore.Mvc.Infrastructure.ControllerActionInvoker[1]
      Execution plan of authorization filters (in the following order): None
dbug: Microsoft.AspNetCore.Mvc.Infrastructure.ControllerActionInvoker[1]
      Execution plan of resource filters (in the following order): Microsoft.AspNetCore.Mvc.ViewFeatures.Filters.SaveTempDataFilter
dbug: Microsoft.AspNetCore.Mvc.Infrastructure.ControllerActionInvoker[1]
      Execution plan of action filters (in the following order): Microsoft.AspNetCore.Mvc.Filters.ControllerActionFilter (Order: -2147483648), Microsoft.AspNetCore.Mvc.ModelBinding.UnsupportedContentTypeFilter (Order: -3000)
dbug: Microsoft.AspNetCore.Mvc.Infrastructure.ControllerActionInvoker[1]
      Execution plan of exception filters (in the following order): None
dbug: Microsoft.AspNetCore.Mvc.Infrastructure.ControllerActionInvoker[1]
      Execution plan of result filters (in the following order): Microsoft.AspNetCore.Mvc.ViewFeatures.Filters.SaveTempDataFilter
dbug: Microsoft.AspNetCore.Mvc.Infrastructure.ControllerActionInvoker[1]
      Executing controller factory for controller ParcelManagement2.Controllers.HomeController (ParcelProject)
dbug: ParcelManagement2.Models.DBConn[0]
      資料庫連線字串已設定
dbug: Microsoft.AspNetCore.Mvc.Infrastructure.ControllerActionInvoker[2]
      Executed controller factory for controller ParcelManagement2.Controllers.HomeController (ParcelProject)
dbug: Microsoft.AspNetCore.Mvc.Razor.RazorViewEngine[1]
      View lookup cache miss for view 'Packages' in controller 'Home'.
info: Microsoft.AspNetCore.Mvc.ViewFeatures.ViewResultExecutor[1]
      Executing ViewResult, running view Packages.
dbug: Microsoft.AspNetCore.Mvc.ViewFeatures.ViewResultExecutor[2]
      The view path '/Views/Home/Packages.cshtml' was found in 4.5773ms.
dbug: Microsoft.AspNetCore.Antiforgery.DefaultAntiforgery[6]
      An antiforgery cookie token was reused.
dbug: Microsoft.WebTools.BrowserLink.Net.BrowserLinkMiddleware[1]
      Response markup is scheduled to include Browser Link script injection.
dbug: Microsoft.AspNetCore.Watch.BrowserRefresh.BrowserRefreshMiddleware[1]
      Response markup is scheduled to include browser refresh script injection.
info: Microsoft.AspNetCore.Mvc.ViewFeatures.ViewResultExecutor[4]
      Executed ViewResult - view Packages executed in 11.3589ms.
info: Microsoft.AspNetCore.Mvc.Infrastructure.ControllerActionInvoker[105]
      Executed action ParcelManagement2.Controllers.HomeController.Packages (ParcelProject) in 16.7801ms
info: Microsoft.AspNetCore.Routing.EndpointMiddleware[1]
      Executed endpoint 'ParcelManagement2.Controllers.HomeController.Packages (ParcelProject)'
dbug: Microsoft.WebTools.BrowserLink.Net.BrowserLinkMiddleware[2]
      Response markup was updated to include Browser Link script injection.
dbug: Microsoft.AspNetCore.Watch.BrowserRefresh.BrowserRefreshMiddleware[2]
      Response markup was updated to include browser refresh script injection.
dbug: Microsoft.AspNetCore.Server.IIS.Core.IISHttpServer[1]
      Connection ID "18374686532016537656" disconnecting.
info: Microsoft.AspNetCore.Hosting.Diagnostics[2]
      Request finished HTTP/2 GET https://localhost:44353/Home/Packages?red_id=R1010101&status=%E6%9C%AA%E5%8F%96 - 200 - text/html;+charset=utf-8 77.9702ms
info: Microsoft.AspNetCore.Hosting.Diagnostics[1]
      Request starting HTTP/2 POST https://localhost:44353/Home/GetAllProduct - - 0
info: Microsoft.AspNetCore.Hosting.Diagnostics[1]
      Request starting HTTP/2 POST https://localhost:44353/Home/BuildProdTypeList - - 0
info: Microsoft.AspNetCore.Hosting.Diagnostics[1]
      Request starting HTTP/2 POST https://localhost:44353/Home/BuildResidentList - - 0
dbug: Microsoft.AspNetCore.StaticFiles.StaticFileMiddleware[1]
      POST requests are not supported
dbug: Microsoft.AspNetCore.StaticFiles.StaticFileMiddleware[1]
      POST requests are not supported
dbug: Microsoft.AspNetCore.Routing.Matching.DfaMatcher[1001]
      1 candidate(s) found for the request path '/Home/GetAllProduct'
info: Microsoft.AspNetCore.Hosting.Diagnostics[1]
      Request starting HTTP/2 GET https://localhost:44353/_vs/browserLink - - -
dbug: Microsoft.AspNetCore.Routing.Matching.DfaMatcher[1001]
      1 candidate(s) found for the request path '/Home/BuildProdTypeList'
dbug: Microsoft.AspNetCore.Routing.Matching.DfaMatcher[1005]
      Endpoint 'ParcelManagement2.Controllers.HomeController.BuildProdTypeList (ParcelProject)' with route pattern '{controller=Account}/{action=Login}/{id?}' is valid for the request path '/Home/BuildProdTypeList'
info: Microsoft.AspNetCore.Hosting.Diagnostics[1]
      Request starting HTTP/2 GET https://localhost:44353/_framework/aspnetcore-browser-refresh.js - - -
dbug: Microsoft.AspNetCore.Routing.Matching.DfaMatcher[1005]
      Endpoint 'ParcelManagement2.Controllers.HomeController.GetAllProduct (ParcelProject)' with route pattern '{controller=Account}/{action=Login}/{id?}' is valid for the request path '/Home/GetAllProduct'
dbug: Microsoft.AspNetCore.Routing.EndpointRoutingMiddleware[1]
      Request matched endpoint 'ParcelManagement2.Controllers.HomeController.GetAllProduct (ParcelProject)'
dbug: Microsoft.AspNetCore.Authentication.Cookies.CookieAuthenticationHandler[8]
      AuthenticationScheme: Cookies was successfully authenticated.
dbug: Microsoft.AspNetCore.Routing.EndpointRoutingMiddleware[1]
      Request matched endpoint 'ParcelManagement2.Controllers.HomeController.BuildProdTypeList (ParcelProject)'
dbug: Microsoft.AspNetCore.Authorization.DefaultAuthorizationService[1]
      Authorization was successful.
dbug: Microsoft.AspNetCore.Watch.BrowserRefresh.BrowserScriptMiddleware[0]
      Script injected: /_framework/aspnetcore-browser-refresh.js
dbug: Microsoft.AspNetCore.Authentication.Cookies.CookieAuthenticationHandler[8]
      AuthenticationScheme: Cookies was successfully authenticated.
info: Microsoft.AspNetCore.Routing.EndpointMiddleware[0]
      Executing endpoint 'ParcelManagement2.Controllers.HomeController.GetAllProduct (ParcelProject)'
info: Microsoft.AspNetCore.Mvc.Infrastructure.ControllerActionInvoker[102]
      Route matched with {action = "GetAllProduct", controller = "Home"}. Executing controller action with signature System.Threading.Tasks.Task`1[Microsoft.AspNetCore.Mvc.JsonResult] GetAllProduct() on controller ParcelManagement2.Controllers.HomeController (ParcelProject).
info: Microsoft.AspNetCore.Hosting.Diagnostics[2]
      Request finished HTTP/2 GET https://localhost:44353/_framework/aspnetcore-browser-refresh.js - 200 16511 application/javascript;+charset=utf-8 50.9930ms
dbug: Microsoft.AspNetCore.Server.IIS.Core.IISHttpServer[1]
      Connection ID "18158513698363146369" disconnecting.
dbug: Microsoft.AspNetCore.Mvc.Infrastructure.ControllerActionInvoker[1]
      Execution plan of authorization filters (in the following order): None
dbug: Microsoft.AspNetCore.Mvc.Infrastructure.ControllerActionInvoker[1]
      Execution plan of resource filters (in the following order): Microsoft.AspNetCore.Mvc.ViewFeatures.Filters.SaveTempDataFilter
dbug: Microsoft.AspNetCore.Mvc.Infrastructure.ControllerActionInvoker[1]
      Execution plan of action filters (in the following order): Microsoft.AspNetCore.Mvc.Filters.ControllerActionFilter (Order: -2147483648), Microsoft.AspNetCore.Mvc.ModelBinding.UnsupportedContentTypeFilter (Order: -3000)
dbug: Microsoft.AspNetCore.Mvc.Infrastructure.ControllerActionInvoker[1]
      Execution plan of exception filters (in the following order): None
dbug: Microsoft.AspNetCore.Mvc.Infrastructure.ControllerActionInvoker[1]
      Execution plan of result filters (in the following order): Microsoft.AspNetCore.Mvc.ViewFeatures.Filters.SaveTempDataFilter
dbug: Microsoft.AspNetCore.Mvc.Infrastructure.ControllerActionInvoker[1]
      Executing controller factory for controller ParcelManagement2.Controllers.HomeController (ParcelProject)
dbug: ParcelManagement2.Models.DBConn[0]
      資料庫連線字串已設定
dbug: Microsoft.AspNetCore.Mvc.Infrastructure.ControllerActionInvoker[2]
      Executed controller factory for controller ParcelManagement2.Controllers.HomeController (ParcelProject)
dbug: Microsoft.AspNetCore.Authorization.DefaultAuthorizationService[1]
      Authorization was successful.
dbug: Microsoft.AspNetCore.Server.IIS.Core.IISHttpServer[1]
      Connection ID "18230571343940681849" disconnecting.
info: Microsoft.AspNetCore.Routing.EndpointMiddleware[0]
      Executing endpoint 'ParcelManagement2.Controllers.HomeController.BuildProdTypeList (ParcelProject)'
info: Microsoft.AspNetCore.Hosting.Diagnostics[2]
      Request finished HTTP/2 GET https://localhost:44353/_vs/browserLink - 200 - text/javascript;+charset=UTF-8 133.8789ms
dbug: Microsoft.AspNetCore.StaticFiles.StaticFileMiddleware[1]
      POST requests are not supported
dbug: Microsoft.AspNetCore.Routing.Matching.DfaMatcher[1001]
      1 candidate(s) found for the request path '/Home/BuildResidentList'
info: Microsoft.AspNetCore.Mvc.Infrastructure.ControllerActionInvoker[102]
      Route matched with {action = "BuildProdTypeList", controller = "Home"}. Executing controller action with signature System.Threading.Tasks.Task`1[Microsoft.AspNetCore.Mvc.JsonResult] BuildProdTypeList() on controller ParcelManagement2.Controllers.HomeController (ParcelProject).
dbug: Microsoft.AspNetCore.Routing.Matching.DfaMatcher[1005]
      Endpoint 'ParcelManagement2.Controllers.HomeController.BuildResidentList (ParcelProject)' with route pattern '{controller=Account}/{action=Login}/{id?}' is valid for the request path '/Home/BuildResidentList'
dbug: Microsoft.AspNetCore.Mvc.Infrastructure.ControllerActionInvoker[1]
      Execution plan of authorization filters (in the following order): None
dbug: Microsoft.AspNetCore.Mvc.Infrastructure.ControllerActionInvoker[1]
      Execution plan of resource filters (in the following order): Microsoft.AspNetCore.Mvc.ViewFeatures.Filters.SaveTempDataFilter
dbug: Microsoft.AspNetCore.Mvc.Infrastructure.ControllerActionInvoker[1]
      Execution plan of action filters (in the following order): Microsoft.AspNetCore.Mvc.Filters.ControllerActionFilter (Order: -2147483648), Microsoft.AspNetCore.Mvc.ModelBinding.UnsupportedContentTypeFilter (Order: -3000)
dbug: Microsoft.AspNetCore.Routing.EndpointRoutingMiddleware[1]
      Request matched endpoint 'ParcelManagement2.Controllers.HomeController.BuildResidentList (ParcelProject)'
dbug: ParcelManagement2.Models.DBConn[0]
      查詢成功，返回 134 行數據
dbug: Microsoft.AspNetCore.Mvc.Infrastructure.ControllerActionInvoker[1]
      Execution plan of exception filters (in the following order): None
info: Microsoft.AspNetCore.Mvc.Infrastructure.SystemTextJsonResultExecutor[1]
      Executing JsonResult, writing value of type 'System.Text.Json.JsonElement'.
dbug: Microsoft.AspNetCore.Mvc.Infrastructure.ControllerActionInvoker[1]
      Execution plan of result filters (in the following order): Microsoft.AspNetCore.Mvc.ViewFeatures.Filters.SaveTempDataFilter
dbug: Microsoft.AspNetCore.Mvc.Infrastructure.ControllerActionInvoker[1]
      Executing controller factory for controller ParcelManagement2.Controllers.HomeController (ParcelProject)
info: Microsoft.AspNetCore.Mvc.Infrastructure.ControllerActionInvoker[105]
      Executed action ParcelManagement2.Controllers.HomeController.GetAllProduct (ParcelProject) in 53.8161ms
dbug: Microsoft.AspNetCore.Authentication.Cookies.CookieAuthenticationHandler[8]
      AuthenticationScheme: Cookies was successfully authenticated.
info: Microsoft.AspNetCore.Routing.EndpointMiddleware[1]
      Executed endpoint 'ParcelManagement2.Controllers.HomeController.GetAllProduct (ParcelProject)'
info: Microsoft.AspNetCore.Hosting.Diagnostics[2]
      Request finished HTTP/2 POST https://localhost:44353/Home/GetAllProduct - 200 - application/json;+charset=utf-8 186.3527ms
dbug: Microsoft.AspNetCore.Server.IIS.Core.IISHttpServer[1]
      Connection ID "18302628895028936789" disconnecting.
dbug: ParcelManagement2.Models.DBConn[0]
      資料庫連線字串已設定
dbug: Microsoft.AspNetCore.Mvc.Infrastructure.ControllerActionInvoker[2]
      Executed controller factory for controller ParcelManagement2.Controllers.HomeController (ParcelProject)
dbug: Microsoft.AspNetCore.Authorization.DefaultAuthorizationService[1]
      Authorization was successful.
info: Microsoft.AspNetCore.Routing.EndpointMiddleware[0]
      Executing endpoint 'ParcelManagement2.Controllers.HomeController.BuildResidentList (ParcelProject)'
info: Microsoft.AspNetCore.Mvc.Infrastructure.ControllerActionInvoker[102]
      Route matched with {action = "BuildResidentList", controller = "Home"}. Executing controller action with signature System.Threading.Tasks.Task`1[Microsoft.AspNetCore.Mvc.JsonResult] BuildResidentList() on controller ParcelManagement2.Controllers.HomeController (ParcelProject).
dbug: Microsoft.AspNetCore.Mvc.Infrastructure.ControllerActionInvoker[1]
      Execution plan of authorization filters (in the following order): None
dbug: Microsoft.AspNetCore.Mvc.Infrastructure.ControllerActionInvoker[1]
      Execution plan of resource filters (in the following order): Microsoft.AspNetCore.Mvc.ViewFeatures.Filters.SaveTempDataFilter
dbug: ParcelManagement2.Models.DBConn[0]
      查詢成功，返回 2 行數據
dbug: Microsoft.AspNetCore.Mvc.Infrastructure.ControllerActionInvoker[1]
      Execution plan of action filters (in the following order): Microsoft.AspNetCore.Mvc.Filters.ControllerActionFilter (Order: -2147483648), Microsoft.AspNetCore.Mvc.ModelBinding.UnsupportedContentTypeFilter (Order: -3000)
info: Microsoft.AspNetCore.Mvc.Infrastructure.SystemTextJsonResultExecutor[1]
      Executing JsonResult, writing value of type 'System.Text.Json.JsonElement'.
dbug: Microsoft.AspNetCore.Mvc.Infrastructure.ControllerActionInvoker[1]
      Execution plan of exception filters (in the following order): None
dbug: Microsoft.AspNetCore.Mvc.Infrastructure.ControllerActionInvoker[1]
      Execution plan of result filters (in the following order): Microsoft.AspNetCore.Mvc.ViewFeatures.Filters.SaveTempDataFilter
info: Microsoft.AspNetCore.Mvc.Infrastructure.ControllerActionInvoker[105]
      Executed action ParcelManagement2.Controllers.HomeController.BuildProdTypeList (ParcelProject) in 61.9463ms
dbug: Microsoft.AspNetCore.Mvc.Infrastructure.ControllerActionInvoker[1]
      Executing controller factory for controller ParcelManagement2.Controllers.HomeController (ParcelProject)
info: Microsoft.AspNetCore.Routing.EndpointMiddleware[1]
      Executed endpoint 'ParcelManagement2.Controllers.HomeController.BuildProdTypeList (ParcelProject)'
dbug: ParcelManagement2.Models.DBConn[0]
      資料庫連線字串已設定
info: Microsoft.AspNetCore.Hosting.Diagnostics[2]
      Request finished HTTP/2 POST https://localhost:44353/Home/BuildProdTypeList - 200 - application/json;+charset=utf-8 248.6257ms
dbug: Microsoft.AspNetCore.Server.IIS.Core.IISHttpServer[1]
      Connection ID "18374686497656799343" disconnecting.
dbug: Microsoft.AspNetCore.Mvc.Infrastructure.ControllerActionInvoker[2]
      Executed controller factory for controller ParcelManagement2.Controllers.HomeController (ParcelProject)
dbug: ParcelManagement2.Models.DBConn[0]
      查詢成功，返回 28 行數據
info: Microsoft.AspNetCore.Mvc.Infrastructure.SystemTextJsonResultExecutor[1]
      Executing JsonResult, writing value of type 'System.Text.Json.JsonElement'.
info: Microsoft.AspNetCore.Mvc.Infrastructure.ControllerActionInvoker[105]
      Executed action ParcelManagement2.Controllers.HomeController.BuildResidentList (ParcelProject) in 47.446ms
info: Microsoft.AspNetCore.Routing.EndpointMiddleware[1]
      Executed endpoint 'ParcelManagement2.Controllers.HomeController.BuildResidentList (ParcelProject)'
info: Microsoft.AspNetCore.Hosting.Diagnostics[2]
      Request finished HTTP/2 POST https://localhost:44353/Home/BuildResidentList - 200 - application/json;+charset=utf-8 294.4151ms
dbug: Microsoft.AspNetCore.Server.IIS.Core.IISHttpServer[1]
      Connection ID "18374686532016537658" disconnecting.
info: Microsoft.AspNetCore.Hosting.Diagnostics[1]
      Request starting HTTP/2 POST https://localhost:44353/Home/GetPackagesByResident - application/json 33
dbug: Microsoft.AspNetCore.StaticFiles.StaticFileMiddleware[1]
      POST requests are not supported
dbug: Microsoft.AspNetCore.Routing.Matching.DfaMatcher[1001]
      1 candidate(s) found for the request path '/Home/GetPackagesByResident'
dbug: Microsoft.AspNetCore.Routing.Matching.DfaMatcher[1005]
      Endpoint 'ParcelManagement2.Controllers.HomeController.GetPackagesByResident (ParcelProject)' with route pattern '{controller=Account}/{action=Login}/{id?}' is valid for the request path '/Home/GetPackagesByResident'
dbug: Microsoft.AspNetCore.Routing.EndpointRoutingMiddleware[1]
      Request matched endpoint 'ParcelManagement2.Controllers.HomeController.GetPackagesByResident (ParcelProject)'
dbug: Microsoft.AspNetCore.Authentication.Cookies.CookieAuthenticationHandler[8]
      AuthenticationScheme: Cookies was successfully authenticated.
dbug: Microsoft.AspNetCore.Authorization.DefaultAuthorizationService[1]
      Authorization was successful.
info: Microsoft.AspNetCore.Routing.EndpointMiddleware[0]
      Executing endpoint 'ParcelManagement2.Controllers.HomeController.GetPackagesByResident (ParcelProject)'
info: Microsoft.AspNetCore.Mvc.Infrastructure.ControllerActionInvoker[102]
      Route matched with {action = "GetPackagesByResident", controller = "Home"}. Executing controller action with signature System.Threading.Tasks.Task`1[Microsoft.AspNetCore.Mvc.IActionResult] GetPackagesByResident(System.Text.Json.JsonElement) on controller ParcelManagement2.Controllers.HomeController (ParcelProject).
dbug: Microsoft.AspNetCore.Mvc.Infrastructure.ControllerActionInvoker[1]
      Execution plan of authorization filters (in the following order): None
dbug: Microsoft.AspNetCore.Mvc.Infrastructure.ControllerActionInvoker[1]
      Execution plan of resource filters (in the following order): Microsoft.AspNetCore.Mvc.ViewFeatures.Filters.SaveTempDataFilter
dbug: Microsoft.AspNetCore.Mvc.Infrastructure.ControllerActionInvoker[1]
      Execution plan of action filters (in the following order): Microsoft.AspNetCore.Mvc.Filters.ControllerActionFilter (Order: -2147483648), Microsoft.AspNetCore.Mvc.ModelBinding.UnsupportedContentTypeFilter (Order: -3000)
dbug: Microsoft.AspNetCore.Mvc.Infrastructure.ControllerActionInvoker[1]
      Execution plan of exception filters (in the following order): None
dbug: Microsoft.AspNetCore.Mvc.Infrastructure.ControllerActionInvoker[1]
      Execution plan of result filters (in the following order): Microsoft.AspNetCore.Mvc.ViewFeatures.Filters.SaveTempDataFilter
dbug: Microsoft.AspNetCore.Mvc.Infrastructure.ControllerActionInvoker[1]
      Executing controller factory for controller ParcelManagement2.Controllers.HomeController (ParcelProject)
dbug: ParcelManagement2.Models.DBConn[0]
      資料庫連線字串已設定
dbug: Microsoft.AspNetCore.Mvc.Infrastructure.ControllerActionInvoker[2]
      Executed controller factory for controller ParcelManagement2.Controllers.HomeController (ParcelProject)
dbug: Microsoft.AspNetCore.Mvc.ModelBinding.ParameterBinder[22]
      Attempting to bind parameter 'requestData' of type 'System.Text.Json.JsonElement' ...
dbug: Microsoft.AspNetCore.Mvc.ModelBinding.Binders.BodyModelBinder[44]
      Attempting to bind parameter 'requestData' of type 'System.Text.Json.JsonElement' using the name '' in request data ...
dbug: Microsoft.AspNetCore.Mvc.ModelBinding.Binders.BodyModelBinder[1]
      Selected input formatter 'Microsoft.AspNetCore.Mvc.Formatters.SystemTextJsonInputFormatter' for content type 'application/json'.
dbug: Microsoft.AspNetCore.Mvc.Formatters.SystemTextJsonInputFormatter[2]
      JSON input formatter succeeded, deserializing to type 'System.Text.Json.JsonElement'
dbug: Microsoft.AspNetCore.Mvc.ModelBinding.Binders.BodyModelBinder[45]
      Done attempting to bind parameter 'requestData' of type 'System.Text.Json.JsonElement'.
dbug: Microsoft.AspNetCore.Mvc.ModelBinding.ParameterBinder[23]
      Done attempting to bind parameter 'requestData' of type 'System.Text.Json.JsonElement'.
dbug: Microsoft.AspNetCore.Mvc.ModelBinding.ParameterBinder[26]
      Attempting to validate the bound parameter 'requestData' of type 'System.Text.Json.JsonElement' ...
dbug: Microsoft.AspNetCore.Mvc.ModelBinding.ParameterBinder[27]
      Done attempting to validate the bound parameter 'requestData' of type 'System.Text.Json.JsonElement'.
info: ParcelManagement2.Controllers.HomeController[0]
      查詢住戶包裹: RedId=R1010101, Status=0
dbug: ParcelManagement2.Models.DBConn[0]
      查詢成功，返回 7 行數據
info: Microsoft.AspNetCore.Mvc.Infrastructure.SystemTextJsonResultExecutor[1]
      Executing JsonResult, writing value of type 'System.Text.Json.JsonElement'.
info: Microsoft.AspNetCore.Mvc.Infrastructure.ControllerActionInvoker[105]
      Executed action ParcelManagement2.Controllers.HomeController.GetPackagesByResident (ParcelProject) in 50.0675ms
info: Microsoft.AspNetCore.Routing.EndpointMiddleware[1]
      Executed endpoint 'ParcelManagement2.Controllers.HomeController.GetPackagesByResident (ParcelProject)'
info: Microsoft.AspNetCore.Hosting.Diagnostics[2]
      Request finished HTTP/2 POST https://localhost:44353/Home/GetPackagesByResident - 200 - application/json;+charset=utf-8 99.5734ms
dbug: Microsoft.AspNetCore.Server.IIS.Core.IISHttpServer[1]
      Connection ID "18302628895028936791" disconnecting.
info: Microsoft.AspNetCore.Hosting.Diagnostics[1]
      Request starting HTTP/2 GET https://localhost:44353/Home/Index - - -
dbug: Microsoft.AspNetCore.StaticFiles.StaticFileMiddleware[4]
      The request path /Home/Index does not match a supported file type
dbug: Microsoft.AspNetCore.Routing.Matching.DfaMatcher[1001]
      1 candidate(s) found for the request path '/Home/Index'
dbug: Microsoft.AspNetCore.Routing.Matching.DfaMatcher[1005]
      Endpoint 'ParcelManagement2.Controllers.HomeController.Index (ParcelProject)' with route pattern '{controller=Account}/{action=Login}/{id?}' is valid for the request path '/Home/Index'
dbug: Microsoft.AspNetCore.Routing.EndpointRoutingMiddleware[1]
      Request matched endpoint 'ParcelManagement2.Controllers.HomeController.Index (ParcelProject)'
dbug: Microsoft.AspNetCore.Authentication.Cookies.CookieAuthenticationHandler[8]
      AuthenticationScheme: Cookies was successfully authenticated.
dbug: Microsoft.AspNetCore.Authorization.DefaultAuthorizationService[1]
      Authorization was successful.
info: Microsoft.AspNetCore.Routing.EndpointMiddleware[0]
      Executing endpoint 'ParcelManagement2.Controllers.HomeController.Index (ParcelProject)'
info: Microsoft.AspNetCore.Mvc.Infrastructure.ControllerActionInvoker[102]
      Route matched with {action = "Index", controller = "Home"}. Executing controller action with signature Microsoft.AspNetCore.Mvc.IActionResult Index() on controller ParcelManagement2.Controllers.HomeController (ParcelProject).
dbug: Microsoft.AspNetCore.Mvc.Infrastructure.ControllerActionInvoker[1]
      Execution plan of authorization filters (in the following order): None
dbug: Microsoft.AspNetCore.Mvc.Infrastructure.ControllerActionInvoker[1]
      Execution plan of resource filters (in the following order): Microsoft.AspNetCore.Mvc.ViewFeatures.Filters.SaveTempDataFilter
dbug: Microsoft.AspNetCore.Mvc.Infrastructure.ControllerActionInvoker[1]
      Execution plan of action filters (in the following order): Microsoft.AspNetCore.Mvc.Filters.ControllerActionFilter (Order: -2147483648), Microsoft.AspNetCore.Mvc.ModelBinding.UnsupportedContentTypeFilter (Order: -3000)
dbug: Microsoft.AspNetCore.Mvc.Infrastructure.ControllerActionInvoker[1]
      Execution plan of exception filters (in the following order): None
dbug: Microsoft.AspNetCore.Mvc.Infrastructure.ControllerActionInvoker[1]
      Execution plan of result filters (in the following order): Microsoft.AspNetCore.Mvc.ViewFeatures.Filters.SaveTempDataFilter
dbug: Microsoft.AspNetCore.Mvc.Infrastructure.ControllerActionInvoker[1]
      Executing controller factory for controller ParcelManagement2.Controllers.HomeController (ParcelProject)
dbug: ParcelManagement2.Models.DBConn[0]
      資料庫連線字串已設定
dbug: Microsoft.AspNetCore.Mvc.Infrastructure.ControllerActionInvoker[2]
      Executed controller factory for controller ParcelManagement2.Controllers.HomeController (ParcelProject)
dbug: Microsoft.AspNetCore.Mvc.Razor.RazorViewEngine[2]
      View lookup cache hit for view 'Index' in controller 'Home'.
info: Microsoft.AspNetCore.Mvc.ViewFeatures.ViewResultExecutor[1]
      Executing ViewResult, running view Index.
dbug: Microsoft.AspNetCore.Mvc.ViewFeatures.ViewResultExecutor[2]
      The view path '/Views/Home/Index.cshtml' was found in 2.8189ms.
dbug: Microsoft.AspNetCore.Antiforgery.DefaultAntiforgery[6]
      An antiforgery cookie token was reused.
dbug: Microsoft.WebTools.BrowserLink.Net.BrowserLinkMiddleware[1]
      Response markup is scheduled to include Browser Link script injection.
dbug: Microsoft.AspNetCore.Watch.BrowserRefresh.BrowserRefreshMiddleware[1]
      Response markup is scheduled to include browser refresh script injection.
info: Microsoft.AspNetCore.Mvc.ViewFeatures.ViewResultExecutor[4]
      Executed ViewResult - view Index executed in 10.8456ms.
info: Microsoft.AspNetCore.Mvc.Infrastructure.ControllerActionInvoker[105]
      Executed action ParcelManagement2.Controllers.HomeController.Index (ParcelProject) in 16.5916ms
info: Microsoft.AspNetCore.Routing.EndpointMiddleware[1]
      Executed endpoint 'ParcelManagement2.Controllers.HomeController.Index (ParcelProject)'
dbug: Microsoft.WebTools.BrowserLink.Net.BrowserLinkMiddleware[2]
      Response markup was updated to include Browser Link script injection.
dbug: Microsoft.AspNetCore.Watch.BrowserRefresh.BrowserRefreshMiddleware[2]
      Response markup was updated to include browser refresh script injection.
dbug: Microsoft.AspNetCore.Server.IIS.Core.IISHttpServer[1]
      Connection ID "18374686562081308751" disconnecting.
info: Microsoft.AspNetCore.Hosting.Diagnostics[2]
      Request finished HTTP/2 GET https://localhost:44353/Home/Index - 200 - text/html;+charset=utf-8 74.8059ms
info: Microsoft.AspNetCore.Hosting.Diagnostics[1]
      Request starting HTTP/2 POST https://localhost:44353/Home/GetResidentPackageStats - - 0
dbug: Microsoft.AspNetCore.StaticFiles.StaticFileMiddleware[1]
      POST requests are not supported
info: Microsoft.AspNetCore.Hosting.Diagnostics[1]
      Request starting HTTP/2 GET https://localhost:44353/_framework/aspnetcore-browser-refresh.js - - -
dbug: Microsoft.AspNetCore.Routing.Matching.DfaMatcher[1001]
      1 candidate(s) found for the request path '/Home/GetResidentPackageStats'
dbug: Microsoft.AspNetCore.Watch.BrowserRefresh.BrowserScriptMiddleware[0]
      Script injected: /_framework/aspnetcore-browser-refresh.js
dbug: Microsoft.AspNetCore.Routing.Matching.DfaMatcher[1005]
      Endpoint 'ParcelManagement2.Controllers.HomeController.GetResidentPackageStats (ParcelProject)' with route pattern '{controller=Account}/{action=Login}/{id?}' is valid for the request path '/Home/GetResidentPackageStats'
info: Microsoft.AspNetCore.Hosting.Diagnostics[2]
      Request finished HTTP/2 GET https://localhost:44353/_framework/aspnetcore-browser-refresh.js - 200 16511 application/javascript;+charset=utf-8 26.5593ms
dbug: Microsoft.AspNetCore.Server.IIS.Core.IISHttpServer[1]
      Connection ID "18158513698363146371" disconnecting.
dbug: Microsoft.AspNetCore.Routing.EndpointRoutingMiddleware[1]
      Request matched endpoint 'ParcelManagement2.Controllers.HomeController.GetResidentPackageStats (ParcelProject)'
dbug: Microsoft.AspNetCore.Authentication.Cookies.CookieAuthenticationHandler[8]
      AuthenticationScheme: Cookies was successfully authenticated.
dbug: Microsoft.AspNetCore.Authorization.DefaultAuthorizationService[1]
      Authorization was successful.
info: Microsoft.AspNetCore.Routing.EndpointMiddleware[0]
      Executing endpoint 'ParcelManagement2.Controllers.HomeController.GetResidentPackageStats (ParcelProject)'
info: Microsoft.AspNetCore.Mvc.Infrastructure.ControllerActionInvoker[102]
      Route matched with {action = "GetResidentPackageStats", controller = "Home"}. Executing controller action with signature Microsoft.AspNetCore.Mvc.IActionResult GetResidentPackageStats() on controller ParcelManagement2.Controllers.HomeController (ParcelProject).
dbug: Microsoft.AspNetCore.Mvc.Infrastructure.ControllerActionInvoker[1]
      Execution plan of authorization filters (in the following order): None
dbug: Microsoft.AspNetCore.Mvc.Infrastructure.ControllerActionInvoker[1]
      Execution plan of resource filters (in the following order): Microsoft.AspNetCore.Mvc.ViewFeatures.Filters.SaveTempDataFilter
dbug: Microsoft.AspNetCore.Mvc.Infrastructure.ControllerActionInvoker[1]
      Execution plan of action filters (in the following order): Microsoft.AspNetCore.Mvc.Filters.ControllerActionFilter (Order: -2147483648), Microsoft.AspNetCore.Mvc.ModelBinding.UnsupportedContentTypeFilter (Order: -3000)
dbug: Microsoft.AspNetCore.Mvc.Infrastructure.ControllerActionInvoker[1]
      Execution plan of exception filters (in the following order): None
dbug: Microsoft.AspNetCore.Mvc.Infrastructure.ControllerActionInvoker[1]
      Execution plan of result filters (in the following order): Microsoft.AspNetCore.Mvc.ViewFeatures.Filters.SaveTempDataFilter
dbug: Microsoft.AspNetCore.Mvc.Infrastructure.ControllerActionInvoker[1]
      Executing controller factory for controller ParcelManagement2.Controllers.HomeController (ParcelProject)
dbug: ParcelManagement2.Models.DBConn[0]
      資料庫連線字串已設定
dbug: Microsoft.AspNetCore.Mvc.Infrastructure.ControllerActionInvoker[2]
      Executed controller factory for controller ParcelManagement2.Controllers.HomeController (ParcelProject)
dbug: ParcelManagement2.Models.DBConn[0]
      查詢成功，返回 28 行數據
info: Microsoft.AspNetCore.Mvc.Infrastructure.ContentResultExecutor[1]
      Executing ContentResult with HTTP Response ContentType of application/json
info: Microsoft.AspNetCore.Mvc.Infrastructure.ControllerActionInvoker[105]
      Executed action ParcelManagement2.Controllers.HomeController.GetResidentPackageStats (ParcelProject) in 27.1915ms
info: Microsoft.AspNetCore.Routing.EndpointMiddleware[1]
      Executed endpoint 'ParcelManagement2.Controllers.HomeController.GetResidentPackageStats (ParcelProject)'
info: Microsoft.AspNetCore.Hosting.Diagnostics[2]
      Request finished HTTP/2 POST https://localhost:44353/Home/GetResidentPackageStats - 200 2790 application/json 107.2051ms
dbug: Microsoft.AspNetCore.Server.IIS.Core.IISHttpServer[1]
      Connection ID "18230571352530616406" disconnecting.
info: Microsoft.AspNetCore.Hosting.Diagnostics[1]
      Request starting HTTP/2 GET https://localhost:44353/.well-known/appspecific/com.chrome.devtools.json - - -
dbug: Microsoft.AspNetCore.StaticFiles.StaticFileMiddleware[5]
      The request path /.well-known/appspecific/com.chrome.devtools.json does not match an existing file
dbug: Microsoft.AspNetCore.Routing.Matching.DfaMatcher[1000]
      No candidates found for the request path '/.well-known/appspecific/com.chrome.devtools.json'
dbug: Microsoft.AspNetCore.Routing.EndpointRoutingMiddleware[2]
      Request did not match any endpoints
dbug: Microsoft.AspNetCore.Authentication.Cookies.CookieAuthenticationHandler[8]
      AuthenticationScheme: Cookies was successfully authenticated.
info: Microsoft.AspNetCore.Hosting.Diagnostics[2]
      Request finished HTTP/2 GET https://localhost:44353/.well-known/appspecific/com.chrome.devtools.json - 404 - - 13.5261ms
dbug: Microsoft.AspNetCore.Server.IIS.Core.IISHttpServer[1]
      Connection ID "18230571300991008852" disconnecting.
info: Microsoft.AspNetCore.Hosting.Diagnostics[16]
      Request reached the end of the middleware pipeline without being handled by application code. Request path: GET https://localhost:44353/.well-known/appspecific/com.chrome.devtools.json, Response status code: 404
dbug: Microsoft.Extensions.Http.DefaultHttpClientFactory[100]
      Starting HttpMessageHandler cleanup cycle with 6 items
dbug: Microsoft.Extensions.Http.DefaultHttpClientFactory[101]
      Ending HttpMessageHandler cleanup cycle after 0.0035ms - processed: 0 items - remaining: 6 items
dbug: Microsoft.Extensions.Http.DefaultHttpClientFactory[100]
      Starting HttpMessageHandler cleanup cycle with 6 items
dbug: Microsoft.Extensions.Http.DefaultHttpClientFactory[101]
      Ending HttpMessageHandler cleanup cycle after 0.0068ms - processed: 0 items - remaining: 6 items
dbug: Microsoft.Extensions.Http.DefaultHttpClientFactory[100]
      Starting HttpMessageHandler cleanup cycle with 6 items
dbug: Microsoft.Extensions.Http.DefaultHttpClientFactory[101]
      Ending HttpMessageHandler cleanup cycle after 0.0803ms - processed: 6 items - remaining: 0 items
dbug: Microsoft.Extensions.Http.DefaultHttpClientFactory[103]
      HttpMessageHandler expired after 120000ms for client ''
dbug: Microsoft.Extensions.Http.DefaultHttpClientFactory[100]
      Starting HttpMessageHandler cleanup cycle with 1 items
dbug: Microsoft.Extensions.Http.DefaultHttpClientFactory[101]
      Ending HttpMessageHandler cleanup cycle after 0.0017ms - processed: 0 items - remaining: 1 items
dbug: Microsoft.Extensions.Http.DefaultHttpClientFactory[100]
      Starting HttpMessageHandler cleanup cycle with 1 items
dbug: Microsoft.Extensions.Http.DefaultHttpClientFactory[101]
      Ending HttpMessageHandler cleanup cycle after 0.0016ms - processed: 0 items - remaining: 1 items
dbug: Microsoft.Extensions.Http.DefaultHttpClientFactory[100]
      Starting HttpMessageHandler cleanup cycle with 1 items
dbug: Microsoft.Extensions.Http.DefaultHttpClientFactory[101]
      Ending HttpMessageHandler cleanup cycle after 0.0046ms - processed: 0 items - remaining: 1 items
dbug: Microsoft.Extensions.Http.DefaultHttpClientFactory[100]
      Starting HttpMessageHandler cleanup cycle with 1 items
dbug: Microsoft.Extensions.Http.DefaultHttpClientFactory[101]
      Ending HttpMessageHandler cleanup cycle after 0.0015ms - processed: 0 items - remaining: 1 items
dbug: Microsoft.Extensions.Http.DefaultHttpClientFactory[100]
      Starting HttpMessageHandler cleanup cycle with 1 items
dbug: Microsoft.Extensions.Http.DefaultHttpClientFactory[101]
      Ending HttpMessageHandler cleanup cycle after 0.0022ms - processed: 0 items - remaining: 1 items
dbug: Microsoft.Extensions.Http.DefaultHttpClientFactory[100]
      Starting HttpMessageHandler cleanup cycle with 1 items
dbug: Microsoft.Extensions.Http.DefaultHttpClientFactory[101]
      Ending HttpMessageHandler cleanup cycle after 0.0032ms - processed: 0 items - remaining: 1 items
dbug: Microsoft.Extensions.Http.DefaultHttpClientFactory[100]
      Starting HttpMessageHandler cleanup cycle with 1 items
dbug: Microsoft.Extensions.Http.DefaultHttpClientFactory[101]
      Ending HttpMessageHandler cleanup cycle after 0.006ms - processed: 0 items - remaining: 1 items
dbug: Microsoft.Extensions.Http.DefaultHttpClientFactory[100]
      Starting HttpMessageHandler cleanup cycle with 1 items
dbug: Microsoft.Extensions.Http.DefaultHttpClientFactory[101]
      Ending HttpMessageHandler cleanup cycle after 0.0014ms - processed: 0 items - remaining: 1 items
dbug: Microsoft.Extensions.Http.DefaultHttpClientFactory[100]
      Starting HttpMessageHandler cleanup cycle with 1 items
dbug: Microsoft.Extensions.Http.DefaultHttpClientFactory[101]
      Ending HttpMessageHandler cleanup cycle after 0.0024ms - processed: 0 items - remaining: 1 items
dbug: Microsoft.Extensions.Http.DefaultHttpClientFactory[100]
      Starting HttpMessageHandler cleanup cycle with 1 items
dbug: Microsoft.Extensions.Http.DefaultHttpClientFactory[101]
      Ending HttpMessageHandler cleanup cycle after 0.0016ms - processed: 0 items - remaining: 1 items
dbug: Microsoft.Extensions.Http.DefaultHttpClientFactory[100]
      Starting HttpMessageHandler cleanup cycle with 1 items
dbug: Microsoft.Extensions.Http.DefaultHttpClientFactory[101]
      Ending HttpMessageHandler cleanup cycle after 0.0015ms - processed: 0 items - remaining: 1 items
dbug: Microsoft.Extensions.Http.DefaultHttpClientFactory[100]
      Starting HttpMessageHandler cleanup cycle with 1 items
dbug: Microsoft.Extensions.Http.DefaultHttpClientFactory[101]
      Ending HttpMessageHandler cleanup cycle after 0.0016ms - processed: 0 items - remaining: 1 items
dbug: Microsoft.Extensions.Http.DefaultHttpClientFactory[100]
      Starting HttpMessageHandler cleanup cycle with 1 items
dbug: Microsoft.Extensions.Http.DefaultHttpClientFactory[101]
      Ending HttpMessageHandler cleanup cycle after 0.002ms - processed: 0 items - remaining: 1 items
dbug: Microsoft.Extensions.Http.DefaultHttpClientFactory[100]
      Starting HttpMessageHandler cleanup cycle with 1 items
dbug: Microsoft.Extensions.Http.DefaultHttpClientFactory[101]
      Ending HttpMessageHandler cleanup cycle after 0.0028ms - processed: 0 items - remaining: 1 items
dbug: Microsoft.Extensions.Http.DefaultHttpClientFactory[100]
      Starting HttpMessageHandler cleanup cycle with 1 items
dbug: Microsoft.Extensions.Http.DefaultHttpClientFactory[101]
      Ending HttpMessageHandler cleanup cycle after 0.0034ms - processed: 0 items - remaining: 1 items
dbug: Microsoft.Extensions.Http.DefaultHttpClientFactory[100]
      Starting HttpMessageHandler cleanup cycle with 1 items
dbug: Microsoft.Extensions.Http.DefaultHttpClientFactory[101]
      Ending HttpMessageHandler cleanup cycle after 0.0019ms - processed: 0 items - remaining: 1 items
dbug: Microsoft.Extensions.Http.DefaultHttpClientFactory[100]
      Starting HttpMessageHandler cleanup cycle with 1 items
dbug: Microsoft.Extensions.Http.DefaultHttpClientFactory[101]
      Ending HttpMessageHandler cleanup cycle after 0.0031ms - processed: 0 items - remaining: 1 items
dbug: Microsoft.Extensions.Http.DefaultHttpClientFactory[100]
      Starting HttpMessageHandler cleanup cycle with 1 items
dbug: Microsoft.Extensions.Http.DefaultHttpClientFactory[101]
      Ending HttpMessageHandler cleanup cycle after 0.0017ms - processed: 0 items - remaining: 1 items
dbug: Microsoft.Extensions.Http.DefaultHttpClientFactory[100]
      Starting HttpMessageHandler cleanup cycle with 1 items
dbug: Microsoft.Extensions.Http.DefaultHttpClientFactory[101]
      Ending HttpMessageHandler cleanup cycle after 0.0034ms - processed: 0 items - remaining: 1 items
dbug: Microsoft.Extensions.Http.DefaultHttpClientFactory[100]
      Starting HttpMessageHandler cleanup cycle with 1 items
dbug: Microsoft.Extensions.Http.DefaultHttpClientFactory[101]
      Ending HttpMessageHandler cleanup cycle after 0.0029ms - processed: 0 items - remaining: 1 items
dbug: Microsoft.Extensions.Http.DefaultHttpClientFactory[100]
      Starting HttpMessageHandler cleanup cycle with 1 items
dbug: Microsoft.Extensions.Http.DefaultHttpClientFactory[101]
      Ending HttpMessageHandler cleanup cycle after 0.0016ms - processed: 0 items - remaining: 1 items
info: Microsoft.AspNetCore.Hosting.Diagnostics[1]
      Request starting HTTP/2 GET https://localhost:44353/Home/Index - - -
dbug: Microsoft.AspNetCore.StaticFiles.StaticFileMiddleware[4]
      The request path /Home/Index does not match a supported file type
dbug: Microsoft.AspNetCore.Routing.Matching.DfaMatcher[1001]
      1 candidate(s) found for the request path '/Home/Index'
dbug: Microsoft.AspNetCore.Routing.Matching.DfaMatcher[1005]
      Endpoint 'ParcelManagement2.Controllers.HomeController.Index (ParcelProject)' with route pattern '{controller=Account}/{action=Login}/{id?}' is valid for the request path '/Home/Index'
dbug: Microsoft.AspNetCore.Routing.EndpointRoutingMiddleware[1]
      Request matched endpoint 'ParcelManagement2.Controllers.HomeController.Index (ParcelProject)'
dbug: Microsoft.AspNetCore.Authentication.Cookies.CookieAuthenticationHandler[8]
      AuthenticationScheme: Cookies was successfully authenticated.
dbug: Microsoft.AspNetCore.Authorization.DefaultAuthorizationService[1]
      Authorization was successful.
info: Microsoft.AspNetCore.Routing.EndpointMiddleware[0]
      Executing endpoint 'ParcelManagement2.Controllers.HomeController.Index (ParcelProject)'
info: Microsoft.AspNetCore.Mvc.Infrastructure.ControllerActionInvoker[102]
      Route matched with {action = "Index", controller = "Home"}. Executing controller action with signature Microsoft.AspNetCore.Mvc.IActionResult Index() on controller ParcelManagement2.Controllers.HomeController (ParcelProject).
dbug: Microsoft.AspNetCore.Mvc.Infrastructure.ControllerActionInvoker[1]
      Execution plan of authorization filters (in the following order): None
dbug: Microsoft.AspNetCore.Mvc.Infrastructure.ControllerActionInvoker[1]
      Execution plan of resource filters (in the following order): Microsoft.AspNetCore.Mvc.ViewFeatures.Filters.SaveTempDataFilter
dbug: Microsoft.AspNetCore.Mvc.Infrastructure.ControllerActionInvoker[1]
      Execution plan of action filters (in the following order): Microsoft.AspNetCore.Mvc.Filters.ControllerActionFilter (Order: -2147483648), Microsoft.AspNetCore.Mvc.ModelBinding.UnsupportedContentTypeFilter (Order: -3000)
dbug: Microsoft.AspNetCore.Mvc.Infrastructure.ControllerActionInvoker[1]
      Execution plan of exception filters (in the following order): None
dbug: Microsoft.AspNetCore.Mvc.Infrastructure.ControllerActionInvoker[1]
      Execution plan of result filters (in the following order): Microsoft.AspNetCore.Mvc.ViewFeatures.Filters.SaveTempDataFilter
dbug: Microsoft.AspNetCore.Mvc.Infrastructure.ControllerActionInvoker[1]
      Executing controller factory for controller ParcelManagement2.Controllers.HomeController (ParcelProject)
dbug: ParcelManagement2.Models.DBConn[0]
      資料庫連線字串已設定
dbug: Microsoft.AspNetCore.Mvc.Infrastructure.ControllerActionInvoker[2]
      Executed controller factory for controller ParcelManagement2.Controllers.HomeController (ParcelProject)
dbug: Microsoft.AspNetCore.Mvc.Razor.RazorViewEngine[1]
      View lookup cache miss for view 'Index' in controller 'Home'.
dbug: Microsoft.AspNetCore.Mvc.Razor.Compilation.DefaultViewCompiler[3]
      Initializing Razor view compiler with compiled view: '/Views/Account/AccessDenied.cshtml'.
dbug: Microsoft.AspNetCore.Mvc.Razor.Compilation.DefaultViewCompiler[3]
      Initializing Razor view compiler with compiled view: '/Views/Account/Login.cshtml'.
dbug: Microsoft.AspNetCore.Mvc.Razor.Compilation.DefaultViewCompiler[3]
      Initializing Razor view compiler with compiled view: '/Views/Home/Index.cshtml'.
dbug: Microsoft.AspNetCore.Mvc.Razor.Compilation.DefaultViewCompiler[3]
      Initializing Razor view compiler with compiled view: '/Views/Home/Index_back.cshtml'.
dbug: Microsoft.AspNetCore.Mvc.Razor.Compilation.DefaultViewCompiler[3]
      Initializing Razor view compiler with compiled view: '/Views/Home/Packages.cshtml'.
dbug: Microsoft.AspNetCore.Mvc.Razor.Compilation.DefaultViewCompiler[3]
      Initializing Razor view compiler with compiled view: '/Views/Home/Privacy.cshtml'.
dbug: Microsoft.AspNetCore.Mvc.Razor.Compilation.DefaultViewCompiler[3]
      Initializing Razor view compiler with compiled view: '/Views/Resident/Edit.cshtml'.
dbug: Microsoft.AspNetCore.Mvc.Razor.Compilation.DefaultViewCompiler[3]
      Initializing Razor view compiler with compiled view: '/Views/Resident/Home.cshtml'.
dbug: Microsoft.AspNetCore.Mvc.Razor.Compilation.DefaultViewCompiler[3]
      Initializing Razor view compiler with compiled view: '/Views/Resident/MyPackages.cshtml'.
dbug: Microsoft.AspNetCore.Mvc.Razor.Compilation.DefaultViewCompiler[3]
      Initializing Razor view compiler with compiled view: '/Views/Resident/PackagePhoto.cshtml'.
dbug: Microsoft.AspNetCore.Mvc.Razor.Compilation.DefaultViewCompiler[3]
      Initializing Razor view compiler with compiled view: '/Views/Shared/Error.cshtml'.
dbug: Microsoft.AspNetCore.Mvc.Razor.Compilation.DefaultViewCompiler[3]
      Initializing Razor view compiler with compiled view: '/Views/Shared/_AdminLayout.cshtml'.
dbug: Microsoft.AspNetCore.Mvc.Razor.Compilation.DefaultViewCompiler[3]
      Initializing Razor view compiler with compiled view: '/Views/Shared/_Layout.cshtml'.
dbug: Microsoft.AspNetCore.Mvc.Razor.Compilation.DefaultViewCompiler[3]
      Initializing Razor view compiler with compiled view: '/Views/Shared/_ResidentLayout.cshtml'.
dbug: Microsoft.AspNetCore.Mvc.Razor.Compilation.DefaultViewCompiler[3]
      Initializing Razor view compiler with compiled view: '/Views/Shared/_ValidationScriptsPartial.cshtml'.
dbug: Microsoft.AspNetCore.Mvc.Razor.Compilation.DefaultViewCompiler[3]
      Initializing Razor view compiler with compiled view: '/Views/_ViewImports.cshtml'.
dbug: Microsoft.AspNetCore.Mvc.Razor.Compilation.DefaultViewCompiler[3]
      Initializing Razor view compiler with compiled view: '/Views/_ViewStart.cshtml'.
dbug: Microsoft.AspNetCore.Mvc.Razor.Compilation.DefaultViewCompiler[3]
      Initializing Razor view compiler with compiled view: '/Views/Shared/_Layout_back.cshtml'.
info: Microsoft.AspNetCore.Mvc.ViewFeatures.ViewResultExecutor[1]
      Executing ViewResult, running view Index.
dbug: Microsoft.AspNetCore.Mvc.ViewFeatures.ViewResultExecutor[2]
      The view path '/Views/Home/Index.cshtml' was found in 24.7147ms.
dbug: Microsoft.AspNetCore.Antiforgery.DefaultAntiforgery[6]
      An antiforgery cookie token was reused.
dbug: Microsoft.WebTools.BrowserLink.Net.BrowserLinkMiddleware[1]
      Response markup is scheduled to include Browser Link script injection.
dbug: Microsoft.AspNetCore.Watch.BrowserRefresh.BrowserRefreshMiddleware[1]
      Response markup is scheduled to include browser refresh script injection.
info: Microsoft.AspNetCore.Mvc.ViewFeatures.ViewResultExecutor[4]
      Executed ViewResult - view Index executed in 36.7427ms.
info: Microsoft.AspNetCore.Mvc.Infrastructure.ControllerActionInvoker[105]
      Executed action ParcelManagement2.Controllers.HomeController.Index (ParcelProject) in 41.6252ms
info: Microsoft.AspNetCore.Routing.EndpointMiddleware[1]
      Executed endpoint 'ParcelManagement2.Controllers.HomeController.Index (ParcelProject)'
dbug: Microsoft.WebTools.BrowserLink.Net.BrowserLinkMiddleware[2]
      Response markup was updated to include Browser Link script injection.
dbug: Microsoft.AspNetCore.Watch.BrowserRefresh.BrowserRefreshMiddleware[2]
      Response markup was updated to include browser refresh script injection.
dbug: Microsoft.AspNetCore.Server.IIS.Core.IISHttpServer[1]
      Connection ID "18230571356825583619" disconnecting.
info: Microsoft.AspNetCore.Hosting.Diagnostics[2]
      Request finished HTTP/2 GET https://localhost:44353/Home/Index - 200 - text/html;+charset=utf-8 71.1690ms
info: Microsoft.AspNetCore.Hosting.Diagnostics[1]
      Request starting HTTP/2 GET https://localhost:44353/_vs/browserLink - - -
info: Microsoft.AspNetCore.Hosting.Diagnostics[1]
      Request starting HTTP/2 GET https://localhost:44353/_framework/aspnetcore-browser-refresh.js - - -
dbug: Microsoft.AspNetCore.Watch.BrowserRefresh.BrowserScriptMiddleware[0]
      Script injected: /_framework/aspnetcore-browser-refresh.js
dbug: Microsoft.AspNetCore.Server.IIS.Core.IISHttpServer[1]
      Connection ID "18230571326760812654" disconnecting.
info: Microsoft.AspNetCore.Hosting.Diagnostics[2]
      Request finished HTTP/2 GET https://localhost:44353/_framework/aspnetcore-browser-refresh.js - 200 16511 application/javascript;+charset=utf-8 4.0999ms
dbug: Microsoft.AspNetCore.Server.IIS.Core.IISHttpServer[1]
      Connection ID "18158513698363146373" disconnecting.
info: Microsoft.AspNetCore.Hosting.Diagnostics[2]
      Request finished HTTP/2 GET https://localhost:44353/_vs/browserLink - 200 - text/javascript;+charset=UTF-8 12.8069ms
info: Microsoft.AspNetCore.Hosting.Diagnostics[1]
      Request starting HTTP/2 GET https://localhost:44353/.well-known/appspecific/com.chrome.devtools.json - - -
dbug: Microsoft.AspNetCore.StaticFiles.StaticFileMiddleware[5]
      The request path /.well-known/appspecific/com.chrome.devtools.json does not match an existing file
dbug: Microsoft.AspNetCore.Routing.Matching.DfaMatcher[1000]
      No candidates found for the request path '/.well-known/appspecific/com.chrome.devtools.json'
dbug: Microsoft.AspNetCore.Routing.EndpointRoutingMiddleware[2]
      Request did not match any endpoints
dbug: Microsoft.AspNetCore.Authentication.Cookies.CookieAuthenticationHandler[8]
      AuthenticationScheme: Cookies was successfully authenticated.
info: Microsoft.AspNetCore.Hosting.Diagnostics[2]
      Request finished HTTP/2 GET https://localhost:44353/.well-known/appspecific/com.chrome.devtools.json - 404 - - 8.6894ms
dbug: Microsoft.AspNetCore.Server.IIS.Core.IISHttpServer[1]
      Connection ID "18374686532016537660" disconnecting.
info: Microsoft.AspNetCore.Hosting.Diagnostics[16]
      Request reached the end of the middleware pipeline without being handled by application code. Request path: GET https://localhost:44353/.well-known/appspecific/com.chrome.devtools.json, Response status code: 404
info: Microsoft.AspNetCore.Hosting.Diagnostics[1]
      Request starting HTTP/2 POST https://localhost:44353/Home/GetResidentPackageStats - - 0
dbug: Microsoft.AspNetCore.StaticFiles.StaticFileMiddleware[1]
      POST requests are not supported
dbug: Microsoft.AspNetCore.Routing.Matching.DfaMatcher[1001]
      1 candidate(s) found for the request path '/Home/GetResidentPackageStats'
dbug: Microsoft.AspNetCore.Routing.Matching.DfaMatcher[1005]
      Endpoint 'ParcelManagement2.Controllers.HomeController.GetResidentPackageStats (ParcelProject)' with route pattern '{controller=Account}/{action=Login}/{id?}' is valid for the request path '/Home/GetResidentPackageStats'
dbug: Microsoft.AspNetCore.Routing.EndpointRoutingMiddleware[1]
      Request matched endpoint 'ParcelManagement2.Controllers.HomeController.GetResidentPackageStats (ParcelProject)'
dbug: Microsoft.AspNetCore.Authentication.Cookies.CookieAuthenticationHandler[8]
      AuthenticationScheme: Cookies was successfully authenticated.
dbug: Microsoft.AspNetCore.Authorization.DefaultAuthorizationService[1]
      Authorization was successful.
info: Microsoft.AspNetCore.Routing.EndpointMiddleware[0]
      Executing endpoint 'ParcelManagement2.Controllers.HomeController.GetResidentPackageStats (ParcelProject)'
info: Microsoft.AspNetCore.Mvc.Infrastructure.ControllerActionInvoker[102]
      Route matched with {action = "GetResidentPackageStats", controller = "Home"}. Executing controller action with signature Microsoft.AspNetCore.Mvc.IActionResult GetResidentPackageStats() on controller ParcelManagement2.Controllers.HomeController (ParcelProject).
dbug: Microsoft.AspNetCore.Mvc.Infrastructure.ControllerActionInvoker[1]
      Execution plan of authorization filters (in the following order): None
dbug: Microsoft.AspNetCore.Mvc.Infrastructure.ControllerActionInvoker[1]
      Execution plan of resource filters (in the following order): Microsoft.AspNetCore.Mvc.ViewFeatures.Filters.SaveTempDataFilter
dbug: Microsoft.AspNetCore.Mvc.Infrastructure.ControllerActionInvoker[1]
      Execution plan of action filters (in the following order): Microsoft.AspNetCore.Mvc.Filters.ControllerActionFilter (Order: -2147483648), Microsoft.AspNetCore.Mvc.ModelBinding.UnsupportedContentTypeFilter (Order: -3000)
dbug: Microsoft.AspNetCore.Mvc.Infrastructure.ControllerActionInvoker[1]
      Execution plan of exception filters (in the following order): None
dbug: Microsoft.AspNetCore.Mvc.Infrastructure.ControllerActionInvoker[1]
      Execution plan of result filters (in the following order): Microsoft.AspNetCore.Mvc.ViewFeatures.Filters.SaveTempDataFilter
dbug: Microsoft.AspNetCore.Mvc.Infrastructure.ControllerActionInvoker[1]
      Executing controller factory for controller ParcelManagement2.Controllers.HomeController (ParcelProject)
dbug: ParcelManagement2.Models.DBConn[0]
      資料庫連線字串已設定
dbug: Microsoft.AspNetCore.Mvc.Infrastructure.ControllerActionInvoker[2]
      Executed controller factory for controller ParcelManagement2.Controllers.HomeController (ParcelProject)
dbug: ParcelManagement2.Models.DBConn[0]
      查詢成功，返回 28 行數據
info: Microsoft.AspNetCore.Mvc.Infrastructure.ContentResultExecutor[1]
      Executing ContentResult with HTTP Response ContentType of application/json
info: Microsoft.AspNetCore.Mvc.Infrastructure.ControllerActionInvoker[105]
      Executed action ParcelManagement2.Controllers.HomeController.GetResidentPackageStats (ParcelProject) in 118.472ms
info: Microsoft.AspNetCore.Routing.EndpointMiddleware[1]
      Executed endpoint 'ParcelManagement2.Controllers.HomeController.GetResidentPackageStats (ParcelProject)'
info: Microsoft.AspNetCore.Hosting.Diagnostics[2]
      Request finished HTTP/2 POST https://localhost:44353/Home/GetResidentPackageStats - 200 2790 application/json 143.0277ms
dbug: Microsoft.AspNetCore.Server.IIS.Core.IISHttpServer[1]
      Connection ID "18374686532016537662" disconnecting.
dbug: Microsoft.Extensions.Http.DefaultHttpClientFactory[100]
      Starting HttpMessageHandler cleanup cycle with 1 items
dbug: Microsoft.Extensions.Http.DefaultHttpClientFactory[101]
      Ending HttpMessageHandler cleanup cycle after 0.0022ms - processed: 0 items - remaining: 1 items
info: Microsoft.AspNetCore.Hosting.Diagnostics[1]
      Request starting HTTP/2 GET https://localhost:44353/Home/Index - - -
dbug: Microsoft.AspNetCore.StaticFiles.StaticFileMiddleware[4]
      The request path /Home/Index does not match a supported file type
dbug: Microsoft.AspNetCore.Routing.Matching.DfaMatcher[1001]
      1 candidate(s) found for the request path '/Home/Index'
dbug: Microsoft.AspNetCore.Routing.Matching.DfaMatcher[1005]
      Endpoint 'ParcelManagement2.Controllers.HomeController.Index (ParcelProject)' with route pattern '{controller=Account}/{action=Login}/{id?}' is valid for the request path '/Home/Index'
dbug: Microsoft.AspNetCore.Routing.EndpointRoutingMiddleware[1]
      Request matched endpoint 'ParcelManagement2.Controllers.HomeController.Index (ParcelProject)'
dbug: Microsoft.AspNetCore.Authentication.Cookies.CookieAuthenticationHandler[8]
      AuthenticationScheme: Cookies was successfully authenticated.
dbug: Microsoft.AspNetCore.Authorization.DefaultAuthorizationService[1]
      Authorization was successful.
info: Microsoft.AspNetCore.Routing.EndpointMiddleware[0]
      Executing endpoint 'ParcelManagement2.Controllers.HomeController.Index (ParcelProject)'
info: Microsoft.AspNetCore.Mvc.Infrastructure.ControllerActionInvoker[102]
      Route matched with {action = "Index", controller = "Home"}. Executing controller action with signature Microsoft.AspNetCore.Mvc.IActionResult Index() on controller ParcelManagement2.Controllers.HomeController (ParcelProject).
dbug: Microsoft.AspNetCore.Mvc.Infrastructure.ControllerActionInvoker[1]
      Execution plan of authorization filters (in the following order): None
dbug: Microsoft.AspNetCore.Mvc.Infrastructure.ControllerActionInvoker[1]
      Execution plan of resource filters (in the following order): Microsoft.AspNetCore.Mvc.ViewFeatures.Filters.SaveTempDataFilter
dbug: Microsoft.AspNetCore.Mvc.Infrastructure.ControllerActionInvoker[1]
      Execution plan of action filters (in the following order): Microsoft.AspNetCore.Mvc.Filters.ControllerActionFilter (Order: -2147483648), Microsoft.AspNetCore.Mvc.ModelBinding.UnsupportedContentTypeFilter (Order: -3000)
dbug: Microsoft.AspNetCore.Mvc.Infrastructure.ControllerActionInvoker[1]
      Execution plan of exception filters (in the following order): None
dbug: Microsoft.AspNetCore.Mvc.Infrastructure.ControllerActionInvoker[1]
      Execution plan of result filters (in the following order): Microsoft.AspNetCore.Mvc.ViewFeatures.Filters.SaveTempDataFilter
dbug: Microsoft.AspNetCore.Mvc.Infrastructure.ControllerActionInvoker[1]
      Executing controller factory for controller ParcelManagement2.Controllers.HomeController (ParcelProject)
dbug: ParcelManagement2.Models.DBConn[0]
      資料庫連線字串已設定
dbug: Microsoft.AspNetCore.Mvc.Infrastructure.ControllerActionInvoker[2]
      Executed controller factory for controller ParcelManagement2.Controllers.HomeController (ParcelProject)
dbug: Microsoft.AspNetCore.Mvc.Razor.RazorViewEngine[2]
      View lookup cache hit for view 'Index' in controller 'Home'.
info: Microsoft.AspNetCore.Mvc.ViewFeatures.ViewResultExecutor[1]
      Executing ViewResult, running view Index.
dbug: Microsoft.AspNetCore.Mvc.ViewFeatures.ViewResultExecutor[2]
      The view path '/Views/Home/Index.cshtml' was found in 2.5178ms.
dbug: Microsoft.AspNetCore.Antiforgery.DefaultAntiforgery[6]
      An antiforgery cookie token was reused.
dbug: Microsoft.WebTools.BrowserLink.Net.BrowserLinkMiddleware[1]
      Response markup is scheduled to include Browser Link script injection.
dbug: Microsoft.AspNetCore.Watch.BrowserRefresh.BrowserRefreshMiddleware[1]
      Response markup is scheduled to include browser refresh script injection.
info: Microsoft.AspNetCore.Mvc.ViewFeatures.ViewResultExecutor[4]
      Executed ViewResult - view Index executed in 8.7185ms.
info: Microsoft.AspNetCore.Mvc.Infrastructure.ControllerActionInvoker[105]
      Executed action ParcelManagement2.Controllers.HomeController.Index (ParcelProject) in 14.3412ms
info: Microsoft.AspNetCore.Routing.EndpointMiddleware[1]
      Executed endpoint 'ParcelManagement2.Controllers.HomeController.Index (ParcelProject)'
dbug: Microsoft.WebTools.BrowserLink.Net.BrowserLinkMiddleware[2]
      Response markup was updated to include Browser Link script injection.
dbug: Microsoft.AspNetCore.Watch.BrowserRefresh.BrowserRefreshMiddleware[2]
      Response markup was updated to include browser refresh script injection.
dbug: Microsoft.AspNetCore.Server.IIS.Core.IISHttpServer[1]
      Connection ID "18158513732722884749" disconnecting.
info: Microsoft.AspNetCore.Hosting.Diagnostics[2]
      Request finished HTTP/2 GET https://localhost:44353/Home/Index - 200 - text/html;+charset=utf-8 43.5979ms
info: Microsoft.AspNetCore.Hosting.Diagnostics[1]
      Request starting HTTP/2 GET https://localhost:44353/.well-known/appspecific/com.chrome.devtools.json - - -
dbug: Microsoft.AspNetCore.StaticFiles.StaticFileMiddleware[5]
      The request path /.well-known/appspecific/com.chrome.devtools.json does not match an existing file
dbug: Microsoft.AspNetCore.Routing.Matching.DfaMatcher[1000]
      No candidates found for the request path '/.well-known/appspecific/com.chrome.devtools.json'
dbug: Microsoft.AspNetCore.Routing.EndpointRoutingMiddleware[2]
      Request did not match any endpoints
dbug: Microsoft.AspNetCore.Authentication.Cookies.CookieAuthenticationHandler[8]
      AuthenticationScheme: Cookies was successfully authenticated.
info: Microsoft.AspNetCore.Hosting.Diagnostics[2]
      Request finished HTTP/2 GET https://localhost:44353/.well-known/appspecific/com.chrome.devtools.json - 404 - - 9.8775ms
dbug: Microsoft.AspNetCore.Server.IIS.Core.IISHttpServer[1]
      Connection ID "18374686557786341407" disconnecting.
info: Microsoft.AspNetCore.Hosting.Diagnostics[16]
      Request reached the end of the middleware pipeline without being handled by application code. Request path: GET https://localhost:44353/.well-known/appspecific/com.chrome.devtools.json, Response status code: 404
info: Microsoft.AspNetCore.Hosting.Diagnostics[1]
      Request starting HTTP/2 POST https://localhost:44353/Home/GetResidentPackageStats - - 0
dbug: Microsoft.AspNetCore.StaticFiles.StaticFileMiddleware[1]
      POST requests are not supported
dbug: Microsoft.AspNetCore.Routing.Matching.DfaMatcher[1001]
      1 candidate(s) found for the request path '/Home/GetResidentPackageStats'
dbug: Microsoft.AspNetCore.Routing.Matching.DfaMatcher[1005]
      Endpoint 'ParcelManagement2.Controllers.HomeController.GetResidentPackageStats (ParcelProject)' with route pattern '{controller=Account}/{action=Login}/{id?}' is valid for the request path '/Home/GetResidentPackageStats'
dbug: Microsoft.AspNetCore.Routing.EndpointRoutingMiddleware[1]
      Request matched endpoint 'ParcelManagement2.Controllers.HomeController.GetResidentPackageStats (ParcelProject)'
dbug: Microsoft.AspNetCore.Authentication.Cookies.CookieAuthenticationHandler[8]
      AuthenticationScheme: Cooki