=== 環境: Development ===
=== 開發環境: True ===
=== 正式環境: False ===
dbug: Microsoft.AspNetCore.Mvc.Razor.Compilation.DefaultViewCompiler[3]
      Initializing Razor view compiler with compiled view: '/Views/Account/AccessDenied.cshtml'.
dbug: Microsoft.AspNetCore.Mvc.Razor.Compilation.DefaultViewCompiler[3]
      Initializing Razor view compiler with compiled view: '/Views/Account/Login.cshtml'.
dbug: Microsoft.AspNetCore.Mvc.Razor.Compilation.DefaultViewCompiler[3]
      Initializing Razor view compiler with compiled view: '/Views/Home/Index.cshtml'.
dbug: Microsoft.AspNetCore.Mvc.Razor.Compilation.DefaultViewCompiler[3]
      Initializing Razor view compiler with compiled view: '/Views/Home/Index_back.cshtml'.
dbug: Microsoft.AspNetCore.Mvc.Razor.Compilation.DefaultViewCompiler[3]
      Initializing Razor view compiler with compiled view: '/Views/Home/Packages.cshtml'.
dbug: Microsoft.AspNetCore.Mvc.Razor.Compilation.DefaultViewCompiler[3]
      Initializing Razor view compiler with compiled view: '/Views/Home/Privacy.cshtml'.
dbug: Microsoft.AspNetCore.Mvc.Razor.Compilation.DefaultViewCompiler[3]
      Initializing Razor view compiler with compiled view: '/Views/Resident/Edit.cshtml'.
dbug: Microsoft.AspNetCore.Mvc.Razor.Compilation.DefaultViewCompiler[3]
      Initializing Razor view compiler with compiled view: '/Views/Resident/Home.cshtml'.
dbug: Microsoft.AspNetCore.Mvc.Razor.Compilation.DefaultViewCompiler[3]
      Initializing Razor view compiler with compiled view: '/Views/Resident/MyPackages.cshtml'.
dbug: Microsoft.AspNetCore.Mvc.Razor.Compilation.DefaultViewCompiler[3]
      Initializing Razor view compiler with compiled view: '/Views/Resident/PackagePhoto.cshtml'.
dbug: Microsoft.AspNetCore.Mvc.Razor.Compilation.DefaultViewCompiler[3]
      Initializing Razor view compiler with compiled view: '/Views/Shared/Error.cshtml'.
dbug: Microsoft.AspNetCore.Mvc.Razor.Compilation.DefaultViewCompiler[3]
      Initializing Razor view compiler with compiled view: '/Views/Shared/_AdminLayout.cshtml'.
dbug: Microsoft.AspNetCore.Mvc.Razor.Compilation.DefaultViewCompiler[3]
      Initializing Razor view compiler with compiled view: '/Views/Shared/_Layout.cshtml'.
dbug: Microsoft.AspNetCore.Mvc.Razor.Compilation.DefaultViewCompiler[3]
      Initializing Razor view compiler with compiled view: '/Views/Shared/_ResidentLayout.cshtml'.
dbug: Microsoft.AspNetCore.Mvc.Razor.Compilation.DefaultViewCompiler[3]
      Initializing Razor view compiler with compiled view: '/Views/Shared/_ValidationScriptsPartial.cshtml'.
dbug: Microsoft.AspNetCore.Mvc.Razor.Compilation.DefaultViewCompiler[3]
      Initializing Razor view compiler with compiled view: '/Views/_ViewImports.cshtml'.
dbug: Microsoft.AspNetCore.Mvc.Razor.Compilation.DefaultViewCompiler[3]
      Initializing Razor view compiler with compiled view: '/Views/_ViewStart.cshtml'.
dbug: Microsoft.AspNetCore.Mvc.Razor.Compilation.DefaultViewCompiler[3]
      Initializing Razor view compiler with compiled view: '/Views/Shared/_Layout_back.cshtml'.
dbug: Microsoft.AspNetCore.Mvc.ModelBinding.ModelBinderFactory[12]
      Registered model binder providers, in the following order: Microsoft.AspNetCore.Mvc.ModelBinding.Binders.BinderTypeModelBinderProvider, Microsoft.AspNetCore.Mvc.ModelBinding.Binders.ServicesModelBinderProvider, Microsoft.AspNetCore.Mvc.ModelBinding.Binders.BodyModelBinderProvider, Microsoft.AspNetCore.Mvc.ModelBinding.Binders.HeaderModelBinderProvider, Microsoft.AspNetCore.Mvc.ModelBinding.Binders.FloatingPointTypeModelBinderProvider, Microsoft.AspNetCore.Mvc.ModelBinding.Binders.EnumTypeModelBinderProvider, Microsoft.AspNetCore.Mvc.ModelBinding.Binders.DateTimeModelBinderProvider, Microsoft.AspNetCore.Mvc.ModelBinding.Binders.SimpleTypeModelBinderProvider, Microsoft.AspNetCore.Mvc.ModelBinding.Binders.TryParseModelBinderProvider, Microsoft.AspNetCore.Mvc.ModelBinding.Binders.CancellationTokenModelBinderProvider, Microsoft.AspNetCore.Mvc.ModelBinding.Binders.ByteArrayModelBinderProvider, Microsoft.AspNetCore.Mvc.ModelBinding.Binders.FormFileModelBinderProvider, Microsoft.AspNetCore.Mvc.ModelBinding.Binders.FormCollectionModelBinderProvider, Microsoft.AspNetCore.Mvc.ModelBinding.Binders.KeyValuePairModelBinderProvider, Microsoft.AspNetCore.Mvc.ModelBinding.Binders.DictionaryModelBinderProvider, Microsoft.AspNetCore.Mvc.ModelBinding.Binders.ArrayModelBinderProvider, Microsoft.AspNetCore.Mvc.ModelBinding.Binders.CollectionModelBinderProvider, Microsoft.AspNetCore.Mvc.ModelBinding.Binders.ComplexObjectModelBinderProvider
dbug: Microsoft.Extensions.Hosting.Internal.Host[1]
      Hosting starting
info: Microsoft.AspNetCore.DataProtection.KeyManagement.XmlKeyManager[63]
      User profile is available. Using 'C:\Users\a2168\AppData\Local\ASP.NET\DataProtection-Keys' as key repository and Windows DPAPI to encrypt keys at rest.
dbug: Microsoft.AspNetCore.DataProtection.Repositories.FileSystemXmlRepository[37]
      Reading data from file 'C:\Users\a2168\AppData\Local\ASP.NET\DataProtection-Keys\key-c7681aa5-906a-4dd8-a60e-cad062d4e942.xml'.
dbug: Microsoft.AspNetCore.DataProtection.KeyManagement.XmlKeyManager[18]
      Found key {c7681aa5-906a-4dd8-a60e-cad062d4e942}.
dbug: Microsoft.AspNetCore.DataProtection.KeyManagement.DefaultKeyResolver[13]
      Considering key {c7681aa5-906a-4dd8-a60e-cad062d4e942} with expiration date 2025-12-26 16:17:59Z as default key.
dbug: Microsoft.AspNetCore.DataProtection.TypeForwardingActivator[0]
      Forwarded activator type request from Microsoft.AspNetCore.DataProtection.XmlEncryption.DpapiXmlDecryptor, Microsoft.AspNetCore.DataProtection, Version=8.0.0.0, Culture=neutral, PublicKeyToken=adb9793829ddae60 to Microsoft.AspNetCore.DataProtection.XmlEncryption.DpapiXmlDecryptor, Microsoft.AspNetCore.DataProtection, Culture=neutral, PublicKeyToken=adb9793829ddae60
dbug: Microsoft.AspNetCore.DataProtection.XmlEncryption.DpapiXmlDecryptor[51]
      Decrypting secret element using Windows DPAPI.
dbug: Microsoft.AspNetCore.DataProtection.TypeForwardingActivator[0]
      Forwarded activator type request from Microsoft.AspNetCore.DataProtection.AuthenticatedEncryption.ConfigurationModel.AuthenticatedEncryptorDescriptorDeserializer, Microsoft.AspNetCore.DataProtection, Version=8.0.0.0, Culture=neutral, PublicKeyToken=adb9793829ddae60 to Microsoft.AspNetCore.DataProtection.AuthenticatedEncryption.ConfigurationModel.AuthenticatedEncryptorDescriptorDeserializer, Microsoft.AspNetCore.DataProtection, Culture=neutral, PublicKeyToken=adb9793829ddae60
dbug: Microsoft.AspNetCore.DataProtection.AuthenticatedEncryption.CngCbcAuthenticatedEncryptorFactory[4]
      Opening CNG algorithm 'AES' from provider '(null)' with chaining mode CBC.
dbug: Microsoft.AspNetCore.DataProtection.AuthenticatedEncryption.CngCbcAuthenticatedEncryptorFactory[3]
      Opening CNG algorithm 'SHA256' from provider '(null)' with HMAC.
dbug: Microsoft.AspNetCore.DataProtection.KeyManagement.KeyRingProvider[2]
      Using key {c7681aa5-906a-4dd8-a60e-cad062d4e942} as the default key.
dbug: Microsoft.AspNetCore.DataProtection.Internal.DataProtectionHostedService[65]
      Key ring with default key {c7681aa5-906a-4dd8-a60e-cad062d4e942} was loaded during application startup.
dbug: Microsoft.AspNetCore.Watch.BrowserRefresh.BlazorWasmHotReloadMiddleware[0]
      Middleware loaded
dbug: Microsoft.AspNetCore.Watch.BrowserRefresh.BrowserScriptMiddleware[0]
      Middleware loaded. Script /_framework/aspnetcore-browser-refresh.js (16511 B).
dbug: Microsoft.AspNetCore.Watch.BrowserRefresh.BrowserScriptMiddleware[0]
      Middleware loaded. Script /_framework/blazor-hotreload.js (799 B).
dbug: Microsoft.AspNetCore.Watch.BrowserRefresh.BrowserRefreshMiddleware[0]
      Middleware loaded: DOTNET_MODIFIABLE_ASSEMBLIES=debug, __ASPNETCORE_BROWSER_TOOLS=true
dbug: Microsoft.AspNetCore.Hosting.Diagnostics[13]
      Loaded hosting startup assembly ParcelProject
dbug: Microsoft.AspNetCore.Hosting.Diagnostics[13]
      Loaded hosting startup assembly Microsoft.WebTools.ApiEndpointDiscovery
dbug: Microsoft.AspNetCore.Hosting.Diagnostics[13]
      Loaded hosting startup assembly Microsoft.AspNetCore.Watch.BrowserRefresh
dbug: Microsoft.AspNetCore.Hosting.Diagnostics[13]
      Loaded hosting startup assembly Microsoft.WebTools.BrowserLink.Net
info: Microsoft.AspNetCore.Hosting.Diagnostics[1]
      Request starting HTTP/2 GET https://localhost:44353/ - - -
info: Microsoft.Hosting.Lifetime[0]
      Application started. Press Ctrl+C to shut down.
info: Microsoft.Hosting.Lifetime[0]
      Hosting environment: Development
info: Microsoft.Hosting.Lifetime[0]
      Content root path: E:\專題\ParcelManagement2\ParcelManagement2
dbug: Microsoft.Extensions.Hosting.Internal.Host[2]
      Hosting started
dbug: Microsoft.AspNetCore.HostFiltering.HostFilteringMiddleware[0]
      Wildcard detected, all requests with hosts will be allowed.
dbug: Microsoft.AspNetCore.StaticFiles.StaticFileMiddleware[4]
      The request path / does not match a supported file type
dbug: Microsoft.AspNetCore.Routing.Matching.DfaMatcher[1001]
      1 candidate(s) found for the request path '/'
dbug: Microsoft.AspNetCore.Routing.Matching.DfaMatcher[1005]
      Endpoint 'ParcelManagement2.Controllers.AccountController.Login (ParcelProject)' with route pattern '{controller=Account}/{action=Login}/{id?}' is valid for the request path '/'
dbug: Microsoft.AspNetCore.Routing.EndpointRoutingMiddleware[1]
      Request matched endpoint 'ParcelManagement2.Controllers.AccountController.Login (ParcelProject)'
dbug: Microsoft.AspNetCore.Authentication.Cookies.CookieAuthenticationHandler[8]
      AuthenticationScheme: Cookies was successfully authenticated.
info: Microsoft.AspNetCore.Routing.EndpointMiddleware[0]
      Executing endpoint 'ParcelManagement2.Controllers.AccountController.Login (ParcelProject)'
info: Microsoft.AspNetCore.Mvc.Infrastructure.ControllerActionInvoker[102]
      Route matched with {action = "Login", controller = "Account"}. Executing controller action with signature Microsoft.AspNetCore.Mvc.IActionResult Login(System.String) on controller ParcelManagement2.Controllers.AccountController (ParcelProject).
dbug: Microsoft.AspNetCore.Mvc.Infrastructure.ControllerActionInvoker[1]
      Execution plan of authorization filters (in the following order): None
dbug: Microsoft.AspNetCore.Mvc.Infrastructure.ControllerActionInvoker[1]
      Execution plan of resource filters (in the following order): Microsoft.AspNetCore.Mvc.ViewFeatures.Filters.SaveTempDataFilter
dbug: Microsoft.AspNetCore.Mvc.Infrastructure.ControllerActionInvoker[1]
      Execution plan of action filters (in the following order): Microsoft.AspNetCore.Mvc.Filters.ControllerActionFilter (Order: -2147483648), Microsoft.AspNetCore.Mvc.ModelBinding.UnsupportedContentTypeFilter (Order: -3000)
dbug: Microsoft.AspNetCore.Mvc.Infrastructure.ControllerActionInvoker[1]
      Execution plan of exception filters (in the following order): None
dbug: Microsoft.AspNetCore.Mvc.Infrastructure.ControllerActionInvoker[1]
      Execution plan of result filters (in the following order): Microsoft.AspNetCore.Mvc.ViewFeatures.Filters.SaveTempDataFilter
dbug: Microsoft.AspNetCore.Mvc.Infrastructure.ControllerActionInvoker[1]
      Executing controller factory for controller ParcelManagement2.Controllers.AccountController (ParcelProject)
dbug: Microsoft.AspNetCore.Mvc.Infrastructure.ControllerActionInvoker[2]
      Executed controller factory for controller ParcelManagement2.Controllers.AccountController (ParcelProject)
dbug: Microsoft.AspNetCore.Mvc.ModelBinding.ParameterBinder[22]
      Attempting to bind parameter 'returnUrl' of type 'System.String' ...
dbug: Microsoft.AspNetCore.Mvc.ModelBinding.Binders.SimpleTypeModelBinder[44]
      Attempting to bind parameter 'returnUrl' of type 'System.String' using the name '' in request data ...
dbug: Microsoft.AspNetCore.Mvc.ModelBinding.Binders.SimpleTypeModelBinder[16]
      Could not find a value in the request with name '' for binding parameter 'returnUrl' of type 'System.String'.
dbug: Microsoft.AspNetCore.Mvc.ModelBinding.Binders.SimpleTypeModelBinder[45]
      Done attempting to bind parameter 'returnUrl' of type 'System.String'.
dbug: Microsoft.AspNetCore.Mvc.ModelBinding.ParameterBinder[23]
      Done attempting to bind parameter 'returnUrl' of type 'System.String'.
dbug: Microsoft.AspNetCore.Mvc.ModelBinding.ParameterBinder[26]
      Attempting to validate the bound parameter 'returnUrl' of type 'System.String' ...
dbug: Microsoft.AspNetCore.Mvc.ModelBinding.ParameterBinder[27]
      Done attempting to validate the bound parameter 'returnUrl' of type 'System.String'.
dbug: Microsoft.AspNetCore.Mvc.Razor.RazorViewEngine[1]
      View lookup cache miss for view 'Login' in controller 'Account'.
info: Microsoft.AspNetCore.Mvc.ViewFeatures.ViewResultExecutor[1]
      Executing ViewResult, running view Login.
dbug: Microsoft.AspNetCore.Mvc.ViewFeatures.ViewResultExecutor[2]
      The view path '/Views/Account/Login.cshtml' was found in 4.4772ms.
dbug: Microsoft.AspNetCore.Antiforgery.DefaultAntiforgery[5]
      A new antiforgery cookie token was created.
dbug: Microsoft.WebTools.BrowserLink.Net.BrowserLinkMiddleware[1]
      Response markup is scheduled to include Browser Link script injection.
dbug: Microsoft.AspNetCore.Watch.BrowserRefresh.BrowserRefreshMiddleware[1]
      Response markup is scheduled to include browser refresh script injection.
info: Microsoft.AspNetCore.Mvc.ViewFeatures.ViewResultExecutor[4]
      Executed ViewResult - view Login executed in 129.6745ms.
info: Microsoft.AspNetCore.Mvc.Infrastructure.ControllerActionInvoker[105]
      Executed action ParcelManagement2.Controllers.AccountController.Login (ParcelProject) in 172.5512ms
info: Microsoft.AspNetCore.Routing.EndpointMiddleware[1]
      Executed endpoint 'ParcelManagement2.Controllers.AccountController.Login (ParcelProject)'
dbug: Microsoft.WebTools.BrowserLink.Net.BrowserLinkMiddleware[2]
      Response markup was updated to include Browser Link script injection.
dbug: Microsoft.AspNetCore.Watch.BrowserRefresh.BrowserRefreshMiddleware[2]
      Response markup was updated to include browser refresh script injection.
dbug: Microsoft.AspNetCore.Server.IIS.Core.IISHttpServer[1]
      Connection ID "18158513758492688450" disconnecting.
info: Microsoft.AspNetCore.Hosting.Diagnostics[2]
      Request finished HTTP/2 GET https://localhost:44353/ - 200 - text/html;+charset=utf-8 354.6902ms
info: Microsoft.AspNetCore.Hosting.Diagnostics[1]
      Request starting HTTP/2 GET https://localhost:44353/_framework/aspnetcore-browser-refresh.js - - -
info: Microsoft.AspNetCore.Hosting.Diagnostics[1]
      Request starting HTTP/2 GET https://localhost:44353/_vs/browserLink - - -
dbug: Microsoft.AspNetCore.Watch.BrowserRefresh.BrowserScriptMiddleware[0]
      Script injected: /_framework/aspnetcore-browser-refresh.js
dbug: Microsoft.AspNetCore.Server.IIS.Core.IISHttpServer[1]
      Connection ID "18014398536057094280" disconnecting.
info: Microsoft.AspNetCore.Hosting.Diagnostics[2]
      Request finished HTTP/2 GET https://localhost:44353/_framework/aspnetcore-browser-refresh.js - 200 16511 application/javascript;+charset=utf-8 7.1699ms
dbug: Microsoft.AspNetCore.Server.IIS.Core.IISHttpServer[1]
      Connection ID "18086456121505087511" disconnecting.
info: Microsoft.AspNetCore.Hosting.Diagnostics[2]
      Request finished HTTP/2 GET https://localhost:44353/_vs/browserLink - 200 - text/javascript;+charset=UTF-8 36.4645ms
info: Microsoft.AspNetCore.Hosting.Diagnostics[1]
      Request starting HTTP/2 POST https://localhost:44353/Account/Login - application/json 42
dbug: Microsoft.AspNetCore.StaticFiles.StaticFileMiddleware[1]
      POST requests are not supported
dbug: Microsoft.AspNetCore.Routing.Matching.DfaMatcher[1001]
      2 candidate(s) found for the request path '/Account/Login'
dbug: Microsoft.AspNetCore.Routing.Matching.DfaMatcher[1005]
      Endpoint 'ParcelManagement2.Controllers.AccountController.Login (ParcelProject)' with route pattern '{controller=Account}/{action=Login}/{id?}' is valid for the request path '/Account/Login'
dbug: Microsoft.AspNetCore.Routing.Matching.DfaMatcher[1005]
      Endpoint 'ParcelManagement2.Controllers.AccountController.Login (ParcelProject)' with route pattern '{controller=Account}/{action=Login}/{id?}' is valid for the request path '/Account/Login'
dbug: Microsoft.AspNetCore.Routing.EndpointRoutingMiddleware[1]
      Request matched endpoint 'ParcelManagement2.Controllers.AccountController.Login (ParcelProject)'
dbug: Microsoft.AspNetCore.Authentication.Cookies.CookieAuthenticationHandler[8]
      AuthenticationScheme: Cookies was successfully authenticated.
info: Microsoft.AspNetCore.Routing.EndpointMiddleware[0]
      Executing endpoint 'ParcelManagement2.Controllers.AccountController.Login (ParcelProject)'
info: Microsoft.AspNetCore.Mvc.Infrastructure.ControllerActionInvoker[102]
      Route matched with {action = "Login", controller = "Account"}. Executing controller action with signature System.Threading.Tasks.Task`1[Microsoft.AspNetCore.Mvc.JsonResult] Login(LoginDto) on controller ParcelManagement2.Controllers.AccountController (ParcelProject).
dbug: Microsoft.AspNetCore.Mvc.Infrastructure.ControllerActionInvoker[1]
      Execution plan of authorization filters (in the following order): None
dbug: Microsoft.AspNetCore.Mvc.Infrastructure.ControllerActionInvoker[1]
      Execution plan of resource filters (in the following order): Microsoft.AspNetCore.Mvc.ViewFeatures.Filters.SaveTempDataFilter
dbug: Microsoft.AspNetCore.Mvc.Infrastructure.ControllerActionInvoker[1]
      Execution plan of action filters (in the following order): Microsoft.AspNetCore.Mvc.Filters.ControllerActionFilter (Order: -2147483648), Microsoft.AspNetCore.Mvc.ModelBinding.UnsupportedContentTypeFilter (Order: -3000)
dbug: Microsoft.AspNetCore.Mvc.Infrastructure.ControllerActionInvoker[1]
      Execution plan of exception filters (in the following order): None
dbug: Microsoft.AspNetCore.Mvc.Infrastructure.ControllerActionInvoker[1]
      Execution plan of result filters (in the following order): Microsoft.AspNetCore.Mvc.ViewFeatures.Filters.SaveTempDataFilter
dbug: Microsoft.AspNetCore.Mvc.Infrastructure.ControllerActionInvoker[1]
      Executing controller factory for controller ParcelManagement2.Controllers.AccountController (ParcelProject)
dbug: Microsoft.AspNetCore.Mvc.Infrastructure.ControllerActionInvoker[2]
      Executed controller factory for controller ParcelManagement2.Controllers.AccountController (ParcelProject)
dbug: Microsoft.AspNetCore.Mvc.ModelBinding.ParameterBinder[22]
      Attempting to bind parameter 'dto' of type 'ParcelManagement2.Models.Request.AccountRequest+LoginDto' ...
dbug: Microsoft.AspNetCore.Mvc.ModelBinding.Binders.BodyModelBinder[44]
      Attempting to bind parameter 'dto' of type 'ParcelManagement2.Models.Request.AccountRequest+LoginDto' using the name '' in request data ...
dbug: Microsoft.AspNetCore.Mvc.ModelBinding.Binders.BodyModelBinder[1]
      Selected input formatter 'Microsoft.AspNetCore.Mvc.Formatters.SystemTextJsonInputFormatter' for content type 'application/json'.
dbug: Microsoft.AspNetCore.Mvc.Formatters.SystemTextJsonInputFormatter[2]
      JSON input formatter succeeded, deserializing to type 'ParcelManagement2.Models.Request.AccountRequest+LoginDto'
dbug: Microsoft.AspNetCore.Mvc.ModelBinding.Binders.BodyModelBinder[45]
      Done attempting to bind parameter 'dto' of type 'ParcelManagement2.Models.Request.AccountRequest+LoginDto'.
dbug: Microsoft.AspNetCore.Mvc.ModelBinding.ParameterBinder[23]
      Done attempting to bind parameter 'dto' of type 'ParcelManagement2.Models.Request.AccountRequest+LoginDto'.
dbug: Microsoft.AspNetCore.Mvc.ModelBinding.ParameterBinder[26]
      Attempting to validate the bound parameter 'dto' of type 'ParcelManagement2.Models.Request.AccountRequest+LoginDto' ...
dbug: Microsoft.AspNetCore.Mvc.ModelBinding.ParameterBinder[27]
      Done attempting to validate the bound parameter 'dto' of type 'ParcelManagement2.Models.Request.AccountRequest+LoginDto'.
info: ParcelManagement2.Controllers.AccountController[0]
      登入嘗試開始
info: ParcelManagement2.Controllers.AccountController[0]
      ModelState valid=True
info: ParcelManagement2.Controllers.AccountController[0]
      接收到的資料 - Username: test001, Password: True
info: ParcelManagement2.Controllers.AccountController[0]
      登入成功 - Username: test001, Role: Admin
info: Microsoft.AspNetCore.Authentication.Cookies.CookieAuthenticationHandler[10]
      AuthenticationScheme: Cookies signed in.
dbug: Microsoft.AspNetCore.Routing.DefaultLinkGenerator[100]
      Found the endpoints Route: {controller=Account}/{action=Login}/{id?} for address (action=[Index],controller=[Home])
dbug: Microsoft.AspNetCore.Routing.DefaultLinkGenerator[102]
      Successfully processed template {controller=Account}/{action=Login}/{id?} for Route: {controller=Account}/{action=Login}/{id?} resulting in /Home/Index and 
dbug: Microsoft.AspNetCore.Routing.DefaultLinkGenerator[105]
      Link generation succeeded for endpoints Route: {controller=Account}/{action=Login}/{id?} with result /Home/Index
info: ParcelManagement2.Controllers.AccountController[0]
      登入完成，導向: /Home/Index
info: Microsoft.AspNetCore.Mvc.Infrastructure.SystemTextJsonResultExecutor[1]
      Executing JsonResult, writing value of type '<>f__AnonymousType2`4[[System.Boolean, System.Private.CoreLib, Version=8.0.0.0, Culture=neutral, PublicKeyToken=7cec85d7bea7798e],[System.String, System.Private.CoreLib, Version=8.0.0.0, Culture=neutral, PublicKeyToken=7cec85d7bea7798e],[System.String, System.Private.CoreLib, Version=8.0.0.0, Culture=neutral, PublicKeyToken=7cec85d7bea7798e],[<>f__AnonymousType3`2[[System.String, System.Private.CoreLib, Version=8.0.0.0, Culture=neutral, PublicKeyToken=7cec85d7bea7798e],[System.String, System.Private.CoreLib, Version=8.0.0.0, Culture=neutral, PublicKeyToken=7cec85d7bea7798e]], ParcelProject, Version=1.0.0.0, Culture=neutral, PublicKeyToken=null]]'.
info: Microsoft.AspNetCore.Mvc.Infrastructure.ControllerActionInvoker[105]
      Executed action ParcelManagement2.Controllers.AccountController.Login (ParcelProject) in 423.506ms
info: Microsoft.AspNetCore.Routing.EndpointMiddleware[1]
      Executed endpoint 'ParcelManagement2.Controllers.AccountController.Login (ParcelProject)'
info: Microsoft.AspNetCore.Hosting.Diagnostics[2]
      Request finished HTTP/2 POST https://localhost:44353/Account/Login - 200 - application/json;+charset=utf-8 447.3818ms
dbug: Microsoft.AspNetCore.Server.IIS.Core.IISHttpServer[1]
      Connection ID "18230571300991009067" disconnecting.
info: Microsoft.AspNetCore.Hosting.Diagnostics[1]
      Request starting HTTP/2 GET https://localhost:44353/Home/Index - - -
dbug: Microsoft.AspNetCore.StaticFiles.StaticFileMiddleware[4]
      The request path /Home/Index does not match a supported file type
dbug: Microsoft.AspNetCore.Routing.Matching.DfaMatcher[1001]
      1 candidate(s) found for the request path '/Home/Index'
dbug: Microsoft.AspNetCore.Routing.Matching.DfaMatcher[1005]
      Endpoint 'ParcelManagement2.Controllers.HomeController.Index (ParcelProject)' with route pattern '{controller=Account}/{action=Login}/{id?}' is valid for the request path '/Home/Index'
dbug: Microsoft.AspNetCore.Routing.EndpointRoutingMiddleware[1]
      Request matched endpoint 'ParcelManagement2.Controllers.HomeController.Index (ParcelProject)'
dbug: Microsoft.AspNetCore.Authentication.Cookies.CookieAuthenticationHandler[8]
      AuthenticationScheme: Cookies was successfully authenticated.
dbug: Microsoft.AspNetCore.Authorization.DefaultAuthorizationService[1]
      Authorization was successful.
info: Microsoft.AspNetCore.Routing.EndpointMiddleware[0]
      Executing endpoint 'ParcelManagement2.Controllers.HomeController.Index (ParcelProject)'
info: Microsoft.AspNetCore.Mvc.Infrastructure.ControllerActionInvoker[102]
      Route matched with {action = "Index", controller = "Home"}. Executing controller action with signature Microsoft.AspNetCore.Mvc.IActionResult Index() on controller ParcelManagement2.Controllers.HomeController (ParcelProject).
dbug: Microsoft.AspNetCore.Mvc.Infrastructure.ControllerActionInvoker[1]
      Execution plan of authorization filters (in the following order): None
dbug: Microsoft.AspNetCore.Mvc.Infrastructure.ControllerActionInvoker[1]
      Execution plan of resource filters (in the following order): Microsoft.AspNetCore.Mvc.ViewFeatures.Filters.SaveTempDataFilter
dbug: Microsoft.AspNetCore.Mvc.Infrastructure.ControllerActionInvoker[1]
      Execution plan of action filters (in the following order): Microsoft.AspNetCore.Mvc.Filters.ControllerActionFilter (Order: -2147483648), Microsoft.AspNetCore.Mvc.ModelBinding.UnsupportedContentTypeFilter (Order: -3000)
dbug: Microsoft.AspNetCore.Mvc.Infrastructure.ControllerActionInvoker[1]
      Execution plan of exception filters (in the following order): None
dbug: Microsoft.AspNetCore.Mvc.Infrastructure.ControllerActionInvoker[1]
      Execution plan of result filters (in the following order): Microsoft.AspNetCore.Mvc.ViewFeatures.Filters.SaveTempDataFilter
dbug: Microsoft.AspNetCore.Mvc.Infrastructure.ControllerActionInvoker[1]
      Executing controller factory for controller ParcelManagement2.Controllers.HomeController (ParcelProject)
dbug: ParcelManagement2.Models.DBConn[0]
      資料庫連線字串已設定
dbug: Microsoft.AspNetCore.Mvc.Infrastructure.ControllerActionInvoker[2]
      Executed controller factory for controller ParcelManagement2.Controllers.HomeController (ParcelProject)
dbug: Microsoft.AspNetCore.Mvc.Razor.RazorViewEngine[1]
      View lookup cache miss for view 'Index' in controller 'Home'.
info: Microsoft.AspNetCore.Mvc.ViewFeatures.ViewResultExecutor[1]
      Executing ViewResult, running view Index.
dbug: Microsoft.AspNetCore.Mvc.ViewFeatures.ViewResultExecutor[2]
      The view path '/Views/Home/Index.cshtml' was found in 2.5546ms.
dbug: Microsoft.AspNetCore.Antiforgery.DefaultAntiforgery[6]
      An antiforgery cookie token was reused.
dbug: Microsoft.WebTools.BrowserLink.Net.BrowserLinkMiddleware[1]
      Response markup is scheduled to include Browser Link script injection.
dbug: Microsoft.AspNetCore.Watch.BrowserRefresh.BrowserRefreshMiddleware[1]
      Response markup is scheduled to include browser refresh script injection.
info: Microsoft.AspNetCore.Mvc.ViewFeatures.ViewResultExecutor[4]
      Executed ViewResult - view Index executed in 31.2264ms.
info: Microsoft.AspNetCore.Mvc.Infrastructure.ControllerActionInvoker[105]
      Executed action ParcelManagement2.Controllers.HomeController.Index (ParcelProject) in 40.3432ms
info: Microsoft.AspNetCore.Routing.EndpointMiddleware[1]
      Executed endpoint 'ParcelManagement2.Controllers.HomeController.Index (ParcelProject)'
dbug: Microsoft.WebTools.BrowserLink.Net.BrowserLinkMiddleware[2]
      Response markup was updated to include Browser Link script injection.
dbug: Microsoft.AspNetCore.Watch.BrowserRefresh.BrowserRefreshMiddleware[2]
      Response markup was updated to include browser refresh script injection.
dbug: Microsoft.AspNetCore.Server.IIS.Core.IISHttpServer[1]
      Connection ID "17149707416191893548" disconnecting.
info: Microsoft.AspNetCore.Hosting.Diagnostics[2]
      Request finished HTTP/2 GET https://localhost:44353/Home/Index - 200 - text/html;+charset=utf-8 72.5231ms
info: Microsoft.AspNetCore.Hosting.Diagnostics[1]
      Request starting HTTP/2 GET https://localhost:44353/_framework/aspnetcore-browser-refresh.js - - -
info: Microsoft.AspNetCore.Hosting.Diagnostics[1]
      Request starting HTTP/2 GET https://localhost:44353/_vs/browserLink - - -
dbug: Microsoft.AspNetCore.Watch.BrowserRefresh.BrowserScriptMiddleware[0]
      Script injected: /_framework/aspnetcore-browser-refresh.js
info: Microsoft.AspNetCore.Hosting.Diagnostics[2]
      Request finished HTTP/2 GET https://localhost:44353/_framework/aspnetcore-browser-refresh.js - 200 16511 application/javascript;+charset=utf-8 6.0964ms
dbug: Microsoft.AspNetCore.Server.IIS.Core.IISHttpServer[1]
      Connection ID "18158513758492688452" disconnecting.
dbug: Microsoft.AspNetCore.Server.IIS.Core.IISHttpServer[1]
      Connection ID "18014398510287290684" disconnecting.
info: Microsoft.AspNetCore.Hosting.Diagnostics[2]
      Request finished HTTP/2 GET https://localhost:44353/_vs/browserLink - 200 - text/javascript;+charset=UTF-8 16.6405ms
info: Microsoft.AspNetCore.Hosting.Diagnostics[1]
      Request starting HTTP/2 POST https://localhost:44353/Home/GetResidentPackageStats - - 0
dbug: Microsoft.AspNetCore.StaticFiles.StaticFileMiddleware[1]
      POST requests are not supported
dbug: Microsoft.AspNetCore.Routing.Matching.DfaMatcher[1001]
      1 candidate(s) found for the request path '/Home/GetResidentPackageStats'
dbug: Microsoft.AspNetCore.Routing.Matching.DfaMatcher[1005]
      Endpoint 'ParcelManagement2.Controllers.HomeController.GetResidentPackageStats (ParcelProject)' with route pattern '{controller=Account}/{action=Login}/{id?}' is valid for the request path '/Home/GetResidentPackageStats'
dbug: Microsoft.AspNetCore.Routing.EndpointRoutingMiddleware[1]
      Request matched endpoint 'ParcelManagement2.Controllers.HomeController.GetResidentPackageStats (ParcelProject)'
dbug: Microsoft.AspNetCore.Authentication.Cookies.CookieAuthenticationHandler[8]
      AuthenticationScheme: Cookies was successfully authenticated.
dbug: Microsoft.AspNetCore.Authorization.DefaultAuthorizationService[1]
      Authorization was successful.
info: Microsoft.AspNetCore.Routing.EndpointMiddleware[0]
      Executing endpoint 'ParcelManagement2.Controllers.HomeController.GetResidentPackageStats (ParcelProject)'
info: Microsoft.AspNetCore.Mvc.Infrastructure.ControllerActionInvoker[102]
      Route matched with {action = "GetResidentPackageStats", controller = "Home"}. Executing controller action with signature Microsoft.AspNetCore.Mvc.IActionResult GetResidentPackageStats() on controller ParcelManagement2.Controllers.HomeController (ParcelProject).
dbug: Microsoft.AspNetCore.Mvc.Infrastructure.ControllerActionInvoker[1]
      Execution plan of authorization filters (in the following order): None
dbug: Microsoft.AspNetCore.Mvc.Infrastructure.ControllerActionInvoker[1]
      Execution plan of resource filters (in the following order): Microsoft.AspNetCore.Mvc.ViewFeatures.Filters.SaveTempDataFilter
dbug: Microsoft.AspNetCore.Mvc.Infrastructure.ControllerActionInvoker[1]
      Execution plan of action filters (in the following order): Microsoft.AspNetCore.Mvc.Filters.ControllerActionFilter (Order: -2147483648), Microsoft.AspNetCore.Mvc.ModelBinding.UnsupportedContentTypeFilter (Order: -3000)
dbug: Microsoft.AspNetCore.Mvc.Infrastructure.ControllerActionInvoker[1]
      Execution plan of exception filters (in the following order): None
dbug: Microsoft.AspNetCore.Mvc.Infrastructure.ControllerActionInvoker[1]
      Execution plan of result filters (in the following order): Microsoft.AspNetCore.Mvc.ViewFeatures.Filters.SaveTempDataFilter
dbug: Microsoft.AspNetCore.Mvc.Infrastructure.ControllerActionInvoker[1]
      Executing controller factory for controller ParcelManagement2.Controllers.HomeController (ParcelProject)
dbug: ParcelManagement2.Models.DBConn[0]
      資料庫連線字串已設定
dbug: Microsoft.AspNetCore.Mvc.Infrastructure.ControllerActionInvoker[2]
      Executed controller factory for controller ParcelManagement2.Controllers.HomeController (ParcelProject)
dbug: ParcelManagement2.Models.DBConn[0]
      查詢成功，返回 29 行數據
info: Microsoft.AspNetCore.Mvc.Infrastructure.ContentResultExecutor[1]
      Executing ContentResult with HTTP Response ContentType of application/json
info: Microsoft.AspNetCore.Mvc.Infrastructure.ControllerActionInvoker[105]
      Executed action ParcelManagement2.Controllers.HomeController.GetResidentPackageStats (ParcelProject) in 44.6734ms
info: Microsoft.AspNetCore.Routing.EndpointMiddleware[1]
      Executed endpoint 'ParcelManagement2.Controllers.HomeController.GetResidentPackageStats (ParcelProject)'
info: Microsoft.AspNetCore.Hosting.Diagnostics[2]
      Request finished HTTP/2 POST https://localhost:44353/Home/GetResidentPackageStats - 200 2889 application/json 70.6436ms
dbug: Microsoft.AspNetCore.Server.IIS.Core.IISHttpServer[1]
      Connection ID "17942340959199035766" disconnecting.
info: Microsoft.AspNetCore.Hosting.Diagnostics[1]
      Request starting HTTP/2 GET https://localhost:44353/Home/Packages - - -
dbug: Microsoft.AspNetCore.StaticFiles.StaticFileMiddleware[4]
      The request path /Home/Packages does not match a supported file type
dbug: Microsoft.AspNetCore.Routing.Matching.DfaMatcher[1001]
      1 candidate(s) found for the request path '/Home/Packages'
dbug: Microsoft.AspNetCore.Routing.Matching.DfaMatcher[1005]
      Endpoint 'ParcelManagement2.Controllers.HomeController.Packages (ParcelProject)' with route pattern '{controller=Account}/{action=Login}/{id?}' is valid for the request path '/Home/Packages'
dbug: Microsoft.AspNetCore.Routing.EndpointRoutingMiddleware[1]
      Request matched endpoint 'ParcelManagement2.Controllers.HomeController.Packages (ParcelProject)'
dbug: Microsoft.AspNetCore.Authentication.Cookies.CookieAuthenticationHandler[8]
      AuthenticationScheme: Cookies was successfully authenticated.
dbug: Microsoft.AspNetCore.Authorization.DefaultAuthorizationService[1]
      Authorization was successful.
info: Microsoft.AspNetCore.Routing.EndpointMiddleware[0]
      Executing endpoint 'ParcelManagement2.Controllers.HomeController.Packages (ParcelProject)'
info: Microsoft.AspNetCore.Mvc.Infrastructure.ControllerActionInvoker[102]
      Route matched with {action = "Packages", controller = "Home"}. Executing controller action with signature Microsoft.AspNetCore.Mvc.IActionResult Packages() on controller ParcelManagement2.Controllers.HomeController (ParcelProject).
dbug: Microsoft.AspNetCore.Mvc.Infrastructure.ControllerActionInvoker[1]
      Execution plan of authorization filters (in the following order): None
dbug: Microsoft.AspNetCore.Mvc.Infrastructure.ControllerActionInvoker[1]
      Execution plan of resource filters (in the following order): Microsoft.AspNetCore.Mvc.ViewFeatures.Filters.SaveTempDataFilter
dbug: Microsoft.AspNetCore.Mvc.Infrastructure.ControllerActionInvoker[1]
      Execution plan of action filters (in the following order): Microsoft.AspNetCore.Mvc.Filters.ControllerActionFilter (Order: -2147483648), Microsoft.AspNetCore.Mvc.ModelBinding.UnsupportedContentTypeFilter (Order: -3000)
dbug: Microsoft.AspNetCore.Mvc.Infrastructure.ControllerActionInvoker[1]
      Execution plan of exception filters (in the following order): None
dbug: Microsoft.AspNetCore.Mvc.Infrastructure.ControllerActionInvoker[1]
      Execution plan of result filters (in the following order): Microsoft.AspNetCore.Mvc.ViewFeatures.Filters.SaveTempDataFilter
dbug: Microsoft.AspNetCore.Mvc.Infrastructure.ControllerActionInvoker[1]
      Executing controller factory for controller ParcelManagement2.Controllers.HomeController (ParcelProject)
dbug: ParcelManagement2.Models.DBConn[0]
      資料庫連線字串已設定
dbug: Microsoft.AspNetCore.Mvc.Infrastructure.ControllerActionInvoker[2]
      Executed controller factory for controller ParcelManagement2.Controllers.HomeController (ParcelProject)
dbug: Microsoft.AspNetCore.Mvc.Razor.RazorViewEngine[1]
      View lookup cache miss for view 'Packages' in controller 'Home'.
info: Microsoft.AspNetCore.Mvc.ViewFeatures.ViewResultExecutor[1]
      Executing ViewResult, running view Packages.
dbug: Microsoft.AspNetCore.Mvc.ViewFeatures.ViewResultExecutor[2]
      The view path '/Views/Home/Packages.cshtml' was found in 3.4838ms.
dbug: Microsoft.AspNetCore.Antiforgery.DefaultAntiforgery[6]
      An antiforgery cookie token was reused.
dbug: Microsoft.WebTools.BrowserLink.Net.BrowserLinkMiddleware[1]
      Response markup is scheduled to include Browser Link script injection.
dbug: Microsoft.AspNetCore.Watch.BrowserRefresh.BrowserRefreshMiddleware[1]
      Response markup is scheduled to include browser refresh script injection.
info: Microsoft.AspNetCore.Mvc.ViewFeatures.ViewResultExecutor[4]
      Executed ViewResult - view Packages executed in 28.9385ms.
info: Microsoft.AspNetCore.Mvc.Infrastructure.ControllerActionInvoker[105]
      Executed action ParcelManagement2.Controllers.HomeController.Packages (ParcelProject) in 39.9444ms
info: Microsoft.AspNetCore.Routing.EndpointMiddleware[1]
      Executed endpoint 'ParcelManagement2.Controllers.HomeController.Packages (ParcelProject)'
dbug: Microsoft.WebTools.BrowserLink.Net.BrowserLinkMiddleware[2]
      Response markup was updated to include Browser Link script injection.
dbug: Microsoft.AspNetCore.Watch.BrowserRefresh.BrowserRefreshMiddleware[2]
      Response markup was updated to include browser refresh script injection.
dbug: Microsoft.AspNetCore.Server.IIS.Core.IISHttpServer[1]
      Connection ID "18014398561826898347" disconnecting.
info: Microsoft.AspNetCore.Hosting.Diagnostics[1]
      Request starting HTTP/2 GET https://localhost:44353/_vs/browserLink - - -
info: Microsoft.AspNetCore.Hosting.Diagnostics[1]
      Request starting HTTP/2 GET https://localhost:44353/_framework/aspnetcore-browser-refresh.js - - -
info: Microsoft.AspNetCore.Hosting.Diagnostics[2]
      Request finished HTTP/2 GET https://localhost:44353/Home/Packages - 200 - text/html;+charset=utf-8 88.3324ms
dbug: Microsoft.AspNetCore.Watch.BrowserRefresh.BrowserScriptMiddleware[0]
      Script injected: /_framework/aspnetcore-browser-refresh.js
info: Microsoft.AspNetCore.Hosting.Diagnostics[2]
      Request finished HTTP/2 GET https://localhost:44353/_framework/aspnetcore-browser-refresh.js - 200 16511 application/javascript;+charset=utf-8 7.7526ms
dbug: Microsoft.AspNetCore.Server.IIS.Core.IISHttpServer[1]
      Connection ID "18014398561826898349" disconnecting.
info: Microsoft.AspNetCore.Hosting.Diagnostics[1]
      Request starting HTTP/2 POST https://localhost:44353/Home/GetAllProduct - - 0
info: Microsoft.AspNetCore.Hosting.Diagnostics[1]
      Request starting HTTP/2 POST https://localhost:44353/Home/BuildResidentList - - 0
info: Microsoft.AspNetCore.Hosting.Diagnostics[1]
      Request starting HTTP/2 POST https://localhost:44353/Home/BuildProdTypeList - - 0
dbug: Microsoft.AspNetCore.StaticFiles.StaticFileMiddleware[1]
      POST requests are not supported
dbug: Microsoft.AspNetCore.StaticFiles.StaticFileMiddleware[1]
      POST requests are not supported
dbug: Microsoft.AspNetCore.StaticFiles.StaticFileMiddleware[1]
      POST requests are not supported
dbug: Microsoft.AspNetCore.Routing.Matching.DfaMatcher[1001]
      1 candidate(s) found for the request path '/Home/GetAllProduct'
dbug: Microsoft.AspNetCore.Routing.Matching.DfaMatcher[1001]
      1 candidate(s) found for the request path '/Home/BuildResidentList'
dbug: Microsoft.AspNetCore.Routing.Matching.DfaMatcher[1005]
      Endpoint 'ParcelManagement2.Controllers.HomeController.BuildResidentList (ParcelProject)' with route pattern '{controller=Account}/{action=Login}/{id?}' is valid for the request path '/Home/BuildResidentList'
info: Microsoft.AspNetCore.Hosting.Diagnostics[1]
      Request starting HTTP/2 POST https://localhost:44353/Home/GetAllProduct - - 0
dbug: Microsoft.AspNetCore.Routing.Matching.DfaMatcher[1005]
      Endpoint 'ParcelManagement2.Controllers.HomeController.GetAllProduct (ParcelProject)' with route pattern '{controller=Account}/{action=Login}/{id?}' is valid for the request path '/Home/GetAllProduct'
dbug: Microsoft.AspNetCore.Routing.EndpointRoutingMiddleware[1]
      Request matched endpoint 'ParcelManagement2.Controllers.HomeController.GetAllProduct (ParcelProject)'
dbug: Microsoft.AspNetCore.StaticFiles.StaticFileMiddleware[1]
      POST requests are not supported
dbug: Microsoft.AspNetCore.Routing.EndpointRoutingMiddleware[1]
      Request matched endpoint 'ParcelManagement2.Controllers.HomeController.BuildResidentList (ParcelProject)'
dbug: Microsoft.AspNetCore.Routing.Matching.DfaMatcher[1001]
      1 candidate(s) found for the request path '/Home/GetAllProduct'
dbug: Microsoft.AspNetCore.Routing.Matching.DfaMatcher[1005]
      Endpoint 'ParcelManagement2.Controllers.HomeController.GetAllProduct (ParcelProject)' with route pattern '{controller=Account}/{action=Login}/{id?}' is valid for the request path '/Home/GetAllProduct'
dbug: Microsoft.AspNetCore.Routing.EndpointRoutingMiddleware[1]
      Request matched endpoint 'ParcelManagement2.Controllers.HomeController.GetAllProduct (ParcelProject)'
dbug: Microsoft.AspNetCore.Authentication.Cookies.CookieAuthenticationHandler[8]
      AuthenticationScheme: Cookies was successfully authenticated.
dbug: Microsoft.AspNetCore.Authentication.Cookies.CookieAuthenticationHandler[8]
      AuthenticationScheme: Cookies was successfully authenticated.
dbug: Microsoft.AspNetCore.Authorization.DefaultAuthorizationService[1]
      Authorization was successful.
dbug: Microsoft.AspNetCore.Authentication.Cookies.CookieAuthenticationHandler[8]
      AuthenticationScheme: Cookies was successfully authenticated.
dbug: Microsoft.AspNetCore.Authorization.DefaultAuthorizationService[1]
      Authorization was successful.
dbug: Microsoft.AspNetCore.Authorization.DefaultAuthorizationService[1]
      Authorization was successful.
dbug: Microsoft.AspNetCore.Server.IIS.Core.IISHttpServer[1]
      Connection ID "18158513749902753847" disconnecting.
info: Microsoft.AspNetCore.Routing.EndpointMiddleware[0]
      Executing endpoint 'ParcelManagement2.Controllers.HomeController.GetAllProduct (ParcelProject)'
info: Microsoft.AspNetCore.Hosting.Diagnostics[2]
      Request finished HTTP/2 GET https://localhost:44353/_vs/browserLink - 200 - text/javascript;+charset=UTF-8 77.2019ms
info: Microsoft.AspNetCore.Routing.EndpointMiddleware[0]
      Executing endpoint 'ParcelManagement2.Controllers.HomeController.GetAllProduct (ParcelProject)'
info: Microsoft.AspNetCore.Routing.EndpointMiddleware[0]
      Executing endpoint 'ParcelManagement2.Controllers.HomeController.BuildResidentList (ParcelProject)'
dbug: Microsoft.AspNetCore.Routing.Matching.DfaMatcher[1001]
      1 candidate(s) found for the request path '/Home/BuildProdTypeList'
info: Microsoft.AspNetCore.Mvc.Infrastructure.ControllerActionInvoker[102]
      Route matched with {action = "GetAllProduct", controller = "Home"}. Executing controller action with signature System.Threading.Tasks.Task`1[Microsoft.AspNetCore.Mvc.JsonResult] GetAllProduct() on controller ParcelManagement2.Controllers.HomeController (ParcelProject).
info: Microsoft.AspNetCore.Mvc.Infrastructure.ControllerActionInvoker[102]
      Route matched with {action = "BuildResidentList", controller = "Home"}. Executing controller action with signature System.Threading.Tasks.Task`1[Microsoft.AspNetCore.Mvc.JsonResult] BuildResidentList() on controller ParcelManagement2.Controllers.HomeController (ParcelProject).
info: Microsoft.AspNetCore.Mvc.Infrastructure.ControllerActionInvoker[102]
      Route matched with {action = "GetAllProduct", controller = "Home"}. Executing controller action with signature System.Threading.Tasks.Task`1[Microsoft.AspNetCore.Mvc.JsonResult] GetAllProduct() on controller ParcelManagement2.Controllers.HomeController (ParcelProject).
dbug: Microsoft.AspNetCore.Routing.Matching.DfaMatcher[1005]
      Endpoint 'ParcelManagement2.Controllers.HomeController.BuildProdTypeList (ParcelProject)' with route pattern '{controller=Account}/{action=Login}/{id?}' is valid for the request path '/Home/BuildProdTypeList'
dbug: Microsoft.AspNetCore.Mvc.Infrastructure.ControllerActionInvoker[1]
      Execution plan of authorization filters (in the following order): None
dbug: Microsoft.AspNetCore.Mvc.Infrastructure.ControllerActionInvoker[1]
      Execution plan of authorization filters (in the following order): None
dbug: Microsoft.AspNetCore.Mvc.Infrastructure.ControllerActionInvoker[1]
      Execution plan of resource filters (in the following order): Microsoft.AspNetCore.Mvc.ViewFeatures.Filters.SaveTempDataFilter
dbug: Microsoft.AspNetCore.Mvc.Infrastructure.ControllerActionInvoker[1]
      Execution plan of resource filters (in the following order): Microsoft.AspNetCore.Mvc.ViewFeatures.Filters.SaveTempDataFilter
dbug: Microsoft.AspNetCore.Mvc.Infrastructure.ControllerActionInvoker[1]
      Execution plan of action filters (in the following order): Microsoft.AspNetCore.Mvc.Filters.ControllerActionFilter (Order: -2147483648), Microsoft.AspNetCore.Mvc.ModelBinding.UnsupportedContentTypeFilter (Order: -3000)
dbug: Microsoft.AspNetCore.Mvc.Infrastructure.ControllerActionInvoker[1]
      Execution plan of action filters (in the following order): Microsoft.AspNetCore.Mvc.Filters.ControllerActionFilter (Order: -2147483648), Microsoft.AspNetCore.Mvc.ModelBinding.UnsupportedContentTypeFilter (Order: -3000)
dbug: Microsoft.AspNetCore.Mvc.Infrastructure.ControllerActionInvoker[1]
      Execution plan of exception filters (in the following order): None
dbug: Microsoft.AspNetCore.Mvc.Infrastructure.ControllerActionInvoker[1]
      Execution plan of exception filters (in the following order): None
dbug: Microsoft.AspNetCore.Mvc.Infrastructure.ControllerActionInvoker[1]
      Execution plan of result filters (in the following order): Microsoft.AspNetCore.Mvc.ViewFeatures.Filters.SaveTempDataFilter
dbug: Microsoft.AspNetCore.Mvc.Infrastructure.ControllerActionInvoker[1]
      Execution plan of result filters (in the following order): Microsoft.AspNetCore.Mvc.ViewFeatures.Filters.SaveTempDataFilter
dbug: Microsoft.AspNetCore.Mvc.Infrastructure.ControllerActionInvoker[1]
      Executing controller factory for controller ParcelManagement2.Controllers.HomeController (ParcelProject)
dbug: Microsoft.AspNetCore.Mvc.Infrastructure.ControllerActionInvoker[1]
      Executing controller factory for controller ParcelManagement2.Controllers.HomeController (ParcelProject)
dbug: Microsoft.AspNetCore.Mvc.Infrastructure.ControllerActionInvoker[1]
      Execution plan of authorization filters (in the following order): None
dbug: ParcelManagement2.Models.DBConn[0]
      資料庫連線字串已設定
dbug: ParcelManagement2.Models.DBConn[0]
      資料庫連線字串已設定
dbug: Microsoft.AspNetCore.Mvc.Infrastructure.ControllerActionInvoker[2]
      Executed controller factory for controller ParcelManagement2.Controllers.HomeController (ParcelProject)
dbug: Microsoft.AspNetCore.Mvc.Infrastructure.ControllerActionInvoker[2]
      Executed controller factory for controller ParcelManagement2.Controllers.HomeController (ParcelProject)
dbug: Microsoft.AspNetCore.Mvc.Infrastructure.ControllerActionInvoker[1]
      Execution plan of resource filters (in the following order): Microsoft.AspNetCore.Mvc.ViewFeatures.Filters.SaveTempDataFilter
dbug: Microsoft.AspNetCore.Routing.EndpointRoutingMiddleware[1]
      Request matched endpoint 'ParcelManagement2.Controllers.HomeController.BuildProdTypeList (ParcelProject)'
dbug: Microsoft.AspNetCore.Mvc.Infrastructure.ControllerActionInvoker[1]
      Execution plan of action filters (in the following order): Microsoft.AspNetCore.Mvc.Filters.ControllerActionFilter (Order: -2147483648), Microsoft.AspNetCore.Mvc.ModelBinding.UnsupportedContentTypeFilter (Order: -3000)
dbug: Microsoft.AspNetCore.Authentication.Cookies.CookieAuthenticationHandler[8]
      AuthenticationScheme: Cookies was successfully authenticated.
dbug: Microsoft.AspNetCore.Mvc.Infrastructure.ControllerActionInvoker[1]
      Execution plan of exception filters (in the following order): None
dbug: Microsoft.AspNetCore.Mvc.Infrastructure.ControllerActionInvoker[1]
      Execution plan of result filters (in the following order): Microsoft.AspNetCore.Mvc.ViewFeatures.Filters.SaveTempDataFilter
dbug: Microsoft.AspNetCore.Authorization.DefaultAuthorizationService[1]
      Authorization was successful.
dbug: Microsoft.AspNetCore.Mvc.Infrastructure.ControllerActionInvoker[1]
      Executing controller factory for controller ParcelManagement2.Controllers.HomeController (ParcelProject)
info: Microsoft.AspNetCore.Routing.EndpointMiddleware[0]
      Executing endpoint 'ParcelManagement2.Controllers.HomeController.BuildProdTypeList (ParcelProject)'
dbug: ParcelManagement2.Models.DBConn[0]
      資料庫連線字串已設定
dbug: Microsoft.AspNetCore.Mvc.Infrastructure.ControllerActionInvoker[2]
      Executed controller factory for controller ParcelManagement2.Controllers.HomeController (ParcelProject)
info: Microsoft.AspNetCore.Mvc.Infrastructure.ControllerActionInvoker[102]
      Route matched with {action = "BuildProdTypeList", controller = "Home"}. Executing controller action with signature System.Threading.Tasks.Task`1[Microsoft.AspNetCore.Mvc.JsonResult] BuildProdTypeList() on controller ParcelManagement2.Controllers.HomeController (ParcelProject).
dbug: Microsoft.AspNetCore.Mvc.Infrastructure.ControllerActionInvoker[1]
      Execution plan of authorization filters (in the following order): None
dbug: Microsoft.AspNetCore.Mvc.Infrastructure.ControllerActionInvoker[1]
      Execution plan of resource filters (in the following order): Microsoft.AspNetCore.Mvc.ViewFeatures.Filters.SaveTempDataFilter
dbug: Microsoft.AspNetCore.Mvc.Infrastructure.ControllerActionInvoker[1]
      Execution plan of action filters (in the following order): Microsoft.AspNetCore.Mvc.Filters.ControllerActionFilter (Order: -2147483648), Microsoft.AspNetCore.Mvc.ModelBinding.UnsupportedContentTypeFilter (Order: -3000)
dbug: Microsoft.AspNetCore.Mvc.Infrastructure.ControllerActionInvoker[1]
      Execution plan of exception filters (in the following order): None
dbug: ParcelManagement2.Models.DBConn[0]
      查詢成功，返回 171 行數據
dbug: Microsoft.AspNetCore.Mvc.Infrastructure.ControllerActionInvoker[1]
      Execution plan of result filters (in the following order): Microsoft.AspNetCore.Mvc.ViewFeatures.Filters.SaveTempDataFilter
dbug: Microsoft.AspNetCore.Mvc.Infrastructure.ControllerActionInvoker[1]
      Executing controller factory for controller ParcelManagement2.Controllers.HomeController (ParcelProject)
dbug: ParcelManagement2.Models.DBConn[0]
      資料庫連線字串已設定
dbug: Microsoft.AspNetCore.Mvc.Infrastructure.ControllerActionInvoker[2]
      Executed controller factory for controller ParcelManagement2.Controllers.HomeController (ParcelProject)
info: Microsoft.AspNetCore.Mvc.Infrastructure.SystemTextJsonResultExecutor[1]
      Executing JsonResult, writing value of type 'System.Text.Json.JsonElement'.
dbug: ParcelManagement2.Models.DBConn[0]
      查詢成功，返回 2 行數據
info: Microsoft.AspNetCore.Mvc.Infrastructure.SystemTextJsonResultExecutor[1]
      Executing JsonResult, writing value of type 'System.Text.Json.JsonElement'.
info: Microsoft.AspNetCore.Mvc.Infrastructure.ControllerActionInvoker[105]
      Executed action ParcelManagement2.Controllers.HomeController.BuildProdTypeList (ParcelProject) in 33.3105ms
info: Microsoft.AspNetCore.Mvc.Infrastructure.ControllerActionInvoker[105]
      Executed action ParcelManagement2.Controllers.HomeController.GetAllProduct (ParcelProject) in 160.6424ms
info: Microsoft.AspNetCore.Routing.EndpointMiddleware[1]
      Executed endpoint 'ParcelManagement2.Controllers.HomeController.BuildProdTypeList (ParcelProject)'
info: Microsoft.AspNetCore.Routing.EndpointMiddleware[1]
      Executed endpoint 'ParcelManagement2.Controllers.HomeController.GetAllProduct (ParcelProject)'
info: Microsoft.AspNetCore.Hosting.Diagnostics[2]
      Request finished HTTP/2 POST https://localhost:44353/Home/BuildProdTypeList - 200 - application/json;+charset=utf-8 290.9180ms
dbug: Microsoft.AspNetCore.Server.IIS.Core.IISHttpServer[1]
      Connection ID "18086456121505087513" disconnecting.
info: Microsoft.AspNetCore.Hosting.Diagnostics[2]
      Request finished HTTP/2 POST https://localhost:44353/Home/GetAllProduct - 200 - application/json;+charset=utf-8 291.7393ms
dbug: Microsoft.AspNetCore.Server.IIS.Core.IISHttpServer[1]
      Connection ID "18086456104325218701" disconnecting.
dbug: ParcelManagement2.Models.DBConn[0]
      查詢成功，返回 171 行數據
info: Microsoft.AspNetCore.Mvc.Infrastructure.SystemTextJsonResultExecutor[1]
      Executing JsonResult, writing value of type 'System.Text.Json.JsonElement'.
info: Microsoft.AspNetCore.Mvc.Infrastructure.ControllerActionInvoker[105]
      Executed action ParcelManagement2.Controllers.HomeController.GetAllProduct (ParcelProject) in 227.4345ms
info: Microsoft.AspNetCore.Routing.EndpointMiddleware[1]
      Executed endpoint 'ParcelManagement2.Controllers.HomeController.GetAllProduct (ParcelProject)'
info: Microsoft.AspNetCore.Hosting.Diagnostics[2]
      Request finished HTTP/2 POST https://localhost:44353/Home/GetAllProduct - 200 - application/json;+charset=utf-8 329.9962ms
dbug: Microsoft.AspNetCore.Server.IIS.Core.IISHttpServer[1]
      Connection ID "18086456138684957091" disconnecting.
dbug: ParcelManagement2.Models.DBConn[0]
      查詢成功，返回 29 行數據
info: Microsoft.AspNetCore.Mvc.Infrastructure.SystemTextJsonResultExecutor[1]
      Executing JsonResult, writing value of type 'System.Text.Json.JsonElement'.
info: Microsoft.AspNetCore.Mvc.Infrastructure.ControllerActionInvoker[105]
      Executed action ParcelManagement2.Controllers.HomeController.BuildResidentList (ParcelProject) in 198.2753ms
info: Microsoft.AspNetCore.Routing.EndpointMiddleware[1]
      Executed endpoint 'ParcelManagement2.Controllers.HomeController.BuildResidentList (ParcelProject)'
info: Microsoft.AspNetCore.Hosting.Diagnostics[2]
      Request finished HTTP/2 POST https://localhost:44353/Home/BuildResidentList - 200 - application/json;+charset=utf-8 375.9431ms
dbug: Microsoft.AspNetCore.Server.IIS.Core.IISHttpServer[1]
      Connection ID "17149707416191893550" disconnecting.
info: Microsoft.AspNetCore.Hosting.Diagnostics[1]
      Request starting HTTP/2 GET https://localhost:44353/Home/Packages - - -
dbug: Microsoft.AspNetCore.StaticFiles.StaticFileMiddleware[4]
      The request path /Home/Packages does not match a supported file type
dbug: Microsoft.AspNetCore.Routing.Matching.DfaMatcher[1001]
      1 candidate(s) found for the request path '/Home/Packages'
dbug: Microsoft.AspNetCore.Routing.Matching.DfaMatcher[1005]
      Endpoint 'ParcelManagement2.Controllers.HomeController.Packages (ParcelProject)' with route pattern '{controller=Account}/{action=Login}/{id?}' is valid for the request path '/Home/Packages'
dbug: Microsoft.AspNetCore.Routing.EndpointRoutingMiddleware[1]
      Request matched endpoint 'ParcelManagement2.Controllers.HomeController.Packages (ParcelProject)'
dbug: Microsoft.AspNetCore.Authentication.Cookies.CookieAuthenticationHandler[8]
      AuthenticationScheme: Cookies was successfully authenticated.
dbug: Microsoft.AspNetCore.Authorization.DefaultAuthorizationService[1]
      Authorization was successful.
info: Microsoft.AspNetCore.Routing.EndpointMiddleware[0]
      Executing endpoint 'ParcelManagement2.Controllers.HomeController.Packages (ParcelProject)'
info: Microsoft.AspNetCore.Mvc.Infrastructure.ControllerActionInvoker[102]
      Route matched with {action = "Packages", controller = "Home"}. Executing controller action with signature Microsoft.AspNetCore.Mvc.IActionResult Packages() on controller ParcelManagement2.Controllers.HomeController (ParcelProject).
dbug: Microsoft.AspNetCore.Mvc.Infrastructure.ControllerActionInvoker[1]
      Execution plan of authorization filters (in the following order): None
dbug: Microsoft.AspNetCore.Mvc.Infrastructure.ControllerActionInvoker[1]
      Execution plan of resource filters (in the following order): Microsoft.AspNetCore.Mvc.ViewFeatures.Filters.SaveTempDataFilter
dbug: Microsoft.AspNetCore.Mvc.Infrastructure.ControllerActionInvoker[1]
      Execution plan of action filters (in the following order): Microsoft.AspNetCore.Mvc.Filters.ControllerActionFilter (Order: -2147483648), Microsoft.AspNetCore.Mvc.ModelBinding.UnsupportedContentTypeFilter (Order: -3000)
dbug: Microsoft.AspNetCore.Mvc.Infrastructure.ControllerActionInvoker[1]
      Execution plan of exception filters (in the following order): None
dbug: Microsoft.AspNetCore.Mvc.Infrastructure.ControllerActionInvoker[1]
      Execution plan of result filters (in the following order): Microsoft.AspNetCore.Mvc.ViewFeatures.Filters.SaveTempDataFilter
dbug: Microsoft.AspNetCore.Mvc.Infrastructure.ControllerActionInvoker[1]
      Executing controller factory for controller ParcelManagement2.Controllers.HomeController (ParcelProject)
dbug: ParcelManagement2.Models.DBConn[0]
      資料庫連線字串已設定
dbug: Microsoft.AspNetCore.Mvc.Infrastructure.ControllerActionInvoker[2]
      Executed controller factory for controller ParcelManagement2.Controllers.HomeController (ParcelProject)
dbug: Microsoft.AspNetCore.Mvc.Razor.RazorViewEngine[1]
      View lookup cache miss for view 'Packages' in controller 'Home'.
dbug: Microsoft.AspNetCore.Mvc.Razor.Compilation.DefaultViewCompiler[3]
      Initializing Razor view compiler with compiled view: '/Views/Account/AccessDenied.cshtml'.
dbug: Microsoft.AspNetCore.Mvc.Razor.Compilation.DefaultViewCompiler[3]
      Initializing Razor view compiler with compiled view: '/Views/Account/Login.cshtml'.
dbug: Microsoft.AspNetCore.Mvc.Razor.Compilation.DefaultViewCompiler[3]
      Initializing Razor view compiler with compiled view: '/Views/Home/Index.cshtml'.
dbug: Microsoft.AspNetCore.Mvc.Razor.Compilation.DefaultViewCompiler[3]
      Initializing Razor view compiler with compiled view: '/Views/Home/Index_back.cshtml'.
dbug: Microsoft.AspNetCore.Mvc.Razor.Compilation.DefaultViewCompiler[3]
      Initializing Razor view compiler with compiled view: '/Views/Home/Packages.cshtml'.
dbug: Microsoft.AspNetCore.Mvc.Razor.Compilation.DefaultViewCompiler[3]
      Initializing Razor view compiler with compiled view: '/Views/Home/Privacy.cshtml'.
dbug: Microsoft.AspNetCore.Mvc.Razor.Compilation.DefaultViewCompiler[3]
      Initializing Razor view compiler with compiled view: '/Views/Resident/Edit.cshtml'.
dbug: Microsoft.AspNetCore.Mvc.Razor.Compilation.DefaultViewCompiler[3]
      Initializing Razor view compiler with compiled view: '/Views/Resident/Home.cshtml'.
dbug: Microsoft.AspNetCore.Mvc.Razor.Compilation.DefaultViewCompiler[3]
      Initializing Razor view compiler with compiled view: '/Views/Resident/MyPackages.cshtml'.
dbug: Microsoft.AspNetCore.Mvc.Razor.Compilation.DefaultViewCompiler[3]
      Initializing Razor view compiler with compiled view: '/Views/Resident/PackagePhoto.cshtml'.
dbug: Microsoft.AspNetCore.Mvc.Razor.Compilation.DefaultViewCompiler[3]
      Initializing Razor view compiler with compiled view: '/Views/Shared/Error.cshtml'.
dbug: Microsoft.AspNetCore.Mvc.Razor.Compilation.DefaultViewCompiler[3]
      Initializing Razor view compiler with compiled view: '/Views/Shared/_AdminLayout.cshtml'.
dbug: Microsoft.AspNetCore.Mvc.Razor.Compilation.DefaultViewCompiler[3]
      Initializing Razor view compiler with compiled view: '/Views/Shared/_Layout.cshtml'.
dbug: Microsoft.AspNetCore.Mvc.Razor.Compilation.DefaultViewCompiler[3]
      Initializing Razor view compiler with compiled view: '/Views/Shared/_ResidentLayout.cshtml'.
dbug: Microsoft.AspNetCore.Mvc.Razor.Compilation.DefaultViewCompiler[3]
      Initializing Razor view compiler with compiled view: '/Views/Shared/_ValidationScriptsPartial.cshtml'.
dbug: Microsoft.AspNetCore.Mvc.Razor.Compilation.DefaultViewCompiler[3]
      Initializing Razor view compiler with compiled view: '/Views/_ViewImports.cshtml'.
dbug: Microsoft.AspNetCore.Mvc.Razor.Compilation.DefaultViewCompiler[3]
      Initializing Razor view compiler with compiled view: '/Views/_ViewStart.cshtml'.
dbug: Microsoft.AspNetCore.Mvc.Razor.Compilation.DefaultViewCompiler[3]
      Initializing Razor view compiler with compiled view: '/Views/Shared/_Layout_back.cshtml'.
info: Microsoft.AspNetCore.Mvc.ViewFeatures.ViewResultExecutor[1]
      Executing ViewResult, running view Packages.
dbug: Microsoft.AspNetCore.Mvc.ViewFeatures.ViewResultExecutor[2]
      The view path '/Views/Home/Packages.cshtml' was found in 21.7025ms.
dbug: Microsoft.AspNetCore.Antiforgery.DefaultAntiforgery[6]
      An antiforgery cookie token was reused.
dbug: Microsoft.WebTools.BrowserLink.Net.BrowserLinkMiddleware[1]
      Response markup is scheduled to include Browser Link script injection.
dbug: Microsoft.AspNetCore.Watch.BrowserRefresh.BrowserRefreshMiddleware[1]
      Response markup is scheduled to include browser refresh script injection.
info: Microsoft.AspNetCore.Mvc.ViewFeatures.ViewResultExecutor[4]
      Executed ViewResult - view Packages executed in 41.2183ms.
info: Microsoft.AspNetCore.Mvc.Infrastructure.ControllerActionInvoker[105]
      Executed action ParcelManagement2.Controllers.HomeController.Packages (ParcelProject) in 45.9245ms
info: Microsoft.AspNetCore.Routing.EndpointMiddleware[1]
      Executed endpoint 'ParcelManagement2.Controllers.HomeController.Packages (ParcelProject)'
dbug: Microsoft.WebTools.BrowserLink.Net.BrowserLinkMiddleware[2]
      Response markup was updated to include Browser Link script injection.
dbug: Microsoft.AspNetCore.Watch.BrowserRefresh.BrowserRefreshMiddleware[2]
      Response markup was updated to include browser refresh script injection.
info: Microsoft.AspNetCore.Hosting.Diagnostics[2]
      Request finished HTTP/2 GET https://localhost:44353/Home/Packages - 200 - text/html;+charset=utf-8 73.7157ms
dbug: Microsoft.AspNetCore.Server.IIS.Core.IISHttpServer[1]
      Connection ID "17942340959199035770" disconnecting.
info: Microsoft.AspNetCore.Hosting.Diagnostics[1]
      Request starting HTTP/2 GET https://localhost:44353/_framework/aspnetcore-browser-refresh.js - - -
info: Microsoft.AspNetCore.Hosting.Diagnostics[1]
      Request starting HTTP/2 GET https://localhost:44353/_vs/browserLink - - -
dbug: Microsoft.AspNetCore.Watch.BrowserRefresh.BrowserScriptMiddleware[0]
      Script injected: /_framework/aspnetcore-browser-refresh.js
info: Microsoft.AspNetCore.Hosting.Diagnostics[2]
      Request finished HTTP/2 GET https://localhost:44353/_framework/aspnetcore-browser-refresh.js - 200 16511 application/javascript;+charset=utf-8 4.4038ms
dbug: Microsoft.AspNetCore.Server.IIS.Core.IISHttpServer[1]
      Connection ID "18374686489066864977" disconnecting.
info: Microsoft.AspNetCore.Hosting.Diagnostics[2]
      Request finished HTTP/2 GET https://localhost:44353/_vs/browserLink - 200 - text/javascript;+charset=UTF-8 12.8119ms
dbug: Microsoft.AspNetCore.Server.IIS.Core.IISHttpServer[1]
      Connection ID "18086456138684957093" disconnecting.
info: Microsoft.AspNetCore.Hosting.Diagnostics[1]
      Request starting HTTP/2 POST https://localhost:44353/Home/GetAllProduct - - 0
info: Microsoft.AspNetCore.Hosting.Diagnostics[1]
      Request starting HTTP/2 POST https://localhost:44353/Home/BuildResidentList - - 0
info: Microsoft.AspNetCore.Hosting.Diagnostics[1]
      Request starting HTTP/2 POST https://localhost:44353/Home/BuildProdTypeList - - 0
dbug: Microsoft.AspNetCore.StaticFiles.StaticFileMiddleware[1]
      POST requests are not supported
dbug: Microsoft.AspNetCore.StaticFiles.StaticFileMiddleware[1]
      POST requests are not supported
info: Microsoft.AspNetCore.Hosting.Diagnostics[1]
      Request starting HTTP/2 POST https://localhost:44353/Home/GetAllProduct - - 0
dbug: Microsoft.AspNetCore.StaticFiles.StaticFileMiddleware[1]
      POST requests are not supported
dbug: Microsoft.AspNetCore.StaticFiles.StaticFileMiddleware[1]
      POST requests are not supported
dbug: Microsoft.AspNetCore.Routing.Matching.DfaMatcher[1001]
      1 candidate(s) found for the request path '/Home/BuildResidentList'
dbug: Microsoft.AspNetCore.Routing.Matching.DfaMatcher[1001]
      1 candidate(s) found for the request path '/Home/GetAllProduct'
dbug: Microsoft.AspNetCore.Routing.Matching.DfaMatcher[1001]
      1 candidate(s) found for the request path '/Home/GetAllProduct'
dbug: Microsoft.AspNetCore.Routing.Matching.DfaMatcher[1001]
      1 candidate(s) found for the request path '/Home/BuildProdTypeList'
dbug: Microsoft.AspNetCore.Routing.Matching.DfaMatcher[1005]
      Endpoint 'ParcelManagement2.Controllers.HomeController.BuildResidentList (ParcelProject)' with route pattern '{controller=Account}/{action=Login}/{id?}' is valid for the request path '/Home/BuildResidentList'
dbug: Microsoft.AspNetCore.Routing.Matching.DfaMatcher[1005]
      Endpoint 'ParcelManagement2.Controllers.HomeController.BuildProdTypeList (ParcelProject)' with route pattern '{controller=Account}/{action=Login}/{id?}' is valid for the request path '/Home/BuildProdTypeList'
dbug: Microsoft.AspNetCore.Routing.EndpointRoutingMiddleware[1]
      Request matched endpoint 'ParcelManagement2.Controllers.HomeController.BuildResidentList (ParcelProject)'
dbug: Microsoft.AspNetCore.Routing.EndpointRoutingMiddleware[1]
      Request matched endpoint 'ParcelManagement2.Controllers.HomeController.BuildProdTypeList (ParcelProject)'
dbug: Microsoft.AspNetCore.Authentication.Cookies.CookieAuthenticationHandler[8]
      AuthenticationScheme: Cookies was successfully authenticated.
dbug: Microsoft.AspNetCore.Authentication.Cookies.CookieAuthenticationHandler[8]
      AuthenticationScheme: Cookies was successfully authenticated.
dbug: Microsoft.AspNetCore.Routing.Matching.DfaMatcher[1005]
      Endpoint 'ParcelManagement2.Controllers.HomeController.GetAllProduct (ParcelProject)' with route pattern '{controller=Account}/{action=Login}/{id?}' is valid for the request path '/Home/GetAllProduct'
dbug: Microsoft.AspNetCore.Authorization.DefaultAuthorizationService[1]
      Authorization was successful.
dbug: Microsoft.AspNetCore.Authorization.DefaultAuthorizationService[1]
      Authorization was successful.
info: Microsoft.AspNetCore.Routing.EndpointMiddleware[0]
      Executing endpoint 'ParcelManagement2.Controllers.HomeController.BuildProdTypeList (ParcelProject)'
info: Microsoft.AspNetCore.Routing.EndpointMiddleware[0]
      Executing endpoint 'ParcelManagement2.Controllers.HomeController.BuildResidentList (ParcelProject)'
dbug: Microsoft.AspNetCore.Routing.EndpointRoutingMiddleware[1]
      Request matched endpoint 'ParcelManagement2.Controllers.HomeController.GetAllProduct (ParcelProject)'
dbug: Microsoft.AspNetCore.Routing.Matching.DfaMatcher[1005]
      Endpoint 'ParcelManagement2.Controllers.HomeController.GetAllProduct (ParcelProject)' with route pattern '{controller=Account}/{action=Login}/{id?}' is valid for the request path '/Home/GetAllProduct'
dbug: Microsoft.AspNetCore.Authentication.Cookies.CookieAuthenticationHandler[8]
      AuthenticationScheme: Cookies was successfully authenticated.
dbug: Microsoft.AspNetCore.Routing.EndpointRoutingMiddleware[1]
      Request matched endpoint 'ParcelManagement2.Controllers.HomeController.GetAllProduct (ParcelProject)'
dbug: Microsoft.AspNetCore.Authorization.DefaultAuthorizationService[1]
      Authorization was successful.
info: Microsoft.AspNetCore.Mvc.Infrastructure.ControllerActionInvoker[102]
      Route matched with {action = "BuildResidentList", controller = "Home"}. Executing controller action with signature System.Threading.Tasks.Task`1[Microsoft.AspNetCore.Mvc.JsonResult] BuildResidentList() on controller ParcelManagement2.Controllers.HomeController (ParcelProject).
dbug: Microsoft.AspNetCore.Authentication.Cookies.CookieAuthenticationHandler[8]
      AuthenticationScheme: Cookies was successfully authenticated.
info: Microsoft.AspNetCore.Routing.EndpointMiddleware[0]
      Executing endpoint 'ParcelManagement2.Controllers.HomeController.GetAllProduct (ParcelProject)'
info: Microsoft.AspNetCore.Mvc.Infrastructure.ControllerActionInvoker[102]
      Route matched with {action = "BuildProdTypeList", controller = "Home"}. Executing controller action with signature System.Threading.Tasks.Task`1[Microsoft.AspNetCore.Mvc.JsonResult] BuildProdTypeList() on controller ParcelManagement2.Controllers.HomeController (ParcelProject).
dbug: Microsoft.AspNetCore.Authorization.DefaultAuthorizationService[1]
      Authorization was successful.
dbug: Microsoft.AspNetCore.Mvc.Infrastructure.ControllerActionInvoker[1]
      Execution plan of authorization filters (in the following order): None
dbug: Microsoft.AspNetCore.Mvc.Infrastructure.ControllerActionInvoker[1]
      Execution plan of authorization filters (in the following order): None
dbug: Microsoft.AspNetCore.Mvc.Infrastructure.ControllerActionInvoker[1]
      Execution plan of resource filters (in the following order): Microsoft.AspNetCore.Mvc.ViewFeatures.Filters.SaveTempDataFilter
dbug: Microsoft.AspNetCore.Mvc.Infrastructure.ControllerActionInvoker[1]
      Execution plan of resource filters (in the following order): Microsoft.AspNetCore.Mvc.ViewFeatures.Filters.SaveTempDataFilter
dbug: Microsoft.AspNetCore.Mvc.Infrastructure.ControllerActionInvoker[1]
      Execution plan of action filters (in the following order): Microsoft.AspNetCore.Mvc.Filters.ControllerActionFilter (Order: -2147483648), Microsoft.AspNetCore.Mvc.ModelBinding.UnsupportedContentTypeFilter (Order: -3000)
dbug: Microsoft.AspNetCore.Mvc.Infrastructure.ControllerActionInvoker[1]
      Execution plan of action filters (in the following order): Microsoft.AspNetCore.Mvc.Filters.ControllerActionFilter (Order: -2147483648), Microsoft.AspNetCore.Mvc.ModelBinding.UnsupportedContentTypeFilter (Order: -3000)
dbug: Microsoft.AspNetCore.Mvc.Infrastructure.ControllerActionInvoker[1]
      Execution plan of exception filters (in the following order): None
dbug: Microsoft.AspNetCore.Mvc.Infrastructure.ControllerActionInvoker[1]
      Execution plan of exception filters (in the following order): None
dbug: Microsoft.AspNetCore.Mvc.Infrastructure.ControllerActionInvoker[1]
      Execution plan of result filters (in the following order): Microsoft.AspNetCore.Mvc.ViewFeatures.Filters.SaveTempDataFilter
dbug: Microsoft.AspNetCore.Mvc.Infrastructure.ControllerActionInvoker[1]
      Execution plan of result filters (in the following order): Microsoft.AspNetCore.Mvc.ViewFeatures.Filters.SaveTempDataFilter
dbug: Microsoft.AspNetCore.Mvc.Infrastructure.ControllerActionInvoker[1]
      Executing controller factory for controller ParcelManagement2.Controllers.HomeController (ParcelProject)
dbug: Microsoft.AspNetCore.Mvc.Infrastructure.ControllerActionInvoker[1]
      Executing controller factory for controller ParcelManagement2.Controllers.HomeController (ParcelProject)
dbug: ParcelManagement2.Models.DBConn[0]
      資料庫連線字串已設定
dbug: ParcelManagement2.Models.DBConn[0]
      資料庫連線字串已設定
dbug: Microsoft.AspNetCore.Mvc.Infrastructure.ControllerActionInvoker[2]
      Executed controller factory for controller ParcelManagement2.Controllers.HomeController (ParcelProject)
dbug: Microsoft.AspNetCore.Mvc.Infrastructure.ControllerActionInvoker[2]
      Executed controller factory for controller ParcelManagement2.Controllers.HomeController (ParcelProject)
info: Microsoft.AspNetCore.Routing.EndpointMiddleware[0]
      Executing endpoint 'ParcelManagement2.Controllers.HomeController.GetAllProduct (ParcelProject)'
info: Microsoft.AspNetCore.Mvc.Infrastructure.ControllerActionInvoker[102]
      Route matched with {action = "GetAllProduct", controller = "Home"}. Executing controller action with signature System.Threading.Tasks.Task`1[Microsoft.AspNetCore.Mvc.JsonResult] GetAllProduct() on controller ParcelManagement2.Controllers.HomeController (ParcelProject).
dbug: Microsoft.AspNetCore.Mvc.Infrastructure.ControllerActionInvoker[1]
      Execution plan of authorization filters (in the following order): None
info: Microsoft.AspNetCore.Mvc.Infrastructure.ControllerActionInvoker[102]
      Route matched with {action = "GetAllProduct", controller = "Home"}. Executing controller action with signature System.Threading.Tasks.Task`1[Microsoft.AspNetCore.Mvc.JsonResult] GetAllProduct() on controller ParcelManagement2.Controllers.HomeController (ParcelProject).
dbug: Microsoft.AspNetCore.Mvc.Infrastructure.ControllerActionInvoker[1]
      Execution plan of authorization filters (in the following order): None
dbug: Microsoft.AspNetCore.Mvc.Infrastructure.ControllerActionInvoker[1]
      Execution plan of resource filters (in the following order): Microsoft.AspNetCore.Mvc.ViewFeatures.Filters.SaveTempDataFilter
dbug: Microsoft.AspNetCore.Mvc.Infrastructure.ControllerActionInvoker[1]
      Execution plan of resource filters (in the following order): Microsoft.AspNetCore.Mvc.ViewFeatures.Filters.SaveTempDataFilter
dbug: Microsoft.AspNetCore.Mvc.Infrastructure.ControllerActionInvoker[1]
      Execution plan of action filters (in the following order): Microsoft.AspNetCore.Mvc.Filters.ControllerActionFilter (Order: -2147483648), Microsoft.AspNetCore.Mvc.ModelBinding.UnsupportedContentTypeFilter (Order: -3000)
dbug: Microsoft.AspNetCore.Mvc.Infrastructure.ControllerActionInvoker[1]
      Execution plan of exception filters (in the following order): None
dbug: Microsoft.AspNetCore.Mvc.Infrastructure.ControllerActionInvoker[1]
      Execution plan of result filters (in the following order): Microsoft.AspNetCore.Mvc.ViewFeatures.Filters.SaveTempDataFilter
dbug: Microsoft.AspNetCore.Mvc.Infrastructure.ControllerActionInvoker[1]
      Executing controller factory for controller ParcelManagement2.Controllers.HomeController (ParcelProject)
dbug: Microsoft.AspNetCore.Mvc.Infrastructure.ControllerActionInvoker[1]
      Execution plan of action filters (in the following order): Microsoft.AspNetCore.Mvc.Filters.ControllerActionFilter (Order: -2147483648), Microsoft.AspNetCore.Mvc.ModelBinding.UnsupportedContentTypeFilter (Order: -3000)
dbug: Microsoft.AspNetCore.Mvc.Infrastructure.ControllerActionInvoker[1]
      Execution plan of exception filters (in the following order): None
dbug: ParcelManagement2.Models.DBConn[0]
      查詢成功，返回 2 行數據
dbug: ParcelManagement2.Models.DBConn[0]
      資料庫連線字串已設定
dbug: Microsoft.AspNetCore.Mvc.Infrastructure.ControllerActionInvoker[1]
      Execution plan of result filters (in the following order): Microsoft.AspNetCore.Mvc.ViewFeatures.Filters.SaveTempDataFilter
dbug: ParcelManagement2.Models.DBConn[0]
      查詢成功，返回 29 行數據
dbug: Microsoft.AspNetCore.Mvc.Infrastructure.ControllerActionInvoker[2]
      Executed controller factory for controller ParcelManagement2.Controllers.HomeController (ParcelProject)
dbug: Microsoft.AspNetCore.Mvc.Infrastructure.ControllerActionInvoker[1]
      Executing controller factory for controller ParcelManagement2.Controllers.HomeController (ParcelProject)
info: Microsoft.AspNetCore.Mvc.Infrastructure.SystemTextJsonResultExecutor[1]
      Executing JsonResult, writing value of type 'System.Text.Json.JsonElement'.
info: Microsoft.AspNetCore.Mvc.Infrastructure.SystemTextJsonResultExecutor[1]
      Executing JsonResult, writing value of type 'System.Text.Json.JsonElement'.
info: Microsoft.AspNetCore.Mvc.Infrastructure.ControllerActionInvoker[105]
      Executed action ParcelManagement2.Controllers.HomeController.BuildProdTypeList (ParcelProject) in 38.0871ms
dbug: ParcelManagement2.Models.DBConn[0]
      資料庫連線字串已設定
info: Microsoft.AspNetCore.Mvc.Infrastructure.ControllerActionInvoker[105]
      Executed action ParcelManagement2.Controllers.HomeController.BuildResidentList (ParcelProject) in 38.1895ms
info: Microsoft.AspNetCore.Routing.EndpointMiddleware[1]
      Executed endpoint 'ParcelManagement2.Controllers.HomeController.BuildProdTypeList (ParcelProject)'
info: Microsoft.AspNetCore.Routing.EndpointMiddleware[1]
      Executed endpoint 'ParcelManagement2.Controllers.HomeController.BuildResidentList (ParcelProject)'
info: Microsoft.AspNetCore.Hosting.Diagnostics[2]
      Request finished HTTP/2 POST https://localhost:44353/Home/BuildProdTypeList - 200 - application/json;+charset=utf-8 94.7440ms
dbug: Microsoft.AspNetCore.Server.IIS.Core.IISHttpServer[1]
      Connection ID "18014398510287290686" disconnecting.
info: Microsoft.AspNetCore.Hosting.Diagnostics[2]
      Request finished HTTP/2 POST https://localhost:44353/Home/BuildResidentList - 200 - application/json;+charset=utf-8 98.4501ms
dbug: Microsoft.AspNetCore.Server.IIS.Core.IISHttpServer[1]
      Connection ID "18302628916503773315" disconnecting.
dbug: Microsoft.AspNetCore.Mvc.Infrastructure.ControllerActionInvoker[2]
      Executed controller factory for controller ParcelManagement2.Controllers.HomeController (ParcelProject)
dbug: ParcelManagement2.Models.DBConn[0]
      查詢成功，返回 171 行數據
info: Microsoft.AspNetCore.Mvc.Infrastructure.SystemTextJsonResultExecutor[1]
      Executing JsonResult, writing value of type 'System.Text.Json.JsonElement'.
info: Microsoft.AspNetCore.Mvc.Infrastructure.ControllerActionInvoker[105]
      Executed action ParcelManagement2.Controllers.HomeController.GetAllProduct (ParcelProject) in 55.4863ms
info: Microsoft.AspNetCore.Routing.EndpointMiddleware[1]
      Executed endpoint 'ParcelManagement2.Controllers.HomeController.GetAllProduct (ParcelProject)'
info: Microsoft.AspNetCore.Hosting.Diagnostics[2]
      Request finished HTTP/2 POST https://localhost:44353/Home/GetAllProduct - 200 - application/json;+charset=utf-8 139.2090ms
dbug: Microsoft.AspNetCore.Server.IIS.Core.IISHttpServer[1]
      Connection ID "18374686510541701265" disconnecting.
dbug: ParcelManagement2.Models.DBConn[0]
      查詢成功，返回 171 行數據
info: Microsoft.AspNetCore.Mvc.Infrastructure.SystemTextJsonResultExecutor[1]
      Executing JsonResult, writing value of type 'System.Text.Json.JsonElement'.
info: Microsoft.AspNetCore.Mvc.Infrastructure.ControllerActionInvoker[105]
      Executed action ParcelManagement2.Controllers.HomeController.GetAllProduct (ParcelProject) in 61.9562ms
info: Microsoft.AspNetCore.Routing.EndpointMiddleware[1]
      Executed endpoint 'ParcelManagement2.Controllers.HomeController.GetAllProduct (ParcelProject)'
info: Microsoft.AspNetCore.Hosting.Diagnostics[2]
      Request finished HTTP/2 POST https://localhost:44353/Home/GetAllProduct - 200 - application/json;+charset=utf-8 146.8033ms
dbug: Microsoft.AspNetCore.Server.IIS.Core.IISHttpServer[1]
      Connection ID "18302628968043380819" disconnecting.
dbug: Microsoft.Extensions.Http.DefaultHttpClientFactory[103]
      HttpMessageHandler expired after 120000ms for client ''
dbug: Microsoft.Extensions.Http.DefaultHttpClientFactory[100]
      Starting HttpMessageHandler cleanup cycle with 1 items
dbug: Microsoft.Extensions.Http.DefaultHttpClientFactory[101]
      Ending HttpMessageHandler cleanup cycle after 0.0528ms - processed: 0 items - remaining: 1 items
dbug: Microsoft.Extensions.Http.DefaultHttpClientFactory[100]
      Starting HttpMessageHandler cleanup cycle with 1 items
dbug: Microsoft.Extensions.Http.DefaultHttpClientFactory[101]
      Ending HttpMessageHandler cleanup cycle after 0.0039ms - processed: 0 items - remaining: 1 items
dbug: Microsoft.Extensions.Http.DefaultHttpClientFactory[100]
      Starting HttpMessageHandler cleanup cycle with 1 items
dbug: Microsoft.Extensions.Http.DefaultHttpClientFactory[101]
      Ending HttpMessageHandler cleanup cycle after 0.0024ms - processed: 0 items - remaining: 1 items
dbug: Microsoft.Extensions.Http.DefaultHttpClientFactory[100]
      Starting HttpMessageHandler cleanup cycle with 1 items
dbug: Microsoft.Extensions.Http.DefaultHttpClientFactory[101]
      Ending HttpMessageHandler cleanup cycle after 0.0031ms - processed: 0 items - remaining: 1 items
dbug: Microsoft.Extensions.Http.DefaultHttpClientFactory[100]
      Starting HttpMessageHandler cleanup cycle with 1 items
dbug: Microsoft.Extensions.Http.DefaultHttpClientFactory[101]
      Ending HttpMessageHandler cleanup cycle after 0.0599ms - processed: 0 items - remaining: 1 items
dbug: Microsoft.Extensions.Http.DefaultHttpClientFactory[100]
      Starting HttpMessageHandler cleanup cycle with 1 items
dbug: Microsoft.Extensions.Http.DefaultHttpClientFactory[101]
      Ending HttpMessageHandler cleanup cycle after 0.0021ms - processed: 0 items - remaining: 1 items
dbug: Microsoft.Extensions.Http.DefaultHttpClientFactory[100]
      Starting HttpMessageHandler cleanup cycle with 1 items
dbug: Microsoft.Extensions.Http.DefaultHttpClientFactory[101]
      Ending HttpMessageHandler cleanup cycle after 0.0055ms - processed: 0 items - remaining: 1 items
dbug: Microsoft.Extensions.Http.DefaultHttpClientFactory[100]
      Starting HttpMessageHandler cleanup cycle with 1 items
dbug: Microsoft.Extensions.Http.DefaultHttpClientFactory[101]
      Ending HttpMessageHandler cleanup cycle after 0.0075ms - processed: 0 items - remaining: 1 items
dbug: Microsoft.Extensions.Http.DefaultHttpClientFactory[100]
      Starting HttpMessageHandler cleanup cycle with 1 items
dbug: Microsoft.Extensions.Http.DefaultHttpClientFactory[101]
      Ending HttpMessageHandler cleanup cycle after 0.0028ms - processed: 0 items - remaining: 1 items
dbug: Microsoft.Extensions.Http.DefaultHttpClientFactory[100]
      Starting HttpMessageHandler cleanup cycle with 1 items
dbug: Microsoft.Extensions.Http.DefaultHttpClientFactory[101]
      Ending HttpMessageHandler cleanup cycle after 0.0049ms - processed: 0 items - remaining: 1 items
dbug: Microsoft.Extensions.Http.DefaultHttpClientFactory[100]
      Starting HttpMessageHandler cleanup cycle with 1 items
dbug: Microsoft.Extensions.Http.DefaultHttpClientFactory[101]
      Ending HttpMessageHandler cleanup cycle after 0.0034ms - processed: 0 items - remaining: 1 items
dbug: Microsoft.Extensions.Http.DefaultHttpClientFactory[100]
      Starting HttpMessageHandler cleanup cycle with 1 items
dbug: Microsoft.Extensions.Http.DefaultHttpClientFactory[101]
      Ending HttpMessageHandler cleanup cycle after 0.0025ms - processed: 0 items - remaining: 1 items
dbug: Microsoft.Extensions.Http.DefaultHttpClientFactory[100]
      Starting HttpMessageHandler cleanup cycle with 1 items
dbug: Microsoft.Extensions.Http.DefaultHttpClientFactory[101]
      Ending HttpMessageHandler cleanup cycle after 0.0032ms - processed: 0 items - remaining: 1 items
dbug: Microsoft.Extensions.Http.DefaultHttpClientFactory[100]
      Starting HttpMessageHandler cleanup cycle with 1 items
dbug: Microsoft.Extensions.Http.DefaultHttpClientFactory[101]
      Ending HttpMessageHandler cleanup cycle after 0.0024ms - processed: 0 items - remaining: 1 items
dbug: Microsoft.Extensions.Http.DefaultHttpClientFactory[100]
      Starting HttpMessageHandler cleanup cycle with 1 items
dbug: Microsoft.Extensions.Http.DefaultHttpClientFactory[101]
      Ending HttpMessageHandler cleanup cycle after 0.0026ms - processed: 0 items - remaining: 1 items
dbug: Microsoft.Extensions.Http.DefaultHttpClientFactory[100]
      Starting HttpMessageHandler cleanup cycle with 1 items
dbug: Microsoft.Extensions.Http.DefaultHttpClientFactory[101]
      Ending HttpMessageHandler cleanup cycle after 0.0031ms - processed: 0 items - remaining: 1 items
info: Microsoft.AspNetCore.Hosting.Diagnostics[1]
      Request starting HTTP/2 GET https://localhost:44353/Home/Packages - - -
dbug: Microsoft.AspNetCore.StaticFiles.StaticFileMiddleware[4]
      The request path /Home/Packages does not match a supported file type
dbug: Microsoft.AspNetCore.Routing.Matching.DfaMatcher[1001]
      1 candidate(s) found for the request path '/Home/Packages'
dbug: Microsoft.AspNetCore.Routing.Matching.DfaMatcher[1005]
      Endpoint 'ParcelManagement2.Controllers.HomeController.Packages (ParcelProject)' with route pattern '{controller=Account}/{action=Login}/{id?}' is valid for the request path '/Home/Packages'
dbug: Microsoft.AspNetCore.Routing.EndpointRoutingMiddleware[1]
      Request matched endpoint 'ParcelManagement2.Controllers.HomeController.Packages (ParcelProject)'
dbug: Microsoft.AspNetCore.Authentication.Cookies.CookieAuthenticationHandler[8]
      AuthenticationScheme: Cookies was successfully authenticated.
dbug: Microsoft.AspNetCore.Authorization.DefaultAuthorizationService[1]
      Authorization was successful.
info: Microsoft.AspNetCore.Routing.EndpointMiddleware[0]
      Executing endpoint 'ParcelManagement2.Controllers.HomeController.Packages (ParcelProject)'
info: Microsoft.AspNetCore.Mvc.Infrastructure.ControllerActionInvoker[102]
      Route matched with {action = "Packages", controller = "Home"}. Executing controller action with signature Microsoft.AspNetCore.Mvc.IActionResult Packages() on controller ParcelManagement2.Controllers.HomeController (ParcelProject).
dbug: Microsoft.AspNetCore.Mvc.Infrastructure.ControllerActionInvoker[1]
      Execution plan of authorization filters (in the following order): None
dbug: Microsoft.AspNetCore.Mvc.Infrastructure.ControllerActionInvoker[1]
      Execution plan of resource filters (in the following order): Microsoft.AspNetCore.Mvc.ViewFeatures.Filters.SaveTempDataFilter
dbug: Microsoft.AspNetCore.Mvc.Infrastructure.ControllerActionInvoker[1]
      Execution plan of action filters (in the following order): Microsoft.AspNetCore.Mvc.Filters.ControllerActionFilter (Order: -2147483648), Microsoft.AspNetCore.Mvc.ModelBinding.UnsupportedContentTypeFilter (Order: -3000)
dbug: Microsoft.AspNetCore.Mvc.Infrastructure.ControllerActionInvoker[1]
      Execution plan of exception filters (in the following order): None
dbug: Microsoft.AspNetCore.Mvc.Infrastructure.ControllerActionInvoker[1]
      Execution plan of result filters (in the following order): Microsoft.AspNetCore.Mvc.ViewFeatures.Filters.SaveTempDataFilter
dbug: Microsoft.AspNetCore.Mvc.Infrastructure.ControllerActionInvoker[1]
      Executing controller factory for controller ParcelManagement2.Controllers.HomeController (ParcelProject)
dbug: ParcelManagement2.Models.DBConn[0]
      資料庫連線字串已設定
dbug: Microsoft.AspNetCore.Mvc.Infrastructure.ControllerActionInvoker[2]
      Executed controller factory for controller ParcelManagement2.Controllers.HomeController (ParcelProject)
dbug: Microsoft.AspNetCore.Mvc.Razor.RazorViewEngine[1]
      View lookup cache miss for view 'Packages' in controller 'Home'.
dbug: Microsoft.AspNetCore.Mvc.Razor.Compilation.DefaultViewCompiler[3]
      Initializing Razor view compiler with compiled view: '/Views/Account/AccessDenied.cshtml'.
dbug: Microsoft.AspNetCore.Mvc.Razor.Compilation.DefaultViewCompiler[3]
      Initializing Razor view compiler with compiled view: '/Views/Account/Login.cshtml'.
dbug: Microsoft.AspNetCore.Mvc.Razor.Compilation.DefaultViewCompiler[3]
      Initializing Razor view compiler with compiled view: '/Views/Home/Index.cshtml'.
dbug: Microsoft.AspNetCore.Mvc.Razor.Compilation.DefaultViewCompiler[3]
      Initializing Razor view compiler with compiled view: '/Views/Home/Index_back.cshtml'.
dbug: Microsoft.AspNetCore.Mvc.Razor.Compilation.DefaultViewCompiler[3]
      Initializing Razor view compiler with compiled view: '/Views/Home/Packages.cshtml'.
dbug: Microsoft.AspNetCore.Mvc.Razor.Compilation.DefaultViewCompiler[3]
      Initializing Razor view compiler with compiled view: '/Views/Home/Privacy.cshtml'.
dbug: Microsoft.AspNetCore.Mvc.Razor.Compilation.DefaultViewCompiler[3]
      Initializing Razor view compiler with compiled view: '/Views/Resident/Edit.cshtml'.
dbug: Microsoft.AspNetCore.Mvc.Razor.Compilation.DefaultViewCompiler[3]
      Initializing Razor view compiler with compiled view: '/Views/Resident/Home.cshtml'.
dbug: Microsoft.AspNetCore.Mvc.Razor.Compilation.DefaultViewCompiler[3]
      Initializing Razor view compiler with compiled view: '/Views/Resident/MyPackages.cshtml'.
dbug: Microsoft.AspNetCore.Mvc.Razor.Compilation.DefaultViewCompiler[3]
      Initializing Razor view compiler with compiled view: '/Views/Resident/PackagePhoto.cshtml'.
dbug: Microsoft.AspNetCore.Mvc.Razor.Compilation.DefaultViewCompiler[3]
      Initializing Razor view compiler with compiled view: '/Views/Shared/Error.cshtml'.
dbug: Microsoft.AspNetCore.Mvc.Razor.Compilation.DefaultViewCompiler[3]
      Initializing Razor view compiler with compiled view: '/Views/Shared/_AdminLayout.cshtml'.
dbug: Microsoft.AspNetCore.Mvc.Razor.Compilation.DefaultViewCompiler[3]
      Initializing Razor view compiler with compiled view: '/Views/Shared/_Layout.cshtml'.
dbug: Microsoft.AspNetCore.Mvc.Razor.Compilation.DefaultViewCompiler[3]
      Initializing Razor view compiler with compiled view: '/Views/Shared/_ResidentLayout.cshtml'.
dbug: Microsoft.AspNetCore.Mvc.Razor.Compilation.DefaultViewCompiler[3]
      Initializing Razor view compiler with compiled view: '/Views/Shared/_ValidationScriptsPartial.cshtml'.
dbug: Microsoft.AspNetCore.Mvc.Razor.Compilation.DefaultViewCompiler[3]
      Initializing Razor view compiler with compiled view: '/Views/_ViewImports.cshtml'.
dbug: Microsoft.AspNetCore.Mvc.Razor.Compilation.DefaultViewCompiler[3]
      Initializing Razor view compiler with compiled view: '/Views/_ViewStart.cshtml'.
dbug: Microsoft.AspNetCore.Mvc.Razor.Compilation.DefaultViewCompiler[3]
      Initializing Razor view compiler with compiled view: '/Views/Shared/_Layout_back.cshtml'.
info: Microsoft.AspNetCore.Mvc.ViewFeatures.ViewResultExecutor[1]
      Executing ViewResult, running view Packages.
dbug: Microsoft.AspNetCore.Mvc.ViewFeatures.ViewResultExecutor[2]
      The view path '/Views/Home/Packages.cshtml' was found in 20.3433ms.
dbug: Microsoft.AspNetCore.Antiforgery.DefaultAntiforgery[6]
      An antiforgery cookie token was reused.
dbug: Microsoft.WebTools.BrowserLink.Net.BrowserLinkMiddleware[1]
      Response markup is scheduled to include Browser Link script injection.
dbug: Microsoft.AspNetCore.Watch.BrowserRefresh.BrowserRefreshMiddleware[1]
      Response markup is scheduled to include browser refresh script injection.
info: Microsoft.AspNetCore.Mvc.ViewFeatures.ViewResultExecutor[4]
      Executed ViewResult - view Packages executed in 35.7616ms.
info: Microsoft.AspNetCore.Mvc.Infrastructure.ControllerActionInvoker[105]
      Executed action ParcelManagement2.Controllers.HomeController.Packages (ParcelProject) in 40.1542ms
info: Microsoft.AspNetCore.Routing.EndpointMiddleware[1]
      Executed endpoint 'ParcelManagement2.Controllers.HomeController.Packages (ParcelProject)'
dbug: Microsoft.WebTools.BrowserLink.Net.BrowserLinkMiddleware[2]
      Response markup was updated to include Browser Link script injection.
dbug: Microsoft.AspNetCore.Watch.BrowserRefresh.BrowserRefreshMiddleware[2]
      Response markup was updated to include browser refresh script injection.
dbug: Microsoft.AspNetCore.Server.IIS.Core.IISHttpServer[1]
      Connection ID "17726168177085251865" disconnecting.
info: Microsoft.AspNetCore.Hosting.Diagnostics[2]
      Request finished HTTP/2 GET https://localhost:44353/Home/Packages - 200 - text/html;+charset=utf-8 66.1377ms
info: Microsoft.AspNetCore.Hosting.Diagnostics[1]
      Request starting HTTP/2 GET https://localhost:44353/_framework/aspnetcore-browser-refresh.js - - -
info: Microsoft.AspNetCore.Hosting.Diagnostics[1]
      Request starting HTTP/2 GET https://localhost:44353/_vs/browserLink - - -
dbug: Microsoft.AspNetCore.Watch.BrowserRefresh.BrowserScriptMiddleware[0]
      Script injected: /_framework/aspnetcore-browser-refresh.js
info: Microsoft.AspNetCore.Hosting.Diagnostics[2]
      Request finished HTTP/2 GET https://localhost:44353/_framework/aspnetcore-browser-refresh.js - 200 16511 application/javascript;+charset=utf-8 5.1079ms
dbug: Microsoft.AspNetCore.Server.IIS.Core.IISHttpServer[1]
      Connection ID "18086456104325218705" disconnecting.
dbug: Microsoft.AspNetCore.Server.IIS.Core.IISHttpServer[1]
      Connection ID "18086456121505087517" disconnecting.
info: Microsoft.AspNetCore.Hosting.Diagnostics[2]
      Request finished HTTP/2 GET https://localhost:44353/_vs/browserLink - 200 - text/javascript;+charset=UTF-8 11.8065ms
info: Microsoft.AspNetCore.Hosting.Diagnostics[1]
      Request starting HTTP/2 POST https://localhost:44353/Home/GetAllProduct - - 0
dbug: Microsoft.AspNetCore.StaticFiles.StaticFileMiddleware[1]
      POST requests are not supported
info: Microsoft.AspNetCore.Hosting.Diagnostics[1]
      Request starting HTTP/2 POST https://localhost:44353/Home/BuildProdTypeList - - 0
dbug: Microsoft.AspNetCore.StaticFiles.StaticFileMiddleware[1]
      POST requests are not supported
info: Microsoft.AspNetCore.Hosting.Diagnostics[1]
      Request starting HTTP/2 POST https://localhost:44353/Home/BuildResidentList - - 0
dbug: Microsoft.AspNetCore.Routing.Matching.DfaMatcher[1001]
      1 candidate(s) found for the request path '/Home/BuildProdTypeList'
dbug: Microsoft.AspNetCore.Routing.Matching.DfaMatcher[1001]
      1 candidate(s) found for the request path '/Home/GetAllProduct'
dbug: Microsoft.AspNetCore.StaticFiles.StaticFileMiddleware[1]
      POST requests are not supported
dbug: Microsoft.AspNetCore.Routing.Matching.DfaMatcher[1005]
      Endpoint 'ParcelManagement2.Controllers.HomeController.BuildProdTypeList (ParcelProject)' with route pattern '{controller=Account}/{action=Login}/{id?}' is valid for the request path '/Home/BuildProdTypeList'
dbug: Microsoft.AspNetCore.Routing.Matching.DfaMatcher[1001]
      1 candidate(s) found for the request path '/Home/BuildResidentList'
dbug: Microsoft.AspNetCore.Routing.EndpointRoutingMiddleware[1]
      Request matched endpoint 'ParcelManagement2.Controllers.HomeController.BuildProdTypeList (ParcelProject)'
dbug: Microsoft.AspNetCore.Routing.Matching.DfaMatcher[1005]
      Endpoint 'ParcelManagement2.Controllers.HomeController.BuildResidentList (ParcelProject)' with route pattern '{controller=Account}/{action=Login}/{id?}' is valid for the request path '/Home/BuildResidentList'
info: Microsoft.AspNetCore.Hosting.Diagnostics[1]
      Request starting HTTP/2 POST https://localhost:44353/Home/GetAllProduct - - 0
dbug: Microsoft.AspNetCore.Authentication.Cookies.CookieAuthenticationHandler[8]
      AuthenticationScheme: Cookies was successfully authenticated.
dbug: Microsoft.AspNetCore.Routing.EndpointRoutingMiddleware[1]
      Request matched endpoint 'ParcelManagement2.Controllers.HomeController.BuildResidentList (ParcelProject)'
dbug: Microsoft.AspNetCore.Authorization.DefaultAuthorizationService[1]
      Authorization was successful.
dbug: Microsoft.AspNetCore.StaticFiles.StaticFileMiddleware[1]
      POST requests are not supported
info: Microsoft.AspNetCore.Routing.EndpointMiddleware[0]
      Executing endpoint 'ParcelManagement2.Controllers.HomeController.BuildProdTypeList (ParcelProject)'
dbug: Microsoft.AspNetCore.Routing.Matching.DfaMatcher[1001]
      1 candidate(s) found for the request path '/Home/GetAllProduct'
dbug: Microsoft.AspNetCore.Routing.Matching.DfaMatcher[1005]
      Endpoint 'ParcelManagement2.Controllers.HomeController.GetAllProduct (ParcelProject)' with route pattern '{controller=Account}/{action=Login}/{id?}' is valid for the request path '/Home/GetAllProduct'
dbug: Microsoft.AspNetCore.Authentication.Cookies.CookieAuthenticationHandler[8]
      AuthenticationScheme: Cookies was successfully authenticated.
dbug: Microsoft.AspNetCore.Routing.EndpointRoutingMiddleware[1]
      Request matched endpoint 'ParcelManagement2.Controllers.HomeController.GetAllProduct (ParcelProject)'
dbug: Microsoft.AspNetCore.Authorization.DefaultAuthorizationService[1]
      Authorization was successful.
dbug: Microsoft.AspNetCore.Authentication.Cookies.CookieAuthenticationHandler[8]
      AuthenticationScheme: Cookies was successfully authenticated.
info: Microsoft.AspNetCore.Routing.EndpointMiddleware[0]
      Executing endpoint 'ParcelManagement2.Controllers.HomeController.BuildResidentList (ParcelProject)'
dbug: Microsoft.AspNetCore.Authorization.DefaultAuthorizationService[1]
      Authorization was successful.
info: Microsoft.AspNetCore.Mvc.Infrastructure.ControllerActionInvoker[102]
      Route matched with {action = "BuildProdTypeList", controller = "Home"}. Executing controller action with signature System.Threading.Tasks.Task`1[Microsoft.AspNetCore.Mvc.JsonResult] BuildProdTypeList() on controller ParcelManagement2.Controllers.HomeController (ParcelProject).
dbug: Microsoft.AspNetCore.Mvc.Infrastructure.ControllerActionInvoker[1]
      Execution plan of authorization filters (in the following order): None
info: Microsoft.AspNetCore.Routing.EndpointMiddleware[0]
      Executing endpoint 'ParcelManagement2.Controllers.HomeController.GetAllProduct (ParcelProject)'
dbug: Microsoft.AspNetCore.Mvc.Infrastructure.ControllerActionInvoker[1]
      Execution plan of resource filters (in the following order): Microsoft.AspNetCore.Mvc.ViewFeatures.Filters.SaveTempDataFilter
dbug: Microsoft.AspNetCore.Mvc.Infrastructure.ControllerActionInvoker[1]
      Execution plan of action filters (in the following order): Microsoft.AspNetCore.Mvc.Filters.ControllerActionFilter (Order: -2147483648), Microsoft.AspNetCore.Mvc.ModelBinding.UnsupportedContentTypeFilter (Order: -3000)
dbug: Microsoft.AspNetCore.Routing.Matching.DfaMatcher[1005]
      Endpoint 'ParcelManagement2.Controllers.HomeController.GetAllProduct (ParcelProject)' with route pattern '{controller=Account}/{action=Login}/{id?}' is valid for the request path '/Home/GetAllProduct'
info: Microsoft.AspNetCore.Mvc.Infrastructure.ControllerActionInvoker[102]
      Route matched with {action = "BuildResidentList", controller = "Home"}. Executing controller action with signature System.Threading.Tasks.Task`1[Microsoft.AspNetCore.Mvc.JsonResult] BuildResidentList() on controller ParcelManagement2.Controllers.HomeController (ParcelProject).
dbug: Microsoft.AspNetCore.Mvc.Infrastructure.ControllerActionInvoker[1]
      Execution plan of exception filters (in the following order): None
dbug: Microsoft.AspNetCore.Mvc.Infrastructure.ControllerActionInvoker[1]
      Execution plan of authorization filters (in the following order): None
dbug: Microsoft.AspNetCore.Mvc.Infrastructure.ControllerActionInvoker[1]
      Execution plan of result filters (in the following order): Microsoft.AspNetCore.Mvc.ViewFeatures.Filters.SaveTempDataFilter
info: Microsoft.AspNetCore.Mvc.Infrastructure.ControllerActionInvoker[102]
      Route matched with {action = "GetAllProduct", controller = "Home"}. Executing controller action with signature System.Threading.Tasks.Task`1[Microsoft.AspNetCore.Mvc.JsonResult] GetAllProduct() on controller ParcelManagement2.Controllers.HomeController (ParcelProject).
dbug: Microsoft.AspNetCore.Mvc.Infrastructure.ControllerActionInvoker[1]
      Execution plan of resource filters (in the following order): Microsoft.AspNetCore.Mvc.ViewFeatures.Filters.SaveTempDataFilter
dbug: Microsoft.AspNetCore.Mvc.Infrastructure.ControllerActionInvoker[1]
      Executing controller factory for controller ParcelManagement2.Controllers.HomeController (ParcelProject)
dbug: Microsoft.AspNetCore.Mvc.Infrastructure.ControllerActionInvoker[1]
      Execution plan of authorization filters (in the following order): None
dbug: ParcelManagement2.Models.DBConn[0]
      資料庫連線字串已設定
dbug: Microsoft.AspNetCore.Mvc.Infrastructure.ControllerActionInvoker[1]
      Execution plan of resource filters (in the following order): Microsoft.AspNetCore.Mvc.ViewFeatures.Filters.SaveTempDataFilter
dbug: Microsoft.AspNetCore.Mvc.Infrastructure.ControllerActionInvoker[2]
      Executed controller factory for controller ParcelManagement2.Controllers.HomeController (ParcelProject)
dbug: Microsoft.AspNetCore.Mvc.Infrastructure.ControllerActionInvoker[1]
      Execution plan of action filters (in the following order): Microsoft.AspNetCore.Mvc.Filters.ControllerActionFilter (Order: -2147483648), Microsoft.AspNetCore.Mvc.ModelBinding.UnsupportedContentTypeFilter (Order: -3000)
dbug: Microsoft.AspNetCore.Mvc.Infrastructure.ControllerActionInvoker[1]
      Execution plan of exception filters (in the following order): None
dbug: Microsoft.AspNetCore.Mvc.Infrastructure.ControllerActionInvoker[1]
      Execution plan of action filters (in the following order): Microsoft.AspNetCore.Mvc.Filters.ControllerActionFilter (Order: -2147483648), Microsoft.AspNetCore.Mvc.ModelBinding.UnsupportedContentTypeFilter (Order: -3000)
dbug: Microsoft.AspNetCore.Mvc.Infrastructure.ControllerActionInvoker[1]
      Execution plan of result filters (in the following order): Microsoft.AspNetCore.Mvc.ViewFeatures.Filters.SaveTempDataFilter
dbug: Microsoft.AspNetCore.Mvc.Infrastructure.ControllerActionInvoker[1]
      Execution plan of exception filters (in the following order): None
dbug: Microsoft.AspNetCore.Mvc.Infrastructure.ControllerActionInvoker[1]
      Executing controller factory for controller ParcelManagement2.Controllers.HomeController (ParcelProject)
dbug: Microsoft.AspNetCore.Mvc.Infrastructure.ControllerActionInvoker[1]
      Execution plan of result filters (in the following order): Microsoft.AspNetCore.Mvc.ViewFeatures.Filters.SaveTempDataFilter
dbug: ParcelManagement2.Models.DBConn[0]
      資料庫連線字串已設定
dbug: Microsoft.AspNetCore.Mvc.Infrastructure.ControllerActionInvoker[1]
      Executing controller factory for controller ParcelManagement2.Controllers.HomeController (ParcelProject)
dbug: Microsoft.AspNetCore.Mvc.Infrastructure.ControllerActionInvoker[2]
      Executed controller factory for controller ParcelManagement2.Controllers.HomeController (ParcelProject)
dbug: ParcelManagement2.Models.DBConn[0]
      資料庫連線字串已設定
dbug: Microsoft.AspNetCore.Mvc.Infrastructure.ControllerActionInvoker[2]
      Executed controller factory for controller ParcelManagement2.Controllers.HomeController (ParcelProject)
dbug: Microsoft.AspNetCore.Routing.EndpointRoutingMiddleware[1]
      Request matched endpoint 'ParcelManagement2.Controllers.HomeController.GetAllProduct (ParcelProject)'
dbug: ParcelManagement2.Models.DBConn[0]
      查詢成功，返回 2 行數據
dbug: Microsoft.AspNetCore.Authentication.Cookies.CookieAuthenticationHandler[8]
      AuthenticationScheme: Cookies was successfully authenticated.
dbug: Microsoft.AspNetCore.Authorization.DefaultAuthorizationService[1]
      Authorization was successful.
info: Microsoft.AspNetCore.Routing.EndpointMiddleware[0]
      Executing endpoint 'ParcelManagement2.Controllers.HomeController.GetAllProduct (ParcelProject)'
info: Microsoft.AspNetCore.Mvc.Infrastructure.SystemTextJsonResultExecutor[1]
      Executing JsonResult, writing value of type 'System.Text.Json.JsonElement'.
info: Microsoft.AspNetCore.Mvc.Infrastructure.ControllerActionInvoker[102]
      Route matched with {action = "GetAllProduct", controller = "Home"}. Executing controller action with signature System.Threading.Tasks.Task`1[Microsoft.AspNetCore.Mvc.JsonResult] GetAllProduct() on controller ParcelManagement2.Controllers.HomeController (ParcelProject).
dbug: Microsoft.AspNetCore.Mvc.Infrastructure.ControllerActionInvoker[1]
      Execution plan of authorization filters (in the following order): None
info: Microsoft.AspNetCore.Mvc.Infrastructure.ControllerActionInvoker[105]
      Executed action ParcelManagement2.Controllers.HomeController.BuildProdTypeList (ParcelProject) in 31.6375ms
dbug: Microsoft.AspNetCore.Mvc.Infrastructure.ControllerActionInvoker[1]
      Execution plan of resource filters (in the following order): Microsoft.AspNetCore.Mvc.ViewFeatures.Filters.SaveTempDataFilter
info: Microsoft.AspNetCore.Routing.EndpointMiddleware[1]
      Executed endpoint 'ParcelManagement2.Controllers.HomeController.BuildProdTypeList (ParcelProject)'
dbug: Microsoft.AspNetCore.Mvc.Infrastructure.ControllerActionInvoker[1]
      Execution plan of action filters (in the following order): Microsoft.AspNetCore.Mvc.Filters.ControllerActionFilter (Order: -2147483648), Microsoft.AspNetCore.Mvc.ModelBinding.UnsupportedContentTypeFilter (Order: -3000)
info: Microsoft.AspNetCore.Hosting.Diagnostics[2]
      Request finished HTTP/2 POST https://localhost:44353/Home/BuildProdTypeList - 200 - application/json;+charset=utf-8 81.2730ms
dbug: Microsoft.AspNetCore.Server.IIS.Core.IISHttpServer[1]
      Connection ID "18158513749902753849" disconnecting.
dbug: Microsoft.AspNetCore.Mvc.Infrastructure.ControllerActionInvoker[1]
      Execution plan of exception filters (in the following order): None
dbug: Microsoft.AspNetCore.Mvc.Infrastructure.ControllerActionInvoker[1]
      Execution plan of result filters (in the following order): Microsoft.AspNetCore.Mvc.ViewFeatures.Filters.SaveTempDataFilter
dbug: Microsoft.AspNetCore.Mvc.Infrastructure.ControllerActionInvoker[1]
      Executing controller factory for controller ParcelManagement2.Controllers.HomeController (ParcelProject)
dbug: ParcelManagement2.Models.DBConn[0]
      資料庫連線字串已設定
dbug: Microsoft.AspNetCore.Mvc.Infrastructure.ControllerActionInvoker[2]
      Executed controller factory for controller ParcelManagement2.Controllers.HomeController (ParcelProject)
dbug: ParcelManagement2.Models.DBConn[0]
      查詢成功，返回 29 行數據
dbug: ParcelManagement2.Models.DBConn[0]
      查詢成功，返回 172 行數據
info: Microsoft.AspNetCore.Mvc.Infrastructure.SystemTextJsonResultExecutor[1]
      Executing JsonResult, writing value of type 'System.Text.Json.JsonElement'.
info: Microsoft.AspNetCore.Mvc.Infrastructure.ControllerActionInvoker[105]
      Executed action ParcelManagement2.Controllers.HomeController.BuildResidentList (ParcelProject) in 37.385ms
info: Microsoft.AspNetCore.Routing.EndpointMiddleware[1]
      Executed endpoint 'ParcelManagement2.Controllers.HomeController.BuildResidentList (ParcelProject)'
info: Microsoft.AspNetCore.Hosting.Diagnostics[2]
      Request finished HTTP/2 POST https://localhost:44353/Home/BuildResidentList - 200 - application/json;+charset=utf-8 122.1572ms
dbug: Microsoft.AspNetCore.Server.IIS.Core.IISHttpServer[1]
      Connection ID "18014398510287290688" disconnecting.
info: Microsoft.AspNetCore.Mvc.Infrastructure.SystemTextJsonResultExecutor[1]
      Executing JsonResult, writing value of type 'System.Text.Json.JsonElement'.
dbug: ParcelManagement2.Models.DBConn[0]
      查詢成功，返回 172 行數據
info: Microsoft.AspNetCore.Mvc.Infrastructure.ControllerActionInvoker[105]
      Executed action ParcelManagement2.Controllers.HomeController.GetAllProduct (ParcelProject) in 73.8871ms
info: Microsoft.AspNetCore.Routing.EndpointMiddleware[1]
      Executed endpoint 'ParcelManagement2.Controllers.HomeController.GetAllProduct (ParcelProject)'
info: Microsoft.AspNetCore.Hosting.Diagnostics[2]
      Request finished HTTP/2 POST https://localhost:44353/Home/GetAllProduct - 200 - application/json;+charset=utf-8 122.5879ms
dbug: Microsoft.AspNetCore.Server.IIS.Core.IISHttpServer[1]
      Connection ID "17942340959199035772" disconnecting.
info: Microsoft.AspNetCore.Mvc.Infrastructure.SystemTextJsonResultExecutor[1]
      Executing JsonResult, writing value of type 'System.Text.Json.JsonElement'.
info: Microsoft.AspNetCore.Mvc.Infrastructure.ControllerActionInvoker[105]
      Executed action ParcelManagement2.Controllers.HomeController.GetAllProduct (ParcelProject) in 50.3072ms
info: Microsoft.AspNetCore.Routing.EndpointMiddleware[1]
      Executed endpoint 'ParcelManagement2.Controllers.HomeController.GetAllProduct (ParcelProject)'
dbug: Microsoft.AspNetCore.Server.IIS.Core.IISHttpServer[1]
      Connection ID "18086456104325218707" disconnecting.
info: Microsoft.AspNetCore.Hosting.Diagnostics[2]
      Request finished HTTP/2 POST https://localhost:44353/Home/GetAllProduct - 200 - application/json;+charset=utf-8 145.0441ms
dbug: Microsoft.Extensions.Http.DefaultHttpClientFactory[100]
      Starting HttpMessageHandler cleanup cycle with 1 items
dbug: Microsoft.Extensions.Http.DefaultHttpClientFactory[101]
      Ending HttpMessageHandler cleanup cycle after 0.0029ms - processed: 0 items - remaining: 1 items
dbug: Microsoft.Extensions.Http.DefaultHttpClientFactory[100]
      Starting HttpMessageHandler cleanup cycle with 1 items
dbug: Microsoft.Extensions.Http.DefaultHttpClientFactory[101]
      Ending HttpMessageHandler cleanup cycle after 0.0072ms - processed: 0 items - remaining: 1 items
dbug: Microsoft.Extensions.Http.DefaultHttpClientFactory[100]
      Starting HttpMessageHandler cleanup cycle with 1 items
dbug: Microsoft.Extensions.Http.DefaultHttpClientFactory[101]
      Ending HttpMessageHandler cleanup cycle after 0.006ms - processed: 0 items - remaining: 1 items
dbug: Microsoft.Extensions.Http.DefaultHttpClientFactory[100]
      Starting HttpMessageHandler cleanup cycle with 1 items
dbug: Microsoft.Extensions.Http.DefaultHttpClientFactory[101]
      Ending HttpMessageHandler cleanup cycle after 0.0041ms - processed: 0 items - remaining: 1 items
dbug: Microsoft.Extensions.Http.DefaultHttpClientFactory[100]
      Starting HttpMessageHandler cleanup cycle with 1 items
dbug: Microsoft.Extensions.Http.DefaultHttpClientFactory[101]
      Ending HttpMessageHandler cleanup cycle after 0.0039ms - processed: 0 items - remaining: 1 items
dbug: Microsoft.Extensions.Http.DefaultHttpClientFactory[100]
      Starting HttpMessageHandler cleanup cycle with 1 items
dbug: Microsoft.Extensions.Http.DefaultHttpClientFactory[101]
      Ending HttpMessageHandler cleanup cycle after 0.003ms - processed: 0 items - remaining: 1 items
dbug: Microsoft.Extensions.Http.DefaultHttpClientFactory[100]
      Starting HttpMessageHandler cleanup cycle with 1 items
dbug: Microsoft.Extensions.Http.DefaultHttpClientFactory[101]
      Ending HttpMessageHandler cleanup cycle after 0.0055ms - processed: 0 items - remaining: 1 items
dbug: Microsoft.Extensions.Http.DefaultHttpClientFactory[100]
      Starting HttpMessageHandler cleanup cycle with 1 items
dbug: Microsoft.Extensions.Http.DefaultHttpClientFactory[101]
      Ending HttpMessageHandler cleanup cycle after 0.0031ms - processed: 0 items - remaining: 1 items
dbug: Microsoft.Extensions.Http.DefaultHttpClientFactory[100]
      Starting HttpMessageHandler cleanup cycle with 1 items
dbug: Microsoft.Extensions.Http.DefaultHttpClientFactory[101]
      Ending HttpMessageHandler cleanup cycle after 0.0039ms - processed: 0 items - remaining: 1 items
dbug: Microsoft.Extensions.Http.DefaultHttpClientFactory[100]
      Starting HttpMessageHandler cleanup cycle with 1 items
dbug: Microsoft.Extensions.Http.DefaultHttpClientFactory[101]
      Ending HttpMessageHandler cleanup cycle after 0.0028ms - processed: 0 items - remaining: 1 items
dbug: Microsoft.Extensions.Http.DefaultHttpClientFactory[100]
      Starting HttpMessageHandler cleanup cycle with 1 items
dbug: Microsoft.Extensions.Http.DefaultHttpClientFactory[101]
      Ending HttpMessageHandler cleanup cycle after 0.0035ms - processed: 0 items - remaining: 1 items
dbug: Microsoft.Extensions.Http.DefaultHttpClientFactory[100]
      Starting HttpMessageHandler cleanup cycle with 1 items
dbug: Microsoft.Extensions.Http.DefaultHttpClientFactory[101]
      Ending HttpMessageHandler cleanup cycle after 0.0019ms - processed: 0 items - remaining: 1 items
dbug: Microsoft.Extensions.Http.DefaultHttpClientFactory[103]
      HttpMessageHandler expired after 120000ms for client ''
dbug: Microsoft.Extensions.Http.DefaultHttpClientFactory[100]
      Starting HttpMessageHandler cleanup cycle with 2 items
dbug: Microsoft.Extensions.Http.DefaultHttpClientFactory[101]
      Ending HttpMessageHandler cleanup cycle after 0.0035ms - processed: 0 items - remaining: 2 items
dbug: Microsoft.Extensions.Http.DefaultHttpClientFactory[100]
      Starting HttpMessageHandler cleanup cycle with 2 items
dbug: Microsoft.Extensions.Http.DefaultHttpClientFactory[101]
      Ending HttpMessageHandler cleanup cycle after 0.0062ms - processed: 0 items - remaining: 2 items
dbug: Microsoft.Extensions.Http.DefaultHttpClientFactory[100]
      Starting HttpMessageHandler cleanup cycle with 2 items
dbug: Microsoft.Extensions.Http.DefaultHttpClientFactory[101]
      Ending HttpMessageHandler cleanup cycle after 0.0043ms - processed: 0 items - remaining: 2 items
dbug: Microsoft.Extensions.Http.DefaultHttpClientFactory[100]
      Starting HttpMessageHandler cleanup cycle with 2 items
dbug: Microsoft.Extensions.Http.DefaultHttpClientFactory[101]
      Ending HttpMessageHandler cleanup cycle after 0.0022ms - processed: 0 items - remaining: 2 items
dbug: Microsoft.Extensions.Http.DefaultHttpClientFactory[100]
      Starting HttpMessageHandler cleanup cycle with 2 items
dbug: Microsoft.Extensions.Http.DefaultHttpClientFactory[101]
      Ending HttpMessageHandler cleanup cycle after 0.0032ms - processed: 0 items - remaining: 2 items
dbug: Microsoft.Extensions.Http.DefaultHttpClientFactory[100]
      Starting HttpMessageHandler cleanup cycle with 2 items
dbug: Microsoft.Extensions.Http.DefaultHttpClientFactory[101]
      Ending HttpMessageHandler cleanup cycle after 0.0027ms - processed: 0 items - remaining: 2 items
info: Microsoft.AspNetCore.Hosting.Diagnostics[1]
      Request starting HTTP/2 GET https://localhost:44353/Home/Packages - - -
dbug: Microsoft.AspNetCore.StaticFiles.StaticFileMiddleware[4]
      The request path /Home/Packages does not match a supported file type
dbug: Microsoft.AspNetCore.Routing.Matching.DfaMatcher[1001]
      1 candidate(s) found for the request path '/Home/Packages'
dbug: Microsoft.AspNetCore.Routing.Matching.DfaMatcher[1005]
      Endpoint 'ParcelManagement2.Controllers.HomeController.Packages (ParcelProject)' with route pattern '{controller=Account}/{action=Login}/{id?}' is valid for the request path '/Home/Packages'
dbug: Microsoft.AspNetCore.Routing.EndpointRoutingMiddleware[1]
      Request matched endpoint 'ParcelManagement2.Controllers.HomeController.Packages (ParcelProject)'
dbug: Microsoft.AspNetCore.Authentication.Cookies.CookieAuthenticationHandler[8]
      AuthenticationScheme: Cookies was successfully authenticated.
dbug: Microsoft.AspNetCore.Authorization.DefaultAuthorizationService[1]
      Authorization was successful.
info: Microsoft.AspNetCore.Routing.EndpointMiddleware[0]
      Executing endpoint 'ParcelManagement2.Controllers.HomeController.Packages (ParcelProject)'
info: Microsoft.AspNetCore.Mvc.Infrastructure.ControllerActionInvoker[102]
      Route matched with {action = "Packages", controller = "Home"}. Executing controller action with signature Microsoft.AspNetCore.Mvc.IActionResult Packages() on controller ParcelManagement2.Controllers.HomeController (ParcelProject).
dbug: Microsoft.AspNetCore.Mvc.Infrastructure.ControllerActionInvoker[1]
      Execution plan of authorization filters (in the following order): None
dbug: Microsoft.AspNetCore.Mvc.Infrastructure.ControllerActionInvoker[1]
      Execution plan of resource filters (in the following order): Microsoft.AspNetCore.Mvc.ViewFeatures.Filters.SaveTempDataFilter
dbug: Microsoft.AspNetCore.Mvc.Infrastructure.ControllerActionInvoker[1]
      Execution plan of action filters (in the following order): Microsoft.AspNetCore.Mvc.Filters.ControllerActionFilter (Order: -2147483648), Microsoft.AspNetCore.Mvc.ModelBinding.UnsupportedContentTypeFilter (Order: -3000)
dbug: Microsoft.AspNetCore.Mvc.Infrastructure.ControllerActionInvoker[1]
      Execution plan of exception filters (in the following order): None
dbug: Microsoft.AspNetCore.Mvc.Infrastructure.ControllerActionInvoker[1]
      Execution plan of result filters (in the following order): Microsoft.AspNetCore.Mvc.ViewFeatures.Filters.SaveTempDataFilter
dbug: Microsoft.AspNetCore.Mvc.Infrastructure.ControllerActionInvoker[1]
      Executing controller factory for controller ParcelManagement2.Controllers.HomeController (ParcelProject)
dbug: ParcelManagement2.Models.DBConn[0]
      資料庫連線字串已設定
dbug: Microsoft.AspNetCore.Mvc.Infrastructure.ControllerActionInvoker[2]
      Executed controller factory for controller ParcelManagement2.Controllers.HomeController (ParcelProject)
dbug: Microsoft.AspNetCore.Mvc.Razor.RazorViewEngine[1]
      View lookup cache miss for view 'Packages' in controller 'Home'.
dbug: Microsoft.AspNetCore.Mvc.Razor.Compilation.DefaultViewCompiler[3]
      Initializing Razor view compiler with compiled view: '/Views/Account/AccessDenied.cshtml'.
dbug: Microsoft.AspNetCore.Mvc.Razor.Compilation.DefaultViewCompiler[3]
      Initializing Razor view compiler with compiled view: '/Views/Account/Login.cshtml'.
dbug: Microsoft.AspNetCore.Mvc.Razor.Compilation.DefaultViewCompiler[3]
      Initializing Razor view compiler with compiled view: '/Views/Home/Index.cshtml'.
dbug: Microsoft.AspNetCore.Mvc.Razor.Compilation.DefaultViewCompiler[3]
      Initializing Razor view compiler with compiled view: '/Views/Home/Index_back.cshtml'.
dbug: Microsoft.AspNetCore.Mvc.Razor.Compilation.DefaultViewCompiler[3]
      Initializing Razor view compiler with compiled view: '/Views/Home/Packages.cshtml'.
dbug: Microsoft.AspNetCore.Mvc.Razor.Compilation.DefaultViewCompiler[3]
      Initializing Razor view compiler with compiled view: '/Views/Home/Privacy.cshtml'.
dbug: Microsoft.AspNetCore.Mvc.Razor.Compilation.DefaultViewCompiler[3]
      Initializing Razor view compiler with compiled view: '/Views/Resident/Edit.cshtml'.
dbug: Microsoft.AspNetCore.Mvc.Razor.Compilation.DefaultViewCompiler[3]
      Initializing Razor view compiler with compiled view: '/Views/Resident/Home.cshtml'.
dbug: Microsoft.AspNetCore.Mvc.Razor.Compilation.DefaultViewCompiler[3]
      Initializing Razor view compiler with compiled view: '/Views/Resident/MyPackages.cshtml'.
dbug: Microsoft.AspNetCore.Mvc.Razor.Compilation.DefaultViewCompiler[3]
      Initializing Razor view compiler with compiled view: '/Views/Resident/PackagePhoto.cshtml'.
dbug: Microsoft.AspNetCore.Mvc.Razor.Compilation.DefaultViewCompiler[3]
      Initializing Razor view compiler with compiled view: '/Views/Shared/Error.cshtml'.
dbug: Microsoft.AspNetCore.Mvc.Razor.Compilation.DefaultViewCompiler[3]
      Initializing Razor view compiler with compiled view: '/Views/Shared/_AdminLayout.cshtml'.
dbug: Microsoft.AspNetCore.Mvc.Razor.Compilation.DefaultViewCompiler[3]
      Initializing Razor view compiler with compiled view: '/Views/Shared/_Layout.cshtml'.
dbug: Microsoft.AspNetCore.Mvc.Razor.Compilation.DefaultViewCompiler[3]
      Initializing Razor view compiler with compiled view: '/Views/Shared/_ResidentLayout.cshtml'.
dbug: Microsoft.AspNetCore.Mvc.Razor.Compilation.DefaultViewCompiler[3]
      Initializing Razor view compiler with compiled view: '/Views/Shared/_ValidationScriptsPartial.cshtml'.
dbug: Microsoft.AspNetCore.Mvc.Razor.Compilation.DefaultViewCompiler[3]
      Initializing Razor view compiler with compiled view: '/Views/_ViewImports.cshtml'.
dbug: Microsoft.AspNetCore.Mvc.Razor.Compilation.DefaultViewCompiler[3]
      Initializing Razor view compiler with compiled view: '/Views/_ViewStart.cshtml'.
dbug: Microsoft.AspNetCore.Mvc.Razor.Compilation.DefaultViewCompiler[3]
      Initializing Razor view compiler with compiled view: '/Views/Shared/_Layout_back.cshtml'.
info: Microsoft.AspNetCore.Mvc.ViewFeatures.ViewResultExecutor[1]
      Executing ViewResult, running view Packages.
dbug: Microsoft.AspNetCore.Mvc.ViewFeatures.ViewResultExecutor[2]
      The view path '/Views/Home/Packages.cshtml' was found in 21.7364ms.
dbug: Microsoft.AspNetCore.Antiforgery.DefaultAntiforgery[6]
      An antiforgery cookie token was reused.
dbug: Microsoft.WebTools.BrowserLink.Net.BrowserLinkMiddleware[1]
      Response markup is scheduled to include Browser Link script injection.
dbug: Microsoft.AspNetCore.Watch.BrowserRefresh.BrowserRefreshMiddleware[1]
      Response markup is scheduled to include browser refresh script injection.
info: Microsoft.AspNetCore.Mvc.ViewFeatures.ViewResultExecutor[4]
      Executed ViewResult - view Packages executed in 36.4328ms.
info: Microsoft.AspNetCore.Mvc.Infrastructure.ControllerActionInvoker[105]
      Executed action ParcelManagement2.Controllers.HomeController.Packages (ParcelProject) in 40.9366ms
info: Microsoft.AspNetCore.Routing.EndpointMiddleware[1]
      Executed endpoint 'ParcelManagement2.Controllers.HomeController.Packages (ParcelProject)'
dbug: Microsoft.WebTools.BrowserLink.Net.BrowserLinkMiddleware[2]
      Response markup was updated to include Browser Link script injection.
dbug: Microsoft.AspNetCore.Watch.BrowserRefresh.BrowserRefreshMiddleware[2]
      Response markup was updated to include browser refresh script injection.
dbug: Microsoft.AspNetCore.Server.IIS.Core.IISHttpServer[1]
      Connection ID "17149707416191893555" disconnecting.
info: Microsoft.AspNetCore.Hosting.Diagnostics[2]
      Request finished HTTP/2 GET https://localhost:44353/Home/Packages - 200 - text/html;+charset=utf-8 68.0315ms
info: Microsoft.AspNetCore.Hosting.Diagnostics[1]
      Request starting HTTP/2 GET https://localhost:44353/_vs/browserLink - - -
info: Microsoft.AspNetCore.Hosting.Diagnostics[1]
      Request starting HTTP/2 GET https://localhost:44353/_framework/aspnetcore-browser-refresh.js - - -
dbug: Microsoft.AspNetCore.Watch.BrowserRefresh.BrowserScriptMiddleware[0]
      Script injected: /_framework/aspnetcore-browser-refresh.js
dbug: Microsoft.AspNetCore.Server.IIS.Core.IISHttpServer[1]
      Connection ID "18158513758492688456" disconnecting.
info: Microsoft.AspNetCore.Hosting.Diagnostics[2]
      Request finished HTTP/2 GET https://localhost:44353/_framework/aspnetcore-browser-refresh.js - 200 16511 application/javascript;+charset=utf-8 3.8289ms
dbug: Microsoft.AspNetCore.Server.IIS.Core.IISHttpServer[1]
      Connection ID "18230571309580943614" disconnecting.
info: Microsoft.AspNetCore.Hosting.Diagnostics[2]
      Request finished HTTP/2 GET https://localhost:44353/_vs/browserLink - 200 - text/javascript;+charset=UTF-8 11.1047ms
info: Microsoft.AspNetCore.Hosting.Diagnostics[1]
      Request starting HTTP/2 POST https://localhost:44353/Home/GetAllProduct - - 0
info: Microsoft.AspNetCore.Hosting.Diagnostics[1]
      Request starting HTTP/2 POST https://localhost:44353/Home/BuildProdTypeList - - 0
info: Microsoft.AspNetCore.Hosting.Diagnostics[1]
      Request starting HTTP/2 POST https://localhost:44353/Home/BuildResidentList - - 0
dbug: Microsoft.AspNetCore.StaticFiles.StaticFileMiddleware[1]
      POST requests are not supported
dbug: Microsoft.AspNetCore.StaticFiles.StaticFileMiddleware[1]
      POST requests are not supported
dbug: Microsoft.AspNetCore.StaticFiles.StaticFileMiddleware[1]
      POST requests are not supported
dbug: Microsoft.AspNetCore.Routing.Matching.DfaMatcher[1001]
      1 candidate(s) found for the request path '/Home/BuildProdTypeList'
dbug: Microsoft.AspNetCore.Routing.Matching.DfaMatcher[1001]
      1 candidate(s) found for the request path '/Home/GetAllProduct'
dbug: Microsoft.AspNetCore.Routing.Matching.DfaMatcher[1001]
      1 candidate(s) found for the request path '/Home/BuildResidentList'
dbug: Microsoft.AspNetCore.Routing.Matching.DfaMatcher[1005]
      Endpoint 'ParcelManagement2.Controllers.HomeController.GetAllProduct (ParcelProject)' with route pattern '{controller=Account}/{action=Login}/{id?}' is valid for the request path '/Home/GetAllProduct'
info: Microsoft.AspNetCore.Hosting.Diagnostics[1]
      Request starting HTTP/2 POST https://localhost:44353/Home/GetAllProduct - - 0
dbug: Microsoft.AspNetCore.Routing.Matching.DfaMatcher[1005]
      Endpoint 'ParcelManagement2.Controllers.HomeController.BuildProdTypeList (ParcelProject)' with route pattern '{controller=Account}/{action=Login}/{id?}' is valid for the request path '/Home/BuildProdTypeList'
dbug: Microsoft.AspNetCore.Routing.EndpointRoutingMiddleware[1]
      Request matched endpoint 'ParcelManagement2.Controllers.HomeController.GetAllProduct (ParcelProject)'
dbug: Microsoft.AspNetCore.StaticFiles.StaticFileMiddleware[1]
      POST requests are not supported
dbug: Microsoft.AspNetCore.Authentication.Cookies.CookieAuthenticationHandler[8]
      AuthenticationScheme: Cookies was successfully authenticated.
dbug: Microsoft.AspNetCore.Routing.Matching.DfaMatcher[1001]
      1 candidate(s) found for the request path '/Home/GetAllProduct'
dbug: Microsoft.AspNetCore.Authorization.DefaultAuthorizationService[1]
      Authorization was successful.
dbug: Microsoft.AspNetCore.Routing.Matching.DfaMatcher[1005]
      Endpoint 'ParcelManagement2.Controllers.HomeController.GetAllProduct (ParcelProject)' with route pattern '{controller=Account}/{action=Login}/{id?}' is valid for the request path '/Home/GetAllProduct'
info: Microsoft.AspNetCore.Routing.EndpointMiddleware[0]
      Executing endpoint 'ParcelManagement2.Controllers.HomeController.GetAllProduct (ParcelProject)'
dbug: Microsoft.AspNetCore.Routing.EndpointRoutingMiddleware[1]
      Request matched endpoint 'ParcelManagement2.Controllers.HomeController.GetAllProduct (ParcelProject)'
dbug: Microsoft.AspNetCore.Authentication.Cookies.CookieAuthenticationHandler[8]
      AuthenticationScheme: Cookies was successfully authenticated.
dbug: Microsoft.AspNetCore.Routing.EndpointRoutingMiddleware[1]
      Request matched endpoint 'ParcelManagement2.Controllers.HomeController.BuildProdTypeList (ParcelProject)'
dbug: Microsoft.AspNetCore.Authorization.DefaultAuthorizationService[1]
      Authorization was successful.
dbug: Microsoft.AspNetCore.Authentication.Cookies.CookieAuthenticationHandler[8]
      AuthenticationScheme: Cookies was successfully authenticated.
info: Microsoft.AspNetCore.Routing.EndpointMiddleware[0]
      Executing endpoint 'ParcelManagement2.Controllers.HomeController.GetAllProduct (ParcelProject)'
dbug: Microsoft.AspNetCore.Authorization.DefaultAuthorizationService[1]
      Authorization was successful.
info: Microsoft.AspNetCore.Mvc.Infrastructure.ControllerActionInvoker[102]
      Route matched with {action = "GetAllProduct", controller = "Home"}. Executing controller action with signature System.Threading.Tasks.Task`1[Microsoft.AspNetCore.Mvc.JsonResult] GetAllProduct() on controller ParcelManagement2.Controllers.HomeController (ParcelProject).
info: Microsoft.AspNetCore.Mvc.Infrastructure.ControllerActionInvoker[102]
      Route matched with {action = "GetAllProduct", controller = "Home"}. Executing controller action with signature System.Threading.Tasks.Task`1[Microsoft.AspNetCore.Mvc.JsonResult] GetAllProduct() on controller ParcelManagement2.Controllers.HomeController (ParcelProject).
dbug: Microsoft.AspNetCore.Mvc.Infrastructure.ControllerActionInvoker[1]
      Execution plan of authorization filters (in the following order): None
dbug: Microsoft.AspNetCore.Mvc.Infrastructure.ControllerActionInvoker[1]
      Execution plan of authorization filters (in the following order): None
dbug: Microsoft.AspNetCore.Mvc.Infrastructure.ControllerActionInvoker[1]
      Execution plan of resource filters (in the following order): Microsoft.AspNetCore.Mvc.ViewFeatures.Filters.SaveTempDataFilter
dbug: Microsoft.AspNetCore.Mvc.Infrastructure.ControllerActionInvoker[1]
      Execution plan of resource filters (in the following order): Microsoft.AspNetCore.Mvc.ViewFeatures.Filters.SaveTempDataFilter
dbug: Microsoft.AspNetCore.Mvc.Infrastructure.ControllerActionInvoker[1]
      Execution plan of action filters (in the following order): Microsoft.AspNetCore.Mvc.Filters.ControllerActionFilter (Order: -2147483648), Microsoft.AspNetCore.Mvc.ModelBinding.UnsupportedContentTypeFilter (Order: -3000)
dbug: Microsoft.AspNetCore.Mvc.Infrastructure.ControllerActionInvoker[1]
      Execution plan of action filters (in the following order): Microsoft.AspNetCore.Mvc.Filters.ControllerActionFilter (Order: -2147483648), Microsoft.AspNetCore.Mvc.ModelBinding.UnsupportedContentTypeFilter (Order: -3000)
dbug: Microsoft.AspNetCore.Mvc.Infrastructure.ControllerActionInvoker[1]
      Execution plan of exception filters (in the following order): None
dbug: Microsoft.AspNetCore.Mvc.Infrastructure.ControllerActionInvoker[1]
      Execution plan of exception filters (in the following order): None
dbug: Microsoft.AspNetCore.Mvc.Infrastructure.ControllerActionInvoker[1]
      Execution plan of result filters (in the following order): Microsoft.AspNetCore.Mvc.ViewFeatures.Filters.SaveTempDataFilter
dbug: Microsoft.AspNetCore.Mvc.Infrastructure.ControllerActionInvoker[1]
      Execution plan of result filters (in the following order): Microsoft.AspNetCore.Mvc.ViewFeatures.Filters.SaveTempDataFilter
dbug: Microsoft.AspNetCore.Mvc.Infrastructure.ControllerActionInvoker[1]
      Executing controller factory for controller ParcelManagement2.Controllers.HomeController (ParcelProject)
dbug: Microsoft.AspNetCore.Mvc.Infrastructure.ControllerActionInvoker[1]
      Executing controller factory for controller ParcelManagement2.Controllers.HomeController (ParcelProject)
dbug: ParcelManagement2.Models.DBConn[0]
      資料庫連線字串已設定
dbug: ParcelManagement2.Models.DBConn[0]
      資料庫連線字串已設定
dbug: Microsoft.AspNetCore.Mvc.Infrastructure.ControllerActionInvoker[2]
      Executed controller factory for controller ParcelManagement2.Controllers.HomeController (ParcelProject)
dbug: Microsoft.AspNetCore.Mvc.Infrastructure.ControllerActionInvoker[2]
      Executed controller factory for controller ParcelManagement2.Controllers.HomeController (ParcelProject)
info: Microsoft.AspNetCore.Routing.EndpointMiddleware[0]
      Executing endpoint 'ParcelManagement2.Controllers.HomeController.BuildProdTypeList (ParcelProject)'
dbug: Microsoft.AspNetCore.Routing.Matching.DfaMatcher[1005]
      Endpoint 'ParcelManagement2.Controllers.HomeController.BuildResidentList (ParcelProject)' with route pattern '{controller=Account}/{action=Login}/{id?}' is valid for the request path '/Home/BuildResidentList'
dbug: Microsoft.AspNetCore.Routing.EndpointRoutingMiddleware[1]
      Request matched endpoint 'ParcelManagement2.Controllers.HomeController.BuildResidentList (ParcelProject)'
dbug: Microsoft.AspNetCore.Authentication.Cookies.CookieAuthenticationHandler[8]
      AuthenticationScheme: Cookies was successfully authenticated.
dbug: Microsoft.AspNetCore.Authorization.DefaultAuthorizationService[1]
      Authorization was successful.
info: Microsoft.AspNetCore.Routing.EndpointMiddleware[0]
      Executing endpoint 'ParcelManagement2.Controllers.HomeController.BuildResidentList (ParcelProject)'
dbug: ParcelManagement2.Models.DBConn[0]
      查詢成功，返回 172 行數據
info: Microsoft.AspNetCore.Mvc.Infrastructure.ControllerActionInvoker[102]
      Route matched with {action = "BuildProdTypeList", controller = "Home"}. Executing controller action with signature System.Threading.Tasks.Task`1[Microsoft.AspNetCore.Mvc.JsonResult] BuildProdTypeList() on controller ParcelManagement2.Controllers.HomeController (ParcelProject).
dbug: ParcelManagement2.Models.DBConn[0]
      查詢成功，返回 172 行數據
dbug: Microsoft.AspNetCore.Mvc.Infrastructure.ControllerActionInvoker[1]
      Execution plan of authorization filters (in the following order): None
dbug: Microsoft.AspNetCore.Mvc.Infrastructure.ControllerActionInvoker[1]
      Execution plan of resource filters (in the following order): Microsoft.AspNetCore.Mvc.ViewFeatures.Filters.SaveTempDataFilter
info: Microsoft.AspNetCore.Mvc.Infrastructure.SystemTextJsonResultExecutor[1]
      Executing JsonResult, writing value of type 'System.Text.Json.JsonElement'.
dbug: Microsoft.AspNetCore.Mvc.Infrastructure.ControllerActionInvoker[1]
      Execution plan of action filters (in the following order): Microsoft.AspNetCore.Mvc.Filters.ControllerActionFilter (Order: -2147483648), Microsoft.AspNetCore.Mvc.ModelBinding.UnsupportedContentTypeFilter (Order: -3000)
info: Microsoft.AspNetCore.Mvc.Infrastructure.SystemTextJsonResultExecutor[1]
      Executing JsonResult, writing value of type 'System.Text.Json.JsonElement'.
info: Microsoft.AspNetCore.Mvc.Infrastructure.ControllerActionInvoker[102]
      Route matched with {action = "BuildResidentList", controller = "Home"}. Executing controller action with signature System.Threading.Tasks.Task`1[Microsoft.AspNetCore.Mvc.JsonResult] BuildResidentList() on controller ParcelManagement2.Controllers.HomeController (ParcelProject).
dbug: Microsoft.AspNetCore.Mvc.Infrastructure.ControllerActionInvoker[1]
      Execution plan of authorization filters (in the following order): None
info: Microsoft.AspNetCore.Mvc.Infrastructure.ControllerActionInvoker[105]
      Executed action ParcelManagement2.Controllers.HomeController.GetAllProduct (ParcelProject) in 48.8831ms
dbug: Microsoft.AspNetCore.Mvc.Infrastructure.ControllerActionInvoker[1]
      Execution plan of exception filters (in the following order): None
info: Microsoft.AspNetCore.Mvc.Infrastructure.ControllerActionInvoker[105]
      Executed action ParcelManagement2.Controllers.HomeController.GetAllProduct (ParcelProject) in 51.2821ms
info: Microsoft.AspNetCore.Routing.EndpointMiddleware[1]
      Executed endpoint 'ParcelManagement2.Controllers.HomeController.GetAllProduct (ParcelProject)'
info: Microsoft.AspNetCore.Routing.EndpointMiddleware[1]
      Executed endpoint 'ParcelManagement2.Controllers.HomeController.GetAllProduct (ParcelProject)'
info: Microsoft.AspNetCore.Hosting.Diagnostics[2]
      Request finished HTTP/2 POST https://localhost:44353/Home/GetAllProduct - 200 - application/json;+charset=utf-8 91.6340ms
dbug: Microsoft.AspNetCore.Server.IIS.Core.IISHttpServer[1]
      Connection ID "18086456104325218709" disconnecting.
info: Microsoft.AspNetCore.Hosting.Diagnostics[2]
      Request finished HTTP/2 POST https://localhost:44353/Home/GetAllProduct - 200 - application/json;+charset=utf-8 104.6451ms
dbug: Microsoft.AspNetCore.Server.IIS.Core.IISHttpServer[1]
      Connection ID "18158513737017851974" disconnecting.
dbug: Microsoft.AspNetCore.Mvc.Infrastructure.ControllerActionInvoker[1]
      Execution plan of result filters (in the following order): Microsoft.AspNetCore.Mvc.ViewFeatures.Filters.SaveTempDataFilter
dbug: Microsoft.AspNetCore.Mvc.Infrastructure.ControllerActionInvoker[1]
      Execution plan of resource filters (in the following order): Microsoft.AspNetCore.Mvc.ViewFeatures.Filters.SaveTempDataFilter
dbug: Microsoft.AspNetCore.Mvc.Infrastructure.ControllerActionInvoker[1]
      Executing controller factory for controller ParcelManagement2.Controllers.HomeController (ParcelProject)
dbug: Microsoft.AspNetCore.Mvc.Infrastructure.ControllerActionInvoker[1]
      Execution plan of action filters (in the following order): Microsoft.AspNetCore.Mvc.Filters.ControllerActionFilter (Order: -2147483648), Microsoft.AspNetCore.Mvc.ModelBinding.UnsupportedContentTypeFilter (Order: -3000)
dbug: ParcelManagement2.Models.DBConn[0]
      資料庫連線字串已設定
dbug: Microsoft.AspNetCore.Mvc.Infrastructure.ControllerActionInvoker[1]
      Execution plan of exception filters (in the following order): None
dbug: Microsoft.AspNetCore.Mvc.Infrastructure.ControllerActionInvoker[2]
      Executed controller factory for controller ParcelManagement2.Controllers.HomeController (ParcelProject)
dbug: Microsoft.AspNetCore.Mvc.Infrastructure.ControllerActionInvoker[1]
      Execution plan of result filters (in the following order): Microsoft.AspNetCore.Mvc.ViewFeatures.Filters.SaveTempDataFilter
dbug: Microsoft.AspNetCore.Mvc.Infrastructure.ControllerActionInvoker[1]
      Executing controller factory for controller ParcelManagement2.Controllers.HomeController (ParcelProject)
dbug: ParcelManagement2.Models.DBConn[0]
      資料庫連線字串已設定
dbug: Microsoft.AspNetCore.Mvc.Infrastructure.ControllerActionInvoker[2]
      Executed controller factory for controller ParcelManagement2.Controllers.HomeController (ParcelProject)
dbug: ParcelManagement2.Models.DBConn[0]
      查詢成功，返回 2 行數據
info: Microsoft.AspNetCore.Mvc.Infrastructure.SystemTextJsonResultExecutor[1]
      Executing JsonResult, writing value of type 'System.Text.Json.JsonElement'.
info: Microsoft.AspNetCore.Mvc.Infrastructure.ControllerActionInvoker[105]
      Executed action ParcelManagement2.Controllers.HomeController.BuildProdTypeList (ParcelProject) in 26.5844ms
info: Microsoft.AspNetCore.Routing.EndpointMiddleware[1]
      Executed endpoint 'ParcelManagement2.Controllers.HomeController.BuildProdTypeList (ParcelProject)'
dbug: ParcelManagement2.Models.DBConn[0]
      查詢成功，返回 29 行數據
info: Microsoft.AspNetCore.Hosting.Diagnostics[2]
      Request finished HTTP/2 POST https://localhost:44353/Home/BuildProdTypeList - 200 - application/json;+charset=utf-8 141.9378ms
dbug: Microsoft.AspNetCore.Server.IIS.Core.IISHttpServer[1]
      Connection ID "18230571309580943616" disconnecting.
info: Microsoft.AspNetCore.Mvc.Infrastructure.SystemTextJsonResultExecutor[1]
      Executing JsonResult, writing value of type 'System.Text.Json.JsonElement'.
info: Microsoft.AspNetCore.Mvc.Infrastructure.ControllerActionInvoker[105]
      Executed action ParcelManagement2.Controllers.HomeController.BuildResidentList (ParcelProject) in 24.5125ms
info: Microsoft.AspNetCore.Routing.EndpointMiddleware[1]
      Executed endpoint 'ParcelManagement2.Controllers.HomeController.BuildResidentList (ParcelProject)'
info: Microsoft.AspNetCore.Hosting.Diagnostics[2]
      Request finished HTTP/2 POST https://localhost:44353/Home/BuildResidentList - 200 - application/json;+charset=utf-8 148.3421ms
dbug: Microsoft.AspNetCore.Server.IIS.Core.IISHttpServer[1]
      Connection ID "18014398536057094282" disconnecting.
info: Microsoft.AspNetCore.Hosting.Diagnostics[1]
      Request starting HTTP/2 GET https://localhost:44353/Home/Index - - -
dbug: Microsoft.AspNetCore.StaticFiles.StaticFileMiddleware[4]
      The request path /Home/Index does not match a supported file type
dbug: Microsoft.AspNetCore.Routing.Matching.DfaMatcher[1001]
      1 candidate(s) found for the request path '/Home/Index'
dbug: Microsoft.AspNetCore.Routing.Matching.DfaMatcher[1005]
      Endpoint 'ParcelManagement2.Controllers.HomeController.Index (ParcelProject)' with route pattern '{controller=Account}/{action=Login}/{id?}' is valid for the request path '/Home/Index'
dbug: Microsoft.AspNetCore.Routing.EndpointRoutingMiddleware[1]
      Request matched endpoint 'ParcelManagement2.Controllers.HomeController.Index (ParcelProject)'
dbug: Microsoft.AspNetCore.Authentication.Cookies.CookieAuthenticationHandler[8]
      AuthenticationScheme: Cookies was successfully authenticated.
dbug: Microsoft.AspNetCore.Authorization.DefaultAuthorizationService[1]
      Authorization was successful.
info: Microsoft.AspNetCore.Routing.EndpointMiddleware[0]
      Executing endpoint 'ParcelManagement2.Controllers.HomeController.Index (ParcelProject)'
info: Microsoft.AspNetCore.Mvc.Infrastructure.ControllerActionInvoker[102]
      Route matched with {action = "Index", controller = "Home"}. Executing controller action with signature Microsoft.AspNetCore.Mvc.IActionResult Index() on controller ParcelManagement2.Controllers.HomeController (ParcelProject).
dbug: Microsoft.AspNetCore.Mvc.Infrastructure.ControllerActionInvoker[1]
      Execution plan of authorization filters (in the following order): None
dbug: Microsoft.AspNetCore.Mvc.Infrastructure.ControllerActionInvoker[1]
      Execution plan of resource filters (in the following order): Microsoft.AspNetCore.Mvc.ViewFeatures.Filters.SaveTempDataFilter
dbug: Microsoft.AspNetCore.Mvc.Infrastructure.ControllerActionInvoker[1]
      Execution plan of action filters (in the following order): Microsoft.AspNetCore.Mvc.Filters.ControllerActionFilter (Order: -2147483648), Microsoft.AspNetCore.Mvc.ModelBinding.UnsupportedContentTypeFilter (Order: -3000)
dbug: Microsoft.AspNetCore.Mvc.Infrastructure.ControllerActionInvoker[1]
      Execution plan of exception filters (in the following order): None
dbug: Microsoft.AspNetCore.Mvc.Infrastructure.ControllerActionInvoker[1]
      Execution plan of result filters (in the following order): Microsoft.AspNetCore.Mvc.ViewFeatures.Filters.SaveTempDataFilter
dbug: Microsoft.AspNetCore.Mvc.Infrastructure.ControllerActionInvoker[1]
      Executing controller factory for controller ParcelManagement2.Controllers.HomeController (ParcelProject)
dbug: ParcelManagement2.Models.DBConn[0]
      資料庫連線字串已設定
dbug: Microsoft.AspNetCore.Mvc.Infrastructure.ControllerActionInvoker[2]
      Executed controller factory for controller ParcelManagement2.Controllers.HomeController (ParcelProject)
dbug: Microsoft.AspNetCore.Mvc.Razor.RazorViewEngine[1]
      View lookup cache miss for view 'Index' in controller 'Home'.
info: Microsoft.AspNetCore.Mvc.ViewFeatures.ViewResultExecutor[1]
      Executing ViewResult, running view Index.
dbug: Microsoft.AspNetCore.Mvc.ViewFeatures.ViewResultExecutor[2]
      The view path '/Views/Home/Index.cshtml' was found in 4.0868ms.
dbug: Microsoft.AspNetCore.Antiforgery.DefaultAntiforgery[6]
      An antiforgery cookie token was reused.
dbug: Microsoft.WebTools.BrowserLink.Net.BrowserLinkMiddleware[1]
      Response markup is scheduled to include Browser Link script injection.
dbug: Microsoft.AspNetCore.Watch.BrowserRefresh.BrowserRefreshMiddleware[1]
      Response markup is scheduled to include browser refresh script injection.
info: Microsoft.AspNetCore.Mvc.ViewFeatures.ViewResultExecutor[4]
      Executed ViewResult - view Index executed in 13.2817ms.
info: Microsoft.AspNetCore.Mvc.Infrastructure.ControllerActionInvoker[105]
      Executed action ParcelManagement2.Controllers.HomeController.Index (ParcelProject) in 21.307ms
info: Microsoft.AspNetCore.Routing.EndpointMiddleware[1]
      Executed endpoint 'ParcelManagement2.Controllers.HomeController.Index (ParcelProject)'
dbug: Microsoft.WebTools.BrowserLink.Net.BrowserLinkMiddleware[2]
      Response markup was updated to include Browser Link script injection.
dbug: Microsoft.AspNetCore.Watch.BrowserRefresh.BrowserRefreshMiddleware[2]
      Response markup was updated to include browser refresh script injection.
dbug: Microsoft.AspNetCore.Server.IIS.Core.IISHttpServer[1]
      Connection ID "18158513749902753851" disconnecting.
info: Microsoft.AspNetCore.Hosting.Diagnostics[2]
      Request finished HTTP/2 GET https://localhost:44353/Home/Index - 200 - text/html;+charset=utf-8 58.8342ms
info: Microsoft.AspNetCore.Hosting.Diagnostics[1]
      Request starting HTTP/2 POST https://localhost:44353/Home/GetResidentPackageStats - - 0
dbug: Microsoft.AspNetCore.StaticFiles.StaticFileMiddleware[1]
      POST requests are not supported
dbug: Microsoft.AspNetCore.Routing.Matching.DfaMatcher[1001]
      1 candidate(s) found for the request path '/Home/GetResidentPackageStats'
dbug: Microsoft.AspNetCore.Routing.Matching.DfaMatcher[1005]
      Endpoint 'ParcelManagement2.Controllers.HomeController.GetResidentPackageStats (ParcelProject)' with route pattern '{controller=Account}/{action=Login}/{id?}' is valid for the request path '/Home/GetResidentPackageStats'
info: Microsoft.AspNetCore.Hosting.Diagnostics[1]
      Request starting HTTP/2 GET https://localhost:44353/_framework/aspnetcore-browser-refresh.js - - -
info: Microsoft.AspNetCore.Hosting.Diagnostics[1]
      Request starting HTTP/2 GET https://localhost:44353/_vs/browserLink - - -
dbug: Microsoft.AspNetCore.Watch.BrowserRefresh.BrowserScriptMiddleware[0]
      Script injected: /_framework/aspnetcore-browser-refresh.js
dbug: Microsoft.AspNetCore.Routing.EndpointRoutingMiddleware[1]
      Request matched endpoint 'ParcelManagement2.Controllers.HomeController.GetResidentPackageStats (ParcelProject)'
info: Microsoft.AspNetCore.Hosting.Diagnostics[2]
      Request finished HTTP/2 GET https://localhost:44353/_framework/aspnetcore-browser-refresh.js - 200 16511 application/javascript;+charset=utf-8 9.7335ms
dbug: Microsoft.AspNetCore.Server.IIS.Core.IISHttpServer[1]
      Connection ID "18374686557786341515" disconnecting.
dbug: Microsoft.AspNetCore.Authentication.Cookies.CookieAuthenticationHandler[8]
      AuthenticationScheme: Cookies was successfully authenticated.
dbug: Microsoft.AspNetCore.Authorization.DefaultAuthorizationService[1]
      Authorization was successful.
info: Microsoft.AspNetCore.Routing.EndpointMiddleware[0]
      Executing endpoint 'ParcelManagement2.Controllers.HomeController.GetResidentPackageStats (ParcelProject)'
info: Microsoft.AspNetCore.Mvc.Infrastructure.ControllerActionInvoker[102]
      Route matched with {action = "GetResidentPackageStats", controller = "Home"}. Executing controller action with signature Microsoft.AspNetCore.Mvc.IActionResult GetResidentPackageStats() on controller ParcelManagement2.Controllers.HomeController (ParcelProject).
dbug: Microsoft.AspNetCore.Mvc.Infrastructure.ControllerActionInvoker[1]
      Execution plan of authorization filters (in the following order): None
dbug: Microsoft.AspNetCore.Mvc.Infrastructure.ControllerActionInvoker[1]
      Execution plan of resource filters (in the following order): Microsoft.AspNetCore.Mvc.ViewFeatures.Filters.SaveTempDataFilter
dbug: Microsoft.AspNetCore.Mvc.Infrastructure.ControllerActionInvoker[1]
      Execution plan of action filters (in the following order): Microsoft.AspNetCore.Mvc.Filters.ControllerActionFilter (Order: -2147483648), Microsoft.AspNetCore.Mvc.ModelBinding.UnsupportedContentTypeFilter (Order: -3000)
dbug: Microsoft.AspNetCore.Server.IIS.Core.IISHttpServer[1]
      Connection ID "18230571369710485514" disconnecting.
info: Microsoft.AspNetCore.Hosting.Diagnostics[2]
      Request finished HTTP/2 GET https://localhost:44353/_vs/browserLink - 200 - text/javascript;+charset=UTF-8 37.3872ms
dbug: Microsoft.AspNetCore.Mvc.Infrastructure.ControllerActionInvoker[1]
      Execution plan of exception filters (in the following order): None
dbug: Microsoft.AspNetCore.Mvc.Infrastructure.ControllerActionInvoker[1]
      Execution plan of result filters (in the following order): Microsoft.AspNetCore.Mvc.ViewFeatures.Filters.SaveTempDataFilter
dbug: Microsoft.AspNetCore.Mvc.Infrastructure.ControllerActionInvoker[1]
      Executing controller factory for controller ParcelManagement2.Controllers.HomeController (ParcelProject)
dbug: ParcelManagement2.Models.DBConn[0]
      資料庫連線字串已設定
dbug: Microsoft.AspNetCore.Mvc.Infrastructure.ControllerActionInvoker[2]
      Executed controller factory for controller ParcelManagement2.Controllers.HomeController (ParcelProject)
dbug: ParcelManagement2.Models.DBConn[0]
      查詢成功，返回 29 行數據
info: Microsoft.AspNetCore.Mvc.Infrastructure.ContentResultExecutor[1]
      Executing ContentResult with HTTP Response ContentType of application/json
info: Microsoft.AspNetCore.Mvc.Infrastructure.ControllerActionInvoker[105]
      Executed action ParcelManagement2.Controllers.HomeController.GetResidentPackageStats (ParcelProject) in 34.1698ms
info: Microsoft.AspNetCore.Routing.EndpointMiddleware[1]
      Executed endpoint 'ParcelManagement2.Controllers.HomeController.GetResidentPackageStats (ParcelProject)'
info: Microsoft.AspNetCore.Hosting.Diagnostics[2]
      Request finished HTTP/2 POST https://localhost:44353/Home/GetResidentPackageStats - 200 2889 application/json 95.9469ms
dbug: Microsoft.AspNetCore.Server.IIS.Core.IISHttpServer[1]
      Connection ID "18086456104325218711" disconnecting.
info: Microsoft.AspNetCore.Hosting.Diagnostics[1]
      Request starting HTTP/2 GET https://localhost:44353/Home/Packages - - -
dbug: Microsoft.AspNetCore.StaticFiles.StaticFileMiddleware[4]
      The request path /Home/Packages does not match a supported file type
dbug: Microsoft.AspNetCore.Routing.Matching.DfaMatcher[1001]
      1 candidate(s) found for the request path '/Home/Packages'
dbug: Microsoft.AspNetCore.Routing.Matching.DfaMatcher[1005]
      Endpoint 'ParcelManagement2.Controllers.HomeController.Packages (ParcelProject)' with route pattern '{controller=Account}/{action=Login}/{id?}' is valid for the request path '/Home/Packages'
dbug: Microsoft.AspNetCore.Routing.EndpointRoutingMiddleware[1]
      Request matched endpoint 'ParcelManagement2.Controllers.HomeController.Packages (ParcelProject)'
dbug: Microsoft.AspNetCore.Authentication.Cookies.CookieAuthenticationHandler[8]
      AuthenticationScheme: Cookies was successfully authenticated.
dbug: Microsoft.AspNetCore.Authorization.DefaultAuthorizationService[1]
      Authorization was successful.
info: Microsoft.AspNetCore.Routing.EndpointMiddleware[0]
      Executing endpoint 'ParcelManagement2.Controllers.HomeController.Packages (ParcelProject)'
info: Microsoft.AspNetCore.Mvc.Infrastructure.ControllerActionInvoker[102]
      Route matched with {action = "Packages", controller = "Home"}. Executing controller action with signature Microsoft.AspNetCore.Mvc.IActionResult Packages() on controller ParcelManagement2.Controllers.HomeController (ParcelProject).
dbug: Microsoft.AspNetCore.Mvc.Infrastructure.ControllerActionInvoker[1]
      Execution plan of authorization filters (in the following order): None
dbug: Microsoft.AspNetCore.Mvc.Infrastructure.ControllerActionInvoker[1]
      Execution plan of resource filters (in the following order): Microsoft.AspNetCore.Mvc.ViewFeatures.Filters.SaveTempDataFilter
dbug: Microsoft.AspNetCore.Mvc.Infrastructure.ControllerActionInvoker[1]
      Execution plan of action filters (in the following order): Microsoft.AspNetCore.Mvc.Filters.ControllerActionFilter (Order: -2147483648), Microsoft.AspNetCore.Mvc.ModelBinding.UnsupportedContentTypeFilter (Order: -3000)
dbug: Microsoft.AspNetCore.Mvc.Infrastructure.ControllerActionInvoker[1]
      Execution plan of exception filters (in the following order): None
dbug: Microsoft.AspNetCore.Mvc.Infrastructure.ControllerActionInvoker[1]
      Execution plan of result filters (in the following order): Microsoft.AspNetCore.Mvc.ViewFeatures.Filters.SaveTempDataFilter
dbug: Microsoft.AspNetCore.Mvc.Infrastructure.ControllerActionInvoker[1]
      Executing controller factory for controller ParcelManagement2.Controllers.HomeController (ParcelProject)
dbug: ParcelManagement2.Models.DBConn[0]
      資料庫連線字串已設定
dbug: Microsoft.AspNetCore.Mvc.Infrastructure.ControllerActionInvoker[2]
      Executed controller factory for controller ParcelManagement2.Controllers.HomeController (ParcelProject)
dbug: Microsoft.AspNetCore.Mvc.Razor.RazorViewEngine[2]
      View lookup cache hit for view 'Packages' in controller 'Home'.
info: Microsoft.AspNetCore.Mvc.ViewFeatures.ViewResultExecutor[1]
      Executing ViewResult, running view Packages.
dbug: Microsoft.AspNetCore.Mvc.ViewFeatures.ViewResultExecutor[2]
      The view path '/Views/Home/Packages.cshtml' was found in 3.214ms.
dbug: Microsoft.AspNetCore.Antiforgery.DefaultAntiforgery[6]
      An antiforgery cookie token was reused.
dbug: Microsoft.WebTools.BrowserLink.Net.BrowserLinkMiddleware[1]
      Response markup is scheduled to include Browser Link script injection.
dbug: Microsoft.AspNetCore.Watch.BrowserRefresh.BrowserRefreshMiddleware[1]
      Response markup is scheduled to include browser refresh script injection.
info: Microsoft.AspNetCore.Mvc.ViewFeatures.ViewResultExecutor[4]
      Executed ViewResult - view Packages executed in 11.2823ms.
info: Microsoft.AspNetCore.Mvc.Infrastructure.ControllerActionInvoker[105]
      Executed action ParcelManagement2.Controllers.HomeController.Packages (ParcelProject) in 18.3094ms
info: Microsoft.AspNetCore.Routing.EndpointMiddleware[1]
      Executed endpoint 'ParcelManagement2.Controllers.HomeController.Packages (ParcelProject)'
dbug: Microsoft.WebTools.BrowserLink.Net.BrowserLinkMiddleware[2]
      Response markup was updated to include Browser Link script injection.
dbug: Microsoft.AspNetCore.Watch.BrowserRefresh.BrowserRefreshMiddleware[2]
      Response markup was updated to include browser refresh script injection.
dbug: Microsoft.AspNetCore.Server.IIS.Core.IISHttpServer[1]
      Connection ID "18014398536057094284" disconnecting.
info: Microsoft.AspNetCore.Hosting.Diagnostics[2]
      Request finished HTTP/2 GET https://localhost:44353/Home/Packages - 200 - text/html;+charset=utf-8 68.0708ms
info: Microsoft.AspNetCore.Hosting.Diagnostics[1]
      Request starting HTTP/2 POST https://localhost:44353/Home/GetAllProduct - - 0
info: Microsoft.AspNetCore.Hosting.Diagnostics[1]
      Request starting HTTP/2 POST https://localhost:44353/Home/BuildResidentList - - 0
info: Microsoft.AspNetCore.Hosting.Diagnostics[1]
      Request starting HTTP/2 POST https://localhost:44353/Home/BuildProdTypeList - - 0
dbug: Microsoft.AspNetCore.StaticFiles.StaticFileMiddleware[1]
      POST requests are not supported
info: Microsoft.AspNetCore.Hosting.Diagnostics[1]
      Request starting HTTP/2 POST https://localhost:44353/Home/GetAllProduct - - 0
dbug: Microsoft.AspNetCore.StaticFiles.StaticFileMiddleware[1]
      POST requests are not supported
info: Microsoft.AspNetCore.Hosting.Diagnostics[1]
      Request starting HTTP/2 GET https://localhost:44353/_vs/browserLink - - -
dbug: Microsoft.AspNetCore.StaticFiles.StaticFileMiddleware[1]
      POST requests are not supported
dbug: Microsoft.AspNetCore.Routing.Matching.DfaMatcher[1001]
      1 candidate(s) found for the request path '/Home/BuildProdTypeList'
info: Microsoft.AspNetCore.Hosting.Diagnostics[1]
      Request starting HTTP/2 GET https://localhost:44353/_framework/aspnetcore-browser-refresh.js - - -
dbug: Microsoft.AspNetCore.Watch.BrowserRefresh.BrowserScriptMiddleware[0]
      Script injected: /_framework/aspnetcore-browser-refresh.js
dbug: Microsoft.AspNetCore.Routing.Matching.DfaMatcher[1005]
      Endpoint 'ParcelManagement2.Controllers.HomeController.BuildProdTypeList (ParcelProject)' with route pattern '{controller=Account}/{action=Login}/{id?}' is valid for the request path '/Home/BuildProdTypeList'
info: Microsoft.AspNetCore.Hosting.Diagnostics[2]
      Request finished HTTP/2 GET https://localhost:44353/_framework/aspnetcore-browser-refresh.js - 200 16511 application/javascript;+charset=utf-8 17.1621ms
dbug: Microsoft.AspNetCore.Server.IIS.Core.IISHttpServer[1]
      Connection ID "18302628903618871749" disconnecting.
dbug: Microsoft.AspNetCore.Routing.EndpointRoutingMiddleware[1]
      Request matched endpoint 'ParcelManagement2.Controllers.HomeController.BuildProdTypeList (ParcelProject)'
dbug: Microsoft.AspNetCore.Authentication.Cookies.CookieAuthenticationHandler[8]
      AuthenticationScheme: Cookies was successfully authenticated.
dbug: Microsoft.AspNetCore.Routing.Matching.DfaMatcher[1001]
      1 candidate(s) found for the request path '/Home/BuildResidentList'
dbug: Microsoft.AspNetCore.Authorization.DefaultAuthorizationService[1]
      Authorization was successful.
dbug: Microsoft.AspNetCore.Routing.Matching.DfaMatcher[1005]
      Endpoint 'ParcelManagement2.Controllers.HomeController.BuildResidentList (ParcelProject)' with route pattern '{controller=Account}/{action=Login}/{id?}' is valid for the request path '/Home/BuildResidentList'
info: Microsoft.AspNetCore.Routing.EndpointMiddleware[0]
      Executing endpoint 'ParcelManagement2.Controllers.HomeController.BuildProdTypeList (ParcelProject)'
dbug: Microsoft.AspNetCore.Routing.EndpointRoutingMiddleware[1]
      Request matched endpoint 'ParcelManagement2.Controllers.HomeController.BuildResidentList (ParcelProject)'
info: Microsoft.AspNetCore.Mvc.Infrastructure.ControllerActionInvoker[102]
      Route matched with {action = "BuildProdTypeList", controller = "Home"}. Executing controller action with signature System.Threading.Tasks.Task`1[Microsoft.AspNetCore.Mvc.JsonResult] BuildProdTypeList() on controller ParcelManagement2.Controllers.HomeController (ParcelProject).
dbug: Microsoft.AspNetCore.Authentication.Cookies.CookieAuthenticationHandler[8]
      AuthenticationScheme: Cookies was successfully authenticated.
dbug: Microsoft.AspNetCore.Mvc.Infrastructure.ControllerActionInvoker[1]
      Execution plan of authorization filters (in the following order): None
dbug: Microsoft.AspNetCore.Authorization.DefaultAuthorizationService[1]
      Authorization was successful.
dbug: Microsoft.AspNetCore.Server.IIS.Core.IISHttpServer[1]
      Connection ID "18374686497656799411" disconnecting.
dbug: Microsoft.AspNetCore.Mvc.Infrastructure.ControllerActionInvoker[1]
      Execution plan of resource filters (in the following order): Microsoft.AspNetCore.Mvc.ViewFeatures.Filters.SaveTempDataFilter
info: Microsoft.AspNetCore.Hosting.Diagnostics[2]
      Request finished HTTP/2 GET https://localhost:44353/_vs/browserLink - 200 - text/javascript;+charset=UTF-8 77.5846ms
info: Microsoft.AspNetCore.Routing.EndpointMiddleware[0]
      Executing endpoint 'ParcelManagement2.Controllers.HomeController.BuildResidentList (ParcelProject)'
dbug: Microsoft.AspNetCore.Mvc.Infrastructure.ControllerActionInvoker[1]
      Execution plan of action filters (in the following order): Microsoft.AspNetCore.Mvc.Filters.ControllerActionFilter (Order: -2147483648), Microsoft.AspNetCore.Mvc.ModelBinding.UnsupportedContentTypeFilter (Order: -3000)
info: Microsoft.AspNetCore.Mvc.Infrastructure.ControllerActionInvoker[102]
      Route matched with {action = "BuildResidentList", controller = "Home"}. Executing controller action with signature System.Threading.Tasks.Task`1[Microsoft.AspNetCore.Mvc.JsonResult] BuildResidentList() on controller ParcelManagement2.Controllers.HomeController (ParcelProject).
dbug: Microsoft.AspNetCore.Mvc.Infrastructure.ControllerActionInvoker[1]
      Execution plan of exception filters (in the following order): None
dbug: Microsoft.AspNetCore.Mvc.Infrastructure.ControllerActionInvoker[1]
      Execution plan of authorization filters (in the following order): None
dbug: Microsoft.AspNetCore.Mvc.Infrastructure.ControllerActionInvoker[1]
      Execution plan of result filters (in the following order): Microsoft.AspNetCore.Mvc.ViewFeatures.Filters.SaveTempDataFilter
dbug: Microsoft.AspNetCore.Mvc.Infrastructure.ControllerActionInvoker[1]
      Execution plan of resource filters (in the following order): Microsoft.AspNetCore.Mvc.ViewFeatures.Filters.SaveTempDataFilter
dbug: Microsoft.AspNetCore.Mvc.Infrastructure.ControllerActionInvoker[1]
      Executing controller factory for controller ParcelManagement2.Controllers.HomeController (ParcelProject)
dbug: Microsoft.AspNetCore.Mvc.Infrastructure.ControllerActionInvoker[1]
      Execution plan of action filters (in the following order): Microsoft.AspNetCore.Mvc.Filters.ControllerActionFilter (Order: -2147483648), Microsoft.AspNetCore.Mvc.ModelBinding.UnsupportedContentTypeFilter (Order: -3000)
dbug: ParcelManagement2.Models.DBConn[0]
      資料庫連線字串已設定
dbug: Microsoft.AspNetCore.Mvc.Infrastructure.ControllerActionInvoker[1]
      Execution plan of exception filters (in the following order): None
dbug: Microsoft.AspNetCore.Mvc.Infrastructure.ControllerActionInvoker[2]
      Executed controller factory for controller ParcelManagement2.Controllers.HomeController (ParcelProject)
dbug: Microsoft.AspNetCore.Mvc.Infrastructure.ControllerActionInvoker[1]
      Execution plan of result filters (in the following order): Microsoft.AspNetCore.Mvc.ViewFeatures.Filters.SaveTempDataFilter
dbug: Microsoft.AspNetCore.Mvc.Infrastructure.ControllerActionInvoker[1]
      Executing controller factory for controller ParcelManagement2.Controllers.HomeController (ParcelProject)
dbug: Microsoft.AspNetCore.StaticFiles.StaticFileMiddleware[1]
      POST requests are not supported
dbug: ParcelManagement2.Models.DBConn[0]
      資料庫連線字串已設定
dbug: Microsoft.AspNetCore.Routing.Matching.DfaMatcher[1001]
      1 candidate(s) found for the request path '/Home/GetAllProduct'
dbug: Microsoft.AspNetCore.Mvc.Infrastructure.ControllerActionInvoker[2]
      Executed controller factory for controller ParcelManagement2.Controllers.HomeController (ParcelProject)
dbug: Microsoft.AspNetCore.Routing.Matching.DfaMatcher[1005]
      Endpoint 'ParcelManagement2.Controllers.HomeController.GetAllProduct (ParcelProject)' with route pattern '{controller=Account}/{action=Login}/{id?}' is valid for the request path '/Home/GetAllProduct'
dbug: Microsoft.AspNetCore.Routing.EndpointRoutingMiddleware[1]
      Request matched endpoint 'ParcelManagement2.Controllers.HomeController.GetAllProduct (ParcelProject)'
dbug: ParcelManagement2.Models.DBConn[0]
      查詢成功，返回 2 行數據
dbug: Microsoft.AspNetCore.Routing.Matching.DfaMatcher[1001]
      1 candidate(s) found for the request path '/Home/GetAllProduct'
info: Microsoft.AspNetCore.Mvc.Infrastructure.SystemTextJsonResultExecutor[1]
      Executing JsonResult, writing value of type 'System.Text.Json.JsonElement'.
dbug: Microsoft.AspNetCore.Authentication.Cookies.CookieAuthenticationHandler[8]
      AuthenticationScheme: Cookies was successfully authenticated.
dbug: Microsoft.AspNetCore.Authorization.DefaultAuthorizationService[1]
      Authorization was successful.
info: Microsoft.AspNetCore.Mvc.Infrastructure.ControllerActionInvoker[105]
      Executed action ParcelManagement2.Controllers.HomeController.BuildProdTypeList (ParcelProject) in 36.9652ms
dbug: Microsoft.AspNetCore.Routing.Matching.DfaMatcher[1005]
      Endpoint 'ParcelManagement2.Controllers.HomeController.GetAllProduct (ParcelProject)' with route pattern '{controller=Account}/{action=Login}/{id?}' is valid for the request path '/Home/GetAllProduct'
info: Microsoft.AspNetCore.Routing.EndpointMiddleware[1]
      Executed endpoint 'ParcelManagement2.Controllers.HomeController.BuildProdTypeList (ParcelProject)'
info: Microsoft.AspNetCore.Routing.EndpointMiddleware[0]
      Executing endpoint 'ParcelManagement2.Controllers.HomeController.GetAllProduct (ParcelProject)'
dbug: ParcelManagement2.Models.DBConn[0]
      查詢成功，返回 29 行數據
info: Microsoft.AspNetCore.Hosting.Diagnostics[2]
      Request finished HTTP/2 POST https://localhost:44353/Home/BuildProdTypeList - 200 - application/json;+charset=utf-8 164.2263ms
dbug: Microsoft.AspNetCore.Server.IIS.Core.IISHttpServer[1]
      Connection ID "18230571309580943618" disconnecting.
info: Microsoft.AspNetCore.Mvc.Infrastructure.SystemTextJsonResultExecutor[1]
      Executing JsonResult, writing value of type 'System.Text.Json.JsonElement'.
info: Microsoft.AspNetCore.Mvc.Infrastructure.ControllerActionInvoker[102]
      Route matched with {action = "GetAllProduct", controller = "Home"}. Executing controller action with signature System.Threading.Tasks.Task`1[Microsoft.AspNetCore.Mvc.JsonResult] GetAllProduct() on controller ParcelManagement2.Controllers.HomeController (ParcelProject).
info: Microsoft.AspNetCore.Mvc.Infrastructure.ControllerActionInvoker[105]
      Executed action ParcelManagement2.Controllers.HomeController.BuildResidentList (ParcelProject) in 41.0108ms
dbug: Microsoft.AspNetCore.Routing.EndpointRoutingMiddleware[1]
      Request matched endpoint 'ParcelManagement2.Controllers.HomeController.GetAllProduct (ParcelProject)'
info: Microsoft.AspNetCore.Routing.EndpointMiddleware[1]
      Executed endpoint 'ParcelManagement2.Controllers.HomeController.BuildResidentList (ParcelProject)'
dbug: Microsoft.AspNetCore.Mvc.Infrastructure.ControllerActionInvoker[1]
      Execution plan of authorization filters (in the following order): None
info: Microsoft.AspNetCore.Hosting.Diagnostics[2]
      Request finished HTTP/2 POST https://localhost:44353/Home/BuildResidentList - 200 - application/json;+charset=utf-8 182.3336ms
dbug: Microsoft.AspNetCore.Server.IIS.Core.IISHttpServer[1]
      Connection ID "18086456104325218713" disconnecting.
dbug: Microsoft.AspNetCore.Mvc.Infrastructure.ControllerActionInvoker[1]
      Execution plan of resource filters (in the following order): Microsoft.AspNetCore.Mvc.ViewFeatures.Filters.SaveTempDataFilter
dbug: Microsoft.AspNetCore.Mvc.Infrastructure.ControllerActionInvoker[1]
      Execution plan of action filters (in the following order): Microsoft.AspNetCore.Mvc.Filters.ControllerActionFilter (Order: -2147483648), Microsoft.AspNetCore.Mvc.ModelBinding.UnsupportedContentTypeFilter (Order: -3000)
dbug: Microsoft.AspNetCore.Authentication.Cookies.CookieAuthenticationHandler[8]
      AuthenticationScheme: Cookies was successfully authenticated.
dbug: Microsoft.AspNetCore.Mvc.Infrastructure.ControllerActionInvoker[1]
      Execution plan of exception filters (in the following order): None
dbug: Microsoft.AspNetCore.Authorization.DefaultAuthorizationService[1]
      Authorization was successful.
dbug: Microsoft.AspNetCore.Mvc.Infrastructure.ControllerActionInvoker[1]
      Execution plan of result filters (in the following order): Microsoft.AspNetCore.Mvc.ViewFeatures.Filters.SaveTempDataFilter
info: Microsoft.AspNetCore.Routing.EndpointMiddleware[0]
      Executing endpoint 'ParcelManagement2.Controllers.HomeController.GetAllProduct (ParcelProject)'
dbug: Microsoft.AspNetCore.Mvc.Infrastructure.ControllerActionInvoker[1]
      Executing controller factory for controller ParcelManagement2.Controllers.HomeController (ParcelProject)
info: Microsoft.AspNetCore.Mvc.Infrastructure.ControllerActionInvoker[102]
      Route matched with {action = "GetAllProduct", controller = "Home"}. Executing controller action with signature System.Threading.Tasks.Task`1[Microsoft.AspNetCore.Mvc.JsonResult] GetAllProduct() on controller ParcelManagement2.Controllers.HomeController (ParcelProject).
dbug: ParcelManagement2.Models.DBConn[0]
      資料庫連線字串已設定
dbug: Microsoft.AspNetCore.Mvc.Infrastructure.ControllerActionInvoker[1]
      Execution plan of authorization filters (in the following order): None
dbug: Microsoft.AspNetCore.Mvc.Infrastructure.ControllerActionInvoker[2]
      Executed controller factory for controller ParcelManagement2.Controllers.HomeController (ParcelProject)
dbug: Microsoft.AspNetCore.Mvc.Infrastructure.ControllerActionInvoker[1]
      Execution plan of resource filters (in the following order): Microsoft.AspNetCore.Mvc.ViewFeatures.Filters.SaveTempDataFilter
dbug: Microsoft.AspNetCore.Mvc.Infrastructure.ControllerActionInvoker[1]
      Execution plan of action filters (in the following order): Microsoft.AspNetCore.Mvc.Filters.ControllerActionFilter (Order: -2147483648), Microsoft.AspNetCore.Mvc.ModelBinding.UnsupportedContentTypeFilter (Order: -3000)
dbug: Microsoft.AspNetCore.Mvc.Infrastructure.ControllerActionInvoker[1]
      Execution plan of exception filters (in the following order): None
dbug: Microsoft.AspNetCore.Mvc.Infrastructure.ControllerActionInvoker[1]
      Execution plan of result filters (in the following order): Microsoft.AspNetCore.Mvc.ViewFeatures.Filters.SaveTempDataFilter
dbug: Microsoft.AspNetCore.Mvc.Infrastructure.ControllerActionInvoker[1]
      Executing controller factory for controller ParcelManagement2.Controllers.HomeController (ParcelProject)
dbug: ParcelManagement2.Models.DBConn[0]
      資料庫連線字串已設定
dbug: Microsoft.AspNetCore.Mvc.Infrastructure.ControllerActionInvoker[2]
      Executed controller factory for controller ParcelManagement2.Controllers.HomeController (ParcelProject)
dbug: ParcelManagement2.Models.DBConn[0]
      查詢成功，返回 173 行數據
info: Microsoft.AspNetCore.Mvc.Infrastructure.SystemTextJsonResultExecutor[1]
      Executing JsonResult, writing value of type 'System.Text.Json.JsonElement'.
info: Microsoft.AspNetCore.Mvc.Infrastructure.ControllerActionInvoker[105]
      Executed action ParcelManagement2.Controllers.HomeController.GetAllProduct (ParcelProject) in 35.2145ms
info: Microsoft.AspNetCore.Routing.EndpointMiddleware[1]
      Executed endpoint 'ParcelManagement2.Controllers.HomeController.GetAllProduct (ParcelProject)'
info: Microsoft.AspNetCore.Hosting.Diagnostics[2]
      Request finished HTTP/2 POST https://localhost:44353/Home/GetAllProduct - 200 - application/json;+charset=utf-8 244.3115ms
dbug: ParcelManagement2.Models.DBConn[0]
      查詢成功，返回 173 行數據
dbug: Microsoft.AspNetCore.Server.IIS.Core.IISHttpServer[1]
      Connection ID "18014398536057094286" disconnecting.
info: Microsoft.AspNetCore.Mvc.Infrastructure.SystemTextJsonResultExecutor[1]
      Executing JsonResult, writing value of type 'System.Text.Json.JsonElement'.
info: Microsoft.AspNetCore.Mvc.Infrastructure.ControllerActionInvoker[105]
      Executed action ParcelManagement2.Controllers.HomeController.GetAllProduct (ParcelProject) in 40.7059ms
info: Microsoft.AspNetCore.Routing.EndpointMiddleware[1]
      Executed endpoint 'ParcelManagement2.Controllers.HomeController.GetAllProduct (ParcelProject)'
info: Microsoft.AspNetCore.Hosting.Diagnostics[2]
      Request finished HTTP/2 POST https://localhost:44353/Home/GetAllProduct - 200 - application/json;+charset=utf-8 272.3110ms
dbug: Microsoft.AspNetCore.Server.IIS.Core.IISHttpServer[1]
      Connection ID "18086456121505087521" disconnecting.
dbug: Microsoft.Extensions.Http.DefaultHttpClientFactory[100]
      Starting HttpMessageHandler cleanup cycle with 2 items
dbug: Microsoft.Extensions.Http.DefaultHttpClientFactory[101]
      Ending HttpMessageHandler cleanup cycle after 0.0022ms - processed: 0 items - remaining: 2 items
dbug: Microsoft.Extensions.Http.DefaultHttpClientFactory[100]
      Starting HttpMessageHandler cleanup cycle with 2 items
dbug: Microsoft.Extensions.Http.DefaultHttpClientFactory[101]
      Ending HttpMessageHandler cleanup cycle after 0.0026ms - processed: 0 items - remaining: 2 items
dbug: Microsoft.Extensions.Http.DefaultHttpClientFactory[100]
      Starting HttpMessageHandler cleanup cycle with 2 items
dbug: Microsoft.Extensions.Http.DefaultHttpClientFactory[101]
      Ending HttpMessageHandler cleanup cycle after 0.0019ms - processed: 0 items - remaining: 2 items
dbug: Microsoft.Extensions.Http.DefaultHttpClientFactory[100]
      Starting HttpMessageHandler cleanup cycle with 2 items
dbug: Microsoft.Extensions.Http.DefaultHttpClientFactory[101]
      Ending HttpMessageHandler cleanup cycle after 0.0021ms - processed: 0 items - remaining: 2 items
info: Microsoft.AspNetCore.Hosting.Diagnostics[1]
      Request starting HTTP/2 GET https://localhost:44353/Home/Packages - - -
dbug: Microsoft.AspNetCore.StaticFiles.StaticFileMiddleware[4]
      The request path /Home/Packages does not match a supported file type
dbug: Microsoft.AspNetCore.Routing.Matching.DfaMatcher[1001]
      1 candidate(s) found for the request path '/Home/Packages'
dbug: Microsoft.AspNetCore.Routing.Matching.DfaMatcher[1005]
      Endpoint 'ParcelManagement2.Controllers.HomeController.Packages (ParcelProject)' with route pattern '{controller=Account}/{action=Login}/{id?}' is valid for the request path '/Home/Packages'
dbug: Microsoft.AspNetCore.Routing.EndpointRoutingMiddleware[1]
      Request matched endpoint 'ParcelManagement2.Controllers.HomeController.Packages (ParcelProject)'
dbug: Microsoft.AspNetCore.Authentication.Cookies.CookieAuthenticationHandler[8]
      AuthenticationScheme: Cookies was successfully authenticated.
dbug: Microsoft.AspNetCore.Authorization.DefaultAuthorizationService[1]
      Authorization was successful.
info: Microsoft.AspNetCore.Routing.EndpointMiddleware[0]
      Executing endpoint 'ParcelManagement2.Controllers.HomeController.Packages (ParcelProject)'
info: Microsoft.AspNetCore.Mvc.Infrastructure.ControllerActionInvoker[102]
      Route matched with {action = "Packages", controller = "Home"}. Executing controller action with signature Microsoft.AspNetCore.Mvc.IActionResult Packages() on controller ParcelManagement2.Controllers.HomeController (ParcelProject).
dbug: Microsoft.AspNetCore.Mvc.Infrastructure.ControllerActionInvoker[1]
      Execution plan of authorization filters (in the following order): None
dbug: Microsoft.AspNetCore.Mvc.Infrastructure.ControllerActionInvoker[1]
      Execution plan of resource filters (in the following order): Microsoft.AspNetCore.Mvc.ViewFeatures.Filters.SaveTempDataFilter
dbug: Microsoft.AspNetCore.Mvc.Infrastructure.ControllerActionInvoker[1]
      Execution plan of action filters (in the following order): Microsoft.AspNetCore.Mvc.Filters.ControllerActionFilter (Order: -2147483648), Microsoft.AspNetCore.Mvc.ModelBinding.UnsupportedContentTypeFilter (Order: -3000)
dbug: Microsoft.AspNetCore.Mvc.Infrastructure.ControllerActionInvoker[1]
      Execution plan of exception filters (in the following order): None
dbug: Microsoft.AspNetCore.Mvc.Infrastructure.ControllerActionInvoker[1]
      Execution plan of result filters (in the following order): Microsoft.AspNetCore.Mvc.ViewFeatures.Filters.SaveTempDataFilter
dbug: Microsoft.AspNetCore.Mvc.Infrastructure.ControllerActionInvoker[1]
      Executing controller factory for controller ParcelManagement2.Controllers.HomeController (ParcelProject)
dbug: ParcelManagement2.Models.DBConn[0]
      資料庫連線字串已設定
dbug: Microsoft.AspNetCore.Mvc.Infrastructure.ControllerActionInvoker[2]
      Executed controller factory for controller ParcelManagement2.Controllers.HomeController (ParcelProject)
dbug: Microsoft.AspNetCore.Mvc.Razor.RazorViewEngine[1]
      View lookup cache miss for view 'Packages' in controller 'Home'.
dbug: Microsoft.AspNetCore.Mvc.Razor.Compilation.DefaultViewCompiler[3]
      Initializing Razor view compiler with compiled view: '/Views/Account/AccessDenied.cshtml'.
dbug: Microsoft.AspNetCore.Mvc.Razor.Compilation.DefaultViewCompiler[3]
      Initializing Razor view compiler with compiled view: '/Views/Account/Login.cshtml'.
dbug: Microsoft.AspNetCore.Mvc.Razor.Compilation.DefaultViewCompiler[3]
      Initializing Razor view compiler with compiled view: '/Views/Home/Index.cshtml'.
dbug: Microsoft.AspNetCore.Mvc.Razor.Compilation.DefaultViewCompiler[3]
      Initializing Razor view compiler with compiled view: '/Views/Home/Index_back.cshtml'.
dbug: Microsoft.AspNetCore.Mvc.Razor.Compilation.DefaultViewCompiler[3]
      Initializing Razor view compiler with compiled view: '/Views/Home/Packages.cshtml'.
dbug: Microsoft.AspNetCore.Mvc.Razor.Compilation.DefaultViewCompiler[3]
      Initializing Razor view compiler with compiled view: '/Views/Home/Privacy.cshtml'.
dbug: Microsoft.AspNetCore.Mvc.Razor.Compilation.DefaultViewCompiler[3]
      Initializing Razor view compiler with compiled view: '/Views/Resident/Edit.cshtml'.
dbug: Microsoft.AspNetCore.Mvc.Razor.Compilation.DefaultViewCompiler[3]
      Initializing Razor view compiler with compiled view: '/Views/Resident/Home.cshtml'.
dbug: Microsoft.AspNetCore.Mvc.Razor.Compilation.DefaultViewCompiler[3]
      Initializing Razor view compiler with compiled view: '/Views/Resident/MyPackages.cshtml'.
dbug: Microsoft.AspNetCore.Mvc.Razor.Compilation.DefaultViewCompiler[3]
      Initializing Razor view compiler with compiled view: '/Views/Resident/PackagePhoto.cshtml'.
dbug: Microsoft.AspNetCore.Mvc.Razor.Compilation.DefaultViewCompiler[3]
      Initializing Razor view compiler with compiled view: '/Views/Shared/Error.cshtml'.
dbug: Microsoft.AspNetCore.Mvc.Razor.Compilation.DefaultViewCompiler[3]
      Initializing Razor view compiler with compiled view: '/Views/Shared/_AdminLayout.cshtml'.
dbug: Microsoft.AspNetCore.Mvc.Razor.Compilation.DefaultViewCompiler[3]
      Initializing Razor view compiler with compiled view: '/Views/Shared/_Layout.cshtml'.
dbug: Microsoft.AspNetCore.Mvc.Razor.Compilation.DefaultViewCompiler[3]
      Initializing Razor view compiler with compiled view: '/Views/Shared/_ResidentLayout.cshtml'.
dbug: Microsoft.AspNetCore.Mvc.Razor.Compilation.DefaultViewCompiler[3]
      Initializing Razor view compiler with compiled view: '/Views/Shared/_ValidationScriptsPartial.cshtml'.
dbug: Microsoft.AspNetCore.Mvc.Razor.Compilation.DefaultViewCompiler[3]
      Initializing Razor view compiler with compiled view: '/Views/_ViewImports.cshtml'.
dbug: Microsoft.AspNetCore.Mvc.Razor.Compilation.DefaultViewCompiler[3]
      Initializing Razor view compiler with compiled view: '/Views/_ViewStart.cshtml'.
dbug: Microsoft.AspNetCore.Mvc.Razor.Compilation.DefaultViewCompiler[3]
      Initializing Razor view compiler with compiled view: '/Views/Shared/_Layout_back.cshtml'.
info: Microsoft.AspNetCore.Mvc.ViewFeatures.ViewResultExecutor[1]
      Executing ViewResult, running view Packages.
dbug: Microsoft.AspNetCore.Mvc.ViewFeatures.ViewResultExecutor[2]
      The view path '/Views/Home/Packages.cshtml' was found in 21.1416ms.
dbug: Microsoft.AspNetCore.Antiforgery.DefaultAntiforgery[6]
      An antiforgery cookie token was reused.
dbug: Microsoft.WebTools.BrowserLink.Net.BrowserLinkMiddleware[1]
      Response markup is scheduled to include Browser Link script injection.
dbug: Microsoft.AspNetCore.Watch.BrowserRefresh.BrowserRefreshMiddleware[1]
      Response markup is scheduled to include browser refresh script injection.
info: Microsoft.AspNetCore.Mvc.ViewFeatures.ViewResultExecutor[4]
      Executed ViewResult - view Packages executed in 36.2566ms.
info: Microsoft.AspNetCore.Mvc.Infrastructure.ControllerActionInvoker[105]
      Executed action ParcelManagement2.Controllers.HomeController.Packages (ParcelProject) in 40.719ms
info: Microsoft.AspNetCore.Routing.EndpointMiddleware[1]
      Executed endpoint 'ParcelManagement2.Controllers.HomeController.Packages (ParcelProject)'
dbug: Microsoft.WebTools.BrowserLink.Net.BrowserLinkMiddleware[2]
      Response markup was updated to include Browser Link script injection.
dbug: Microsoft.AspNetCore.Watch.BrowserRefresh.BrowserRefreshMiddleware[2]
      Response markup was updated to include browser refresh script injection.
dbug: Microsoft.AspNetCore.Server.IIS.Core.IISHttpServer[1]
      Connection ID "18014398518877225191" disconnecting.
info: Microsoft.AspNetCore.Hosting.Diagnostics[2]
      Request finished HTTP/2 GET https://localhost:44353/Home/Packages - 200 - text/html;+charset=utf-8 66.5114ms
info: Microsoft.AspNetCore.Hosting.Diagnostics[1]
      Request starting HTTP/2 POST https://localhost:44353/Home/GetAllProduct - - 0
info: Microsoft.AspNetCore.Hosting.Diagnostics[1]
      Request starting HTTP/2 POST https://localhost:44353/Home/BuildProdTypeList - - 0
info: Microsoft.AspNetCore.Hosting.Diagnostics[1]
      Request starting HTTP/2 POST https://localhost:44353/Home/BuildResidentList - - 0
dbug: Microsoft.AspNetCore.StaticFiles.StaticFileMiddleware[1]
      POST requests are not supported
dbug: Microsoft.AspNetCore.StaticFiles.StaticFileMiddleware[1]
      POST requests are not supported
dbug: Microsoft.AspNetCore.StaticFiles.StaticFileMiddleware[1]
      POST requests are not supported
info: Microsoft.AspNetCore.Hosting.Diagnostics[1]
      Request starting HTTP/2 POST https://localhost:44353/Home/GetAllProduct - - 0
dbug: Microsoft.AspNetCore.StaticFiles.StaticFileMiddleware[1]
      POST requests are not supported
info: Microsoft.AspNetCore.Hosting.Diagnostics[1]
      Request starting HTTP/2 GET https://localhost:44353/_vs/browserLink - - -
dbug: Microsoft.AspNetCore.Routing.Matching.DfaMatcher[1001]
      1 candidate(s) found for the request path '/Home/BuildResidentList'
dbug: Microsoft.AspNetCore.Routing.Matching.DfaMatcher[1001]
      1 candidate(s) found for the request path '/Home/GetAllProduct'
dbug: Microsoft.AspNetCore.Routing.Matching.DfaMatcher[1001]
      1 candidate(s) found for the request path '/Home/BuildProdTypeList'
dbug: Microsoft.AspNetCore.Routing.Matching.DfaMatcher[1001]
      1 candidate(s) found for the request path '/Home/GetAllProduct'
dbug: Microsoft.AspNetCore.Routing.Matching.DfaMatcher[1005]
      Endpoint 'ParcelManagement2.Controllers.HomeController.GetAllProduct (ParcelProject)' with route pattern '{controller=Account}/{action=Login}/{id?}' is valid for the request path '/Home/GetAllProduct'
dbug: Microsoft.AspNetCore.Routing.Matching.DfaMatcher[1005]
      Endpoint 'ParcelManagement2.Controllers.HomeController.BuildProdTypeList (ParcelProject)' with route pattern '{controller=Account}/{action=Login}/{id?}' is valid for the request path '/Home/BuildProdTypeList'
info: Microsoft.AspNetCore.Hosting.Diagnostics[1]
      Request starting HTTP/2 GET https://localhost:44353/_framework/aspnetcore-browser-refresh.js - - -
dbug: Microsoft.AspNetCore.Routing.EndpointRoutingMiddleware[1]
      Request matched endpoint 'ParcelManagement2.Controllers.HomeController.GetAllProduct (ParcelProject)'
dbug: Microsoft.AspNetCore.Routing.EndpointRoutingMiddleware[1]
      Request matched endpoint 'ParcelManagement2.Controllers.HomeController.BuildProdTypeList (ParcelProject)'
dbug: Microsoft.AspNetCore.Authentication.Cookies.CookieAuthenticationHandler[8]
      AuthenticationScheme: Cookies was successfully authenticated.
dbug: Microsoft.AspNetCore.Authentication.Cookies.CookieAuthenticationHandler[8]
      AuthenticationScheme: Cookies was successfully authenticated.
dbug: Microsoft.AspNetCore.Authorization.DefaultAuthorizationService[1]
      Authorization was successful.
dbug: Microsoft.AspNetCore.Authorization.DefaultAuthorizationService[1]
      Authorization was successful.
info: Microsoft.AspNetCore.Routing.EndpointMiddleware[0]
      Executing endpoint 'ParcelManagement2.Controllers.HomeController.GetAllProduct (ParcelProject)'
info: Microsoft.AspNetCore.Routing.EndpointMiddleware[0]
      Executing endpoint 'ParcelManagement2.Controllers.HomeController.BuildProdTypeList (ParcelProject)'
dbug: Microsoft.AspNetCore.Routing.Matching.DfaMatcher[1005]
      Endpoint 'ParcelManagement2.Controllers.HomeController.BuildResidentList (ParcelProject)' with route pattern '{controller=Account}/{action=Login}/{id?}' is valid for the request path '/Home/BuildResidentList'
dbug: Microsoft.AspNetCore.Routing.Matching.DfaMatcher[1005]
      Endpoint 'ParcelManagement2.Controllers.HomeController.GetAllProduct (ParcelProject)' with route pattern '{controller=Account}/{action=Login}/{id?}' is valid for the request path '/Home/GetAllProduct'
dbug: Microsoft.AspNetCore.Routing.EndpointRoutingMiddleware[1]
      Request matched endpoint 'ParcelManagement2.Controllers.HomeController.BuildResidentList (ParcelProject)'
info: Microsoft.AspNetCore.Mvc.Infrastructure.ControllerActionInvoker[102]
      Route matched with {action = "GetAllProduct", controller = "Home"}. Executing controller action with signature System.Threading.Tasks.Task`1[Microsoft.AspNetCore.Mvc.JsonResult] GetAllProduct() on controller ParcelManagement2.Controllers.HomeController (ParcelProject).
dbug: Microsoft.AspNetCore.Routing.EndpointRoutingMiddleware[1]
      Request matched endpoint 'ParcelManagement2.Controllers.HomeController.GetAllProduct (ParcelProject)'
dbug: Microsoft.AspNetCore.Mvc.Infrastructure.ControllerActionInvoker[1]
      Execution plan of authorization filters (in the following order): None
info: Microsoft.AspNetCore.Mvc.Infrastructure.ControllerActionInvoker[102]
      Route matched with {action = "BuildProdTypeList", controller = "Home"}. Executing controller action with signature System.Threading.Tasks.Task`1[Microsoft.AspNetCore.Mvc.JsonResult] BuildProdTypeList() on controller ParcelManagement2.Controllers.HomeController (ParcelProject).
dbug: Microsoft.AspNetCore.Authentication.Cookies.CookieAuthenticationHandler[8]
      AuthenticationScheme: Cookies was successfully authenticated.
dbug: Microsoft.AspNetCore.Mvc.Infrastructure.ControllerActionInvoker[1]
      Execution plan of resource filters (in the following order): Microsoft.AspNetCore.Mvc.ViewFeatures.Filters.SaveTempDataFilter
dbug: Microsoft.AspNetCore.Mvc.Infrastructure.ControllerActionInvoker[1]
      Execution plan of authorization filters (in the following order): None
dbug: Microsoft.AspNetCore.Mvc.Infrastructure.ControllerActionInvoker[1]
      Execution plan of action filters (in the following order): Microsoft.AspNetCore.Mvc.Filters.ControllerActionFilter (Order: -2147483648), Microsoft.AspNetCore.Mvc.ModelBinding.UnsupportedContentTypeFilter (Order: -3000)
dbug: Microsoft.AspNetCore.Mvc.Infrastructure.ControllerActionInvoker[1]
      Execution plan of resource filters (in the following order): Microsoft.AspNetCore.Mvc.ViewFeatures.Filters.SaveTempDataFilter
dbug: Microsoft.AspNetCore.Mvc.Infrastructure.ControllerActionInvoker[1]
      Execution plan of exception filters (in the following order): None
dbug: Microsoft.AspNetCore.Mvc.Infrastructure.ControllerActionInvoker[1]
      Execution plan of action filters (in the following order): Microsoft.AspNetCore.Mvc.Filters.ControllerActionFilter (Order: -2147483648), Microsoft.AspNetCore.Mvc.ModelBinding.UnsupportedContentTypeFilter (Order: -3000)
dbug: Microsoft.AspNetCore.Server.IIS.Core.IISHttpServer[1]
      Connection ID "18158513741312819606" disconnecting.
dbug: Microsoft.AspNetCore.Mvc.Infrastructure.ControllerActionInvoker[1]
      Execution plan of result filters (in the following order): Microsoft.AspNetCore.Mvc.ViewFeatures.Filters.SaveTempDataFilter
info: Microsoft.AspNetCore.Hosting.Diagnostics[2]
      Request finished HTTP/2 GET https://localhost:44353/_vs/browserLink - 200 - text/javascript;+charset=UTF-8 51.3723ms
dbug: Microsoft.AspNetCore.Mvc.Infrastructure.ControllerActionInvoker[1]
      Execution plan of exception filters (in the following order): None
dbug: Microsoft.AspNetCore.Mvc.Infrastructure.ControllerActionInvoker[1]
      Executing controller factory for controller ParcelManagement2.Controllers.HomeController (ParcelProject)
dbug: Microsoft.AspNetCore.Mvc.Infrastructure.ControllerActionInvoker[1]
      Execution plan of result filters (in the following order): Microsoft.AspNetCore.Mvc.ViewFeatures.Filters.SaveTempDataFilter
dbug: ParcelManagement2.Models.DBConn[0]
      資料庫連線字串已設定
dbug: Microsoft.AspNetCore.Mvc.Infrastructure.ControllerActionInvoker[1]
      Executing controller factory for controller ParcelManagement2.Controllers.HomeController (ParcelProject)
dbug: Microsoft.AspNetCore.Mvc.Infrastructure.ControllerActionInvoker[2]
      Executed controller factory for controller ParcelManagement2.Controllers.HomeController (ParcelProject)
dbug: ParcelManagement2.Models.DBConn[0]
      資料庫連線字串已設定
dbug: Microsoft.AspNetCore.Mvc.Infrastructure.ControllerActionInvoker[2]
      Executed controller factory for controller ParcelManagement2.Controllers.HomeController (ParcelProject)
dbug: Microsoft.AspNetCore.Authorization.DefaultAuthorizationService[1]
      Authorization was successful.
info: Microsoft.AspNetCore.Routing.EndpointMiddleware[0]
      Executing endpoint 'ParcelManagement2.Controllers.HomeController.BuildResidentList (ParcelProject)'
dbug: Microsoft.AspNetCore.Authentication.Cookies.CookieAuthenticationHandler[8]
      AuthenticationScheme: Cookies was successfully authenticated.
dbug: Microsoft.AspNetCore.Authorization.DefaultAuthorizationService[1]
      Authorization was successful.
info: Microsoft.AspNetCore.Routing.EndpointMiddleware[0]
      Executing endpoint 'ParcelManagement2.Controllers.HomeController.GetAllProduct (ParcelProject)'
dbug: Microsoft.AspNetCore.Watch.BrowserRefresh.BrowserScriptMiddleware[0]
      Script injected: /_framework/aspnetcore-browser-refresh.js
info: Microsoft.AspNetCore.Mvc.Infrastructure.ControllerActionInvoker[102]
      Route matched with {action = "GetAllProduct", controller = "Home"}. Executing controller action with signature System.Threading.Tasks.Task`1[Microsoft.AspNetCore.Mvc.JsonResult] GetAllProduct() on controller ParcelManagement2.Controllers.HomeController (ParcelProject).
info: Microsoft.AspNetCore.Mvc.Infrastructure.ControllerActionInvoker[102]
      Route matched with {action = "BuildResidentList", controller = "Home"}. Executing controller action with signature System.Threading.Tasks.Task`1[Microsoft.AspNetCore.Mvc.JsonResult] BuildResidentList() on controller ParcelManagement2.Controllers.HomeController (ParcelProject).
info: Microsoft.AspNetCore.Hosting.Diagnostics[2]
      Request finished HTTP/2 GET https://localhost:44353/_framework/aspnetcore-browser-refresh.js - 200 16511 application/javascript;+charset=utf-8 67.0763ms
dbug: Microsoft.AspNetCore.Server.IIS.Core.IISHttpServer[1]
      Connection ID "18158513737017851976" disconnecting.
dbug: Microsoft.AspNetCore.Mvc.Infrastructure.ControllerActionInvoker[1]
      Execution plan of authorization filters (in the following order): None
dbug: Microsoft.AspNetCore.Mvc.Infrastructure.ControllerActionInvoker[1]
      Execution plan of authorization filters (in the following order): None
dbug: Microsoft.AspNetCore.Mvc.Infrastructure.ControllerActionInvoker[1]
      Execution plan of resource filters (in the following order): Microsoft.AspNetCore.Mvc.ViewFeatures.Filters.SaveTempDataFilter
dbug: Microsoft.AspNetCore.Mvc.Infrastructure.ControllerActionInvoker[1]
      Execution plan of resource filters (in the following order): Microsoft.AspNetCore.Mvc.ViewFeatures.Filters.SaveTempDataFilter
dbug: Microsoft.AspNetCore.Mvc.Infrastructure.ControllerActionInvoker[1]
      Execution plan of action filters (in the following order): Microsoft.AspNetCore.Mvc.Filters.ControllerActionFilter (Order: -2147483648), Microsoft.AspNetCore.Mvc.ModelBinding.UnsupportedContentTypeFilter (Order: -3000)
dbug: Microsoft.AspNetCore.Mvc.Infrastructure.ControllerActionInvoker[1]
      Execution plan of action filters (in the following order): Microsoft.AspNetCore.Mvc.Filters.ControllerActionFilter (Order: -2147483648), Microsoft.AspNetCore.Mvc.ModelBinding.UnsupportedContentTypeFilter (Order: -3000)
dbug: Microsoft.AspNetCore.Mvc.Infrastructure.ControllerActionInvoker[1]
      Execution plan of exception filters (in the following order): None
dbug: Microsoft.AspNetCore.Mvc.Infrastructure.ControllerActionInvoker[1]
      Execution plan of exception filters (in the following order): None
dbug: Microsoft.AspNetCore.Mvc.Infrastructure.ControllerActionInvoker[1]
      Execution plan of result filters (in the following order): Microsoft.AspNetCore.Mvc.ViewFeatures.Filters.SaveTempDataFilter
dbug: Microsoft.AspNetCore.Mvc.Infrastructure.ControllerActionInvoker[1]
      Execution plan of result filters (in the following order): Microsoft.AspNetCore.Mvc.ViewFeatures.Filters.SaveTempDataFilter
dbug: Microsoft.AspNetCore.Mvc.Infrastructure.ControllerActionInvoker[1]
      Executing controller factory for controller ParcelManagement2.Controllers.HomeController (ParcelProject)
dbug: ParcelManagement2.Models.DBConn[0]
      查詢成功，返回 2 行數據
dbug: ParcelManagement2.Models.DBConn[0]
      查詢成功，返回 174 行數據
dbug: Microsoft.AspNetCore.Mvc.Infrastructure.ControllerActionInvoker[1]
      Executing controller factory for controller ParcelManagement2.Controllers.HomeController (ParcelProject)
dbug: ParcelManagement2.Models.DBConn[0]
      資料庫連線字串已設定
info: Microsoft.AspNetCore.Mvc.Infrastructure.SystemTextJsonResultExecutor[1]
      Executing JsonResult, writing value of type 'System.Text.Json.JsonElement'.
dbug: ParcelManagement2.Models.DBConn[0]
      資料庫連線字串已設定
info: Microsoft.AspNetCore.Mvc.Infrastructure.SystemTextJsonResultExecutor[1]
      Executing JsonResult, writing value of type 'System.Text.Json.JsonElement'.
dbug: Microsoft.AspNetCore.Mvc.Infrastructure.ControllerActionInvoker[2]
      Executed controller factory for controller ParcelManagement2.Controllers.HomeController (ParcelProject)
info: Microsoft.AspNetCore.Mvc.Infrastructure.ControllerActionInvoker[105]
      Executed action ParcelManagement2.Controllers.HomeController.BuildProdTypeList (ParcelProject) in 44.0566ms
info: Microsoft.AspNetCore.Routing.EndpointMiddleware[1]
      Executed endpoint 'ParcelManagement2.Controllers.HomeController.BuildProdTypeList (ParcelProject)'
info: Microsoft.AspNetCore.Mvc.Infrastructure.ControllerActionInvoker[105]
      Executed action ParcelManagement2.Controllers.HomeController.GetAllProduct (ParcelProject) in 50.7632ms
info: Microsoft.AspNetCore.Routing.EndpointMiddleware[1]
      Executed endpoint 'ParcelManagement2.Controllers.HomeController.GetAllProduct (ParcelProject)'
info: Microsoft.AspNetCore.Hosting.Diagnostics[2]
      Request finished HTTP/2 POST https://localhost:44353/Home/BuildProdTypeList - 200 - application/json;+charset=utf-8 120.5950ms
dbug: Microsoft.AspNetCore.Server.IIS.Core.IISHttpServer[1]
      Connection ID "18086456104325218715" disconnecting.
dbug: Microsoft.AspNetCore.Server.IIS.Core.IISHttpServer[1]
      Connection ID "18230571369710485516" disconnecting.
info: Microsoft.AspNetCore.Hosting.Diagnostics[2]
      Request finished HTTP/2 POST https://localhost:44353/Home/GetAllProduct - 200 - application/json;+charset=utf-8 117.7063ms
dbug: Microsoft.AspNetCore.Mvc.Infrastructure.ControllerActionInvoker[2]
      Executed controller factory for controller ParcelManagement2.Controllers.HomeController (ParcelProject)
dbug: ParcelManagement2.Models.DBConn[0]
      查詢成功，返回 29 行數據
info: Microsoft.AspNetCore.Mvc.Infrastructure.SystemTextJsonResultExecutor[1]
      Executing JsonResult, writing value of type 'System.Text.Json.JsonElement'.
info: Microsoft.AspNetCore.Mvc.Infrastructure.ControllerActionInvoker[105]
      Executed action ParcelManagement2.Controllers.HomeController.BuildResidentList (ParcelProject) in 38.1194ms
info: Microsoft.AspNetCore.Routing.EndpointMiddleware[1]
      Executed endpoint 'ParcelManagement2.Controllers.HomeController.BuildResidentList (ParcelProject)'
info: Microsoft.AspNetCore.Hosting.Diagnostics[2]
      Request finished HTTP/2 POST https://localhost:44353/Home/BuildResidentList - 200 - application/json;+charset=utf-8 144.6476ms
dbug: Microsoft.AspNetCore.Server.IIS.Core.IISHttpServer[1]
      Connection ID "18302628955158478902" disconnecting.
dbug: ParcelManagement2.Models.DBConn[0]
      查詢成功，返回 174 行數據
info: Microsoft.AspNetCore.Mvc.Infrastructure.SystemTextJsonResultExecutor[1]
      Executing JsonResult, writing value of type 'System.Text.Json.JsonElement'.
info: Microsoft.AspNetCore.Mvc.Infrastructure.ControllerActionInvoker[105]
      Executed action ParcelManagement2.Controllers.HomeController.GetAllProduct (ParcelProject) in 48.73ms
info: Microsoft.AspNetCore.Routing.EndpointMiddleware[1]
      Executed endpoint 'ParcelManagement2.Controllers.HomeController.GetAllProduct (ParcelProject)'
info: Microsoft.AspNetCore.Hosting.Diagnostics[2]
      Request finished HTTP/2 POST https://localhost:44353/Home/GetAllProduct - 200 - application/json;+charset=utf-8 158.1029ms
dbug: Microsoft.AspNetCore.Server.IIS.Core.IISHttpServer[1]
      Connection ID "18158513758492688458" disconnecting.
dbug: Microsoft.Extensions.Http.DefaultHttpClientFactory[100]
      Starting HttpMessageHandler cleanup cycle with 2 items
dbug: Microsoft.Extensions.Http.DefaultHttpClientFactory[101]
      Ending HttpMessageHandler cleanup cycle after 0.0038ms - processed: 0 items - remaining: 2 items
dbug: Microsoft.Extensions.Http.DefaultHttpClientFactory[100]
      Starting HttpMessageHandler cleanup cycle with 2 items
dbug: Microsoft.Extensions.Http.DefaultHttpClientFactory[101]
      Ending HttpMessageHandler cleanup cycle after 0.0025ms - processed: 0 items - remaining: 2 items
dbug: Microsoft.Extensions.Http.DefaultHttpClientFactory[100]
      Starting HttpMessageHandler cleanup cycle with 2 items
dbug: Microsoft.Extensions.Http.DefaultHttpClientFactory[101]
      Ending HttpMessageHandler cleanup cycle after 0.0021ms - processed: 0 items - remaining: 2 items
dbug: Microsoft.Extensions.Http.DefaultHttpClientFactory[100]
      Starting HttpMessageHandler cleanup cycle with 2 items
dbug: Microsoft.Extensions.Http.DefaultHttpClientFactory[101]
      Ending HttpMessageHandler cleanup cycle after 0.0025ms - processed: 0 items - remaining: 2 items
dbug: Microsoft.Extensions.Http.DefaultHttpClientFactory[100]
      Starting HttpMessageHandler cleanup cycle with 2 items
dbug: Microsoft.Extensions.Http.DefaultHttpClientFactory[101]
      Ending HttpMessageHandler cleanup cycle after 0.0029ms - processed: 0 items - remaining: 2 items
dbug: Microsoft.Extensions.Http.DefaultHttpClientFactory[100]
      Starting HttpMessageHandler cleanup cycle with 2 items
dbug: Microsoft.Extensions.Http.DefaultHttpClientFactory[101]
      Ending HttpMessageHandler cleanup cycle after 0.0028ms - processed: 0 items - remaining: 2 items
dbug: Microsoft.Extensions.Http.DefaultHttpClientFactory[100]
      Starting HttpMessageHandler cleanup cycle with 2 items
dbug: Microsoft.Extensions.Http.DefaultHttpClientFactory[101]
      Ending HttpMessageHandler cleanup cycle after 0.0136ms - processed: 0 items - remaining: 2 items
dbug: Microsoft.Extensions.Http.DefaultHttpClientFactory[100]
      Starting HttpMessageHandler cleanup cycle with 2 items
dbug: Microsoft.Extensions.Http.DefaultHttpClientFactory[101]
      Ending HttpMessageHandler cleanup cycle after 0.0021ms - processed: 0 items - remaining: 2 items
dbug: Microsoft.Extensions.Http.DefaultHttpClientFactory[103]
      HttpMessageHandler expired after 120000ms for client ''
dbug: Microsoft.Extensions.Http.DefaultHttpClientFactory[100]
      Starting HttpMessageHandler cleanup cycle with 3 items
dbug: Microsoft.Extensions.Http.DefaultHttpClientFactory[101]
      Ending HttpMessageHandler cleanup cycle after 0.0017ms - processed: 0 items - remaining: 3 items
dbug: Microsoft.Extensions.Http.DefaultHttpClientFactory[100]
      Starting HttpMessageHandler cleanup cycle with 3 items
dbug: Microsoft.Extensions.Http.DefaultHttpClientFactory[101]
      Ending HttpMessageHandler cleanup cycle after 0.002ms - processed: 0 items - remaining: 3 items
dbug: Microsoft.Extensions.Http.DefaultHttpClientFactory[100]
      Starting HttpMessageHandler cleanup cycle with 3 items
dbug: Microsoft.Extensions.Http.DefaultHttpClientFactory[101]
      Ending HttpMessageHandler cleanup cycle after 0.0023ms - processed: 0 items - remaining: 3 items
dbug: Microsoft.Extensions.Http.DefaultHttpClientFactory[100]
      Starting HttpMessageHandler cleanup cycle with 3 items
dbug: Microsoft.Extensions.Http.DefaultHttpClientFactory[101]
      Ending HttpMessageHandler cleanup cycle after 0.0067ms - processed: 0 items - remaining: 3 items
dbug: Microsoft.Extensions.Http.DefaultHttpClientFactory[100]
      Starting HttpMessageHandler cleanup cycle with 3 items
dbug: Microsoft.Extensions.Http.DefaultHttpClientFactory[101]
      Ending HttpMessageHandler cleanup cycle after 0.0018ms - processed: 0 items - remaining: 3 items
dbug: Microsoft.Extensions.Http.DefaultHttpClientFactory[100]
      Starting HttpMessageHandler cleanup cycle with 3 items
dbug: Microsoft.Extensions.Http.DefaultHttpClientFactory[101]
      Ending HttpMessageHandler cleanup cycle after 0.0012ms - processed: 0 items - remaining: 3 items
dbug: Microsoft.Extensions.Http.DefaultHttpClientFactory[100]
      Starting HttpMessageHandler cleanup cycle with 3 items
dbug: Microsoft.Extensions.Http.DefaultHttpClientFactory[101]
      Ending HttpMessageHandler cleanup cycle after 0.0043ms - processed: 0 items - remaining: 3 items
dbug: Microsoft.Extensions.Http.DefaultHttpClientFactory[100]
      Starting HttpMessageHandler cleanup cycle with 3 items
dbug: Microsoft.Extensions.Http.DefaultHttpClientFactory[101]
      Ending HttpMessageHandler cleanup cycle after 0.0024ms - processed: 0 items - remaining: 3 items
dbug: Microsoft.Extensions.Http.DefaultHttpClientFactory[100]
      Starting HttpMessageHandler cleanup cycle with 3 items
dbug: Microsoft.Extensions.Http.DefaultHttpClientFactory[101]
      Ending HttpMessageHandler cleanup cycle after 0.002ms - processed: 0 items - remaining: 3 items
dbug: Microsoft.Extensions.Http.DefaultHttpClientFactory[100]
      Starting HttpMessageHandler cleanup cycle with 3 items
dbug: Microsoft.Extensions.Http.DefaultHttpClientFactory[101]
      Ending HttpMessageHandler cleanup cycle after 0.0016ms - processed: 0 items - remaining: 3 items
dbug: Microsoft.Extensions.Http.DefaultHttpClientFactory[100]
      Starting HttpMessageHandler cleanup cycle with 3 items
dbug: Microsoft.Extensions.Http.DefaultHttpClientFactory[101]
      Ending HttpMessageHandler cleanup cycle after 0.0023ms - processed: 0 items - remaining: 3 items
dbug: Microsoft.Extensions.Http.DefaultHttpClientFactory[100]
      Starting HttpMessageHandler cleanup cycle with 3 items
dbug: Microsoft.Extensions.Http.DefaultHttpClientFactory[101]
      Ending HttpMessageHandler cleanup cycle after 0.0029ms - processed: 0 items - remaining: 3 items
dbug: Microsoft.Extensions.Http.DefaultHttpClientFactory[100]
      Starting HttpMessageHandler cleanup cycle with 3 items
dbug: Microsoft.Extensions.Http.DefaultHttpClientFactory[101]
      Ending HttpMessageHandler cleanup cycle after 0.0037ms - processed: 0 items - remaining: 3 items
dbug: Microsoft.Extensions.Http.DefaultHttpClientFactory[100]
      Starting HttpMessageHandler cleanup cycle with 3 items
dbug: Microsoft.Extensions.Http.DefaultHttpClientFactory[101]
      Ending HttpMessageHandler cleanup cycle after 0.0031ms - processed: 0 items - remaining: 3 items
dbug: Microsoft.Extensions.Http.DefaultHttpClientFactory[100]
      Starting HttpMessageHandler cleanup cycle with 3 items
dbug: Microsoft.Extensions.Http.DefaultHttpClientFactory[101]
      Ending HttpMessageHandler cleanup cycle after 0.0035ms - processed: 0 items - remaining: 3 items
dbug: Microsoft.Extensions.Http.DefaultHttpClientFactory[100]
      Starting HttpMessageHandler cleanup cycle with 3 items
dbug: Microsoft.Extensions.Http.DefaultHttpClientFactory[101]
      Ending HttpMessageHandler cleanup cycle after 0.0021ms - processed: 0 items - remaining: 3 items
dbug: Microsoft.Extensions.Http.DefaultHttpClientFactory[100]
      Starting HttpMessageHandler cleanup cycle with 3 items
dbug: Microsoft.Extensions.Http.DefaultHttpClientFactory[101]
      Ending HttpMessageHandler cleanup cycle after 0.0027ms - processed: 0 items - remaining: 3 items
dbug: Microsoft.Extensions.Http.DefaultHttpClientFactory[100]
      Starting HttpMessageHandler cleanup cycle with 3 items
dbug: Microsoft.Extensions.Http.DefaultHttpClientFactory[101]
      Ending HttpMessageHandler cleanup cycle after 0.0039ms - processed: 0 items - remaining: 3 items
dbug: Microsoft.Extensions.Http.DefaultHttpClientFactory[100]
      Starting HttpMessageHandler cleanup cycle with 3 items
dbug: Microsoft.Extensions.Http.DefaultHttpClientFactory[101]
      Ending HttpMessageHandler cleanup cycle after 0.0013ms - processed: 0 items - remaining: 3 items
dbug: Microsoft.Extensions.Http.DefaultHttpClientFactory[100]
      Starting HttpMessageHandler cleanup cycle with 3 items
dbug: Microsoft.Extensions.Http.DefaultHttpClientFactory[101]
      Ending HttpMessageHandler cleanup cycle after 0.0032ms - processed: 0 items - remaining: 3 items
dbug: Microsoft.Extensions.Http.DefaultHttpClientFactory[100]
      Starting HttpMessageHandler cleanup cycle with 3 items
dbug: Microsoft.Extensions.Http.DefaultHttpClientFactory[101]
      Ending HttpMessageHandler cleanup cycle after 0.0016ms - processed: 0 items - remaining: 3 items
dbug: Microsoft.Extensions.Http.DefaultHttpClientFactory[100]
      Starting HttpMessageHandler cleanup cycle with 3 items
dbug: Microsoft.Extensions.Http.DefaultHttpClientFactory[101]
      Ending HttpMessageHandler cleanup cycle after 0.002ms - processed: 0 items - remaining: 3 items
dbug: Microsoft.Extensions.Http.DefaultHttpClientFactory[100]
      Starting HttpMessageHandler cleanup cycle with 3 items
dbug: Microsoft.Extensions.Http.DefaultHttpClientFactory[101]
      Ending HttpMessageHandler cleanup cycle after 0.0011ms - processed: 0 items - remaining: 3 items
dbug: Microsoft.Extensions.Http.DefaultHttpClientFactory[100]
      Starting HttpMessageHandler cleanup cycle with 3 items
dbug: Microsoft.Extensions.Http.DefaultHttpClientFactory[101]
      Ending HttpMessageHandler cleanup cycle after 0.0023ms - processed: 0 items - remaining: 3 items
dbug: Microsoft.Extensions.Http.DefaultHttpClientFactory[100]
      Starting HttpMessageHandler cleanup cycle with 3 items
dbug: Microsoft.Extensions.Http.DefaultHttpClientFactory[101]
      Ending HttpMessageHandler cleanup cycle after 0.002ms - processed: 0 items - remaining: 3 items
info: Microsoft.AspNetCore.Hosting.Diagnostics[1]
      Request starting HTTP/2 GET https://localhost:44353/Home/Packages - - -
dbug: Microsoft.AspNetCore.StaticFiles.StaticFileMiddleware[4]
      The request path /Home/Packages does not match a supported file type
dbug: Microsoft.AspNetCore.Routing.Matching.DfaMatcher[1001]
      1 candidate(s) found for the request path '/Home/Packages'
dbug: Microsoft.AspNetCore.Routing.Matching.DfaMatcher[1005]
      Endpoint 'ParcelManagement2.Controllers.HomeController.Packages (ParcelProject)' with route pattern '{controller=Account}/{action=Login}/{id?}' is valid for the request path '/Home/Packages'
dbug: Microsoft.AspNetCore.Routing.EndpointRoutingMiddleware[1]
      Request matched endpoint 'ParcelManagement2.Controllers.HomeController.Packages (ParcelProject)'
dbug: Microsoft.AspNetCore.Authentication.Cookies.CookieAuthenticationHandler[8]
      AuthenticationScheme: Cookies was successfully authenticated.
dbug: Microsoft.AspNetCore.Authorization.DefaultAuthorizationService[1]
      Authorization was successful.
info: Microsoft.AspNetCore.Routing.EndpointMiddleware[0]
      Executing endpoint 'ParcelManagement2.Controllers.HomeController.Packages (ParcelProject)'
info: Microsoft.AspNetCore.Mvc.Infrastructure.ControllerActionInvoker[102]
      Route matched with {action = "Packages", controller = "Home"}. Executing controller action with signature Microsoft.AspNetCore.Mvc.IActionResult Packages() on controller ParcelManagement2.Controllers.HomeController (ParcelProject).
dbug: Microsoft.AspNetCore.Mvc.Infrastructure.ControllerActionInvoker[1]
      Execution plan of authorization filters (in the following order): None
dbug: Microsoft.AspNetCore.Mvc.Infrastructure.ControllerActionInvoker[1]
      Execution plan of resource filters (in the following order): Microsoft.AspNetCore.Mvc.ViewFeatures.Filters.SaveTempDataFilter
dbug: Microsoft.AspNetCore.Mvc.Infrastructure.ControllerActionInvoker[1]
      Execution plan of action filters (in the following order): Microsoft.AspNetCore.Mvc.Filters.ControllerActionFilter (Order: -2147483648), Microsoft.AspNetCore.Mvc.ModelBinding.UnsupportedContentTypeFilter (Order: -3000)
dbug: Microsoft.AspNetCore.Mvc.Infrastructure.ControllerActionInvoker[1]
      Execution plan of exception filters (in the following order): None
dbug: Microsoft.AspNetCore.Mvc.Infrastructure.ControllerActionInvoker[1]
      Execution plan of result filters (in the following order): Microsoft.AspNetCore.Mvc.ViewFeatures.Filters.SaveTempDataFilter
dbug: Microsoft.AspNetCore.Mvc.Infrastructure.ControllerActionInvoker[1]
      Executing controller factory for controller ParcelManagement2.Controllers.HomeController (ParcelProject)
dbug: ParcelManagement2.Models.DBConn[0]
      資料庫連線字串已設定
dbug: Microsoft.AspNetCore.Mvc.Infrastructure.ControllerActionInvoker[2]
      Executed controller factory for controller ParcelManagement2.Controllers.HomeController (ParcelProject)
dbug: Microsoft.AspNetCore.Mvc.Razor.RazorViewEngine[1]
      View lookup cache miss for view 'Packages' in controller 'Home'.
dbug: Microsoft.AspNetCore.Mvc.Razor.Compilation.DefaultViewCompiler[3]
      Initializing Razor view compiler with compiled view: '/Views/Account/AccessDenied.cshtml'.
dbug: Microsoft.AspNetCore.Mvc.Razor.Compilation.DefaultViewCompiler[3]
      Initializing Razor view compiler with compiled view: '/Views/Account/Login.cshtml'.
dbug: Microsoft.AspNetCore.Mvc.Razor.Compilation.DefaultViewCompiler[3]
      Initializing Razor view compiler with compiled view: '/Views/Home/Index.cshtml'.
dbug: Microsoft.AspNetCore.Mvc.Razor.Compilation.DefaultViewCompiler[3]
      Initializing Razor view compiler with compiled view: '/Views/Home/Index_back.cshtml'.
dbug: Microsoft.AspNetCore.Mvc.Razor.Compilation.DefaultViewCompiler[3]
      Initializing Razor view compiler with compiled view: '/Views/Home/Packages.cshtml'.
dbug: Microsoft.AspNetCore.Mvc.Razor.Compilation.DefaultViewCompiler[3]
      Initializing Razor view compiler with compiled view: '/Views/Home/Privacy.cshtml'.
dbug: Microsoft.AspNetCore.Mvc.Razor.Compilation.DefaultViewCompiler[3]
      Initializing Razor view compiler with compiled view: '/Views/Resident/Edit.cshtml'.
dbug: Microsoft.AspNetCore.Mvc.Razor.Compilation.DefaultViewCompiler[3]
      Initializing Razor view compiler with compiled view: '/Views/Resident/Home.cshtml'.
dbug: Microsoft.AspNetCore.Mvc.Razor.Compilation.DefaultViewCompiler[3]
      Initializing Razor view compiler with compiled view: '/Views/Resident/MyPackages.cshtml'.
dbug: Microsoft.AspNetCore.Mvc.Razor.Compilation.DefaultViewCompiler[3]
      Initializing Razor view compiler with compiled view: '/Views/Resident/PackagePhoto.cshtml'.
dbug: Microsoft.AspNetCore.Mvc.Razor.Compilation.DefaultViewCompiler[3]
      Initializing Razor view compiler with compiled view: '/Views/Shared/Error.cshtml'.
dbug: Microsoft.AspNetCore.Mvc.Razor.Compilation.DefaultViewCompiler[3]
      Initializing Razor view compiler with compiled view: '/Views/Shared/_AdminLayout.cshtml'.
dbug: Microsoft.AspNetCore.Mvc.Razor.Compilation.DefaultViewCompiler[3]
      Initializing Razor view compiler with compiled view: '/Views/Shared/_Layout.cshtml'.
dbug: Microsoft.AspNetCore.Mvc.Razor.Compilation.DefaultViewCompiler[3]
      Initializing Razor view compiler with compiled view: '/Views/Shared/_ResidentLayout.cshtml'.
dbug: Microsoft.AspNetCore.Mvc.Razor.Compilation.DefaultViewCompiler[3]
      Initializing Razor view compiler with compiled view: '/Views/Shared/_ValidationScriptsPartial.cshtml'.
dbug: Microsoft.AspNetCore.Mvc.Razor.Compilation.DefaultViewCompiler[3]
      Initializing Razor view compiler with compiled view: '/Views/_ViewImports.cshtml'.
dbug: Microsoft.AspNetCore.Mvc.Razor.Compilation.DefaultViewCompiler[3]
      Initializing Razor view compiler with compiled view: '/Views/_ViewStart.cshtml'.
dbug: Microsoft.AspNetCore.Mvc.Razor.Compilation.DefaultViewCompiler[3]
      Initializing Razor view compiler with compiled view: '/Views/Shared/_Layout_back.cshtml'.
info: Microsoft.AspNetCore.Mvc.ViewFeatures.ViewResultExecutor[1]
      Executing ViewResult, running view Packages.
dbug: Microsoft.AspNetCore.Mvc.ViewFeatures.ViewResultExecutor[2]
      The view path '/Views/Home/Packages.cshtml' was found in 22.4333ms.
dbug: Microsoft.AspNetCore.Antiforgery.DefaultAntiforgery[6]
      An antiforgery cookie token was reused.
dbug: Microsoft.WebTools.BrowserLink.Net.BrowserLinkMiddleware[1]
      Response markup is scheduled to include Browser Link script injection.
dbug: Microsoft.AspNetCore.Watch.BrowserRefresh.BrowserRefreshMiddleware[1]
      Response markup is scheduled to include browser refresh script injection.
info: Microsoft.AspNetCore.Mvc.ViewFeatures.ViewResultExecutor[4]
      Executed ViewResult - view Packages executed in 37.1564ms.
info: Microsoft.AspNetCore.Mvc.Infrastructure.ControllerActionInvoker[105]
      Executed action ParcelManagement2.Controllers.HomeController.Packages (ParcelProject) in 41.7863ms
info: Microsoft.AspNetCore.Routing.EndpointMiddleware[1]
      Executed endpoint 'ParcelManagement2.Controllers.HomeController.Packages (ParcelProject)'
dbug: Microsoft.WebTools.BrowserLink.Net.BrowserLinkMiddleware[2]
      Response markup was updated to include Browser Link script injection.
dbug: Microsoft.AspNetCore.Watch.BrowserRefresh.BrowserRefreshMiddleware[2]
      Response markup was updated to include browser refresh script injection.
dbug: Microsoft.AspNetCore.Server.IIS.Core.IISHttpServer[1]
      Connection ID "18014398518877225193" disconnecting.
info: Microsoft.AspNetCore.Hosting.Diagnostics[2]
      Request finished HTTP/2 GET https://localhost:44353/Home/Packages - 200 - text/html;+charset=utf-8 69.9743ms
info: Microsoft.AspNetCore.Hosting.Diagnostics[1]
      Request starting HTTP/2 GET https://localhost:44353/_framework/aspnetcore-browser-refresh.js - - -
info: Microsoft.AspNetCore.Hosting.Diagnostics[1]
      Request starting HTTP/2 GET https://localhost:44353/_vs/browserLink - - -
dbug: Microsoft.AspNetCore.Watch.BrowserRefresh.BrowserScriptMiddleware[0]
      Script injected: /_framework/aspnetcore-browser-refresh.js
info: Microsoft.AspNetCore.Hosting.Diagnostics[2]
      Request finished HTTP/2 GET https://localhost:44353/_framework/aspnetcore-browser-refresh.js - 200 16511 application/javascript;+charset=utf-8 4.9591ms
dbug: Microsoft.AspNetCore.Server.IIS.Core.IISHttpServer[1]
      Connection ID "18086456121505087525" disconnecting.
dbug: Microsoft.AspNetCore.Server.IIS.Core.IISHttpServer[1]
      Connection ID "18374686501951766628" disconnecting.
info: Microsoft.AspNetCore.Hosting.Diagnostics[2]
      Request finished HTTP/2 GET https://localhost:44353/_vs/browserLink - 200 - text/javascript;+charset=UTF-8 12.0704ms
info: Microsoft.AspNetCore.Hosting.Diagnostics[1]
      Request starting HTTP/2 POST https://localhost:44353/Home/GetAllProduct - - 0
info: Microsoft.AspNetCore.Hosting.Diagnostics[1]
      Request starting HTTP/2 POST https://localhost:44353/Home/BuildProdTypeList - - 0
info: Microsoft.AspNetCore.Hosting.Diagnostics[1]
      Request starting HTTP/2 POST https://localhost:44353/Home/BuildResidentList - - 0
dbug: Microsoft.AspNetCore.StaticFiles.StaticFileMiddleware[1]
      POST requests are not supported
dbug: Microsoft.AspNetCore.StaticFiles.StaticFileMiddleware[1]
      POST requests are not supported
info: Microsoft.AspNetCore.Hosting.Diagnostics[1]
      Request starting HTTP/2 POST https://localhost:44353/Home/GetAllProduct - - 0
dbug: Microsoft.AspNetCore.StaticFiles.StaticFileMiddleware[1]
      POST requests are not supported
dbug: Microsoft.AspNetCore.StaticFiles.StaticFileMiddleware[1]
      POST requests are not supported
dbug: Microsoft.AspNetCore.Routing.Matching.DfaMatcher[1001]
      1 candidate(s) found for the request path '/Home/GetAllProduct'
dbug: Microsoft.AspNetCore.Routing.Matching.DfaMatcher[1001]
      1 candidate(s) found for the request path '/Home/BuildProdTypeList'
dbug: Microsoft.AspNetCore.Routing.Matching.DfaMatcher[1001]
      1 candidate(s) found for the request path '/Home/BuildResidentList'
dbug: Microsoft.AspNetCore.Routing.Matching.DfaMatcher[1001]
      1 candidate(s) found for the request path '/Home/GetAllProduct'
dbug: Microsoft.AspNetCore.Routing.Matching.DfaMatcher[1005]
      Endpoint 'ParcelManagement2.Controllers.HomeController.BuildProdTypeList (ParcelProject)' with route pattern '{controller=Account}/{action=Login}/{id?}' is valid for the request path '/Home/BuildProdTypeList'
dbug: Microsoft.AspNetCore.Routing.Matching.DfaMatcher[1005]
      Endpoint 'ParcelManagement2.Controllers.HomeController.GetAllProduct (ParcelProject)' with route pattern '{controller=Account}/{action=Login}/{id?}' is valid for the request path '/Home/GetAllProduct'
dbug: Microsoft.AspNetCore.Routing.Matching.DfaMatcher[1005]
      Endpoint 'ParcelManagement2.Controllers.HomeController.GetAllProduct (ParcelProject)' with route pattern '{controller=Account}/{action=Login}/{id?}' is valid for the request path '/Home/GetAllProduct'
dbug: Microsoft.AspNetCore.Routing.EndpointRoutingMiddleware[1]
      Request matched endpoint 'ParcelManagement2.Controllers.HomeController.GetAllProduct (ParcelProject)'
dbug: Microsoft.AspNetCore.Routing.EndpointRoutingMiddleware[1]
      Request matched endpoint 'ParcelManagement2.Controllers.HomeController.GetAllProduct (ParcelProject)'
dbug: Microsoft.AspNetCore.Authentication.Cookies.CookieAuthenticationHandler[8]
      AuthenticationScheme: Cookies was successfully authenticated.
dbug: Microsoft.AspNetCore.Authentication.Cookies.CookieAuthenticationHandler[8]
      AuthenticationScheme: Cookies was successfully authenticated.
dbug: Microsoft.AspNetCore.Authorization.DefaultAuthorizationService[1]
      Authorization was successful.
dbug: Microsoft.AspNetCore.Authorization.DefaultAuthorizationService[1]
      Authorization was successful.
info: Microsoft.AspNetCore.Routing.EndpointMiddleware[0]
      Executing endpoint 'ParcelManagement2.Controllers.HomeController.GetAllProduct (ParcelProject)'
info: Microsoft.AspNetCore.Routing.EndpointMiddleware[0]
      Executing endpoint 'ParcelManagement2.Controllers.HomeController.GetAllProduct (ParcelProject)'
dbug: Microsoft.AspNetCore.Routing.EndpointRoutingMiddleware[1]
      Request matched endpoint 'ParcelManagement2.Controllers.HomeController.BuildProdTypeList (ParcelProject)'
dbug: Microsoft.AspNetCore.Routing.Matching.DfaMatcher[1005]
      Endpoint 'ParcelManagement2.Controllers.HomeController.BuildResidentList (ParcelProject)' with route pattern '{controller=Account}/{action=Login}/{id?}' is valid for the request path '/Home/BuildResidentList'
dbug: Microsoft.AspNetCore.Authentication.Cookies.CookieAuthenticationHandler[8]
      AuthenticationScheme: Cookies was successfully authenticated.
dbug: Microsoft.AspNetCore.Routing.EndpointRoutingMiddleware[1]
      Request matched endpoint 'ParcelManagement2.Controllers.HomeController.BuildResidentList (ParcelProject)'
dbug: Microsoft.AspNetCore.Authorization.DefaultAuthorizationService[1]
      Authorization was successful.
info: Microsoft.AspNetCore.Mvc.Infrastructure.ControllerActionInvoker[102]
      Route matched with {action = "GetAllProduct", controller = "Home"}. Executing controller action with signature System.Threading.Tasks.Task`1[Microsoft.AspNetCore.Mvc.JsonResult] GetAllProduct() on controller ParcelManagement2.Controllers.HomeController (ParcelProject).
info: Microsoft.AspNetCore.Mvc.Infrastructure.ControllerActionInvoker[102]
      Route matched with {action = "GetAllProduct", controller = "Home"}. Executing controller action with signature System.Threading.Tasks.Task`1[Microsoft.AspNetCore.Mvc.JsonResult] GetAllProduct() on controller ParcelManagement2.Controllers.HomeController (ParcelProject).
dbug: Microsoft.AspNetCore.Authentication.Cookies.CookieAuthenticationHandler[8]
      AuthenticationScheme: Cookies was successfully authenticated.
dbug: Microsoft.AspNetCore.Mvc.Infrastructure.ControllerActionInvoker[1]
      Execution plan of authorization filters (in the following order): None
dbug: Microsoft.AspNetCore.Mvc.Infrastructure.ControllerActionInvoker[1]
      Execution plan of authorization filters (in the following order): None
dbug: Microsoft.AspNetCore.Mvc.Infrastructure.ControllerActionInvoker[1]
      Execution plan of resource filters (in the following order): Microsoft.AspNetCore.Mvc.ViewFeatures.Filters.SaveTempDataFilter
dbug: Microsoft.AspNetCore.Mvc.Infrastructure.ControllerActionInvoker[1]
      Execution plan of resource filters (in the following order): Microsoft.AspNetCore.Mvc.ViewFeatures.Filters.SaveTempDataFilter
dbug: Microsoft.AspNetCore.Mvc.Infrastructure.ControllerActionInvoker[1]
      Execution plan of action filters (in the following order): Microsoft.AspNetCore.Mvc.Filters.ControllerActionFilter (Order: -2147483648), Microsoft.AspNetCore.Mvc.ModelBinding.UnsupportedContentTypeFilter (Order: -3000)
dbug: Microsoft.AspNetCore.Mvc.Infrastructure.ControllerActionInvoker[1]
      Execution plan of action filters (in the following order): Microsoft.AspNetCore.Mvc.Filters.ControllerActionFilter (Order: -2147483648), Microsoft.AspNetCore.Mvc.ModelBinding.UnsupportedContentTypeFilter (Order: -3000)
dbug: Microsoft.AspNetCore.Mvc.Infrastructure.ControllerActionInvoker[1]
      Execution plan of exception filters (in the following order): None
dbug: Microsoft.AspNetCore.Mvc.Infrastructure.ControllerActionInvoker[1]
      Execution plan of exception filters (in the following order): None
dbug: Microsoft.AspNetCore.Mvc.Infrastructure.ControllerActionInvoker[1]
      Execution plan of result filters (in the following order): Microsoft.AspNetCore.Mvc.ViewFeatures.Filters.SaveTempDataFilter
dbug: Microsoft.AspNetCore.Mvc.Infrastructure.ControllerActionInvoker[1]
      Execution plan of result filters (in the following order): Microsoft.AspNetCore.Mvc.ViewFeatures.Filters.SaveTempDataFilter
dbug: Microsoft.AspNetCore.Mvc.Infrastructure.ControllerActionInvoker[1]
      Executing controller factory for controller ParcelManagement2.Controllers.HomeController (ParcelProject)
dbug: Microsoft.AspNetCore.Mvc.Infrastructure.ControllerActionInvoker[1]
      Executing controller factory for controller ParcelManagement2.Controllers.HomeController (ParcelProject)
dbug: ParcelManagement2.Models.DBConn[0]
      資料庫連線字串已設定
dbug: ParcelManagement2.Models.DBConn[0]
      資料庫連線字串已設定
dbug: Microsoft.AspNetCore.Mvc.Infrastructure.ControllerActionInvoker[2]
      Executed controller factory for controller ParcelManagement2.Controllers.HomeController (ParcelProject)
dbug: Microsoft.AspNetCore.Mvc.Infrastructure.ControllerActionInvoker[2]
      Executed controller factory for controller ParcelManagement2.Controllers.HomeController (ParcelProject)
info: Microsoft.AspNetCore.Routing.EndpointMiddleware[0]
      Executing endpoint 'ParcelManagement2.Controllers.HomeController.BuildProdTypeList (ParcelProject)'
dbug: Microsoft.AspNetCore.Authorization.DefaultAuthorizationService[1]
      Authorization was successful.
info: Microsoft.AspNetCore.Routing.EndpointMiddleware[0]
      Executing endpoint 'ParcelManagement2.Controllers.HomeController.BuildResidentList (ParcelProject)'
info: Microsoft.AspNetCore.Mvc.Infrastructure.ControllerActionInvoker[102]
      Route matched with {action = "BuildProdTypeList", controller = "Home"}. Executing controller action with signature System.Threading.Tasks.Task`1[Microsoft.AspNetCore.Mvc.JsonResult] BuildProdTypeList() on controller ParcelManagement2.Controllers.HomeController (ParcelProject).
dbug: Microsoft.AspNetCore.Mvc.Infrastructure.ControllerActionInvoker[1]
      Execution plan of authorization filters (in the following order): None
dbug: Microsoft.AspNetCore.Mvc.Infrastructure.ControllerActionInvoker[1]
      Execution plan of resource filters (in the following order): Microsoft.AspNetCore.Mvc.ViewFeatures.Filters.SaveTempDataFilter
info: Microsoft.AspNetCore.Mvc.Infrastructure.ControllerActionInvoker[102]
      Route matched with {action = "BuildResidentList", controller = "Home"}. Executing controller action with signature System.Threading.Tasks.Task`1[Microsoft.AspNetCore.Mvc.JsonResult] BuildResidentList() on controller ParcelManagement2.Controllers.HomeController (ParcelProject).
dbug: Microsoft.AspNetCore.Mvc.Infrastructure.ControllerActionInvoker[1]
      Execution plan of action filters (in the following order): Microsoft.AspNetCore.Mvc.Filters.ControllerActionFilter (Order: -2147483648), Microsoft.AspNetCore.Mvc.ModelBinding.UnsupportedContentTypeFilter (Order: -3000)
dbug: Microsoft.AspNetCore.Mvc.Infrastructure.ControllerActionInvoker[1]
      Execution plan of authorization filters (in the following order): None
dbug: Microsoft.AspNetCore.Mvc.Infrastructure.ControllerActionInvoker[1]
      Execution plan of exception filters (in the following order): None
dbug: Microsoft.AspNetCore.Mvc.Infrastructure.ControllerActionInvoker[1]
      Execution plan of resource filters (in the following order): Microsoft.AspNetCore.Mvc.ViewFeatures.Filters.SaveTempDataFilter
dbug: Microsoft.AspNetCore.Mvc.Infrastructure.ControllerActionInvoker[1]
      Execution plan of result filters (in the following order): Microsoft.AspNetCore.Mvc.ViewFeatures.Filters.SaveTempDataFilter
dbug: Microsoft.AspNetCore.Mvc.Infrastructure.ControllerActionInvoker[1]
      Execution plan of action filters (in the following order): Microsoft.AspNetCore.Mvc.Filters.ControllerActionFilter (Order: -2147483648), Microsoft.AspNetCore.Mvc.ModelBinding.UnsupportedContentTypeFilter (Order: -3000)
dbug: Microsoft.AspNetCore.Mvc.Infrastructure.ControllerActionInvoker[1]
      Executing controller factory for controller ParcelManagement2.Controllers.HomeController (ParcelProject)
dbug: Microsoft.AspNetCore.Mvc.Infrastructure.ControllerActionInvoker[1]
      Execution plan of exception filters (in the following order): None
dbug: ParcelManagement2.Models.DBConn[0]
      資料庫連線字串已設定
dbug: Microsoft.AspNetCore.Mvc.Infrastructure.ControllerActionInvoker[1]
      Execution plan of result filters (in the following order): Microsoft.AspNetCore.Mvc.ViewFeatures.Filters.SaveTempDataFilter
dbug: Microsoft.AspNetCore.Mvc.Infrastructure.ControllerActionInvoker[2]
      Executed controller factory for controller ParcelManagement2.Controllers.HomeController (ParcelProject)
dbug: Microsoft.AspNetCore.Mvc.Infrastructure.ControllerActionInvoker[1]
      Executing controller factory for controller ParcelManagement2.Controllers.HomeController (ParcelProject)
dbug: ParcelManagement2.Models.DBConn[0]
      資料庫連線字串已設定
dbug: Microsoft.AspNetCore.Mvc.Infrastructure.ControllerActionInvoker[2]
      Executed controller factory for controller ParcelManagement2.Controllers.HomeController (ParcelProject)
dbug: ParcelManagement2.Models.DBConn[0]
      查詢成功，返回 175 行數據
info: Microsoft.AspNetCore.Mvc.Infrastructure.SystemTextJsonResultExecutor[1]
      Executing JsonResult, writing value of type 'System.Text.Json.JsonElement'.
info: Microsoft.AspNetCore.Mvc.Infrastructure.ControllerActionInvoker[105]
      Executed action ParcelManagement2.Controllers.HomeController.GetAllProduct (ParcelProject) in 148.3381ms
info: Microsoft.AspNetCore.Routing.EndpointMiddleware[1]
      Executed endpoint 'ParcelManagement2.Controllers.HomeController.GetAllProduct (ParcelProject)'
info: Microsoft.AspNetCore.Hosting.Diagnostics[2]
      Request finished HTTP/2 POST https://localhost:44353/Home/GetAllProduct - 200 - application/json;+charset=utf-8 206.4955ms
dbug: Microsoft.AspNetCore.Server.IIS.Core.IISHttpServer[1]
      Connection ID "18086456138684957100" disconnecting.
dbug: ParcelManagement2.Models.DBConn[0]
      查詢成功，返回 2 行數據
info: Microsoft.AspNetCore.Mvc.Infrastructure.SystemTextJsonResultExecutor[1]
      Executing JsonResult, writing value of type 'System.Text.Json.JsonElement'.
info: Microsoft.AspNetCore.Mvc.Infrastructure.ControllerActionInvoker[105]
      Executed action ParcelManagement2.Controllers.HomeController.BuildProdTypeList (ParcelProject) in 158.4947ms
info: Microsoft.AspNetCore.Routing.EndpointMiddleware[1]
      Executed endpoint 'ParcelManagement2.Controllers.HomeController.BuildProdTypeList (ParcelProject)'
info: Microsoft.AspNetCore.Hosting.Diagnostics[2]
      Request finished HTTP/2 POST https://localhost:44353/Home/BuildProdTypeList - 200 - application/json;+charset=utf-8 252.3281ms
dbug: Microsoft.AspNetCore.Server.IIS.Core.IISHttpServer[1]
      Connection ID "18302628968043380821" disconnecting.
dbug: ParcelManagement2.Models.DBConn[0]
      查詢成功，返回 175 行數據
info: Microsoft.AspNetCore.Mvc.Infrastructure.SystemTextJsonResultExecutor[1]
      Executing JsonResult, writing value of type 'System.Text.Json.JsonElement'.
info: Microsoft.AspNetCore.Mvc.Infrastructure.ControllerActionInvoker[105]
      Executed action ParcelManagement2.Controllers.HomeController.GetAllProduct (ParcelProject) in 209.0183ms
info: Microsoft.AspNetCore.Routing.EndpointMiddleware[1]
      Executed endpoint 'ParcelManagement2.Controllers.HomeController.GetAllProduct (ParcelProject)'
info: Microsoft.AspNetCore.Hosting.Diagnostics[2]
      Request finished HTTP/2 POST https://localhost:44353/Home/GetAllProduct - 200 - application/json;+charset=utf-8 260.9288ms
dbug: Microsoft.AspNetCore.Server.IIS.Core.IISHttpServer[1]
      Connection ID "18014398510287290692" disconnecting.
dbug: ParcelManagement2.Models.DBConn[0]
      查詢成功，返回 29 行數據
info: Microsoft.AspNetCore.Mvc.Infrastructure.SystemTextJsonResultExecutor[1]
      Executing JsonResult, writing value of type 'System.Text.Json.JsonElement'.
info: Microsoft.AspNetCore.Mvc.Infrastructure.ControllerActionInvoker[105]
      Executed action ParcelManagement2.Controllers.HomeController.BuildResidentList (ParcelProject) in 219.3154ms
info: Microsoft.AspNetCore.Routing.EndpointMiddleware[1]
      Executed endpoint 'ParcelManagement2.Controllers.HomeController.BuildResidentList (ParcelProject)'
info: Microsoft.AspNetCore.Hosting.Diagnostics[2]
      Request finished HTTP/2 POST https://localhost:44353/Home/BuildResidentList - 200 - application/json;+charset=utf-8 317.0926ms
dbug: Microsoft.AspNetCore.Server.IIS.Core.IISHttpServer[1]
      Connection ID "18374686562081308795" disconnecting.
dbug: Microsoft.Extensions.Http.DefaultHttpClientFactory[100]
      Starting HttpMessageHandler cleanup cycle with 3 items
dbug: Microsoft.Extensions.Http.DefaultHttpClientFactory[101]
      Ending HttpMessageHandler cleanup cycle after 0.0025ms - processed: 0 items - remaining: 3 items
info: Microsoft.AspNetCore.Hosting.Diagnostics[1]
      Request starting HTTP/2 POST https://localhost:44353/Home/GetUndeliveredPackages - - 0
dbug: Microsoft.AspNetCore.StaticFiles.StaticFileMiddleware[1]
      POST requests are not supported
dbug: Microsoft.AspNetCore.Routing.Matching.DfaMatcher[1001]
      1 candidate(s) found for the request path '/Home/GetUndeliveredPackages'
dbug: Microsoft.AspNetCore.Routing.Matching.DfaMatcher[1005]
      Endpoint 'ParcelManagement2.Controllers.HomeController.GetUndeliveredPackages (ParcelProject)' with route pattern '{controller=Account}/{action=Login}/{id?}' is valid for the request path '/Home/GetUndeliveredPackages'
dbug: Microsoft.AspNetCore.Routing.EndpointRoutingMiddleware[1]
      Request matched endpoint 'ParcelManagement2.Controllers.HomeController.GetUndeliveredPackages (ParcelProject)'
dbug: Microsoft.AspNetCore.Authentication.Cookies.CookieAuthenticationHandler[8]
      AuthenticationScheme: Cookies was successfully authenticated.
dbug: Microsoft.AspNetCore.Authorization.DefaultAuthorizationService[1]
      Authorization was successful.
info: Microsoft.AspNetCore.Routing.EndpointMiddleware[0]
      Executing endpoint 'ParcelManagement2.Controllers.HomeController.GetUndeliveredPackages (ParcelProject)'
info: Microsoft.AspNetCore.Mvc.Infrastructure.ControllerActionInvoker[102]
      Route matched with {action = "GetUndeliveredPackages", controller = "Home"}. Executing controller action with signature System.Threading.Tasks.Task`1[Microsoft.AspNetCore.Mvc.JsonResult] GetUndeliveredPackages() on controller ParcelManagement2.Controllers.HomeController (ParcelProject).
dbug: Microsoft.AspNetCore.Mvc.Infrastructure.ControllerActionInvoker[1]
      Execution plan of authorization filters (in the following order): None
dbug: Microsoft.AspNetCore.Mvc.Infrastructure.ControllerActionInvoker[1]
      Execution plan of resource filters (in the following order): Microsoft.AspNetCore.Mvc.ViewFeatures.Filters.SaveTempDataFilter
dbug: Microsoft.AspNetCore.Mvc.Infrastructure.ControllerActionInvoker[1]
      Execution plan of action filters (in the following order): Microsoft.AspNetCore.Mvc.Filters.ControllerActionFilter (Order: -2147483648), Microsoft.AspNetCore.Mvc.ModelBinding.UnsupportedContentTypeFilter (Order: -3000)
dbug: Microsoft.AspNetCore.Mvc.Infrastructure.ControllerActionInvoker[1]
      Execution plan of exception filters (in the following order): None
dbug: Microsoft.AspNetCore.Mvc.Infrastructure.ControllerActionInvoker[1]
      Execution plan of result filters (in the following order): Microsoft.AspNetCore.Mvc.ViewFeatures.Filters.SaveTempDataFilter
dbug: Microsoft.AspNetCore.Mvc.Infrastructure.ControllerActionInvoker[1]
      Executing controller factory for controller ParcelManagement2.Controllers.HomeController (ParcelProject)
dbug: ParcelManagement2.Models.DBConn[0]
      資料庫連線字串已設定
dbug: Microsoft.AspNetCore.Mvc.Infrastructure.ControllerActionInvoker[2]
      Executed controller factory for controller ParcelManagement2.Controllers.HomeController (ParcelProject)
dbug: ParcelManagement2.Models.DBConn[0]
      查詢成功，返回 167 行數據
info: Microsoft.AspNetCore.Mvc.Infrastructure.SystemTextJsonResultExecutor[1]
      Executing JsonResult, writing value of type 'System.Text.Json.JsonElement'.
info: Microsoft.AspNetCore.Mvc.Infrastructure.ControllerActionInvoker[105]
      Executed action ParcelManagement2.Controllers.HomeController.GetUndeliveredPackages (ParcelProject) in 55.6068ms
info: Microsoft.AspNetCore.Routing.EndpointMiddleware[1]
      Executed endpoint 'ParcelManagement2.Controllers.HomeController.GetUndeliveredPackages (ParcelProject)'
info: Microsoft.AspNetCore.Hosting.Diagnostics[2]
      Request finished HTTP/2 POST https://localhost:44353/Home/GetUndeliveredPackages - 200 - application/json;+charset=utf-8 84.8377ms
dbug: Microsoft.AspNetCore.Server.IIS.Core.IISHttpServer[1]
      Connection ID "18014398510287290694" disconnecting.
dbug: Microsoft.Extensions.Http.DefaultHttpClientFactory[100]
      Starting HttpMessageHandler cleanup cycle with 3 items
dbug: Microsoft.Extensions.Http.DefaultHttpClientFactory[101]
      Ending HttpMessageHandler cleanup cycle after 0.0022ms - processed: 0 items - remaining: 3 items
info: Microsoft.AspNetCore.Hosting.Diagnostics[1]
      Request starting HTTP/2 POST https://localhost:44353/Home/GetPackagesByResident - application/json 32
dbug: Microsoft.AspNetCore.StaticFiles.StaticFileMiddleware[1]
      POST requests are not supported
dbug: Microsoft.AspNetCore.Routing.Matching.DfaMatcher[1001]
      1 candidate(s) found for the request path '/Home/GetPackagesByResident'
dbug: Microsoft.AspNetCore.Routing.Matching.DfaMatcher[1005]
      Endpoint 'ParcelManagement2.Controllers.HomeController.GetPackagesByResident (ParcelProject)' with route pattern '{controller=Account}/{action=Login}/{id?}' is valid for the request path '/Home/GetPackagesByResident'
dbug: Microsoft.AspNetCore.Routing.EndpointRoutingMiddleware[1]
      Request matched endpoint 'ParcelManagement2.Controllers.HomeController.GetPackagesByResident (ParcelProject)'
dbug: Microsoft.AspNetCore.Authentication.Cookies.CookieAuthenticationHandler[8]
      AuthenticationScheme: Cookies was successfully authenticated.
dbug: Microsoft.AspNetCore.Authorization.DefaultAuthorizationService[1]
      Authorization was successful.
info: Microsoft.AspNetCore.Routing.EndpointMiddleware[0]
      Executing endpoint 'ParcelManagement2.Controllers.HomeController.GetPackagesByResident (ParcelProject)'
info: Microsoft.AspNetCore.Mvc.Infrastructure.ControllerActionInvoker[102]
      Route matched with {action = "GetPackagesByResident", controller = "Home"}. Executing controller action with signature System.Threading.Tasks.Task`1[Microsoft.AspNetCore.Mvc.IActionResult] GetPackagesByResident(System.Text.Json.JsonElement) on controller ParcelManagement2.Controllers.HomeController (ParcelProject).
dbug: Microsoft.AspNetCore.Mvc.Infrastructure.ControllerActionInvoker[1]
      Execution plan of authorization filters (in the following order): None
dbug: Microsoft.AspNetCore.Mvc.Infrastructure.ControllerActionInvoker[1]
      Execution plan of resource filters (in the following order): Microsoft.AspNetCore.Mvc.ViewFeatures.Filters.SaveTempDataFilter
dbug: Microsoft.AspNetCore.Mvc.Infrastructure.ControllerActionInvoker[1]
      Execution plan of action filters (in the following order): Microsoft.AspNetCore.Mvc.Filters.ControllerActionFilter (Order: -2147483648), Microsoft.AspNetCore.Mvc.ModelBinding.UnsupportedContentTypeFilter (Order: -3000)
dbug: Microsoft.AspNetCore.Mvc.Infrastructure.ControllerActionInvoker[1]
      Execution plan of exception filters (in the following order): None
dbug: Microsoft.AspNetCore.Mvc.Infrastructure.ControllerActionInvoker[1]
      Execution plan of result filters (in the following order): Microsoft.AspNetCore.Mvc.ViewFeatures.Filters.SaveTempDataFilter
dbug: Microsoft.AspNetCore.Mvc.Infrastructure.ControllerActionInvoker[1]
      Executing controller factory for controller ParcelManagement2.Controllers.HomeController (ParcelProject)
dbug: ParcelManagement2.Models.DBConn[0]
      資料庫連線字串已設定
dbug: Microsoft.AspNetCore.Mvc.Infrastructure.ControllerActionInvoker[2]
      Executed controller factory for controller ParcelManagement2.Controllers.HomeController (ParcelProject)
dbug: Microsoft.AspNetCore.Mvc.ModelBinding.ParameterBinder[22]
      Attempting to bind parameter 'requestData' of type 'System.Text.Json.JsonElement' ...
dbug: Microsoft.AspNetCore.Mvc.ModelBinding.Binders.BodyModelBinder[44]
      Attempting to bind parameter 'requestData' of type 'System.Text.Json.JsonElement' using the name '' in request data ...
dbug: Microsoft.AspNetCore.Mvc.ModelBinding.Binders.BodyModelBinder[1]
      Selected input formatter 'Microsoft.AspNetCore.Mvc.Formatters.SystemTextJsonInputFormatter' for content type 'application/json'.
dbug: Microsoft.AspNetCore.Mvc.Formatters.SystemTextJsonInputFormatter[2]
      JSON input formatter succeeded, deserializing to type 'System.Text.Json.JsonElement'
dbug: Microsoft.AspNetCore.Mvc.ModelBinding.Binders.BodyModelBinder[45]
      Done attempting to bind parameter 'requestData' of type 'System.Text.Json.JsonElement'.
dbug: Microsoft.AspNetCore.Mvc.ModelBinding.ParameterBinder[23]
      Done attempting to bind parameter 'requestData' of type 'System.Text.Json.JsonElement'.
dbug: Microsoft.AspNetCore.Mvc.ModelBinding.ParameterBinder[26]
      Attempting to validate the bound parameter 'requestData' of type 'System.Text.Json.JsonElement' ...
dbug: Microsoft.AspNetCore.Mvc.ModelBinding.ParameterBinder[27]
      Done attempting to validate the bound parameter 'requestData' of type 'System.Text.Json.JsonElement'.
info: ParcelManagement2.Controllers.HomeController[0]
      查詢住戶包裹: RedId=R1010101, Status=
dbug: ParcelManagement2.Models.DBConn[0]
      查詢成功，返回 11 行數據
info: Microsoft.AspNetCore.Mvc.Infrastructure.SystemTextJsonResultExecutor[1]
      Executing JsonResult, writing value of type 'System.Text.Json.JsonElement'.
info: Microsoft.AspNetCore.Mvc.Infrastructure.ControllerActionInvoker[105]
      Executed action ParcelManagement2.Controllers.HomeController.GetPackagesByResident (ParcelProject) in 51.9924ms
info: Microsoft.AspNetCore.Routing.EndpointMiddleware[1]
      Executed endpoint 'ParcelManagement2.Controllers.HomeController.GetPackagesByResident (ParcelProject)'
info: Microsoft.AspNetCore.Hosting.Diagnostics[2]
      Request finished HTTP/2 POST https://localhost:44353/Home/GetPackagesByResident - 200 - application/json;+charset=utf-8 87.3120ms
dbug: Microsoft.AspNetCore.Server.IIS.Core.IISHttpServer[1]
      Connection ID "18014398510287290696" disconnecting.
info: Microsoft.AspNetCore.Hosting.Diagnostics[1]
      Request starting HTTP/2 POST https://localhost:44353/Home/GetPackagesByResident - application/json 38
dbug: Microsoft.AspNetCore.StaticFiles.StaticFileMiddleware[1]
      POST requests are not supported
dbug: Microsoft.AspNetCore.Routing.Matching.DfaMatcher[1001]
      1 candidate(s) found for the request path '/Home/GetPackagesByResident'
dbug: Microsoft.AspNetCore.Routing.Matching.DfaMatcher[1005]
      Endpoint 'ParcelManagement2.Controllers.HomeController.GetPackagesByResident (ParcelProject)' with route pattern '{controller=Account}/{action=Login}/{id?}' is valid for the request path '/Home/GetPackagesByResident'
dbug: Microsoft.AspNetCore.Routing.EndpointRoutingMiddleware[1]
      Request matched endpoint 'ParcelManagement2.Controllers.HomeController.GetPackagesByResident (ParcelProject)'
dbug: Microsoft.AspNetCore.Authentication.Cookies.CookieAuthenticationHandler[8]
      AuthenticationScheme: Cookies was successfully authenticated.
dbug: Microsoft.AspNetCore.Authorization.DefaultAuthorizationService[1]
      Authorization was successful.
info: Microsoft.AspNetCore.Routing.EndpointMiddleware[0]
      Executing endpoint 'ParcelManagement2.Controllers.HomeController.GetPackagesByResident (ParcelProject)'
info: Microsoft.AspNetCore.Mvc.Infrastructure.ControllerActionInvoker[102]
      Route matched with {action = "GetPackagesByResident", controller = "Home"}. Executing controller action with signature System.Threading.Tasks.Task`1[Microsoft.AspNetCore.Mvc.IActionResult] GetPackagesByResident(System.Text.Json.JsonElement) on controller ParcelManagement2.Controllers.HomeController (ParcelProject).
dbug: Microsoft.AspNetCore.Mvc.Infrastructure.ControllerActionInvoker[1]
      Execution plan of authorization filters (in the following order): None
dbug: Microsoft.AspNetCore.Mvc.Infrastructure.ControllerActionInvoker[1]
      Execution plan of resource filters (in the following order): Microsoft.AspNetCore.Mvc.ViewFeatures.Filters.SaveTempDataFilter
dbug: Microsoft.AspNetCore.Mvc.Infrastructure.ControllerActionInvoker[1]
      Execution plan of action filters (in the following order): Microsoft.AspNetCore.Mvc.Filters.ControllerActionFilter (Order: -2147483648), Microsoft.AspNetCore.Mvc.ModelBinding.UnsupportedContentTypeFilter (Order: -3000)
dbug: Microsoft.AspNetCore.Mvc.Infrastructure.ControllerActionInvoker[1]
      Execution plan of exception filters (in the following order): None
dbug: Microsoft.AspNetCore.Mvc.Infrastructure.ControllerActionInvoker[1]
      Execution plan of result filters (in the following order): Microsoft.AspNetCore.Mvc.ViewFeatures.Filters.SaveTempDataFilter
dbug: Microsoft.AspNetCore.Mvc.Infrastructure.ControllerActionInvoker[1]
      Executing controller factory for controller ParcelManagement2.Controllers.HomeController (ParcelProject)
dbug: ParcelManagement2.Models.DBConn[0]
      資料庫連線字串已設定
dbug: Microsoft.AspNetCore.Mvc.Infrastructure.ControllerActionInvoker[2]
      Executed controller factory for controller ParcelManagement2.Controllers.HomeController (ParcelProject)
dbug: Microsoft.AspNetCore.Mvc.ModelBinding.ParameterBinder[22]
      Attempting to bind parameter 'requestData' of type 'System.Text.Json.JsonElement' ...
dbug: Microsoft.AspNetCore.Mvc.ModelBinding.Binders.BodyModelBinder[44]
      Attempting to bind parameter 'requestData' of type 'System.Text.Json.JsonElement' using the name '' in request data ...
dbug: Microsoft.AspNetCore.Mvc.ModelBinding.Binders.BodyModelBinder[1]
      Selected input formatter 'Microsoft.AspNetCore.Mvc.Formatters.SystemTextJsonInputFormatter' for content type 'application/json'.
dbug: Microsoft.AspNetCore.Mvc.Formatters.SystemTextJsonInputFormatter[2]
      JSON input formatter succeeded, deserializing to type 'System.Text.Json.JsonElement'
dbug: Microsoft.AspNetCore.Mvc.ModelBinding.Binders.BodyModelBinder[45]
      Done attempting to bind parameter 'requestData' of type 'System.Text.Json.JsonElement'.
dbug: Microsoft.AspNetCore.Mvc.ModelBinding.ParameterBinder[23]
      Done attempting to bind parameter 'requestData' of type 'System.Text.Json.JsonElement'.
dbug: Microsoft.AspNetCore.Mvc.ModelBinding.ParameterBinder[26]
      Attempting to validate the bound parameter 'requestData' of type 'System.Text.Json.JsonElement' ...
dbug: Microsoft.AspNetCore.Mvc.ModelBinding.ParameterBinder[27]
      Done attempting to validate the bound parameter 'requestData' of type 'System.Text.Json.JsonElement'.
info: ParcelManagement2.Controllers.HomeController[0]
      查詢住戶包裹: RedId=R1010101, Status=未取
dbug: ParcelManagement2.Models.DBConn[0]
      查詢成功，返回 7 行數據
info: Microsoft.AspNetCore.Mvc.Infrastructure.SystemTextJsonResultExecutor[1]
      Executing JsonResult, writing value of type 'System.Text.Json.JsonElement'.
info: Microsoft.AspNetCore.Mvc.Infrastructure.ControllerActionInvoker[105]
      Executed action ParcelManagement2.Controllers.HomeController.GetPackagesByResident (ParcelProject) in 55.9174ms
info: Microsoft.AspNetCore.Routing.EndpointMiddleware[1]
      Executed endpoint 'ParcelManagement2.Controllers.HomeController.GetPackagesByResident (ParcelProject)'
info: Microsoft.AspNetCore.Hosting.Diagnostics[2]
      Request finished HTTP/2 POST https://localhost:44353/Home/GetPackagesByResident - 200 - application/json;+charset=utf-8 87.5995ms
dbug: Microsoft.AspNetCore.Server.IIS.Core.IISHttpServer[1]
      Connection ID "18014398510287290698" disconnecting.
info: Microsoft.AspNetCore.Hosting.Diagnostics[1]
      Request starting HTTP/2 POST https://localhost:44353/Home/GetPackagesByResident - application/json 38
dbug: Microsoft.AspNetCore.StaticFiles.StaticFileMiddleware[1]
      POST requests are not supported
dbug: Microsoft.AspNetCore.Routing.Matching.DfaMatcher[1001]
      1 candidate(s) found for the request path '/Home/GetPackagesByResident'
dbug: Microsoft.AspNetCore.Routing.Matching.DfaMatcher[1005]
      Endpoint 'ParcelManagement2.Controllers.HomeController.GetPackagesByResident (ParcelProject)' with route pattern '{controller=Account}/{action=Login}/{id?}' is valid for the request path '/Home/GetPackagesByResident'
dbug: Microsoft.AspNetCore.Routing.EndpointRoutingMiddleware[1]
      Request matched endpoint 'ParcelManagement2.Controllers.HomeController.GetPackagesByResident (ParcelProject)'
dbug: Microsoft.AspNetCore.Authentication.Cookies.CookieAuthenticationHandler[8]
      AuthenticationScheme: Cookies was successfully authenticated.
dbug: Microsoft.AspNetCore.Authorization.DefaultAuthorizationService[1]
      Authorization was successful.
info: Microsoft.AspNetCore.Routing.EndpointMiddleware[0]
      Executing endpoint 'ParcelManagement2.Controllers.HomeController.GetPackagesByResident (ParcelProject)'
info: Microsoft.AspNetCore.Mvc.Infrastructure.ControllerActionInvoker[102]
      Route matched with {action = "GetPackagesByResident", controller = "Home"}. Executing controller action with signature System.Threading.Tasks.Task`1[Microsoft.AspNetCore.Mvc.IActionResult] GetPackagesByResident(System.Text.Json.JsonElement) on controller ParcelManagement2.Controllers.HomeController (ParcelProject).
dbug: Microsoft.AspNetCore.Mvc.Infrastructure.ControllerActionInvoker[1]
      Execution plan of authorization filters (in the following order): None
dbug: Microsoft.AspNetCore.Mvc.Infrastructure.ControllerActionInvoker[1]
      Execution plan of resource filters (in the following order): Microsoft.AspNetCore.Mvc.ViewFeatures.Filters.SaveTempDataFilter
dbug: Microsoft.AspNetCore.Mvc.Infrastructure.ControllerActionInvoker[1]
      Execution plan of action filters (in the following order): Microsoft.AspNetCore.Mvc.Filters.ControllerActionFilter (Order: -2147483648), Microsoft.AspNetCore.Mvc.ModelBinding.UnsupportedContentTypeFilter (Order: -3000)
dbug: Microsoft.AspNetCore.Mvc.Infrastructure.ControllerActionInvoker[1]
      Execution plan of exception filters (in the following order): None
dbug: Microsoft.AspNetCore.Mvc.Infrastructure.ControllerActionInvoker[1]
      Execution plan of result filters (in the following order): Microsoft.AspNetCore.Mvc.ViewFeatures.Filters.SaveTempDataFilter
dbug: Microsoft.AspNetCore.Mvc.Infrastructure.ControllerActionInvoker[1]
      Executing controller factory for controller ParcelManagement2.Controllers.HomeController (ParcelProject)
dbug: ParcelManagement2.Models.DBConn[0]
      資料庫連線字串已設定
dbug: Microsoft.AspNetCore.Mvc.Infrastructure.ControllerActionInvoker[2]
      Executed controller factory for controller ParcelManagement2.Controllers.HomeController (ParcelProject)
dbug: Microsoft.AspNetCore.Mvc.ModelBinding.ParameterBinder[22]
      Attempting to bind parameter 'requestData' of type 'System.Text.Json.JsonElement' ...
dbug: Microsoft.AspNetCore.Mvc.ModelBinding.Binders.BodyModelBinder[44]
      Attempting to bind parameter 'requestData' of type 'System.Text.Json.JsonElement' using the name '' in request data ...
dbug: Microsoft.AspNetCore.Mvc.ModelBinding.Binders.BodyModelBinder[1]
      Selected input formatter 'Microsoft.AspNetCore.Mvc.Formatters.SystemTextJsonInputFormatter' for content type 'application/json'.
dbug: Microsoft.AspNetCore.Mvc.Formatters.SystemTextJsonInputFormatter[2]
      JSON input formatter succeeded, deserializing to type 'System.Text.Json.JsonElement'
dbug: Microsoft.AspNetCore.Mvc.ModelBinding.Binders.BodyModelBinder[45]
      Done attempting to bind parameter 'requestData' of type 'System.Text.Json.JsonElement'.
dbug: Microsoft.AspNetCore.Mvc.ModelBinding.ParameterBinder[23]
      Done attempting to bind parameter 'requestData' of type 'System.Text.Json.JsonElement'.
dbug: Microsoft.AspNetCore.Mvc.ModelBinding.ParameterBinder[26]
      Attempting to validate the bound parameter 'requestData' of type 'System.Text.Json.JsonElement' ...
dbug: Microsoft.AspNetCore.Mvc.ModelBinding.ParameterBinder[27]
      Done attempting to validate the bound parameter 'requestData' of type 'System.Text.Json.JsonElement'.
info: ParcelManagement2.Controllers.HomeController[0]
      查詢住戶包裹: RedId=R1010101, Status=已取
dbug: ParcelManagement2.Models.DBConn[0]
      查詢成功，返回 4 行數據
info: Microsoft.AspNetCore.Mvc.Infrastructure.SystemTextJsonResultExecutor[1]
      Executing JsonResult, writing value of type 'System.Text.Json.JsonElement'.
info: Microsoft.AspNetCore.Mvc.Infrastructure.ControllerActionInvoker[105]
      Executed action ParcelManagement2.Controllers.HomeController.GetPackagesByResident (ParcelProject) in 45.7523ms
info: Microsoft.AspNetCore.Routing.EndpointMiddleware[1]
      Executed endpoint 'ParcelManagement2.Controllers.HomeController.GetPackagesByResident (ParcelProject)'
info: Microsoft.AspNetCore.Hosting.Diagnostics[2]
      Request finished HTTP/2 POST https://localhost:44353/Home/GetPackagesByResident - 200 - application/json;+charset=utf-8 72.0366ms
dbug: Microsoft.AspNetCore.Server.IIS.Core.IISHttpServer[1]
      Connection ID "18014398536057094288" disconnecting.
info: Microsoft.AspNetCore.Hosting.Diagnostics[1]
      Request starting HTTP/2 POST https://localhost:44353/Home/GetDeletedPackages - - 0
dbug: Microsoft.AspNetCore.StaticFiles.StaticFileMiddleware[1]
      POST requests are not supported
dbug: Microsoft.AspNetCore.Routing.Matching.DfaMatcher[1001]
      1 candidate(s) found for the request path '/Home/GetDeletedPackages'
dbug: Microsoft.AspNetCore.Routing.Matching.DfaMatcher[1005]
      Endpoint 'ParcelManagement2.Controllers.HomeController.GetDeletedPackages (ParcelProject)' with route pattern '{controller=Account}/{action=Login}/{id?}' is valid for the request path '/Home/GetDeletedPackages'
dbug: Microsoft.AspNetCore.Routing.EndpointRoutingMiddleware[1]
      Request matched endpoint 'ParcelManagement2.Controllers.HomeController.GetDeletedPackages (ParcelProject)'
dbug: Microsoft.AspNetCore.Authentication.Cookies.CookieAuthenticationHandler[8]
      AuthenticationScheme: Cookies was successfully authenticated.
dbug: Microsoft.AspNetCore.Authorization.DefaultAuthorizationService[1]
      Authorization was successful.
info: Microsoft.AspNetCore.Routing.EndpointMiddleware[0]
      Executing endpoint 'ParcelManagement2.Controllers.HomeController.GetDeletedPackages (ParcelProject)'
info: Microsoft.AspNetCore.Mvc.Infrastructure.ControllerActionInvoker[102]
      Route matched with {action = "GetDeletedPackages", controller = "Home"}. Executing controller action with signature System.Threading.Tasks.Task`1[Microsoft.AspNetCore.Mvc.IActionResult] GetDeletedPackages() on controller ParcelManagement2.Controllers.HomeController (ParcelProject).
dbug: Microsoft.AspNetCore.Mvc.Infrastructure.ControllerActionInvoker[1]
      Execution plan of authorization filters (in the following order): None
dbug: Microsoft.AspNetCore.Mvc.Infrastructure.ControllerActionInvoker[1]
      Execution plan of resource filters (in the following order): Microsoft.AspNetCore.Mvc.ViewFeatures.Filters.SaveTempDataFilter
dbug: Microsoft.AspNetCore.Mvc.Infrastructure.ControllerActionInvoker[1]
      Execution plan of action filters (in the following order): Microsoft.AspNetCore.Mvc.Filters.ControllerActionFilter (Order: -2147483648), Microsoft.AspNetCore.Mvc.ModelBinding.UnsupportedContentTypeFilter (Order: -3000)
dbug: Microsoft.AspNetCore.Mvc.Infrastructure.ControllerActionInvoker[1]
      Execution plan of exception filters (in the following order): None
dbug: Microsoft.AspNetCore.Mvc.Infrastructure.ControllerActionInvoker[1]
      Execution plan of result filters (in the following order): Microsoft.AspNetCore.Mvc.ViewFeatures.Filters.SaveTempDataFilter
dbug: Microsoft.AspNetCore.Mvc.Infrastructure.ControllerActionInvoker[1]
      Executing controller factory for controller ParcelManagement2.Controllers.HomeController (ParcelProject)
dbug: ParcelManagement2.Models.DBConn[0]
      資料庫連線字串已設定
dbug: Microsoft.AspNetCore.Mvc.Infrastructure.ControllerActionInvoker[2]
      Executed controller factory for controller ParcelManagement2.Controllers.HomeController (ParcelProject)
dbug: ParcelManagement2.Models.DBConn[0]
      查詢成功，返回 0 行數據
info: Microsoft.AspNetCore.Mvc.Infrastructure.SystemTextJsonResultExecutor[1]
      Executing JsonResult, writing value of type '<>f__AnonymousType10`1[[System.String, System.Private.CoreLib, Version=8.0.0.0, Culture=neutral, PublicKeyToken=7cec85d7bea7798e]][]'.
info: Microsoft.AspNetCore.Mvc.Infrastructure.ControllerActionInvoker[105]
      Executed action ParcelManagement2.Controllers.HomeController.GetDeletedPackages (ParcelProject) in 27.6397ms
info: Microsoft.AspNetCore.Routing.EndpointMiddleware[1]
      Executed endpoint 'ParcelManagement2.Controllers.HomeController.GetDeletedPackages (ParcelProject)'
info: Microsoft.AspNetCore.Hosting.Diagnostics[2]
      Request finished HTTP/2 POST https://localhost:44353/Home/GetDeletedPackages - 200 - application/json;+charset=utf-8 98.3413ms
dbug: Microsoft.AspNetCore.Server.IIS.Core.IISHttpServer[1]
      Connection ID "18086456138684957102" disconnecting.
dbug: Microsoft.Extensions.Http.DefaultHttpClientFactory[100]
      Starting HttpMessageHandler cleanup cycle with 3 items
dbug: Microsoft.Extensions.Http.DefaultHttpClientFactory[101]
      Ending HttpMessageHandler cleanup cycle after 0.0025ms - processed: 0 items - remaining: 3 items
info: Microsoft.AspNetCore.Hosting.Diagnostics[1]
      Request starting HTTP/2 POST https://localhost:44353/Home/GetUndeliveredPackages - - 0
dbug: Microsoft.AspNetCore.StaticFiles.StaticFileMiddleware[1]
      POST requests are not supported
dbug: Microsoft.AspNetCore.Routing.Matching.DfaMatcher[1001]
      1 candidate(s) found for the request path '/Home/GetUndeliveredPackages'
dbug: Microsoft.AspNetCore.Routing.Matching.DfaMatcher[1005]
      Endpoint 'ParcelManagement2.Controllers.HomeController.GetUndeliveredPackages (ParcelProject)' with route pattern '{controller=Account}/{action=Login}/{id?}' is valid for the request path '/Home/GetUndeliveredPackages'
dbug: Microsoft.AspNetCore.Routing.EndpointRoutingMiddleware[1]
      Request matched endpoint 'ParcelManagement2.Controllers.HomeController.GetUndeliveredPackages (ParcelProject)'
dbug: Microsoft.AspNetCore.Authentication.Cookies.CookieAuthenticationHandler[8]
      AuthenticationScheme: Cookies was successfully authenticated.
dbug: Microsoft.AspNetCore.Authorization.DefaultAuthorizationService[1]
      Authorization was successful.
info: Microsoft.AspNetCore.Routing.EndpointMiddleware[0]
      Executing endpoint 'ParcelManagement2.Controllers.HomeController.GetUndeliveredPackages (ParcelProject)'
info: Microsoft.AspNetCore.Mvc.Infrastructure.ControllerActionInvoker[102]
      Route matched with {action = "GetUndeliveredPackages", controller = "Home"}. Executing controller action with signature System.Threading.Tasks.Task`1[Microsoft.AspNetCore.Mvc.JsonResult] GetUndeliveredPackages() on controller ParcelManagement2.Controllers.HomeController (ParcelProject).
dbug: Microsoft.AspNetCore.Mvc.Infrastructure.ControllerActionInvoker[1]
      Execution plan of authorization filters (in the following order): None
dbug: Microsoft.AspNetCore.Mvc.Infrastructure.ControllerActionInvoker[1]
      Execution plan of resource filters (in the following order): Microsoft.AspNetCore.Mvc.ViewFeatures.Filters.SaveTempDataFilter
dbug: Microsoft.AspNetCore.Mvc.Infrastructure.ControllerActionInvoker[1]
      Execution plan of action filters (in the following order): Microsoft.AspNetCore.Mvc.Filters.ControllerActionFilter (Order: -2147483648), Microsoft.AspNetCore.Mvc.ModelBinding.UnsupportedContentTypeFilter (Order: -3000)
dbug: Microsoft.AspNetCore.Mvc.Infrastructure.ControllerActionInvoker[1]
      Execution plan of exception filters (in the following order): None
dbug: Microsoft.AspNetCore.Mvc.Infrastructure.ControllerActionInvoker[1]
      Execution plan of result filters (in the following order): Microsoft.AspNetCore.Mvc.ViewFeatures.Filters.SaveTempDataFilter
dbug: Microsoft.AspNetCore.Mvc.Infrastructure.ControllerActionInvoker[1]
      Executing controller factory for controller ParcelManagement2.Controllers.HomeController (ParcelProject)
dbug: ParcelManagement2.Models.DBConn[0]
      資料庫連線字串已設定
dbug: Microsoft.AspNetCore.Mvc.Infrastructure.ControllerActionInvoker[2]
      Executed controller factory for controller ParcelManagement2.Controllers.HomeController (ParcelProject)
dbug: ParcelManagement2.Models.DBConn[0]
      查詢成功，返回 167 行數據
info: Microsoft.AspNetCore.Mvc.Infrastructure.SystemTextJsonResultExecutor[1]
      Executing JsonResult, writing value of type 'System.Text.Json.JsonElement'.
info: Microsoft.AspNetCore.Mvc.Infrastructure.ControllerActionInvoker[105]
      Executed action ParcelManagement2.Controllers.HomeController.GetUndeliveredPackages (ParcelProject) in 35.4459ms
info: Microsoft.AspNetCore.Routing.EndpointMiddleware[1]
      Executed endpoint 'ParcelManagement2.Controllers.HomeController.GetUndeliveredPackages (ParcelProject)'
info: Microsoft.AspNetCore.Hosting.Diagnostics[2]
      Request finished HTTP/2 POST https://localhost:44353/Home/GetUndeliveredPackages - 200 - application/json;+charset=utf-8 65.7932ms
dbug: Microsoft.AspNetCore.Server.IIS.Core.IISHttpServer[1]
      Connection ID "18086456164454760736" disconnecting.
info: Microsoft.AspNetCore.Hosting.Diagnostics[1]
      Request starting HTTP/2 POST https://localhost:44353/Home/GetAllProduct - - 0
dbug: Microsoft.AspNetCore.StaticFiles.StaticFileMiddleware[1]
      POST requests are not supported
dbug: Microsoft.AspNetCore.Routing.Matching.DfaMatcher[1001]
      1 candidate(s) found for the request path '/Home/GetAllProduct'
dbug: Microsoft.AspNetCore.Routing.Matching.DfaMatcher[1005]
      Endpoint 'ParcelManagement2.Controllers.HomeController.GetAllProduct (ParcelProject)' with route pattern '{controller=Account}/{action=Login}/{id?}' is valid for the request path '/Home/GetAllProduct'
dbug: Microsoft.AspNetCore.Routing.EndpointRoutingMiddleware[1]
      Request matched endpoint 'ParcelManagement2.Controllers.HomeController.GetAllProduct (ParcelProject)'
dbug: Microsoft.AspNetCore.Authentication.Cookies.CookieAuthenticationHandler[8]
      AuthenticationScheme: Cookies was successfully authenticated.
dbug: Microsoft.AspNetCore.Authorization.DefaultAuthorizationService[1]
      Authorization was successful.
info: Microsoft.AspNetCore.Routing.EndpointMiddleware[0]
      Executing endpoint 'ParcelManagement2.Controllers.HomeController.GetAllProduct (ParcelProject)'
info: Microsoft.AspNetCore.Mvc.Infrastructure.ControllerActionInvoker[102]
      Route matched with {action = "GetAllProduct", controller = "Home"}. Executing controller action with signature System.Threading.Tasks.Task`1[Microsoft.AspNetCore.Mvc.JsonResult] GetAllProduct() on controller ParcelManagement2.Controllers.HomeController (ParcelProject).
dbug: Microsoft.AspNetCore.Mvc.Infrastructure.ControllerActionInvoker[1]
      Execution plan of authorization filters (in the following order): None
dbug: Microsoft.AspNetCore.Mvc.Infrastructure.ControllerActionInvoker[1]
      Execution plan of resource filters (in the following order): Microsoft.AspNetCore.Mvc.ViewFeatures.Filters.SaveTempDataFilter
dbug: Microsoft.AspNetCore.Mvc.Infrastructure.ControllerActionInvoker[1]
      Execution plan of action filters (in the following order): Microsoft.AspNetCore.Mvc.Filters.ControllerActionFilter (Order: -2147483648), Microsoft.AspNetCore.Mvc.ModelBinding.UnsupportedContentTypeFilter (Order: -3000)
dbug: Microsoft.AspNetCore.Mvc.Infrastructure.ControllerActionInvoker[1]
      Execution plan of exception filters (in the following order): None
dbug: Microsoft.AspNetCore.Mvc.Infrastructure.ControllerActionInvoker[1]
      Execution plan of result filters (in the following order): Microsoft.AspNetCore.Mvc.ViewFeatures.Filters.SaveTempDataFilter
dbug: Microsoft.AspNetCore.Mvc.Infrastructure.ControllerActionInvoker[1]
      Executing controller factory for controller ParcelManagement2.Controllers.HomeController (ParcelProject)
dbug: ParcelManagement2.Models.DBConn[0]
      資料庫連線字串已設定
dbug: Microsoft.AspNetCore.Mvc.Infrastructure.ControllerActionInvoker[2]
      Executed controller factory for controller ParcelManagement2.Controllers.HomeController (ParcelProject)
dbug: ParcelManagement2.Models.DBConn[0]
      查詢成功，返回 175 行數據
info: Microsoft.AspNetCore.Mvc.Infrastructure.SystemTextJsonResultExecutor[1]
      Executing JsonResult, writing value of type 'System.Text.Json.JsonElement'.
info: Microsoft.AspNetCore.Mvc.Infrastructure.ControllerActionInvoker[105]
      Executed action ParcelManagement2.Controllers.HomeController.GetAllProduct (ParcelProject) in 26.9424ms
info: Microsoft.AspNetCore.Routing.EndpointMiddleware[1]
      Executed endpoint 'ParcelManagement2.Controllers.HomeController.GetAllProduct (ParcelProject)'
info: Microsoft.AspNetCore.Hosting.Diagnostics[2]
      Request finished HTTP/2 POST https://localhost:44353/Home/GetAllProduct - 200 - application/json;+charset=utf-8 63.9689ms
dbug: Microsoft.AspNetCore.Server.IIS.Core.IISHttpServer[1]
      Connection ID "18086456121505087527" disconnecting.
dbug: Microsoft.Extensions.Http.DefaultHttpClientFactory[100]
      Starting HttpMessageHandler cleanup cycle with 3 items
dbug: Microsoft.Extensions.Http.DefaultHttpClientFactory[101]
      Ending HttpMessageHandler cleanup cycle after 0.0029ms - processed: 0 items - remaining: 3 items
dbug: Microsoft.Extensions.Http.DefaultHttpClientFactory[100]
      Starting HttpMessageHandler cleanup cycle with 3 items
dbug: Microsoft.Extensions.Http.DefaultHttpClientFactory[101]
      Ending HttpMessageHandler cleanup cycle after 0.0042ms - processed: 0 items - remaining: 3 items
dbug: Microsoft.Extensions.Http.DefaultHttpClientFactory[100]
      Starting HttpMessageHandler cleanup cycle with 3 items
dbug: Microsoft.Extensions.Http.DefaultHttpClientFactory[101]
      Ending HttpMessageHandler cleanup cycle after 0.0022ms - processed: 0 items - remaining: 3 items
dbug: Microsoft.Extensions.Http.DefaultHttpClientFactory[100]
      Starting HttpMessageHandler cleanup cycle with 3 items
dbug: Microsoft.Extensions.Http.DefaultHttpClientFactory[101]
      Ending HttpMessageHandler cleanup cycle after 0.003ms - processed: 0 items - remaining: 3 items
dbug: Microsoft.Extensions.Http.DefaultHttpClientFactory[100]
      Starting HttpMessageHandler cleanup cycle with 3 items
dbug: Microsoft.Extensions.Http.DefaultHttpClientFactory[101]
      Ending HttpMessageHandler cleanup cycle after 0.0038ms - processed: 0 items - remaining: 3 items
dbug: Microsoft.Extensions.Http.DefaultHttpClientFactory[100]
      Starting HttpMessageHandler cleanup cycle with 3 items
dbug: Microsoft.Extensions.Http.DefaultHttpClientFactory[101]
      Ending HttpMessageHandler cleanup cycle after 0.0025ms - processed: 0 items - remaining: 3 items
dbug: Microsoft.Extensions.Http.DefaultHttpClientFactory[100]
      Starting HttpMessageHandler cleanup cycle with 3 items
dbug: Microsoft.Extensions.Http.DefaultHttpClientFactory[101]
      Ending HttpMessageHandler cleanup cycle after 0.0018ms - processed: 0 items - remaining: 3 items
dbug: Microsoft.Extensions.Http.DefaultHttpClientFactory[100]
      Starting HttpMessageHandler cleanup cycle with 3 items
dbug: Microsoft.Extensions.Http.DefaultHttpClientFactory[101]
      Ending HttpMessageHandler cleanup cycle after 0.0022ms - processed: 0 items - remaining: 3 items
dbug: Microsoft.Extensions.Http.DefaultHttpClientFactory[100]
      Starting HttpMessageHandler cleanup cycle with 3 items
dbug: Microsoft.Extensions.Http.DefaultHttpClientFactory[101]
      Ending HttpMessageHandler cleanup cycle after 0.0047ms - processed: 0 items - remaining: 3 items
dbug: Microsoft.Extensions.Http.DefaultHttpClientFactory[103]
      HttpMessageHandler expired after 120000ms for client ''
dbug: Microsoft.Extensions.Http.DefaultHttpClientFactory[100]
      Starting HttpMessageHandler cleanup cycle with 4 items
dbug: Microsoft.Extensions.Http.DefaultHttpClientFactory[101]
      Ending HttpMessageHandler cleanup cycle after 0.0022ms - processed: 0 items - remaining: 4 items
dbug: Microsoft.Extensions.Http.DefaultHttpClientFactory[100]
      Starting HttpMessageHandler cleanup cycle with 4 items
dbug: Microsoft.Extensions.Http.DefaultHttpClientFactory[101]
      Ending HttpMessageHandler cleanup cycle after 0.0017ms - processed: 0 items - remaining: 4 items
dbug: Microsoft.Extensions.Http.DefaultHttpClientFactory[100]
      Starting HttpMessageHandler cleanup cycle with 4 items
dbug: Microsoft.Extensions.Http.DefaultHttpClientFactory[101]
      Ending HttpMessageHandler cleanup cycle after 0.0014ms - processed: 0 items - remaining: 4 items
dbug: Microsoft.Extensions.Http.DefaultHttpClientFactory[100]
      Starting HttpMessageHandler cleanup cycle with 4 items
dbug: Microsoft.Extensions.Http.DefaultHttpClientFactory[101]
      Ending HttpMessageHandler cleanup cycle after 0.0018ms - processed: 0 items - remaining: 4 items
dbug: Microsoft.Extensions.Http.DefaultHttpClientFactory[100]
      Starting HttpMessageHandler cleanup cycle with 4 items
dbug: Microsoft.Extensions.Http.DefaultHttpClientFactory[101]
      Ending HttpMessageHandler cleanup cycle after 0.0016ms - processed: 0 items - remaining: 4 items
dbug: Microsoft.Extensions.Http.DefaultHttpClientFactory[100]
      Starting HttpMessageHandler cleanup cycle with 4 items
dbug: Microsoft.Extensions.Http.DefaultHttpClientFactory[101]
      Ending HttpMessageHandler cleanup cycle after 0.0018ms - processed: 0 items - remaining: 4 items
dbug: Microsoft.Extensions.Http.DefaultHttpClientFactory[100]
      Starting HttpMessageHandler cleanup cycle with 4 items
dbug: Microsoft.Extensions.Http.DefaultHttpClientFactory[101]
      Ending HttpMessageHandler cleanup cycle after 0.0013ms - processed: 0 items - remaining: 4 items
dbug: Microsoft.Extensions.Http.DefaultHttpClientFactory[100]
      Starting HttpMessageHandler cleanup cycle with 4 items
dbug: Microsoft.Extensions.Http.DefaultHttpClientFactory[101]
      Ending HttpMessageHandler cleanup cycle after 0.0022ms - processed: 0 items - remaining: 4 items
dbug: Microsoft.Extensions.Http.DefaultHttpClientFactory[100]
      Starting HttpMessageHandler cleanup cycle with 4 items
dbug: Microsoft.Extensions.Http.DefaultHttpClientFactory[101]
      Ending HttpMessageHandler cleanup cycle after 0.0016ms - processed: 0 items - remaining: 4 items
dbug: Microsoft.Extensions.Http.DefaultHttpClientFactory[100]
      Starting HttpMessageHandler cleanup cycle with 4 items
dbug: Microsoft.Extensions.Http.DefaultHttpClientFactory[101]
      Ending HttpMessageHandler cleanup cycle after 0.0015ms - processed: 0 items - remaining: 4 items
dbug: Microsoft.Extensions.Http.DefaultHttpClientFactory[100]
      Starting HttpMessageHandler cleanup cycle with 4 items
dbug: Microsoft.Extensions.Http.DefaultHttpClientFactory[101]
      Ending HttpMessageHandler cleanup cycle after 0.0013ms - processed: 0 items - remaining: 4 items
dbug: Microsoft.Extensions.Http.DefaultHttpClientFactory[100]
      Starting HttpMessageHandler cleanup cycle with 4 items
dbug: Microsoft.Extensions.Http.DefaultHttpClientFactory[101]
      Ending HttpMessageHandler cleanup cycle after 0.0016ms - processed: 0 items - remaining: 4 items
info: Microsoft.AspNetCore.Hosting.Diagnostics[1]
      Request starting HTTP/2 GET https://localhost:44353/.well-known/appspecific/com.chrome.devtools.json - - -
dbug: Microsoft.AspNetCore.StaticFiles.StaticFileMiddleware[5]
      The request path /.well-known/appspecific/com.chrome.devtools.json does not match an existing file
dbug: Microsoft.AspNetCore.Routing.Matching.DfaMatcher[1000]
      No candidates found for the request path '/.well-known/appspecific/com.chrome.devtools.json'
dbug: Microsoft.AspNetCore.Routing.EndpointRoutingMiddleware[2]
      Request did not match any endpoints
dbug: Microsoft.AspNetCore.Authentication.Cookies.CookieAuthenticationHandler[8]
      AuthenticationScheme: Cookies was successfully authenticated.
info: Microsoft.AspNetCore.Hosting.Diagnostics[2]
      Request finished HTTP/2 GET https://localhost:44353/.well-known/appspecific/com.chrome.devtools.json - 404 - - 15.3892ms
dbug: Microsoft.AspNetCore.Server.IIS.Core.IISHttpServer[1]
      Connection ID "17726168177085251872" disconnecting.
info: Microsoft.AspNetCore.Hosting.Diagnostics[16]
      Request reached the end of the middleware pipeline without being handled by application code. Request path: GET https://localhost:44353/.well-known/appspecific/com.chrome.devtools.json, Response status code: 404
dbug: Microsoft.Extensions.Http.DefaultHttpClientFactory[100]
      Starting HttpMessageHandler cleanup cycle with 4 items
dbug: Microsoft.Extensions.Http.DefaultHttpClientFactory[101]
      Ending HttpMessageHandler cleanup cycle after 0.0017ms - processed: 0 items - remaining: 4 items
dbug: Microsoft.Extensions.Http.DefaultHttpClientFactory[100]
      Starting HttpMessageHandler cleanup cycle with 4 items
dbug: Microsoft.Extensions.Http.DefaultHttpClientFactory[101]
      Ending HttpMessageHandler cleanup cycle after 0.0029ms - processed: 0 items - remaining: 4 items
dbug: Microsoft.Extensions.Http.DefaultHttpClientFactory[100]
      Starting HttpMessageHandler cleanup cycle with 4 items
dbug: Microsoft.Extensions.Http.DefaultHttpClientFactory[101]
      Ending HttpMessageHandler cleanup cycle after 0.001ms - processed: 0 items - remaining: 4 items
info: Microsoft.AspNetCore.Hosting.Diagnostics[1]
      Request starting HTTP/2 GET https://localhost:44353/Home/Packages - - -
dbug: Microsoft.AspNetCore.StaticFiles.StaticFileMiddleware[4]
      The request path /Home/Packages does not match a supported file type
dbug: Microsoft.AspNetCore.Routing.Matching.DfaMatcher[1001]
      1 candidate(s) found for the request path '/Home/Packages'
dbug: Microsoft.AspNetCore.Routing.Matching.DfaMatcher[1005]
      Endpoint 'ParcelManagement2.Controllers.HomeController.Packages (ParcelProject)' with route pattern '{controller=Account}/{action=Login}/{id?}' is valid for the request path '/Home/Packages'
dbug: Microsoft.AspNetCore.Routing.EndpointRoutingMiddleware[1]
      Request matched endpoint 'ParcelManagement2.Controllers.HomeController.Packages (ParcelProject)'
dbug: Microsoft.AspNetCore.Authentication.Cookies.CookieAuthenticationHandler[8]
      AuthenticationScheme: Cookies was successfully authenticated.
dbug: Microsoft.AspNetCore.Authorization.DefaultAuthorizationService[1]
      Authorization was successful.
info: Microsoft.AspNetCore.Routing.EndpointMiddleware[0]
      Executing endpoint 'ParcelManagement2.Controllers.HomeController.Packages (ParcelProject)'
info: Microsoft.AspNetCore.Mvc.Infrastructure.ControllerActionInvoker[102]
      Route matched with {action = "Packages", controller = "Home"}. Executing controller action with signature Microsoft.AspNetCore.Mvc.IActionResult Packages() on controller ParcelManagement2.Controllers.HomeController (ParcelProject).
dbug: Microsoft.AspNetCore.Mvc.Infrastructure.ControllerActionInvoker[1]
      Execution plan of authorization filters (in the following order): None
dbug: Microsoft.AspNetCore.Mvc.Infrastructure.ControllerActionInvoker[1]
      Execution plan of resource filters (in the following order): Microsoft.AspNetCore.Mvc.ViewFeatures.Filters.SaveTempDataFilter
dbug: Microsoft.AspNetCore.Mvc.Infrastructure.ControllerActionInvoker[1]
      Execution plan of action filters (in the following order): Microsoft.AspNetCore.Mvc.Filters.ControllerActionFilter (Order: -2147483648), Microsoft.AspNetCore.Mvc.ModelBinding.UnsupportedContentTypeFilter (Order: -3000)
dbug: Microsoft.AspNetCore.Mvc.Infrastructure.ControllerActionInvoker[1]
      Execution plan of exception filters (in the following order): None
dbug: Microsoft.AspNetCore.Mvc.Infrastructure.ControllerActionInvoker[1]
      Execution plan of result filters (in the following order): Microsoft.AspNetCore.Mvc.ViewFeatures.Filters.SaveTempDataFilter
dbug: Microsoft.AspNetCore.Mvc.Infrastructure.ControllerActionInvoker[1]
      Executing controller factory for controller ParcelManagement2.Controllers.HomeController (ParcelProject)
dbug: ParcelManagement2.Models.DBConn[0]
      資料庫連線字串已設定
dbug: Microsoft.AspNetCore.Mvc.Infrastructure.ControllerActionInvoker[2]
      Executed controller factory for controller ParcelManagement2.Controllers.HomeController (ParcelProject)
dbug: Microsoft.AspNetCore.Mvc.Razor.RazorViewEngine[2]
      View lookup cache hit for view 'Packages' in controller 'Home'.
info: Microsoft.AspNetCore.Mvc.ViewFeatures.ViewResultExecutor[1]
      Executing ViewResult, running view Packages.
dbug: Microsoft.AspNetCore.Mvc.ViewFeatures.ViewResultExecutor[2]
      The view path '/Views/Home/Packages.cshtml' was found in 2.5617ms.
dbug: Microsoft.AspNetCore.Antiforgery.DefaultAntiforgery[6]
      An antiforgery cookie token was reused.
dbug: Microsoft.WebTools.BrowserLink.Net.BrowserLinkMiddleware[1]
      Response markup is scheduled to include Browser Link script injection.
dbug: Microsoft.AspNetCore.Watch.BrowserRefresh.BrowserRefreshMiddleware[1]
      Response markup is scheduled to include browser refresh script injection.
info: Microsoft.AspNetCore.Mvc.ViewFeatures.ViewResultExecutor[4]
      Executed ViewResult - view Packages executed in 7.6568ms.
info: Microsoft.AspNetCore.Mvc.Infrastructure.ControllerActionInvoker[105]
      Executed action ParcelManagement2.Controllers.HomeController.Packages (ParcelProject) in 12.4813ms
info: Microsoft.AspNetCore.Routing.EndpointMiddleware[1]
      Executed endpoint 'ParcelManagement2.Controllers.HomeController.Packages (ParcelProject)'
dbug: Microsoft.WebTools.BrowserLink.Net.BrowserLinkMiddleware[2]
      Response markup was updated to include Browser Link script injection.
dbug: Microsoft.AspNetCore.Watch.BrowserRefresh.BrowserRefreshMiddleware[2]
      Response markup was updated to include browser refresh script injection.
dbug: Microsoft.AspNetCore.Server.IIS.Core.IISHttpServer[1]
      Connection ID "18158513749902753857" disconnecting.
info: Microsoft.AspNetCore.Hosting.Diagnostics[2]
      Request finished HTTP/2 GET https://localhost:44353/Home/Packages - 200 - text/html;+charset=utf-8 45.2592ms
info: Microsoft.AspNetCore.Hosting.Diagnostics[1]
      Request starting HTTP/2 GET https://localhost:44353/_vs/browserLink - - -
info: Microsoft.AspNetCore.Hosting.Diagnostics[1]
      Request starting HTTP/2 GET https://localhost:44353/_framework/aspnetcore-browser-refresh.js - - -
dbug: Microsoft.AspNetCore.Watch.BrowserRefresh.BrowserScriptMiddleware[0]
      Script injected: /_framework/aspnetcore-browser-refresh.js
info: Microsoft.AspNetCore.Hosting.Diagnostics[2]
      Request finished HTTP/2 GET https://localhost:44353/_framework/aspnetcore-browser-refresh.js - 200 16511 application/javascript;+charset=utf-8 6.4473ms
dbug: Microsoft.AspNetCore.Server.IIS.Core.IISHttpServer[1]
      Connection ID "18014398510287290700" disconnecting.
dbug: Microsoft.AspNetCore.Server.IIS.Core.IISHttpServer[1]
      Connection ID "18302628959453446223" disconnecting.
info: Microsoft.AspNetCore.Hosting.Diagnostics[2]
      Request finished HTTP/2 GET https://localhost:44353/_vs/browserLink - 200 - text/javascript;+charset=UTF-8 18.7534ms
info: Microsoft.AspNetCore.Hosting.Diagnostics[1]
      Request starting HTTP/2 GET https://localhost:44353/.well-known/appspecific/com.chrome.devtools.json - - -
dbug: Microsoft.AspNetCore.StaticFiles.StaticFileMiddleware[5]
      The request path /.well-known/appspecific/com.chrome.devtools.json does not match an existing file
dbug: Microsoft.AspNetCore.Routing.Matching.DfaMatcher[1000]
      No candidates found for the request path '/.well-known/appspecific/com.chrome.devtools.json'
dbug: Microsoft.AspNetCore.Routing.EndpointRoutingMiddleware[2]
      Request did not match any endpoints
dbug: Microsoft.AspNetCore.Authentication.Cookies.CookieAuthenticationHandler[8]
      AuthenticationScheme: Cookies was successfully authenticated.
info: Microsoft.AspNetCore.Hosting.Diagnostics[2]
      Request finished HTTP/2 GET https://localhost:44353/.well-known/appspecific/com.chrome.devtools.json - 404 - - 9.0193ms
dbug: Microsoft.AspNetCore.Server.IIS.Core.IISHttpServer[1]
      Connection ID "17149707416191893561" disconnecting.
info: Microsoft.AspNetCore.Hosting.Diagnostics[16]
      Request reached the end of the middleware pipeline without being handled by application code. Request path: GET https://localhost:44353/.well-known/appspecific/com.chrome.devtools.json, Response status code: 404
info: Microsoft.AspNetCore.Hosting.Diagnostics[1]
      Request starting HTTP/2 POST https://localhost:44353/Home/GetAllProduct - - 0
info: Microsoft.AspNetCore.Hosting.Diagnostics[1]
      Request starting HTTP/2 POST https://localhost:44353/Home/BuildResidentList - - 0
info: Microsoft.AspNetCore.Hosting.Diagnostics[1]
      Request starting HTTP/2 POST https://localhost:44353/Home/BuildProdTypeList - - 0
dbug: Microsoft.AspNetCore.StaticFiles.StaticFileMiddleware[1]
      POST requests are not supported
dbug: Microsoft.AspNetCore.StaticFiles.StaticFileMiddleware[1]
      POST requests are not supported
info: Microsoft.AspNetCore.Hosting.Diagnostics[1]
      Request starting HTTP/2 POST https://localhost:44353/Home/GetAllProduct - - 0
dbug: Microsoft.AspNetCore.Routing.Matching.DfaMatcher[1001]
      1 candidate(s) found for the request path '/Home/GetAllProduct'
dbug: Microsoft.AspNetCore.StaticFiles.StaticFileMiddleware[1]
      POST requests are not supported
dbug: Microsoft.AspNetCore.Routing.Matching.DfaMatcher[1001]
      1 candidate(s) found for the request path '/Home/BuildResidentList'
dbug: Microsoft.AspNetCore.Routing.Matching.DfaMatcher[1001]
      1 candidate(s) found for the request path '/Home/GetAllProduct'
dbug: Microsoft.AspNetCore.Routing.Matching.DfaMatcher[1005]
      Endpoint 'ParcelManagement2.Controllers.HomeController.BuildResidentList (ParcelProject)' with route pattern '{controller=Account}/{action=Login}/{id?}' is valid for the request path '/Home/BuildResidentList'
dbug: Microsoft.AspNetCore.Routing.Matching.DfaMatcher[1005]
      Endpoint 'ParcelManagement2.Controllers.HomeController.GetAllProduct (ParcelProject)' with route pattern '{controller=Account}/{action=Login}/{id?}' is valid for the request path '/Home/GetAllProduct'
dbug: Microsoft.AspNetCore.Routing.EndpointRoutingMiddleware[1]
      Request matched endpoint 'ParcelManagement2.Controllers.HomeController.BuildResidentList (ParcelProject)'
dbug: Microsoft.AspNetCore.Routing.EndpointRoutingMiddleware[1]
      Request matched endpoint 'ParcelManagement2.Controllers.HomeController.GetAllProduct (ParcelProject)'
dbug: Microsoft.AspNetCore.Authentication.Cookies.CookieAuthenticationHandler[8]
      AuthenticationScheme: Cookies was successfully authenticated.
dbug: Microsoft.AspNetCore.Authentication.Cookies.CookieAuthenticationHandler[8]
      AuthenticationScheme: Cookies was successfully authenticated.
dbug: Microsoft.AspNetCore.Authorization.DefaultAuthorizationService[1]
      Authorization was successful.
dbug: Microsoft.AspNetCore.Authorization.DefaultAuthorizationService[1]
      Authorization was successful.
info: Microsoft.AspNetCore.Routing.EndpointMiddleware[0]
      Executing endpoint 'ParcelManagement2.Controllers.HomeController.GetAllProduct (ParcelProject)'
info: Microsoft.AspNetCore.Routing.EndpointMiddleware[0]
      Executing endpoint 'ParcelManagement2.Controllers.HomeController.BuildResidentList (ParcelProject)'
info: Microsoft.AspNetCore.Mvc.Infrastructure.ControllerActionInvoker[102]
      Route matched with {action = "GetAllProduct", controller = "Home"}. Executing controller action with signature System.Threading.Tasks.Task`1[Microsoft.AspNetCore.Mvc.JsonResult] GetAllProduct() on controller ParcelManagement2.Controllers.HomeController (ParcelProject).
info: Microsoft.AspNetCore.Mvc.Infrastructure.ControllerActionInvoker[102]
      Route matched with {action = "BuildResidentList", controller = "Home"}. Executing controller action with signature System.Threading.Tasks.Task`1[Microsoft.AspNetCore.Mvc.JsonResult] BuildResidentList() on controller ParcelManagement2.Controllers.HomeController (ParcelProject).
dbug: Microsoft.AspNetCore.Mvc.Infrastructure.ControllerActionInvoker[1]
      Execution plan of authorization filters (in the following order): None
dbug: Microsoft.AspNetCore.Mvc.Infrastructure.ControllerActionInvoker[1]
      Execution plan of authorization filters (in the following order): None
dbug: Microsoft.AspNetCore.Mvc.Infrastructure.ControllerActionInvoker[1]
      Execution plan of resource filters (in the following order): Microsoft.AspNetCore.Mvc.ViewFeatures.Filters.SaveTempDataFilter
dbug: Microsoft.AspNetCore.Mvc.Infrastructure.ControllerActionInvoker[1]
      Execution plan of action filters (in the following order): Microsoft.AspNetCore.Mvc.Filters.ControllerActionFilter (Order: -2147483648), Microsoft.AspNetCore.Mvc.ModelBinding.UnsupportedContentTypeFilter (Order: -3000)
dbug: Microsoft.AspNetCore.Mvc.Infrastructure.ControllerActionInvoker[1]
      Execution plan of resource filters (in the following order): Microsoft.AspNetCore.Mvc.ViewFeatures.Filters.SaveTempDataFilter
dbug: Microsoft.AspNetCore.Mvc.Infrastructure.ControllerActionInvoker[1]
      Execution plan of action filters (in the following order): Microsoft.AspNetCore.Mvc.Filters.ControllerActionFilter (Order: -2147483648), Microsoft.AspNetCore.Mvc.ModelBinding.UnsupportedContentTypeFilter (Order: -3000)
dbug: Microsoft.AspNetCore.Mvc.Infrastructure.ControllerActionInvoker[1]
      Execution plan of exception filters (in the following order): None
dbug: Microsoft.AspNetCore.Mvc.Infrastructure.ControllerActionInvoker[1]
      Execution plan of result filters (in the following order): Microsoft.AspNetCore.Mvc.ViewFeatures.Filters.SaveTempDataFilter
dbug: Microsoft.AspNetCore.Mvc.Infrastructure.ControllerActionInvoker[1]
      Executing controller factory for controller ParcelManagement2.Controllers.HomeController (ParcelProject)
dbug: Microsoft.AspNetCore.Mvc.Infrastructure.ControllerActionInvoker[1]
      Execution plan of exception filters (in the following order): None
dbug: ParcelManagement2.Models.DBConn[0]
      資料庫連線字串已設定
dbug: Microsoft.AspNetCore.Mvc.Infrastructure.ControllerActionInvoker[2]
      Executed controller factory for controller ParcelManagement2.Controllers.HomeController (ParcelProject)
dbug: Microsoft.AspNetCore.Mvc.Infrastructure.ControllerActionInvoker[1]
      Execution plan of result filters (in the following order): Microsoft.AspNetCore.Mvc.ViewFeatures.Filters.SaveTempDataFilter
dbug: Microsoft.AspNetCore.Mvc.Infrastructure.ControllerActionInvoker[1]
      Executing controller factory for controller ParcelManagement2.Controllers.HomeController (ParcelProject)
dbug: Microsoft.AspNetCore.Routing.Matching.DfaMatcher[1005]
      Endpoint 'ParcelManagement2.Controllers.HomeController.GetAllProduct (ParcelProject)' with route pattern '{controller=Account}/{action=Login}/{id?}' is valid for the request path '/Home/GetAllProduct'
dbug: ParcelManagement2.Models.DBConn[0]
      資料庫連線字串已設定
dbug: Microsoft.AspNetCore.Routing.EndpointRoutingMiddleware[1]
      Request matched endpoint 'ParcelManagement2.Controllers.HomeController.GetAllProduct (ParcelProject)'
dbug: Microsoft.AspNetCore.Authentication.Cookies.CookieAuthenticationHandler[8]
      AuthenticationScheme: Cookies was successfully authenticated.
dbug: Microsoft.AspNetCore.Mvc.Infrastructure.ControllerActionInvoker[2]
      Executed controller factory for controller ParcelManagement2.Controllers.HomeController (ParcelProject)
dbug: Microsoft.AspNetCore.Authorization.DefaultAuthorizationService[1]
      Authorization was successful.
dbug: ParcelManagement2.Models.DBConn[0]
      查詢成功，返回 175 行數據
info: Microsoft.AspNetCore.Routing.EndpointMiddleware[0]
      Executing endpoint 'ParcelManagement2.Controllers.HomeController.GetAllProduct (ParcelProject)'
info: Microsoft.AspNetCore.Mvc.Infrastructure.ControllerActionInvoker[102]
      Route matched with {action = "GetAllProduct", controller = "Home"}. Executing controller action with signature System.Threading.Tasks.Task`1[Microsoft.AspNetCore.Mvc.JsonResult] GetAllProduct() on controller ParcelManagement2.Controllers.HomeController (ParcelProject).
dbug: ParcelManagement2.Models.DBConn[0]
      查詢成功，返回 29 行數據
info: Microsoft.AspNetCore.Mvc.Infrastructure.SystemTextJsonResultExecutor[1]
      Executing JsonResult, writing value of type 'System.Text.Json.JsonElement'.
dbug: Microsoft.AspNetCore.Mvc.Infrastructure.ControllerActionInvoker[1]
      Execution plan of authorization filters (in the following order): None
info: Microsoft.AspNetCore.Mvc.Infrastructure.SystemTextJsonResultExecutor[1]
      Executing JsonResult, writing value of type 'System.Text.Json.JsonElement'.
info: Microsoft.AspNetCore.Mvc.Infrastructure.ControllerActionInvoker[105]
      Executed action ParcelManagement2.Controllers.HomeController.GetAllProduct (ParcelProject) in 75.9706ms
dbug: Microsoft.AspNetCore.Mvc.Infrastructure.ControllerActionInvoker[1]
      Execution plan of resource filters (in the following order): Microsoft.AspNetCore.Mvc.ViewFeatures.Filters.SaveTempDataFilter
info: Microsoft.AspNetCore.Routing.EndpointMiddleware[1]
      Executed endpoint 'ParcelManagement2.Controllers.HomeController.GetAllProduct (ParcelProject)'
info: Microsoft.AspNetCore.Hosting.Diagnostics[2]
      Request finished HTTP/2 POST https://localhost:44353/Home/GetAllProduct - 200 - application/json;+charset=utf-8 201.9197ms
dbug: Microsoft.AspNetCore.Server.IIS.Core.IISHttpServer[1]
      Connection ID "18086456164454760738" disconnecting.
dbug: Microsoft.AspNetCore.Mvc.Infrastructure.ControllerActionInvoker[1]
      Execution plan of action filters (in the following order): Microsoft.AspNetCore.Mvc.Filters.ControllerActionFilter (Order: -2147483648), Microsoft.AspNetCore.Mvc.ModelBinding.UnsupportedContentTypeFilter (Order: -3000)
info: Microsoft.AspNetCore.Mvc.Infrastructure.ControllerActionInvoker[105]
      Executed action ParcelManagement2.Controllers.HomeController.BuildResidentList (ParcelProject) in 110.5986ms
dbug: Microsoft.AspNetCore.Mvc.Infrastructure.ControllerActionInvoker[1]
      Execution plan of exception filters (in the following order): None
info: Microsoft.AspNetCore.Routing.EndpointMiddleware[1]
      Executed endpoint 'ParcelManagement2.Controllers.HomeController.BuildResidentList (ParcelProject)'
dbug: Microsoft.AspNetCore.Mvc.Infrastructure.ControllerActionInvoker[1]
      Execution plan of result filters (in the following order): Microsoft.AspNetCore.Mvc.ViewFeatures.Filters.SaveTempDataFilter
info: Microsoft.AspNetCore.Hosting.Diagnostics[2]
      Request finished HTTP/2 POST https://localhost:44353/Home/BuildResidentList - 200 - application/json;+charset=utf-8 318.3023ms
dbug: Microsoft.AspNetCore.Server.IIS.Core.IISHttpServer[1]
      Connection ID "18158513741312819608" disconnecting.
dbug: Microsoft.AspNetCore.Mvc.Infrastructure.ControllerActionInvoker[1]
      Executing controller factory for controller ParcelManagement2.Controllers.HomeController (ParcelProject)
dbug: ParcelManagement2.Models.DBConn[0]
      資料庫連線字串已設定
dbug: Microsoft.AspNetCore.Mvc.Infrastructure.ControllerActionInvoker[2]
      Executed controller factory for controller ParcelManagement2.Controllers.HomeController (ParcelProject)
dbug: Microsoft.AspNetCore.StaticFiles.StaticFileMiddleware[1]
      POST requests are not supported
dbug: Microsoft.AspNetCore.Routing.Matching.DfaMatcher[1001]
      1 candidate(s) found for the request path '/Home/BuildProdTypeList'
dbug: Microsoft.AspNetCore.Routing.Matching.DfaMatcher[1005]
      Endpoint 'ParcelManagement2.Controllers.HomeController.BuildProdTypeList (ParcelProject)' with route pattern '{controller=Account}/{action=Login}/{id?}' is valid for the request path '/Home/BuildProdTypeList'
dbug: Microsoft.AspNetCore.Routing.EndpointRoutingMiddleware[1]
      Request matched endpoint 'ParcelManagement2.Controllers.HomeController.BuildProdTypeList (ParcelProject)'
dbug: Microsoft.AspNetCore.Authentication.Cookies.CookieAuthenticationHandler[8]
      AuthenticationScheme: Cookies was successfully authenticated.
dbug: Microsoft.AspNetCore.Authorization.DefaultAuthorizationService[1]
      Authorization was successful.
dbug: ParcelManagement2.Models.DBConn[0]
      查詢成功，返回 175 行數據
info: Microsoft.AspNetCore.Routing.EndpointMiddleware[0]
      Executing endpoint 'ParcelManagement2.Controllers.HomeController.BuildProdTypeList (ParcelProject)'
info: Microsoft.AspNetCore.Mvc.Infrastructure.ControllerActionInvoker[102]
      Route matched with {action = "BuildProdTypeList", controller = "Home"}. Executing controller action with signature System.Threading.Tasks.Task`1[Microsoft.AspNetCore.Mvc.JsonResult] BuildProdTypeList() on controller ParcelManagement2.Controllers.HomeController (ParcelProject).
info: Microsoft.AspNetCore.Mvc.Infrastructure.SystemTextJsonResultExecutor[1]
      Executing JsonResult, writing value of type 'System.Text.Json.JsonElement'.
dbug: Microsoft.AspNetCore.Mvc.Infrastructure.ControllerActionInvoker[1]
      Execution plan of authorization filters (in the following order): None
dbug: Microsoft.AspNetCore.Mvc.Infrastructure.ControllerActionInvoker[1]
      Execution plan of resource filters (in the following order): Microsoft.AspNetCore.Mvc.ViewFeatures.Filters.SaveTempDataFilter
dbug: Microsoft.AspNetCore.Mvc.Infrastructure.ControllerActionInvoker[1]
      Execution plan of action filters (in the following order): Microsoft.AspNetCore.Mvc.Filters.ControllerActionFilter (Order: -2147483648), Microsoft.AspNetCore.Mvc.ModelBinding.UnsupportedContentTypeFilter (Order: -3000)
info: Microsoft.AspNetCore.Mvc.Infrastructure.ControllerActionInvoker[105]
      Executed action ParcelManagement2.Controllers.HomeController.GetAllProduct (ParcelProject) in 66.851ms
dbug: Microsoft.AspNetCore.Mvc.Infrastructure.ControllerActionInvoker[1]
      Execution plan of exception filters (in the following order): None
info: Microsoft.AspNetCore.Routing.EndpointMiddleware[1]
      Executed endpoint 'ParcelManagement2.Controllers.HomeController.GetAllProduct (ParcelProject)'
dbug: Microsoft.AspNetCore.Mvc.Infrastructure.ControllerActionInvoker[1]
      Execution plan of result filters (in the following order): Microsoft.AspNetCore.Mvc.ViewFeatures.Filters.SaveTempDataFilter
info: Microsoft.AspNetCore.Hosting.Diagnostics[2]
      Request finished HTTP/2 POST https://localhost:44353/Home/GetAllProduct - 200 - application/json;+charset=utf-8 405.0523ms
dbug: Microsoft.AspNetCore.Server.IIS.Core.IISHttpServer[1]
      Connection ID "18230571322465845267" disconnecting.
dbug: Microsoft.AspNetCore.Mvc.Infrastructure.ControllerActionInvoker[1]
      Executing controller factory for controller ParcelManagement2.Controllers.HomeController (ParcelProject)
dbug: ParcelManagement2.Models.DBConn[0]
      資料庫連線字串已設定
dbug: Microsoft.AspNetCore.Mvc.Infrastructure.ControllerActionInvoker[2]
      Executed controller factory for controller ParcelManagement2.Controllers.HomeController (ParcelProject)
dbug: ParcelManagement2.Models.DBConn[0]
      查詢成功，返回 2 行數據
info: Microsoft.AspNetCore.Mvc.Infrastructure.SystemTextJsonResultExecutor[1]
      Executing JsonResult, writing value of type 'System.Text.Json.JsonElement'.
info: Microsoft.AspNetCore.Mvc.Infrastructure.ControllerActionInvoker[105]
      Executed action ParcelManagement2.Controllers.HomeController.BuildProdTypeList (ParcelProject) in 61.0668ms
info: Microsoft.AspNetCore.Routing.EndpointMiddleware[1]
      Executed endpoint 'ParcelManagement2.Controllers.HomeController.BuildProdTypeList (ParcelProject)'
info: Microsoft.AspNetCore.Hosting.Diagnostics[2]
      Request finished HTTP/2 POST https://localhost:44353/Home/BuildProdTypeList - 200 - application/json;+charset=utf-8 460.9723ms
dbug: Microsoft.AspNetCore.Server.IIS.Core.IISHttpServer[1]
      Connection ID "18014398510287290702" disconnecting.
dbug: Microsoft.Extensions.Http.DefaultHttpClientFactory[100]
      Starting HttpMessageHandler cleanup cycle with 4 items
dbug: Microsoft.Extensions.Http.DefaultHttpClientFactory[101]
      Ending HttpMessageHandler cleanup cycle after 0.002ms - processed: 0 items - remaining: 4 items
dbug: Microsoft.Extensions.Http.DefaultHttpClientFactory[100]
      Starting HttpMessageHandler cleanup cycle with 4 items
dbug: Microsoft.Extensions.Http.DefaultHttpClientFactory[101]
      Ending HttpMessageHandler cleanup cycle after 0.0027ms - processed: 0 items - remaining: 4 items
dbug: Microsoft.Extensions.Http.DefaultHttpClientFactory[100]
      Starting HttpMessageHandler cleanup cycle with 4 items
dbug: Microsoft.Extensions.Http.DefaultHttpClientFactory[101]
      Ending HttpMessageHandler cleanup cycle after 0.119ms - processed: 4 items - remaining: 0 items
dbug: Microsoft.Extensions.Http.DefaultHttpClientFactory[103]
      HttpMessageHandler expired after 120000ms for client ''
dbug: Microsoft.Extensions.Http.DefaultHttpClientFactory[100]
      Starting HttpMessageHandler cleanup cycle with 1 items
dbug: Microsoft.Extensions.Http.DefaultHttpClientFactory[101]
      Ending HttpMessageHandler cleanup cycle after 0.0011ms - processed: 0 items - remaining: 1 items
dbug: Microsoft.Extensions.Http.DefaultHttpClientFactory[100]
      Starting HttpMessageHandler cleanup cycle with 1 items
dbug: Microsoft.Extensions.Http.DefaultHttpClientFactory[101]
      Ending HttpMessageHandler cleanup cycle after 0.002ms - processed: 0 items - remaining: 1 items
dbug: Microsoft.Extensions.Http.DefaultHttpClientFactory[100]
      Starting HttpMessageHandler cleanup cycle with 1 items
dbug: Microsoft.Extensions.Http.DefaultHttpClientFactory[101]
      Ending HttpMessageHandler cleanup cycle after 0.0036ms - processed: 0 items - remaining: 1 items
dbug: Microsoft.Extensions.Http.DefaultHttpClientFactory[100]
      Starting HttpMessageHandler cleanup cycle with 1 items
dbug: Microsoft.Extensions.Http.DefaultHttpClientFactory[101]
      Ending HttpMessageHandler cleanup cycle after 0.0027ms - processed: 0 items - remaining: 1 items
dbug: Microsoft.Extensions.Http.DefaultHttpClientFactory[100]
      Starting HttpMessageHandler cleanup cycle with 1 items
dbug: Microsoft.Extensions.Http.DefaultHttpClientFactory[101]
      Ending HttpMessageHandler cleanup cycle after 0.0024ms - processed: 0 items - remaining: 1 items
dbug: Microsoft.Extensions.Http.DefaultHttpClientFactory[100]
      Starting HttpMessageHandler cleanup cycle with 1 items
dbug: Microsoft.Extensions.Http.DefaultHttpClientFactory[101]
      Ending HttpMessageHandler cleanup cycle after 0.0024ms - processed: 0 items - remaining: 1 items
dbug: Microsoft.Extensions.Http.DefaultHttpClientFactory[100]
      Starting HttpMessageHandler cleanup cycle with 1 items
dbug: Microsoft.Extensions.Http.DefaultHttpClientFactory[101]
      Ending HttpMessageHandler cleanup cycle after 0.0016ms - processed: 0 items - remaining: 1 items
dbug: Microsoft.Extensions.Http.DefaultHttpClientFactory[100]
      Starting HttpMessageHandler cleanup cycle with 1 items
dbug: Microsoft.Extensions.Http.DefaultHttpClientFactory[101]
      Ending HttpMessageHandler cleanup cycle after 0.0016ms - processed: 0 items - remaining: 1 items
dbug: Microsoft.Extensions.Http.DefaultHttpClientFactory[100]
      Starting HttpMessageHandler cleanup cycle with 1 items
dbug: Microsoft.Extensions.Http.DefaultHttpClientFactory[101]
      Ending HttpMessageHandler cleanup cycle after 0.0022ms - processed: 0 items - remaining: 1 items
dbug: Microsoft.Extensions.Http.DefaultHttpClientFactory[100]
      Starting HttpMessageHandler cleanup cycle with 1 items
dbug: Microsoft.Extensions.Http.DefaultHttpClientFactory[101]
      Ending HttpMessageHandler cleanup cycle after 0.0014ms - processed: 0 items - remaining: 1 items
dbug: Microsoft.Extensions.Http.DefaultHttpClientFactory[100]
      Starting HttpMessageHandler cleanup cycle with 1 items
dbug: Microsoft.Extensions.Http.DefaultHttpClientFactory[101]
      Ending HttpMessageHandler cleanup cycle after 0.0056ms - processed: 0 items - remaining: 1 items
dbug: Microsoft.Extensions.Http.DefaultHttpClientFactory[100]
      Starting HttpMessageHandler cleanup cycle with 1 items
dbug: Microsoft.Extensions.Http.DefaultHttpClientFactory[101]
      Ending HttpMessageHandler cleanup cycle after 0.0022ms - processed: 0 items - remaining: 1 items
dbug: Microsoft.Extensions.Http.DefaultHttpClientFactory[100]
      Starting HttpMessageHandler cleanup cycle with 1 items
dbug: Microsoft.Extensions.Http.DefaultHttpClientFactory[101]
      Ending HttpMessageHandler cleanup cycle after 0.0027ms - processed: 0 items - remaining: 1 items
dbug: Microsoft.Extensions.Http.DefaultHttpClientFactory[100]
      Starting HttpMessageHandler cleanup cycle with 1 items
dbug: Microsoft.Extensions.Http.DefaultHttpClientFactory[101]
      Ending HttpMessageHandler cleanup cycle after 0.0028ms - processed: 0 items - remaining: 1 items
dbug: Microsoft.Extensions.Http.DefaultHttpClientFactory[100]
      Starting HttpMessageHandler cleanup cycle with 1 items
dbug: Microsoft.Extensions.Http.DefaultHttpClientFactory[101]
      Ending HttpMessageHandler cleanup cycle after 0.0014ms - processed: 0 items - remaining: 1 items
dbug: Microsoft.Extensions.Http.DefaultHttpClientFactory[100]
      Starting HttpMessageHandler cleanup cycle with 1 items
dbug: Microsoft.Extensions.Http.DefaultHttpClientFactory[101]
      Ending HttpMessageHandler cleanup cycle after 0.0013ms - processed: 0 items - remaining: 1 items
dbug: Microsoft.Extensions.Http.DefaultHttpClientFactory[100]
      Starting HttpMessageHandler cleanup cycle with 1 items
dbug: Microsoft.Extensions.Http.DefaultHttpClientFactory[101]
      Ending HttpMessageHandler cleanup cycle after 0.0033ms - processed: 0 items - remaining: 1 items
dbug: Microsoft.Extensions.Http.DefaultHttpClientFactory[100]
      Starting HttpMessageHandler cleanup cycle with 1 items
dbug: Microsoft.Extensions.Http.DefaultHttpClientFactory[101]
      Ending HttpMessageHandler cleanup cycle after 0.0021ms - processed: 0 items - remaining: 1 items
dbug: Microsoft.Extensions.Http.DefaultHttpClientFactory[100]
      Starting HttpMessageHandler cleanup cycle with 1 items
dbug: Microsoft.Extensions.Http.DefaultHttpClientFactory[101]
      Ending HttpMessageHandler cleanup cycle after 0.0019ms - processed: 0 items - remaining: 1 items
dbug: Microsoft.Extensions.Http.DefaultHttpClientFactory[100]
      Starting HttpMessageHandler cleanup cycle with 1 items
dbug: Microsoft.Extensions.Http.DefaultHttpClientFactory[101]
      Ending HttpMessageHandler cleanup cycle after 0.0019ms - processed: 0 items - remaining: 1 items
dbug: Microsoft.Extensions.Http.DefaultHttpClientFactory[100]
      Starting HttpMessageHandler cleanup cycle with 1 items
dbug: Microsoft.Extensions.Http.DefaultHttpClientFactory[101]
      Ending HttpMessageHandler cleanup cycle after 0.0019ms - processed: 0 items - remaining: 1 items
dbug: Microsoft.Extensions.Http.DefaultHttpClientFactory[100]
      Starting HttpMessageHandler cleanup cycle with 1 items
dbug: Microsoft.Extensions.Http.DefaultHttpClientFactory[101]
      Ending HttpMessageHandler cleanup cycle after 0.0016ms - processed: 0 items - remaining: 1 items
dbug: Microsoft.Extensions.Http.DefaultHttpClientFactory[100]
      Starting HttpMessageHandler cleanup cycle with 1 items
dbug: Microsoft.Extensions.Http.DefaultHttpClientFactory[101]
      Ending HttpMessageHandler cleanup cycle after 0.002ms - processed: 0 items - remaining: 1 items
dbug: Microsoft.Extensions.Http.DefaultHttpClientFactory[100]
      Starting HttpMessageHandler cleanup cycle with 1 items
dbug: Microsoft.Extensions.Http.DefaultHttpClientFactory[101]
      Ending HttpMessageHandler cleanup cycle after 0.0032ms - processed: 0 items - remaining: 1 items
dbug: Microsoft.Extensions.Http.DefaultHttpClientFactory[100]
      Starting HttpMessageHandler cleanup cycle with 1 items
dbug: Microsoft.Extensions.Http.DefaultHttpClientFactory[101]
      Ending HttpMessageHandler cleanup cycle after 0.0014ms - processed: 0 items - remaining: 1 items
dbug: Microsoft.Extensions.Http.DefaultHttpClientFactory[100]
      Starting HttpMessageHandler cleanup cycle with 1 items
dbug: Microsoft.Extensions.Http.DefaultHttpClientFactory[101]
      Ending HttpMessageHandler cleanup cycle after 0.0068ms - processed: 0 items - remaining: 1 items
dbug: Microsoft.Extensions.Http.DefaultHttpClientFactory[100]
      Starting HttpMessageHandler cleanup cycle with 1 items
dbug: Microsoft.Extensions.Http.DefaultHttpClientFactory[101]
      Ending HttpMessageHandler cleanup cycle after 0.0019ms - processed: 0 items - remaining: 1 items
dbug: Microsoft.Extensions.Http.DefaultHttpClientFactory[100]
      Starting HttpMessageHandler cleanup cycle with 1 items
dbug: Microsoft.Extensions.Http.DefaultHttpClientFactory[101]
      Ending HttpMessageHandler cleanup cycle after 0.0049ms - processed: 0 items - remaining: 1 items
dbug: Microsoft.Extensions.Http.DefaultHttpClientFactory[100]
      Starting HttpMessageHandler cleanup cycle with 1 items
dbug: Microsoft.Extensions.Http.DefaultHttpClientFactory[101]
      Ending HttpMessageHandler cleanup cycle after 0.0013ms - processed: 0 items - remaining: 1 items
dbug: Microsoft.Extensions.Http.DefaultHttpClientFactory[100]
      Starting HttpMessageHandler cleanup cycle with 1 items
dbug: Microsoft.Extensions.Http.DefaultHttpClientFactory[101]
      Ending HttpMessageHandler cleanup cycle after 0.0019ms - processed: 0 items - remaining: 1 items
dbug: Microsoft.Extensions.Http.DefaultHttpClientFactory[100]
      Starting HttpMessageHandler cleanup cycle with 1 items
dbug: Microsoft.Extensions.Http.DefaultHttpClientFactory[101]
      Ending HttpMessageHandler cleanup cycle after 0.0014ms - processed: 0 items - remaining: 1 items
dbug: Microsoft.Extensions.Http.DefaultHttpClientFactory[100]
      Starting HttpMessageHandler cleanup cycle with 1 items
dbug: Microsoft.Extensions.Http.DefaultHttpClientFactory[101]
      Ending HttpMessageHandler cleanup cycle after 0.0019ms - processed: 0 items - remaining: 1 items
dbug: Microsoft.Extensions.Http.DefaultHttpClientFactory[100]
      Starting HttpMessageHandler cleanup cycle with 1 items
dbug: Microsoft.Extensions.Http.DefaultHttpClientFactory[101]
      Ending HttpMessageHandler cleanup cycle after 0.0019ms - processed: 0 items - remaining: 1 items
dbug: Microsoft.Extensions.Http.DefaultHttpClientFactory[100]
      Starting HttpMessageHandler cleanup cycle with 1 items
dbug: Microsoft.Extensions.Http.DefaultHttpClientFactory[101]
      Ending HttpMessageHandler cleanup cycle after 0.0014ms - processed: 0 items - remaining: 1 items
dbug: Microsoft.Extensions.Http.DefaultHttpClientFactory[100]
      Starting HttpMessageHandler cleanup cycle with 1 items
dbug: Microsoft.Extensions.Http.DefaultHttpClientFactory[101]
      Ending HttpMessageHandler cleanup cycle after 0.0023ms - processed: 0 items - remaining: 1 items
dbug: Microsoft.Extensions.Http.DefaultHttpClientFactory[100]
      Starting HttpMessageHandler cleanup cycle with 1 items
dbug: Microsoft.Extensions.Http.DefaultHttpClientFactory[101]
      Ending HttpMessageHandler cleanup cycle after 0.0021ms - processed: 0 items - remaining: 1 items
dbug: Microsoft.Extensions.Http.DefaultHttpClientFactory[100]
      Starting HttpMessageHandler cleanup cycle with 1 items
dbug: Microsoft.Extensions.Http.DefaultHttpClientFactory[101]
      Ending HttpMessageHandler cleanup cycle after 0.0015ms - processed: 0 items - remaining: 1 items
dbug: Microsoft.Extensions.Http.DefaultHttpClientFactory[100]
      Starting HttpMessageHandler cleanup cycle with 1 items
dbug: Microsoft.Extensions.Http.DefaultHttpClientFactory[101]
      Ending HttpMessageHandler cleanup cycle after 0.0016ms - processed: 0 items - remaining: 1 items
dbug: Microsoft.Extensions.Http.DefaultHttpClientFactory[100]
      Starting HttpMessageHandler cleanup cycle with 1 items
dbug: Microsoft.Extensions.Http.DefaultHttpClientFactory[101]
      Ending HttpMessageHandler cleanup cycle after 0.0041ms - processed: 0 items - remaining: 1 items
dbug: Microsoft.Extensions.Http.DefaultHttpClientFactory[100]
      Starting HttpMessageHandler cleanup cycle with 1 items
dbug: Microsoft.Extensions.Http.DefaultHttpClientFactory[101]
      Ending HttpMessageHandler cleanup cycle after 0.0014ms - processed: 0 items - remaining: 1 items
dbug: Microsoft.Extensions.Http.DefaultHttpClientFactory[100]
      Starting HttpMessageHandler cleanup cycle with 1 items
dbug: Microsoft.Extensions.Http.DefaultHttpClientFactory[101]
      Ending HttpMessageHandler cleanup cycle after 0.0023ms - processed: 0 items - remaining: 1 items
dbug: Microsoft.Extensions.Http.DefaultHttpClientFactory[100]
      Starting HttpMessageHandler cleanup cycle with 1 items
dbug: Microsoft.Extensions.Http.DefaultHttpClientFactory[101]
      Ending HttpMessageHandler cleanup cycle after 0.001ms - processed: 0 items - remaining: 1 items
dbug: Microsoft.Extensions.Http.DefaultHttpClientFactory[100]
      Starting HttpMessageHandler cleanup cycle with 1 items
dbug: Microsoft.Extensions.Http.DefaultHttpClientFactory[101]
      Ending HttpMessageHandler cleanup cycle after 0.0026ms - processed: 0 items - remaining: 1 items
dbug: Microsoft.Extensions.Http.DefaultHttpClientFactory[100]
      Starting HttpMessageHandler cleanup cycle with 1 items
dbug: Microsoft.Extensions.Http.DefaultHttpClientFactory[101]
      Ending HttpMessageHandler cleanup cycle after 0.0019ms - processed: 0 items - remaining: 1 items
dbug: Microsoft.Extensions.Http.DefaultHttpClientFactory[100]
      Starting HttpMessageHandler cleanup cycle with 1 items
dbug: Microsoft.Extensions.Http.DefaultHttpClientFactory[101]
      Ending HttpMessageHandler cleanup cycle after 0.0029ms - processed: 0 items - remaining: 1 items
dbug: Microsoft.Extensions.Http.DefaultHttpClientFactory[100]
      Starting HttpMessageHandler cleanup cycle with 1 items
dbug: Microsoft.Extensions.Http.DefaultHttpClientFactory[101]
      Ending HttpMessageHandler cleanup cycle after 0.001ms - processed: 0 items - remaining: 1 items
dbug: Microsoft.Extensions.Http.DefaultHttpClientFactory[100]
      Starting HttpMessageHandler cleanup cycle with 1 items
dbug: Microsoft.Extensions.Http.DefaultHttpClientFactory[101]
      Ending HttpMessageHandler cleanup cycle after 0.0016ms - processed: 0 items - remaining: 1 items
dbug: Microsoft.Extensions.Http.DefaultHttpClientFactory[100]
      Starting HttpMessageHandler cleanup cycle with 1 items
dbug: Microsoft.Extensions.Http.DefaultHttpClientFactory[101]
      Ending HttpMessageHandler cleanup cycle after 0.0016ms - processed: 0 items - remaining: 1 items
dbug: Microsoft.Extensions.Http.DefaultHttpClientFactory[100]
      Starting HttpMessageHandler cleanup cycle with 1 items
dbug: Microsoft.Extensions.Http.DefaultHttpClientFactory[101]
      Ending HttpMessageHandler cleanup cycle after 0.0026ms - processed: 0 items - remaining: 1 items
dbug: Microsoft.Extensions.Http.DefaultHttpClientFactory[100]
      Starting HttpMessageHandler cleanup cycle with 1 items
dbug: Microsoft.Extensions.Http.DefaultHttpClientFactory[101]
      Ending HttpMessageHandler cleanup cycle after 0.0009ms - processed: 0 items - remaining: 1 items
dbug: Microsoft.Extensions.Http.DefaultHttpClientFactory[100]
      Starting HttpMessageHandler cleanup cycle with 1 items
dbug: Microsoft.Extensions.Http.DefaultHttpClientFactory[101]
      Ending HttpMessageHandler cleanup cycle after 0.0016ms - processed: 0 items - remaining: 1 items
dbug: Microsoft.Extensions.Http.DefaultHttpClientFactory[100]
      Starting HttpMessageHandler cleanup cycle with 1 items
dbug: Microsoft.Extensions.Http.DefaultHttpClientFactory[101]
      Ending HttpMessageHandler cleanup cycle after 0.0029ms - processed: 0 items - remaining: 1 items
dbug: Microsoft.Extensions.Http.DefaultHttpClientFactory[100]
      Starting HttpMessageHandler cleanup cycle with 1 items
dbug: Microsoft.Extensions.Http.DefaultHttpClientFactory[101]
      Ending HttpMessageHandler cleanup cycle after 0.0027ms - processed: 0 items - remaining: 1 items
dbug: Microsoft.Extensions.Http.DefaultHttpClientFactory[100]
      Starting HttpMessageHandler cleanup cycle with 1 items
dbug: Microsoft.Extensions.Http.DefaultHttpClientFactory[101]
      Ending HttpMessageHandler cleanup cycle after 0.0009ms - processed: 0 items - remaining: 1 items
dbug: Microsoft.Extensions.Http.DefaultHttpClientFactory[100]
      Starting HttpMessageHandler cleanup cycle with 1 items
dbug: Microsoft.Extensions.Http.DefaultHttpClientFactory[101]
      Ending HttpMessageHandler cleanup cycle after 0.0024ms - processed: 0 items - remaining: 1 items
dbug: Microsoft.Extensions.Http.DefaultHttpClientFactory[100]
      Starting HttpMessageHandler cleanup cycle with 1 items
dbug: Microsoft.Extensions.Http.DefaultHttpClientFactory[101]
      Ending HttpMessageHandler cleanup cycle after 0.0011ms - processed: 0 items - remaining: 1 items
dbug: Microsoft.Extensions.Http.DefaultHttpClientFactory[100]
      Starting HttpMessageHandler cleanup cycle with 1 items
dbug: Microsoft.Extensions.Http.DefaultHttpClientFactory[101]
      Ending HttpMessageHandler cleanup cycle after 0.0012ms - processed: 0 items - remaining: 1 items
dbug: Microsoft.Extensions.Http.DefaultHttpClientFactory[100]
      Starting HttpMessageHandler cleanup cycle with 1 items
dbug: Microsoft.Extensions.Http.DefaultHttpClientFactory[101]
      Ending HttpMessageHandler cleanup cycle after 0.0009ms - processed: 0 items - remaining: 1 items
dbug: Microsoft.Extensions.Http.DefaultHttpClientFactory[100]
      Starting HttpMessageHandler cleanup cycle with 1 items
dbug: Microsoft.Extensions.Http.DefaultHttpClientFactory[101]
      Ending HttpMessageHandler cleanup cycle after 0.0033ms - processed: 0 items - remaining: 1 items
dbug: Microsoft.Extensions.Http.DefaultHttpClientFactory[100]
      Starting HttpMessageHandler cleanup cycle with 1 items
dbug: Microsoft.Extensions.Http.DefaultHttpClientFactory[101]
      Ending HttpMessageHandler cleanup cycle after 0.0012ms - processed: 0 items - remaining: 1 items
dbug: Microsoft.Extensions.Http.DefaultHttpClientFactory[100]
      Starting HttpMessageHandler cleanup cycle with 1 items
dbug: Microsoft.Extensions.Http.DefaultHttpClientFactory[101]
      Ending HttpMessageHandler cleanup cycle after 0.0017ms - processed: 0 items - remaining: 1 items
dbug: Microsoft.Extensions.Http.DefaultHttpClientFactory[100]
      Starting HttpMessageHandler cleanup cycle with 1 items
dbug: Microsoft.Extensions.Http.DefaultHttpClientFactory[101]
      Ending HttpMessageHandler cleanup cycle after 0.0013ms - processed: 0 items - remaining: 1 items
dbug: Microsoft.Extensions.Http.DefaultHttpClientFactory[100]
      Starting HttpMessageHandler cleanup cycle with 1 items
dbug: Microsoft.Extensions.Http.DefaultHttpClientFactory[101]
      Ending HttpMessageHandler cleanup cycle after 0.002ms - processed: 0 items - remaining: 1 items
dbug: Microsoft.Extensions.Http.DefaultHttpClientFactory[100]
      Starting HttpMessageHandler cleanup cycle with 1 items
dbug: Microsoft.Extensions.Http.DefaultHttpClientFactory[101]
      Ending HttpMessageHandler cleanup cycle after 0.0011ms - processed: 0 items - remaining: 1 items
dbug: Microsoft.Extensions.Http.DefaultHttpClientFactory[100]
      Starting HttpMessageHandler cleanup cycle with 1 items
dbug: Microsoft.Extensions.Http.DefaultHttpClientFactory[101]
      Ending HttpMessageHandler cleanup cycle after 0.002ms - processed: 0 items - remaining: 1 items
dbug: Microsoft.Extensions.Http.DefaultHttpClientFactory[100]
      Starting HttpMessageHandler cleanup cycle with 1 items
dbug: Microsoft.Extensions.Http.DefaultHttpClientFactory[101]
      Ending HttpMessageHandler cleanup cycle after 0.002ms - processed: 0 items - remaining: 1 items
dbug: Microsoft.Extensions.Http.DefaultHttpClientFactory[100]
      Starting HttpMessageHandler cleanup cycle with 1 items
dbug: Microsoft.Extensions.Http.DefaultHttpClientFactory[101]
      Ending HttpMessageHandler cleanup cycle after 0.0015ms - processed: 0 items - remaining: 1 items
dbug: Microsoft.Extensions.Http.DefaultHttpClientFactory[100]
      Starting HttpMessageHandler cleanup cycle with 1 items
dbug: Microsoft.Extensions.Http.DefaultHttpClientFactory[101]
      Ending HttpMessageHandler cleanup cycle after 0.0015ms - processed: 0 items - remaining: 1 items
dbug: Microsoft.Extensions.Http.DefaultHttpClientFactory[100]
      Starting HttpMessageHandler cleanup cycle with 1 items
dbug: Microsoft.Extensions.Http.DefaultHttpClientFactory[101]
      Ending HttpMessageHandler cleanup cycle after 0.0013ms - processed: 0 items - remaining: 1 items
dbug: Microsoft.Extensions.Http.DefaultHttpClientFactory[100]
      Starting HttpMessageHandler cleanup cycle with 1 items
dbug: Microsoft.Extensions.Http.DefaultHttpClientFactory[101]
      Ending HttpMessageHandler cleanup cycle after 0.0015ms - processed: 0 items - remaining: 1 items
dbug: Microsoft.Extensions.Http.DefaultHttpClientFactory[100]
      Starting HttpMessageHandler cleanup cycle with 1 items
dbug: Microsoft.Extensions.Http.DefaultHttpClientFactory[101]
      Ending HttpMessageHandler cleanup cycle after 0.002ms - processed: 0 items - remaining: 1 items
dbug: Microsoft.Extensions.Http.DefaultHttpClientFactory[100]
      Starting HttpMessageHandler cleanup cycle with 1 items
dbug: Microsoft.Extensions.Http.DefaultHttpClientFactory[101]
      Ending HttpMessageHandler cleanup cycle after 0.0018ms - processed: 0 items - remaining: 1 items
dbug: Microsoft.Extensions.Http.DefaultHttpClientFactory[100]
      Starting HttpMessageHandler cleanup cycle with 1 items
dbug: Microsoft.Extensions.Http.DefaultHttpClientFactory[101]
      Ending HttpMessageHandler cleanup cycle after 0.0012ms - processed: 0 items - remaining: 1 items
info: Microsoft.AspNetCore.Hosting.Diagnostics[1]
      Request starting HTTP/2 GET https://localhost:44353/Home/Packages - - -
dbug: Microsoft.AspNetCore.StaticFiles.StaticFileMiddleware[4]
      The request path /Home/Packages does not match a supported file type
dbug: Microsoft.AspNetCore.Routing.Matching.DfaMatcher[1001]
      1 candidate(s) found for the request path '/Home/Packages'
dbug: Microsoft.AspNetCore.Routing.Matching.DfaMatcher[1005]
      Endpoint 'ParcelManagement2.Controllers.HomeController.Packages (ParcelProject)' with route pattern '{controller=Account}/{action=Login}/{id?}' is valid for the request path '/Home/Packages'
dbug: Microsoft.AspNetCore.Routing.EndpointRoutingMiddleware[1]
      Request matched endpoint 'ParcelManagement2.Controllers.HomeController.Packages (ParcelProject)'
dbug: Microsoft.AspNetCore.Authentication.Cookies.CookieAuthenticationHandler[8]
      AuthenticationScheme: Cookies was successfully authenticated.
dbug: Microsoft.AspNetCore.Authorization.DefaultAuthorizationService[1]
      Authorization was successful.
info: Microsoft.AspNetCore.Routing.EndpointMiddleware[0]
      Executing endpoint 'ParcelManagement2.Controllers.HomeController.Packages (ParcelProject)'
info: Microsoft.AspNetCore.Mvc.Infrastructure.ControllerActionInvoker[102]
      Route matched with {action = "Packages", controller = "Home"}. Executing controller action with signature Microsoft.AspNetCore.Mvc.IActionResult Packages() on controller ParcelManagement2.Controllers.HomeController (ParcelProject).
dbug: Microsoft.AspNetCore.Mvc.Infrastructure.ControllerActionInvoker[1]
      Execution plan of authorization filters (in the following order): None
dbug: Microsoft.AspNetCore.Mvc.Infrastructure.ControllerActionInvoker[1]
      Execution plan of resource filters (in the following order): Microsoft.AspNetCore.Mvc.ViewFeatures.Filters.SaveTempDataFilter
dbug: Microsoft.AspNetCore.Mvc.Infrastructure.ControllerActionInvoker[1]
      Execution plan of action filters (in the following order): Microsoft.AspNetCore.Mvc.Filters.ControllerActionFilter (Order: -2147483648), Microsoft.AspNetCore.Mvc.ModelBinding.UnsupportedContentTypeFilter (Order: -3000)
dbug: Microsoft.AspNetCore.Mvc.Infrastructure.ControllerActionInvoker[1]
      Execution plan of exception filters (in the following order): None
dbug: Microsoft.AspNetCore.Mvc.Infrastructure.ControllerActionInvoker[1]
      Execution plan of result filters (in the following order): Microsoft.AspNetCore.Mvc.ViewFeatures.Filters.SaveTempDataFilter
dbug: Microsoft.AspNetCore.Mvc.Infrastructure.ControllerActionInvoker[1]
      Executing controller factory for controller ParcelManagement2.Controllers.HomeController (ParcelProject)
dbug: ParcelManagement2.Models.DBConn[0]
      資料庫連線字串已設定
dbug: Microsoft.AspNetCore.Mvc.Infrastructure.ControllerActionInvoker[2]
      Executed controller factory for controller ParcelManagement2.Controllers.HomeController (ParcelProject)
dbug: Microsoft.AspNetCore.Mvc.Razor.RazorViewEngine[2]
      View lookup cache hit for view 'Packages' in controller 'Home'.
info: Microsoft.AspNetCore.Mvc.ViewFeatures.ViewResultExecutor[1]
      Executing ViewResult, running view Packages.
dbug: Microsoft.AspNetCore.Mvc.ViewFeatures.ViewResultExecutor[2]
      The view path '/Views/Home/Packages.cshtml' was found in 2.4937ms.
dbug: Microsoft.AspNetCore.Antiforgery.DefaultAntiforgery[6]
      An antiforgery cookie token was reused.
dbug: Microsoft.WebTools.BrowserLink.Net.BrowserLinkMiddleware[1]
      Response markup is scheduled to include Browser Link script injection.
dbug: Microsoft.AspNetCore.Watch.BrowserRefresh.BrowserRefreshMiddleware[1]
      Response markup is scheduled to include browser refresh script injection.
info: Microsoft.AspNetCore.Mvc.ViewFeatures.ViewResultExecutor[4]
      Executed ViewResult - view Packages executed in 8.6567ms.
info: Microsoft.AspNetCore.Mvc.Infrastructure.ControllerActionInvoker[105]
      Executed action ParcelManagement2.Controllers.HomeController.Packages (ParcelProject) in 13.3695ms
info: Microsoft.AspNetCore.Routing.EndpointMiddleware[1]
      Executed endpoint 'ParcelManagement2.Controllers.HomeController.Packages (ParcelProject)'
dbug: Microsoft.WebTools.BrowserLink.Net.BrowserLinkMiddleware[2]
      Response markup was updated to include Browser Link script injection.
dbug: Microsoft.AspNetCore.Watch.BrowserRefresh.BrowserRefreshMiddleware[2]
      Response markup was updated to include browser refresh script injection.
dbug: Microsoft.AspNetCore.Server.IIS.Core.IISHttpServer[1]
      Connection ID "17726168177085251878" disconnecting.
info: Microsoft.AspNetCore.Hosting.Diagnostics[2]
      Request finished HTTP/2 GET https://localhost:44353/Home/Packages - 200 - text/html;+charset=utf-8 49.5901ms
info: Microsoft.AspNetCore.Hosting.Diagnostics[1]
      Request starting HTTP/2 GET https://localhost:44353/_framework/aspnetcore-browser-refresh.js - - -
info: Microsoft.AspNetCore.Hosting.Diagnostics[1]
      Request starting HTTP/2 GET https://localhost:44353/_vs/browserLink - - -
dbug: Microsoft.AspNetCore.Watch.BrowserRefresh.BrowserScriptMiddleware[0]
      Script injected: /_framework/aspnetcore-browser-refresh.js
info: Microsoft.AspNetCore.Hosting.Diagnostics[2]
      Request finished HTTP/2 GET https://localhost:44353/_framework/aspnetcore-browser-refresh.js - 200 16511 application/javascript;+charset=utf-8 4.8709ms
dbug: Microsoft.AspNetCore.Server.IIS.Core.IISHttpServer[1]
      Connection ID "18158513715543015749" disconnecting.
dbug: Microsoft.AspNetCore.Server.IIS.Core.IISHttpServer[1]
      Connection ID "18374686484771897524" disconnecting.
info: Microsoft.AspNetCore.Hosting.Diagnostics[2]
      Request finished HTTP/2 GET https://localhost:44353/_vs/browserLink - 200 - text/javascript;+charset=UTF-8 12.0161ms
info: Microsoft.AspNetCore.Hosting.Diagnostics[1]
      Request starting HTTP/2 GET https://localhost:44353/.well-known/appspecific/com.chrome.devtools.json - - -
dbug: Microsoft.AspNetCore.StaticFiles.StaticFileMiddleware[5]
      The request path /.well-known/appspecific/com.chrome.devtools.json does not match an existing file
dbug: Microsoft.AspNetCore.Routing.Matching.DfaMatcher[1000]
      No candidates found for the request path '/.well-known/appspecific/com.chrome.devtools.json'
dbug: Microsoft.AspNetCore.Routing.EndpointRoutingMiddleware[2]
      Request did not match any endpoints
dbug: Microsoft.AspNetCore.Authentication.Cookies.CookieAuthenticationHandler[8]
      AuthenticationScheme: Cookies was successfully authenticated.
info: Microsoft.AspNetCore.Hosting.Diagnostics[2]
      Request finished HTTP/2 GET https://localhost:44353/.well-known/appspecific/com.chrome.devtools.json - 404 - - 6.9632ms
dbug: Microsoft.AspNetCore.Server.IIS.Core.IISHttpServer[1]
      Connection ID "18158513715543015751" disconnecting.
info: Microsoft.AspNetCore.Hosting.Diagnostics[16]
      Request reached the end of the middleware pipeline without being handled by application code. Request path: GET https://localhost:44353/.well-known/appspecific/com.chrome.devtools.json, Response status code: 404
info: Microsoft.AspNetCore.Hosting.Diagnostics[1]
      Request starting HTTP/2 POST https://localhost:44353/Home/GetAllProduct - - 0
dbug: Microsoft.AspNetCore.StaticFiles.StaticFileMiddleware[1]
      POST requests are not supported
info: Microsoft.AspNetCore.Hosting.Diagnostics[1]
      Request starting HTTP/2 POST https://localhost:44353/Home/BuildProdTypeList - - 0
info: Microsoft.AspNetCore.Hosting.Diagnostics[1]
      Request starting HTTP/2 POST https://localhost:44353/Home/BuildResidentList - - 0
dbug: Microsoft.AspNetCore.Routing.Matching.DfaMatcher[1001]
      1 candidate(s) found for the request path '/Home/GetAllProduct'
dbug: Microsoft.AspNetCore.StaticFiles.StaticFileMiddleware[1]
      POST requests are not supported
dbug: Microsoft.AspNetCore.StaticFiles.StaticFileMiddleware[1]
      POST requests are not supported
dbug: Microsoft.AspNetCore.Routing.Matching.DfaMatcher[1001]
      1 candidate(s) found for the request path '/Home/BuildResidentList'
dbug: Microsoft.AspNetCore.Routing.Matching.DfaMatcher[1001]
      1 candidate(s) found for the request path '/Home/BuildProdTypeList'
dbug: Microsoft.AspNetCore.Routing.Matching.DfaMatcher[1005]
      Endpoint 'ParcelManagement2.Controllers.HomeController.BuildResidentList (ParcelProject)' with route pattern '{controller=Account}/{action=Login}/{id?}' is valid for the request path '/Home/BuildResidentList'
dbug: Microsoft.AspNetCore.Routing.Matching.DfaMatcher[1005]
      Endpoint 'ParcelManagement2.Controllers.HomeController.BuildProdTypeList (ParcelProject)' with route pattern '{controller=Account}/{action=Login}/{id?}' is valid for the request path '/Home/BuildProdTypeList'
dbug: Microsoft.AspNetCore.Routing.EndpointRoutingMiddleware[1]
      Request matched endpoint 'ParcelManagement2.Controllers.HomeController.BuildResidentList (ParcelProject)'
dbug: Microsoft.AspNetCore.Routing.EndpointRoutingMiddleware[1]
      Request matched endpoint 'ParcelManagement2.Controllers.HomeController.BuildProdTypeList (ParcelProject)'
info: Microsoft.AspNetCore.Hosting.Diagnostics[1]
      Request starting HTTP/2 POST https://localhost:44353/Home/GetAllProduct - - 0
dbug: Microsoft.AspNetCore.Authentication.Cookies.CookieAuthenticationHandler[8]
      AuthenticationScheme: Cookies was successfully authenticated.
dbug: Microsoft.AspNetCore.Authentication.Cookies.CookieAuthenticationHandler[8]
      AuthenticationScheme: Cookies was successfully authenticated.
dbug: Microsoft.AspNetCore.Authorization.DefaultAuthorizationService[1]
      Authorization was successful.
dbug: Microsoft.AspNetCore.Authorization.DefaultAuthorizationService[1]
      Authorization was successful.
info: Microsoft.AspNetCore.Routing.EndpointMiddleware[0]
      Executing endpoint 'ParcelManagement2.Controllers.HomeController.BuildResidentList (ParcelProject)'
info: Microsoft.AspNetCore.Routing.EndpointMiddleware[0]
      Executing endpoint 'ParcelManagement2.Controllers.HomeController.BuildProdTypeList (ParcelProject)'
info: Microsoft.AspNetCore.Mvc.Infrastructure.ControllerActionInvoker[102]
      Route matched with {action = "BuildResidentList", controller = "Home"}. Executing controller action with signature System.Threading.Tasks.Task`1[Microsoft.AspNetCore.Mvc.JsonResult] BuildResidentList() on controller ParcelManagement2.Controllers.HomeController (ParcelProject).
info: Microsoft.AspNetCore.Mvc.Infrastructure.ControllerActionInvoker[102]
      Route matched with {action = "BuildProdTypeList", controller = "Home"}. Executing controller action with signature System.Threading.Tasks.Task`1[Microsoft.AspNetCore.Mvc.JsonResult] BuildProdTypeList() on controller ParcelManagement2.Controllers.HomeController (ParcelProject).
dbug: Microsoft.AspNetCore.Mvc.Infrastructure.ControllerActionInvoker[1]
      Execution plan of authorization filters (in the following order): None
dbug: Microsoft.AspNetCore.Mvc.Infrastructure.ControllerActionInvoker[1]
      Execution plan of authorization filters (in the following order): None
dbug: Microsoft.AspNetCore.Mvc.Infrastructure.ControllerActionInvoker[1]
      Execution plan of resource filters (in the following order): Microsoft.AspNetCore.Mvc.ViewFeatures.Filters.SaveTempDataFilter
dbug: Microsoft.AspNetCore.Mvc.Infrastructure.ControllerActionInvoker[1]
      Execution plan of resource filters (in the following order): Microsoft.AspNetCore.Mvc.ViewFeatures.Filters.SaveTempDataFilter
dbug: Microsoft.AspNetCore.Mvc.Infrastructure.ControllerActionInvoker[1]
      Execution plan of action filters (in the following order): Microsoft.AspNetCore.Mvc.Filters.ControllerActionFilter (Order: -2147483648), Microsoft.AspNetCore.Mvc.ModelBinding.UnsupportedContentTypeFilter (Order: -3000)
dbug: Microsoft.AspNetCore.Mvc.Infrastructure.ControllerActionInvoker[1]
      Execution plan of action filters (in the following order): Microsoft.AspNetCore.Mvc.Filters.ControllerActionFilter (Order: -2147483648), Microsoft.AspNetCore.Mvc.ModelBinding.UnsupportedContentTypeFilter (Order: -3000)
dbug: Microsoft.AspNetCore.Mvc.Infrastructure.ControllerActionInvoker[1]
      Execution plan of exception filters (in the following order): None
dbug: Microsoft.AspNetCore.Mvc.Infrastructure.ControllerActionInvoker[1]
      Execution plan of exception filters (in the following order): None
dbug: Microsoft.AspNetCore.Mvc.Infrastructure.ControllerActionInvoker[1]
      Execution plan of result filters (in the following order): Microsoft.AspNetCore.Mvc.ViewFeatures.Filters.SaveTempDataFilter
dbug: Microsoft.AspNetCore.Mvc.Infrastructure.ControllerActionInvoker[1]
      Execution plan of result filters (in the following order): Microsoft.AspNetCore.Mvc.ViewFeatures.Filters.SaveTempDataFilter
dbug: Microsoft.AspNetCore.Mvc.Infrastructure.ControllerActionInvoker[1]
      Executing controller factory for controller ParcelManagement2.Controllers.HomeController (ParcelProject)
dbug: Microsoft.AspNetCore.Mvc.Infrastructure.ControllerActionInvoker[1]
      Executing controller factory for controller ParcelManagement2.Controllers.HomeController (ParcelProject)
dbug: ParcelManagement2.Models.DBConn[0]
      資料庫連線字串已設定
dbug: ParcelManagement2.Models.DBConn[0]
      資料庫連線字串已設定
dbug: Microsoft.AspNetCore.Mvc.Infrastructure.ControllerActionInvoker[2]
      Executed controller factory for controller ParcelManagement2.Controllers.HomeController (ParcelProject)
dbug: Microsoft.AspNetCore.Mvc.Infrastructure.ControllerActionInvoker[2]
      Executed controller factory for controller ParcelManagement2.Controllers.HomeController (ParcelProject)
dbug: Microsoft.AspNetCore.Routing.Matching.DfaMatcher[1005]
      Endpoint 'ParcelManagement2.Controllers.HomeController.GetAllProduct (ParcelProject)' with route pattern '{controller=Account}/{action=Login}/{id?}' is valid for the request path '/Home/GetAllProduct'
dbug: Microsoft.AspNetCore.StaticFiles.StaticFileMiddleware[1]
      POST requests are not supported
dbug: Microsoft.AspNetCore.Routing.EndpointRoutingMiddleware[1]
      Request matched endpoint 'ParcelManagement2.Controllers.HomeController.GetAllProduct (ParcelProject)'
dbug: Microsoft.AspNetCore.Routing.Matching.DfaMatcher[1001]
      1 candidate(s) found for the request path '/Home/GetAllProduct'
dbug: Microsoft.AspNetCore.Authentication.Cookies.CookieAuthenticationHandler[8]
      AuthenticationScheme: Cookies was successfully authenticated.
dbug: Microsoft.AspNetCore.Routing.Matching.DfaMatcher[1005]
      Endpoint 'ParcelManagement2.Controllers.HomeController.GetAllProduct (ParcelProject)' with route pattern '{controller=Account}/{action=Login}/{id?}' is valid for the request path '/Home/GetAllProduct'
dbug: Microsoft.AspNetCore.Authorization.DefaultAuthorizationService[1]
      Authorization was successful.
dbug: Microsoft.AspNetCore.Routing.EndpointRoutingMiddleware[1]
      Request matched endpoint 'ParcelManagement2.Controllers.HomeController.GetAllProduct (ParcelProject)'
info: Microsoft.AspNetCore.Routing.EndpointMiddleware[0]
      Executing endpoint 'ParcelManagement2.Controllers.HomeController.GetAllProduct (ParcelProject)'
dbug: Microsoft.AspNetCore.Authentication.Cookies.CookieAuthenticationHandler[8]
      AuthenticationScheme: Cookies was successfully authenticated.
info: Microsoft.AspNetCore.Mvc.Infrastructure.ControllerActionInvoker[102]
      Route matched with {action = "GetAllProduct", controller = "Home"}. Executing controller action with signature System.Threading.Tasks.Task`1[Microsoft.AspNetCore.Mvc.JsonResult] GetAllProduct() on controller ParcelManagement2.Controllers.HomeController (ParcelProject).
dbug: Microsoft.AspNetCore.Authorization.DefaultAuthorizationService[1]
      Authorization was successful.
dbug: Microsoft.AspNetCore.Mvc.Infrastructure.ControllerActionInvoker[1]
      Execution plan of authorization filters (in the following order): None
info: Microsoft.AspNetCore.Routing.EndpointMiddleware[0]
      Executing endpoint 'ParcelManagement2.Controllers.HomeController.GetAllProduct (ParcelProject)'
dbug: Microsoft.AspNetCore.Mvc.Infrastructure.ControllerActionInvoker[1]
      Execution plan of resource filters (in the following order): Microsoft.AspNetCore.Mvc.ViewFeatures.Filters.SaveTempDataFilter
info: Microsoft.AspNetCore.Mvc.Infrastructure.ControllerActionInvoker[102]
      Route matched with {action = "GetAllProduct", controller = "Home"}. Executing controller action with signature System.Threading.Tasks.Task`1[Microsoft.AspNetCore.Mvc.JsonResult] GetAllProduct() on controller ParcelManagement2.Controllers.HomeController (ParcelProject).
dbug: Microsoft.AspNetCore.Mvc.Infrastructure.ControllerActionInvoker[1]
      Execution plan of action filters (in the following order): Microsoft.AspNetCore.Mvc.Filters.ControllerActionFilter (Order: -2147483648), Microsoft.AspNetCore.Mvc.ModelBinding.UnsupportedContentTypeFilter (Order: -3000)
dbug: Microsoft.AspNetCore.Mvc.Infrastructure.ControllerActionInvoker[1]
      Execution plan of authorization filters (in the following order): None
dbug: Microsoft.AspNetCore.Mvc.Infrastructure.ControllerActionInvoker[1]
      Execution plan of exception filters (in the following order): None
dbug: Microsoft.AspNetCore.Mvc.Infrastructure.ControllerActionInvoker[1]
      Execution plan of resource filters (in the following order): Microsoft.AspNetCore.Mvc.ViewFeatures.Filters.SaveTempDataFilter
dbug: Microsoft.AspNetCore.Mvc.Infrastructure.ControllerActionInvoker[1]
      Execution plan of result filters (in the following order): Microsoft.AspNetCore.Mvc.ViewFeatures.Filters.SaveTempDataFilter
dbug: Microsoft.AspNetCore.Mvc.Infrastructure.ControllerActionInvoker[1]
      Execution plan of action filters (in the following order): Microsoft.AspNetCore.Mvc.Filters.ControllerActionFilter (Order: -2147483648), Microsoft.AspNetCore.Mvc.ModelBinding.UnsupportedContentTypeFilter (Order: -3000)
dbug: Microsoft.AspNetCore.Mvc.Infrastructure.ControllerActionInvoker[1]
      Executing controller factory for controller ParcelManagement2.Controllers.HomeController (ParcelProject)
dbug: Microsoft.AspNetCore.Mvc.Infrastructure.ControllerActionInvoker[1]
      Execution plan of exception filters (in the following order): None
dbug: ParcelManagement2.Models.DBConn[0]
      資料庫連線字串已設定
dbug: Microsoft.AspNetCore.Mvc.Infrastructure.ControllerActionInvoker[1]
      Execution plan of result filters (in the following order): Microsoft.AspNetCore.Mvc.ViewFeatures.Filters.SaveTempDataFilter
dbug: Microsoft.AspNetCore.Mvc.Infrastructure.ControllerActionInvoker[2]
      Executed controller factory for controller ParcelManagement2.Controllers.HomeController (ParcelProject)
dbug: Microsoft.AspNetCore.Mvc.Infrastructure.ControllerActionInvoker[1]
      Executing controller factory for controller ParcelManagement2.Controllers.HomeController (ParcelProject)
dbug: ParcelManagement2.Models.DBConn[0]
      資料庫連線字串已設定
dbug: Microsoft.AspNetCore.Mvc.Infrastructure.ControllerActionInvoker[2]
      Executed controller factory for controller ParcelManagement2.Controllers.HomeController (ParcelProject)
dbug: ParcelManagement2.Models.DBConn[0]
      查詢成功，返回 29 行數據
info: Microsoft.AspNetCore.Mvc.Infrastructure.SystemTextJsonResultExecutor[1]
      Executing JsonResult, writing value of type 'System.Text.Json.JsonElement'.
info: Microsoft.AspNetCore.Mvc.Infrastructure.ControllerActionInvoker[105]
      Executed action ParcelManagement2.Controllers.HomeController.BuildResidentList (ParcelProject) in 110.6658ms
info: Microsoft.AspNetCore.Routing.EndpointMiddleware[1]
      Executed endpoint 'ParcelManagement2.Controllers.HomeController.BuildResidentList (ParcelProject)'
info: Microsoft.AspNetCore.Hosting.Diagnostics[2]
      Request finished HTTP/2 POST https://localhost:44353/Home/BuildResidentList - 200 - application/json;+charset=utf-8 169.4152ms
dbug: Microsoft.AspNetCore.Server.IIS.Core.IISHttpServer[1]
      Connection ID "18374686553491374176" disconnecting.
dbug: ParcelManagement2.Models.DBConn[0]
      查詢成功，返回 2 行數據
info: Microsoft.AspNetCore.Mvc.Infrastructure.SystemTextJsonResultExecutor[1]
      Executing JsonResult, writing value of type 'System.Text.Json.JsonElement'.
info: Microsoft.AspNetCore.Mvc.Infrastructure.ControllerActionInvoker[105]
      Executed action ParcelManagement2.Controllers.HomeController.BuildProdTypeList (ParcelProject) in 174.5655ms
info: Microsoft.AspNetCore.Routing.EndpointMiddleware[1]
      Executed endpoint 'ParcelManagement2.Controllers.HomeController.BuildProdTypeList (ParcelProject)'
info: Microsoft.AspNetCore.Hosting.Diagnostics[2]
      Request finished HTTP/2 POST https://localhost:44353/Home/BuildProdTypeList - 200 - application/json;+charset=utf-8 235.2417ms
dbug: Microsoft.AspNetCore.Server.IIS.Core.IISHttpServer[1]
      Connection ID "18158513715543015753" disconnecting.
dbug: ParcelManagement2.Models.DBConn[0]
      查詢成功，返回 175 行數據
info: Microsoft.AspNetCore.Mvc.Infrastructure.SystemTextJsonResultExecutor[1]
      Executing JsonResult, writing value of type 'System.Text.Json.JsonElement'.
info: Microsoft.AspNetCore.Mvc.Infrastructure.ControllerActionInvoker[105]
      Executed action ParcelManagement2.Controllers.HomeController.GetAllProduct (ParcelProject) in 142.5977ms
info: Microsoft.AspNetCore.Routing.EndpointMiddleware[1]
      Executed endpoint 'ParcelManagement2.Controllers.HomeController.GetAllProduct (ParcelProject)'
info: Microsoft.AspNetCore.Hosting.Diagnostics[2]
      Request finished HTTP/2 POST https://localhost:44353/Home/GetAllProduct - 200 - application/json;+charset=utf-8 258.8680ms
dbug: Microsoft.AspNetCore.Server.IIS.Core.IISHttpServer[1]
      Connection ID "18374686562081308797" disconnecting.
dbug: ParcelManagement2.Models.DBConn[0]
      查詢成功，返回 175 行數據
info: Microsoft.AspNetCore.Mvc.Infrastructure.SystemTextJsonResultExecutor[1]
      Executing JsonResult, writing value of type 'System.Text.Json.JsonElement'.
info: Microsoft.AspNetCore.Mvc.Infrastructure.ControllerActionInvoker[105]
      Executed action ParcelManagement2.Controllers.HomeController.GetAllProduct (ParcelProject) in 200.0857ms
info: Microsoft.AspNetCore.Routing.EndpointMiddleware[1]
      Executed endpoint 'ParcelManagement2.Controllers.HomeController.GetAllProduct (ParcelProject)'
info: Microsoft.AspNetCore.Hosting.Diagnostics[2]
      Request finished HTTP/2 POST https://localhost:44353/Home/GetAllProduct - 200 - application/json;+charset=utf-8 306.1685ms
dbug: Microsoft.AspNetCore.Server.IIS.Core.IISHttpServer[1]
      Connection ID "18302628955158478904" disconnecting.
info: Microsoft.AspNetCore.Hosting.Diagnostics[1]
      Request starting HTTP/2 GET https://localhost:44353/Home/Packages - - -
dbug: Microsoft.AspNetCore.StaticFiles.StaticFileMiddleware[4]
      The request path /Home/Packages does not match a supported file type
dbug: Microsoft.AspNetCore.Routing.Matching.DfaMatcher[1001]
      1 candidate(s) found for the request path '/Home/Packages'
dbug: Microsoft.AspNetCore.Routing.Matching.DfaMatcher[1005]
      Endpoint 'ParcelManagement2.Controllers.HomeController.Packages (ParcelProject)' with route pattern '{controller=Account}/{action=Login}/{id?}' is valid for the request path '/Home/Packages'
dbug: Microsoft.AspNetCore.Routing.EndpointRoutingMiddleware[1]
      Request matched endpoint 'ParcelManagement2.Controllers.HomeController.Packages (ParcelProject)'
dbug: Microsoft.AspNetCore.Authentication.Cookies.CookieAuthenticationHandler[8]
      AuthenticationScheme: Cookies was successfully authenticated.
dbug: Microsoft.AspNetCore.Authorization.DefaultAuthorizationService[1]
      Authorization was successful.
info: Microsoft.AspNetCore.Routing.EndpointMiddleware[0]
      Executing endpoint 'ParcelManagement2.Controllers.HomeController.Packages (ParcelProject)'
info: Microsoft.AspNetCore.Mvc.Infrastructure.ControllerActionInvoker[102]
      Route matched with {action = "Packages", controller = "Home"}. Executing controller action with signature Microsoft.AspNetCore.Mvc.IActionResult Packages() on controller ParcelManagement2.Controllers.HomeController (ParcelProject).
dbug: Microsoft.AspNetCore.Mvc.Infrastructure.ControllerActionInvoker[1]
      Execution plan of authorization filters (in the following order): None
dbug: Microsoft.AspNetCore.Mvc.Infrastructure.ControllerActionInvoker[1]
      Execution plan of resource filters (in the following order): Microsoft.AspNetCore.Mvc.ViewFeatures.Filters.SaveTempDataFilter
dbug: Microsoft.AspNetCore.Mvc.Infrastructure.ControllerActionInvoker[1]
      Execution plan of action filters (in the following order): Microsoft.AspNetCore.Mvc.Filters.ControllerActionFilter (Order: -2147483648), Microsoft.AspNetCore.Mvc.ModelBinding.UnsupportedContentTypeFilter (Order: -3000)
dbug: Microsoft.AspNetCore.Mvc.Infrastructure.ControllerActionInvoker[1]
      Execution plan of exception filters (in the following order): None
dbug: Microsoft.AspNetCore.Mvc.Infrastructure.ControllerActionInvoker[1]
      Execution plan of result filters (in the following order): Microsoft.AspNetCore.Mvc.ViewFeatures.Filters.SaveTempDataFilter
dbug: Microsoft.AspNetCore.Mvc.Infrastructure.ControllerActionInvoker[1]
      Executing controller factory for controller ParcelManagement2.Controllers.HomeController (ParcelProject)
dbug: ParcelManagement2.Models.DBConn[0]
      資料庫連線字串已設定
dbug: Microsoft.AspNetCore.Mvc.Infrastructure.ControllerActionInvoker[2]
      Executed controller factory for controller ParcelManagement2.Controllers.HomeController (ParcelProject)
dbug: Microsoft.AspNetCore.Mvc.Razor.RazorViewEngine[1]
      View lookup cache miss for view 'Packages' in controller 'Home'.
dbug: Microsoft.AspNetCore.Mvc.Razor.Compilation.DefaultViewCompiler[3]
      Initializing Razor view compiler with compiled view: '/Views/Account/AccessDenied.cshtml'.
dbug: Microsoft.AspNetCore.Mvc.Razor.Compilation.DefaultViewCompiler[3]
      Initializing Razor view compiler with compiled view: '/Views/Account/Login.cshtml'.
dbug: Microsoft.AspNetCore.Mvc.Razor.Compilation.DefaultViewCompiler[3]
      Initializing Razor view compiler with compiled view: '/Views/Home/Index.cshtml'.
dbug: Microsoft.AspNetCore.Mvc.Razor.Compilation.DefaultViewCompiler[3]
      Initializing Razor view compiler with compiled view: '/Views/Home/Index_back.cshtml'.
dbug: Microsoft.AspNetCore.Mvc.Razor.Compilation.DefaultViewCompiler[3]
      Initializing Razor view compiler with compiled view: '/Views/Home/Packages.cshtml'.
dbug: Microsoft.AspNetCore.Mvc.Razor.Compilation.DefaultViewCompiler[3]
      Initializing Razor view compiler with compiled view: '/Views/Home/Privacy.cshtml'.
dbug: Microsoft.AspNetCore.Mvc.Razor.Compilation.DefaultViewCompiler[3]
      Initializing Razor view compiler with compiled view: '/Views/Resident/Edit.cshtml'.
dbug: Microsoft.AspNetCore.Mvc.Razor.Compilation.DefaultViewCompiler[3]
      Initializing Razor view compiler with compiled view: '/Views/Resident/Home.cshtml'.
dbug: Microsoft.AspNetCore.Mvc.Razor.Compilation.DefaultViewCompiler[3]
      Initializing Razor view compiler with compiled view: '/Views/Resident/MyPackages.cshtml'.
dbug: Microsoft.AspNetCore.Mvc.Razor.Compilation.DefaultViewCompiler[3]
      Initializing Razor view compiler with compiled view: '/Views/Resident/PackagePhoto.cshtml'.
dbug: Microsoft.AspNetCore.Mvc.Razor.Compilation.DefaultViewCompiler[3]
      Initializing Razor view compiler with compiled view: '/Views/Shared/Error.cshtml'.
dbug: Microsoft.AspNetCore.Mvc.Razor.Compilation.DefaultViewCompiler[3]
      Initializing Razor view compiler with compiled view: '/Views/Shared/_AdminLayout.cshtml'.
dbug: Microsoft.AspNetCore.Mvc.Razor.Compilation.DefaultViewCompiler[3]
      Initializing Razor view compiler with compiled view: '/Views/Shared/_Layout.cshtml'.
dbug: Microsoft.AspNetCore.Mvc.Razor.Compilation.DefaultViewCompiler[3]
      Initializing Razor view compiler with compiled view: '/Views/Shared/_ResidentLayout.cshtml'.
dbug: Microsoft.AspNetCore.Mvc.Razor.Compilation.DefaultViewCompiler[3]
      Initializing Razor view compiler with compiled view: '/Views/Shared/_ValidationScriptsPartial.cshtml'.
dbug: Microsoft.AspNetCore.Mvc.Razor.Compilation.DefaultViewCompiler[3]
      Initializing Razor view compiler with compiled view: '/Views/_ViewImports.cshtml'.
dbug: Microsoft.AspNetCore.Mvc.Razor.Compilation.DefaultViewCompiler[3]
      Initializing Razor view compiler with compiled view: '/Views/_ViewStart.cshtml'.
dbug: Microsoft.AspNetCore.Mvc.Razor.Compilation.DefaultViewCompiler[3]
      Initializing Razor view compiler with compiled view: '/Views/Shared/_Layout_back.cshtml'.
info: Microsoft.AspNetCore.Mvc.ViewFeatures.ViewResultExecutor[1]
      Executing ViewResult, running view Packages.
dbug: Microsoft.AspNetCore.Mvc.ViewFeatures.ViewResultExecutor[2]
      The view path '/Views/Home/Packages.cshtml' was found in 24.9098ms.
dbug: Microsoft.AspNetCore.Antiforgery.DefaultAntiforgery[6]
      An antiforgery cookie token was reused.
dbug: Microsoft.WebTools.BrowserLink.Net.BrowserLinkMiddleware[1]
      Response markup is scheduled to include Browser Link script injection.
dbug: Microsoft.AspNetCore.Watch.BrowserRefresh.BrowserRefreshMiddleware[1]
      Response markup is scheduled to include browser refresh script injection.
info: Microsoft.AspNetCore.Mvc.ViewFeatures.ViewResultExecutor[4]
      Executed ViewResult - view Packages executed in 39.905ms.
info: Microsoft.AspNetCore.Mvc.Infrastructure.ControllerActionInvoker[105]
      Executed action ParcelManagement2.Controllers.HomeController.Packages (ParcelProject) in 44.8838ms
info: Microsoft.AspNetCore.Routing.EndpointMiddleware[1]
      Executed endpoint 'ParcelManagement2.Controllers.HomeController.Packages (ParcelProject)'
dbug: Microsoft.WebTools.BrowserLink.Net.BrowserLinkMiddleware[2]
      Response markup was updated to include Browser Link script injection.
dbug: Microsoft.AspNetCore.Watch.BrowserRefresh.BrowserRefreshMiddleware[2]
      Response markup was updated to include browser refresh script injection.
dbug: Microsoft.AspNetCore.Server.IIS.Core.IISHttpServer[1]
      Connection ID "18014398510287290704" disconnecting.
info: Microsoft.AspNetCore.Hosting.Diagnostics[2]
      Request finished HTTP/2 GET https://localhost:44353/Home/Packages - 200 - text/html;+charset=utf-8 72.6909ms
info: Microsoft.AspNetCore.Hosting.Diagnostics[1]
      Request starting HTTP/2 POST https://localhost:44353/Home/GetAllProduct - - 0
info: Microsoft.AspNetCore.Hosting.Diagnostics[1]
      Request starting HTTP/2 POST https://localhost:44353/Home/BuildProdTypeList - - 0
info: Microsoft.AspNetCore.Hosting.Diagnostics[1]
      Request starting HTTP/2 POST https://localhost:44353/Home/BuildResidentList - - 0
dbug: Microsoft.AspNetCore.StaticFiles.StaticFileMiddleware[1]
      POST requests are not supported
dbug: Microsoft.AspNetCore.StaticFiles.StaticFileMiddleware[1]
      POST requests are not supported
info: Microsoft.AspNetCore.Hosting.Diagnostics[1]
      Request starting HTTP/2 POST https://localhost:44353/Home/GetAllProduct - - 0
info: Microsoft.AspNetCore.Hosting.Diagnostics[1]
      Request starting HTTP/2 GET https://localhost:44353/.well-known/appspecific/com.chrome.devtools.json - - -
dbug: Microsoft.AspNetCore.StaticFiles.StaticFileMiddleware[1]
      POST requests are not supported
dbug: Microsoft.AspNetCore.Routing.Matching.DfaMatcher[1001]
      1 candidate(s) found for the request path '/Home/GetAllProduct'
dbug: Microsoft.AspNetCore.Routing.Matching.DfaMatcher[1001]
      1 candidate(s) found for the request path '/Home/GetAllProduct'
dbug: Microsoft.AspNetCore.Routing.Matching.DfaMatcher[1001]
      1 candidate(s) found for the request path '/Home/BuildProdTypeList'
dbug: Microsoft.AspNetCore.StaticFiles.StaticFileMiddleware[5]
      The request path /.well-known/appspecific/com.chrome.devtools.json does not match an existing file
dbug: Microsoft.AspNetCore.Routing.Matching.DfaMatcher[1005]
      Endpoint 'ParcelManagement2.Controllers.HomeController.GetAllProduct (ParcelProject)' with route pattern '{controller=Account}/{action=Login}/{id?}' is valid for the request path '/Home/GetAllProduct'
info: Microsoft.AspNetCore.Hosting.Diagnostics[1]
      Request starting HTTP/2 GET https://localhost:44353/_framework/aspnetcore-browser-refresh.js - - -
dbug: Microsoft.AspNetCore.Routing.Matching.DfaMatcher[1000]
      No candidates found for the request path '/.well-known/appspecific/com.chrome.devtools.json'
dbug: Microsoft.AspNetCore.Routing.EndpointRoutingMiddleware[1]
      Request matched endpoint 'ParcelManagement2.Controllers.HomeController.GetAllProduct (ParcelProject)'
dbug: Microsoft.AspNetCore.Routing.EndpointRoutingMiddleware[2]
      Request did not match any endpoints
info: Microsoft.AspNetCore.Hosting.Diagnostics[1]
      Request starting HTTP/2 GET https://localhost:44353/_vs/browserLink - - -
dbug: Microsoft.AspNetCore.Authentication.Cookies.CookieAuthenticationHandler[8]
      AuthenticationScheme: Cookies was successfully authenticated.
dbug: Microsoft.AspNetCore.Authentication.Cookies.CookieAuthenticationHandler[8]
      AuthenticationScheme: Cookies was successfully authenticated.
dbug: Microsoft.AspNetCore.Authorization.DefaultAuthorizationService[1]
      Authorization was successful.
info: Microsoft.AspNetCore.Routing.EndpointMiddleware[0]
      Executing endpoint 'ParcelManagement2.Controllers.HomeController.GetAllProduct (ParcelProject)'
dbug: Microsoft.AspNetCore.Server.IIS.Core.IISHttpServer[1]
      Connection ID "18014398536057094292" disconnecting.
dbug: Microsoft.AspNetCore.Routing.Matching.DfaMatcher[1005]
      Endpoint 'ParcelManagement2.Controllers.HomeController.GetAllProduct (ParcelProject)' with route pattern '{controller=Account}/{action=Login}/{id?}' is valid for the request path '/Home/GetAllProduct'
info: Microsoft.AspNetCore.Hosting.Diagnostics[2]
      Request finished HTTP/2 GET https://localhost:44353/.well-known/appspecific/com.chrome.devtools.json - 404 - - 43.9418ms
dbug: Microsoft.AspNetCore.Routing.EndpointRoutingMiddleware[1]
      Request matched endpoint 'ParcelManagement2.Controllers.HomeController.GetAllProduct (ParcelProject)'
info: Microsoft.AspNetCore.Hosting.Diagnostics[16]
      Request reached the end of the middleware pipeline without being handled by application code. Request path: GET https://localhost:44353/.well-known/appspecific/com.chrome.devtools.json, Response status code: 404
dbug: Microsoft.AspNetCore.Authentication.Cookies.CookieAuthenticationHandler[8]
      AuthenticationScheme: Cookies was successfully authenticated.
dbug: Microsoft.AspNetCore.Authorization.DefaultAuthorizationService[1]
      Authorization was successful.
dbug: Microsoft.AspNetCore.Routing.Matching.DfaMatcher[1005]
      Endpoint 'ParcelManagement2.Controllers.HomeController.BuildProdTypeList (ParcelProject)' with route pattern '{controller=Account}/{action=Login}/{id?}' is valid for the request path '/Home/BuildProdTypeList'
info: Microsoft.AspNetCore.Routing.EndpointMiddleware[0]
      Executing endpoint 'ParcelManagement2.Controllers.HomeController.GetAllProduct (ParcelProject)'
dbug: Microsoft.AspNetCore.Routing.EndpointRoutingMiddleware[1]
      Request matched endpoint 'ParcelManagement2.Controllers.HomeController.BuildProdTypeList (ParcelProject)'
info: Microsoft.AspNetCore.Mvc.Infrastructure.ControllerActionInvoker[102]
      Route matched with {action = "GetAllProduct", controller = "Home"}. Executing controller action with signature System.Threading.Tasks.Task`1[Microsoft.AspNetCore.Mvc.JsonResult] GetAllProduct() on controller ParcelManagement2.Controllers.HomeController (ParcelProject).
info: Microsoft.AspNetCore.Mvc.Infrastructure.ControllerActionInvoker[102]
      Route matched with {action = "GetAllProduct", controller = "Home"}. Executing controller action with signature System.Threading.Tasks.Task`1[Microsoft.AspNetCore.Mvc.JsonResult] GetAllProduct() on controller ParcelManagement2.Controllers.HomeController (ParcelProject).
dbug: Microsoft.AspNetCore.Mvc.Infrastructure.ControllerActionInvoker[1]
      Execution plan of authorization filters (in the following order): None
dbug: Microsoft.AspNetCore.Mvc.Infrastructure.ControllerActionInvoker[1]
      Execution plan of authorization filters (in the following order): None
dbug: Microsoft.AspNetCore.Mvc.Infrastructure.ControllerActionInvoker[1]
      Execution plan of resource filters (in the following order): Microsoft.AspNetCore.Mvc.ViewFeatures.Filters.SaveTempDataFilter
dbug: Microsoft.AspNetCore.Mvc.Infrastructure.ControllerActionInvoker[1]
      Execution plan of resource filters (in the following order): Microsoft.AspNetCore.Mvc.ViewFeatures.Filters.SaveTempDataFilter
dbug: Microsoft.AspNetCore.Mvc.Infrastructure.ControllerActionInvoker[1]
      Execution plan of action filters (in the following order): Microsoft.AspNetCore.Mvc.Filters.ControllerActionFilter (Order: -2147483648), Microsoft.AspNetCore.Mvc.ModelBinding.UnsupportedContentTypeFilter (Order: -3000)
dbug: Microsoft.AspNetCore.Mvc.Infrastructure.ControllerActionInvoker[1]
      Execution plan of action filters (in the following order): Microsoft.AspNetCore.Mvc.Filters.ControllerActionFilter (Order: -2147483648), Microsoft.AspNetCore.Mvc.ModelBinding.UnsupportedContentTypeFilter (Order: -3000)
dbug: Microsoft.AspNetCore.Mvc.Infrastructure.ControllerActionInvoker[1]
      Execution plan of exception filters (in the following order): None
dbug: Microsoft.AspNetCore.Mvc.Infrastructure.ControllerActionInvoker[1]
      Execution plan of exception filters (in the following order): None
dbug: Microsoft.AspNetCore.Mvc.Infrastructure.ControllerActionInvoker[1]
      Execution plan of result filters (in the following order): Microsoft.AspNetCore.Mvc.ViewFeatures.Filters.SaveTempDataFilter
dbug: Microsoft.AspNetCore.Mvc.Infrastructure.ControllerActionInvoker[1]
      Execution plan of result filters (in the following order): Microsoft.AspNetCore.Mvc.ViewFeatures.Filters.SaveTempDataFilter
dbug: Microsoft.AspNetCore.Mvc.Infrastructure.ControllerActionInvoker[1]
      Executing controller factory for controller ParcelManagement2.Controllers.HomeController (ParcelProject)
dbug: Microsoft.AspNetCore.Mvc.Infrastructure.ControllerActionInvoker[1]
      Executing controller factory for controller ParcelManagement2.Controllers.HomeController (ParcelProject)
dbug: ParcelManagement2.Models.DBConn[0]
      資料庫連線字串已設定
dbug: ParcelManagement2.Models.DBConn[0]
      資料庫連線字串已設定
dbug: Microsoft.AspNetCore.Mvc.Infrastructure.ControllerActionInvoker[2]
      Executed controller factory for controller ParcelManagement2.Controllers.HomeController (ParcelProject)
dbug: Microsoft.AspNetCore.Mvc.Infrastructure.ControllerActionInvoker[2]
      Executed controller factory for controller ParcelManagement2.Controllers.HomeController (ParcelProject)
dbug: Microsoft.AspNetCore.Authentication.Cookies.CookieAuthenticationHandler[8]
      AuthenticationScheme: Cookies was successfully authenticated.
dbug: Microsoft.AspNetCore.StaticFiles.StaticFileMiddleware[1]
      POST requests are not supported
dbug: Microsoft.AspNetCore.Authorization.DefaultAuthorizationService[1]
      Authorization was successful.
dbug: Microsoft.AspNetCore.Routing.Matching.DfaMatcher[1001]
      1 candidate(s) found for the request path '/Home/BuildResidentList'
info: Microsoft.AspNetCore.Routing.EndpointMiddleware[0]
      Executing endpoint 'ParcelManagement2.Controllers.HomeController.BuildProdTypeList (ParcelProject)'
dbug: Microsoft.AspNetCore.Routing.Matching.DfaMatcher[1005]
      Endpoint 'ParcelManagement2.Controllers.HomeController.BuildResidentList (ParcelProject)' with route pattern '{controller=Account}/{action=Login}/{id?}' is valid for the request path '/Home/BuildResidentList'
dbug: Microsoft.AspNetCore.Routing.EndpointRoutingMiddleware[1]
      Request matched endpoint 'ParcelManagement2.Controllers.HomeController.BuildResidentList (ParcelProject)'
dbug: Microsoft.AspNetCore.Authentication.Cookies.CookieAuthenticationHandler[8]
      AuthenticationScheme: Cookies was successfully authenticated.
dbug: Microsoft.AspNetCore.Watch.BrowserRefresh.BrowserScriptMiddleware[0]
      Script injected: /_framework/aspnetcore-browser-refresh.js
dbug: Microsoft.AspNetCore.Authorization.DefaultAuthorizationService[1]
      Authorization was successful.
info: Microsoft.AspNetCore.Hosting.Diagnostics[2]
      Request finished HTTP/2 GET https://localhost:44353/_framework/aspnetcore-browser-refresh.js - 200 16511 application/javascript;+charset=utf-8 90.4148ms
dbug: Microsoft.AspNetCore.Server.IIS.Core.IISHttpServer[1]
      Connection ID "17149707416191893565" disconnecting.
info: Microsoft.AspNetCore.Routing.EndpointMiddleware[0]
      Executing endpoint 'ParcelManagement2.Controllers.HomeController.BuildResidentList (ParcelProject)'
info: Microsoft.AspNetCore.Mvc.Infrastructure.ControllerActionInvoker[102]
      Route matched with {action = "BuildProdTypeList", controller = "Home"}. Executing controller action with signature System.Threading.Tasks.Task`1[Microsoft.AspNetCore.Mvc.JsonResult] BuildProdTypeList() on controller ParcelManagement2.Controllers.HomeController (ParcelProject).
dbug: ParcelManagement2.Models.DBConn[0]
      查詢成功，返回 175 行數據
dbug: Microsoft.AspNetCore.Mvc.Infrastructure.ControllerActionInvoker[1]
      Execution plan of authorization filters (in the following order): None
dbug: Microsoft.AspNetCore.Mvc.Infrastructure.ControllerActionInvoker[1]
      Execution plan of resource filters (in the following order): Microsoft.AspNetCore.Mvc.ViewFeatures.Filters.SaveTempDataFilter
dbug: ParcelManagement2.Models.DBConn[0]
      查詢成功，返回 175 行數據
info: Microsoft.AspNetCore.Mvc.Infrastructure.SystemTextJsonResultExecutor[1]
      Executing JsonResult, writing value of type 'System.Text.Json.JsonElement'.
dbug: Microsoft.AspNetCore.Mvc.Infrastructure.ControllerActionInvoker[1]
      Execution plan of action filters (in the following order): Microsoft.AspNetCore.Mvc.Filters.ControllerActionFilter (Order: -2147483648), Microsoft.AspNetCore.Mvc.ModelBinding.UnsupportedContentTypeFilter (Order: -3000)
info: Microsoft.AspNetCore.Mvc.Infrastructure.ControllerActionInvoker[102]
      Route matched with {action = "BuildResidentList", controller = "Home"}. Executing controller action with signature System.Threading.Tasks.Task`1[Microsoft.AspNetCore.Mvc.JsonResult] BuildResidentList() on controller ParcelManagement2.Controllers.HomeController (ParcelProject).
info: Microsoft.AspNetCore.Mvc.Infrastructure.SystemTextJsonResultExecutor[1]
      Executing JsonResult, writing value of type 'System.Text.Json.JsonElement'.
info: Microsoft.AspNetCore.Mvc.Infrastructure.ControllerActionInvoker[105]
      Executed action ParcelManagement2.Controllers.HomeController.GetAllProduct (ParcelProject) in 54.5336ms
dbug: Microsoft.AspNetCore.Mvc.Infrastructure.ControllerActionInvoker[1]
      Execution plan of exception filters (in the following order): None
info: Microsoft.AspNetCore.Mvc.Infrastructure.ControllerActionInvoker[105]
      Executed action ParcelManagement2.Controllers.HomeController.GetAllProduct (ParcelProject) in 57.444ms
info: Microsoft.AspNetCore.Routing.EndpointMiddleware[1]
      Executed endpoint 'ParcelManagement2.Controllers.HomeController.GetAllProduct (ParcelProject)'
info: Microsoft.AspNetCore.Routing.EndpointMiddleware[1]
      Executed endpoint 'ParcelManagement2.Controllers.HomeController.GetAllProduct (ParcelProject)'
info: Microsoft.AspNetCore.Hosting.Diagnostics[2]
      Request finished HTTP/2 POST https://localhost:44353/Home/GetAllProduct - 200 - application/json;+charset=utf-8 144.3228ms
dbug: Microsoft.AspNetCore.Server.IIS.Core.IISHttpServer[1]
      Connection ID "18014398510287290706" disconnecting.
info: Microsoft.AspNetCore.Hosting.Diagnostics[2]
      Request finished HTTP/2 POST https://localhost:44353/Home/GetAllProduct - 200 - application/json;+charset=utf-8 141.3044ms
dbug: Microsoft.AspNetCore.Server.IIS.Core.IISHttpServer[1]
      Connection ID "18230571318170878247" disconnecting.
dbug: Microsoft.AspNetCore.Server.IIS.Core.IISHttpServer[1]
      Connection ID "18086456138684957104" disconnecting.
info: Microsoft.AspNetCore.Hosting.Diagnostics[2]
      Request finished HTTP/2 GET https://localhost:44353/_vs/browserLink - 200 - text/javascript;+charset=UTF-8 121.3707ms
dbug: Microsoft.AspNetCore.Mvc.Infrastructure.ControllerActionInvoker[1]
      Execution plan of result filters (in the following order): Microsoft.AspNetCore.Mvc.ViewFeatures.Filters.SaveTempDataFilter
dbug: Microsoft.AspNetCore.Mvc.Infrastructure.ControllerActionInvoker[1]
      Execution plan of authorization filters (in the following order): None
dbug: Microsoft.AspNetCore.Mvc.Infrastructure.ControllerActionInvoker[1]
      Executing controller factory for controller ParcelManagement2.Controllers.HomeController (ParcelProject)
dbug: Microsoft.AspNetCore.Mvc.Infrastructure.ControllerActionInvoker[1]
      Execution plan of resource filters (in the following order): Microsoft.AspNetCore.Mvc.ViewFeatures.Filters.SaveTempDataFilter
dbug: ParcelManagement2.Models.DBConn[0]
      資料庫連線字串已設定
dbug: Microsoft.AspNetCore.Mvc.Infrastructure.ControllerActionInvoker[1]
      Execution plan of action filters (in the following order): Microsoft.AspNetCore.Mvc.Filters.ControllerActionFilter (Order: -2147483648), Microsoft.AspNetCore.Mvc.ModelBinding.UnsupportedContentTypeFilter (Order: -3000)
dbug: Microsoft.AspNetCore.Mvc.Infrastructure.ControllerActionInvoker[2]
      Executed controller factory for controller ParcelManagement2.Controllers.HomeController (ParcelProject)
dbug: Microsoft.AspNetCore.Mvc.Infrastructure.ControllerActionInvoker[1]
      Execution plan of exception filters (in the following order): None
dbug: Microsoft.AspNetCore.Mvc.Infrastructure.ControllerActionInvoker[1]
      Execution plan of result filters (in the following order): Microsoft.AspNetCore.Mvc.ViewFeatures.Filters.SaveTempDataFilter
dbug: Microsoft.AspNetCore.Mvc.Infrastructure.ControllerActionInvoker[1]
      Executing controller factory for controller ParcelManagement2.Controllers.HomeController (ParcelProject)
dbug: ParcelManagement2.Models.DBConn[0]
      資料庫連線字串已設定
dbug: Microsoft.AspNetCore.Mvc.Infrastructure.ControllerActionInvoker[2]
      Executed controller factory for controller ParcelManagement2.Controllers.HomeController (ParcelProject)
dbug: ParcelManagement2.Models.DBConn[0]
      查詢成功，返回 2 行數據
info: Microsoft.AspNetCore.Mvc.Infrastructure.SystemTextJsonResultExecutor[1]
      Executing JsonResult, writing value of type 'System.Text.Json.JsonElement'.
info: Microsoft.AspNetCore.Mvc.Infrastructure.ControllerActionInvoker[105]
      Executed action ParcelManagement2.Controllers.HomeController.BuildProdTypeList (ParcelProject) in 37.5792ms
info: Microsoft.AspNetCore.Routing.EndpointMiddleware[1]
      Executed endpoint 'ParcelManagement2.Controllers.HomeController.BuildProdTypeList (ParcelProject)'
info: Microsoft.AspNetCore.Hosting.Diagnostics[2]
      Request finished HTTP/2 POST https://localhost:44353/Home/BuildProdTypeList - 200 - application/json;+charset=utf-8 203.7216ms
dbug: Microsoft.AspNetCore.Server.IIS.Core.IISHttpServer[1]
      Connection ID "18086456104325218717" disconnecting.
dbug: ParcelManagement2.Models.DBConn[0]
      查詢成功，返回 29 行數據
info: Microsoft.AspNetCore.Mvc.Infrastructure.SystemTextJsonResultExecutor[1]
      Executing JsonResult, writing value of type 'System.Text.Json.JsonElement'.
info: Microsoft.AspNetCore.Mvc.Infrastructure.ControllerActionInvoker[105]
      Executed action ParcelManagement2.Controllers.HomeController.BuildResidentList (ParcelProject) in 31.0495ms
info: Microsoft.AspNetCore.Routing.EndpointMiddleware[1]
      Executed endpoint 'ParcelManagement2.Controllers.HomeController.BuildResidentList (ParcelProject)'
info: Microsoft.AspNetCore.Hosting.Diagnostics[2]
      Request finished HTTP/2 POST https://localhost:44353/Home/BuildResidentList - 200 - application/json;+charset=utf-8 213.2270ms
dbug: Microsoft.AspNetCore.Server.IIS.Core.IISHttpServer[1]
      Connection ID "18158513698363146644" disconnecting.
dbug: Microsoft.Extensions.Http.DefaultHttpClientFactory[100]
      Starting HttpMessageHandler cleanup cycle with 1 items
dbug: Microsoft.Extensions.Http.DefaultHttpClientFactory[101]
      Ending HttpMessageHandler cleanup cycle after 0